model,flores_code,acc,script,macro_family,log_tokens,fertility,mexa,aar10,margin_mean,macro_family_g,script_g,y,alpha,s2,alpha_shrunk
Qwen3-0.6B-Base,amh_Ethi,0.2966666666666667,Ethi,Afro-Asiatic,8.5541337799261,5.9294,0.016666666666666666,-0.1204712763428688,-0.06042369082570076,Afro-Asiatic,other,-2.7128008038608074,-0.22009849022096306,0.3631577038398295,-6.059017821835868e-05
Qwen3-0.6B-Base,som_Latn,0.26666666666666666,Latn,Afro-Asiatic,3.781970673912552,1.7642,0.06,-0.18230745196342468,-0.07067234069108963,Afro-Asiatic,Latn,-3.7841896339182615,-0.17792846564544273,2.4545454545454564,-7.248642154246233e-06
Qwen3-0.6B-Base,arb_Arab,0.51,Arab,Afro-Asiatic,10.841073612355865,1.7374,0.7966666666666666,-0.03227681294083595,0.08795904368162155,Afro-Asiatic,Arab,-0.6337237600891445,1.1388334197268934,0.028868796039125715,0.0039312418030577785
Qwen3-0.6B-Base,arb_Latn,0.25666666666666665,Latn,Afro-Asiatic,10.841073612355865,1.7374,,,,Afro-Asiatic,Latn,-4.304065093204169,-2.7208634332893236,6.587837837837826,-4.130068465957573e-05
Qwen3-0.6B-Base,heb_Hebr,0.39,Hebr,Afro-Asiatic,9.693476506485494,1.8212,0.6566666666666666,-0.029699407517910004,0.09066983312368393,Afro-Asiatic,other,-1.4718165345580525,0.27117582037967836,0.06116175978588154,0.0004426510458395007
Qwen3-1.7B-Base,amh_Ethi,0.31666666666666665,Ethi,Afro-Asiatic,8.5541337799261,5.9294,0.013333333333333334,-0.12843753397464752,-0.057646509259939194,Afro-Asiatic,other,-2.3272777055844176,-0.8288968609463576,0.19550304878048794,-0.0004237647961395258
Qwen3-1.7B-Base,som_Latn,0.25666666666666665,Latn,Afro-Asiatic,3.781970673912552,1.7642,0.07,-0.1368151158094406,-0.049203962087631226,Afro-Asiatic,Latn,-4.304065093204169,-1.6921253939331349,6.587837837837826,-2.568520581507858e-05
Qwen3-1.7B-Base,arb_Arab,0.65,Arab,Afro-Asiatic,10.841073612355865,1.7374,0.9466666666666667,-8.318424079334363e-05,0.15253020823001862,Afro-Asiatic,Arab,0.13353139262452257,0.9117671034387758,0.021763392857142853,0.004170290994635091
Qwen3-1.7B-Base,arb_Latn,0.28,Latn,Afro-Asiatic,10.841073612355865,1.7374,,,,Afro-Asiatic,Latn,-3.178053830347945,-2.589173639434884,0.8101851851851838,-0.00031953856328761866
Qwen3-1.7B-Base,heb_Hebr,0.6066666666666667,Hebr,Afro-Asiatic,9.693476506485494,1.8212,0.8833333333333333,0.015099437907338142,0.16331788897514343,Afro-Asiatic,other,-0.09785579000375869,0.6508150959321879,0.022733463510246615,0.002850268841801726
Qwen3-4B-Base,amh_Ethi,0.4066666666666667,Ethi,Afro-Asiatic,8.5541337799261,5.9294,0.056666666666666664,-0.09911583364009857,-0.027485745027661324,Afro-Asiatic,other,-1.3316359485820264,-0.8834577269206745,0.05235858413741537,-0.001684105168747985
Qwen3-4B-Base,som_Latn,0.25333333333333335,Latn,Afro-Asiatic,3.781970673912552,1.7642,0.08333333333333333,-0.13764311373233795,-0.03935088962316513,Afro-Asiatic,Latn,-4.304065093204169,-2.742328016909842,6.587837837837826,-4.162650108573016e-05
Qwen3-4B-Base,arb_Arab,0.82,Arab,Afro-Asiatic,10.841073612355865,1.7374,0.9066666666666666,-0.0022843957412987947,0.14847064018249512,Afro-Asiatic,Arab,1.1526795099383849,0.8807125977759305,0.026290140556068528,0.0033372789201710214
Qwen3-4B-Base,arb_Latn,0.2966666666666667,Latn,Afro-Asiatic,10.841073612355865,1.7374,,,,Afro-Asiatic,Latn,-2.7128008038608074,-3.1741232359244536,0.3631577038398295,-0.0008737937839445027
Qwen3-4B-Base,heb_Hebr,0.7233333333333334,Hebr,Afro-Asiatic,9.693476506485494,1.8212,0.8766666666666667,0.008319278247654438,0.16484703123569489,Afro-Asiatic,other,0.536986449804663,0.2354547127639015,0.021880071366601105,0.0010712190549392144
Qwen3-8B-Base,amh_Ethi,0.4766666666666667,Ethi,Afro-Asiatic,8.5541337799261,5.9294,0.12666666666666668,-0.08498737961053848,-0.011823076754808426,Afro-Asiatic,other,-0.8367381001722014,-0.7086700398300836,0.033240101492076776,-0.0021255785318825817
Qwen3-8B-Base,som_Latn,0.25333333333333335,Latn,Afro-Asiatic,3.781970673912552,1.7642,0.09,-0.11860663443803787,-0.03176070377230644,Afro-Asiatic,Latn,-4.304065093204169,-3.062438178229077,6.587837837837826,-4.648553541784972e-05
Qwen3-8B-Base,arb_Arab,0.87,Arab,Afro-Asiatic,10.841073612355865,1.7374,0.9466666666666667,0.02242252044379711,0.16670022904872894,Afro-Asiatic,Arab,1.5621850275835547,0.9701079541018662,0.03264328023693268,0.0029627696036823832
Qwen3-8B-Base,arb_Latn,0.3566666666666667,Latn,Afro-Asiatic,10.841073612355865,1.7374,,,,Afro-Asiatic,Latn,-1.7969542861051588,-2.57838687948804,0.09136298777525904,-0.0028190494780307865
Qwen3-8B-Base,heb_Hebr,0.7966666666666666,Hebr,Afro-Asiatic,9.693476506485494,1.8212,0.9166666666666666,0.03481314331293106,0.1889142096042633,Afro-Asiatic,other,0.9889925636508868,0.3673506652908912,0.02458239265269501,0.0014883105964027688
OLMo-2-0425-1B,amh_Ethi,0.2733333333333333,Ethi,Afro-Asiatic,8.5541337799261,11.1132,0.01,-0.10885105282068253,-0.06501533836126328,Afro-Asiatic,other,-3.4385849137337767,1.5555870947953054,1.2954034824939167,0.00012007587135615408
OLMo-2-0425-1B,som_Latn,0.29333333333333333,Latn,Afro-Asiatic,3.781970673912552,1.7769,0.056666666666666664,-0.08685576915740967,-0.01929933950304985,Afro-Asiatic,Latn,-2.7916369172104756,2.7828556424771116,0.4144802947415429,0.0006712464817689258
OLMo-2-0425-1B,arb_Arab,0.25,Arab,Afro-Asiatic,10.841073612355865,3.274,0.12666666666666668,-0.07074402272701263,-0.005410997197031975,Afro-Asiatic,Arab,-4.304065093204169,-0.40613358320506565,6.587837837837826,-6.1648059208662455e-06
OLMo-2-0425-1B,arb_Latn,0.25,Latn,Afro-Asiatic,10.841073612355865,3.274,,,,Afro-Asiatic,Latn,-4.304065093204169,-0.5954891031062579,6.587837837837826,-9.039081977534976e-06
OLMo-2-0425-1B,heb_Hebr,0.2833333333333333,Hebr,Afro-Asiatic,9.693476506485494,4.3273,0.02666666666666667,-0.07171106338500977,-0.008548700250685215,Afro-Asiatic,other,-3.0680529351336174,0.9002875534755086,0.6671511627906979,0.00013492483847361757
OLMo-2-1124-7B,amh_Ethi,0.26,Ethi,Afro-Asiatic,8.5541337799261,11.1132,0.016666666666666666,-0.06798182427883148,-0.03393391892313957,Afro-Asiatic,other,-4.304065093204169,-0.5701125280606121,6.587837837837826,-8.653884429071548e-06
OLMo-2-1124-7B,som_Latn,0.2733333333333333,Latn,Afro-Asiatic,3.781970673912552,1.7769,0.11,-0.08592435717582703,-0.007307971362024546,Afro-Asiatic,Latn,-3.4385849137337767,0.8756882025682855,1.2954034824939167,6.759443063334131e-05
OLMo-2-1124-7B,arb_Arab,0.34,Arab,Afro-Asiatic,10.841073612355865,3.274,0.6933333333333334,-0.01950668916106224,0.05742685869336128,Afro-Asiatic,Arab,-1.9924301646902058,0.6452819019233729,0.11924803591470251,0.0005406724098990258
OLMo-2-1124-7B,arb_Latn,0.2633333333333333,Latn,Afro-Asiatic,10.841073612355865,3.274,,,,Afro-Asiatic,Latn,-4.011868340397864,-1.5635117936854779,3.7701498868778427,-4.146971261439749e-05
OLMo-2-1124-7B,heb_Hebr,0.2966666666666667,Hebr,Afro-Asiatic,9.693476506485494,4.3273,0.6166666666666667,-0.01580836810171604,0.05199504271149635,Afro-Asiatic,other,-2.7128008038608074,-0.004679758637206266,0.3631577038398295,-1.288275104766079e-06
Mistral-7B-v0.3,amh_Ethi,0.2866666666666667,Ethi,Afro-Asiatic,8.5541337799261,9.2196,0.013333333333333334,-0.08501113951206207,-0.04929728806018829,Afro-Asiatic,other,-2.9680807422234805,-0.011006112888970243,0.5604580211632034,-1.963420798841501e-06
Mistral-7B-v0.3,som_Latn,0.3,Latn,Afro-Asiatic,3.781970673912552,1.7756,0.06333333333333334,-0.08031230419874191,-0.01794998161494732,Afro-Asiatic,Latn,-2.639057329615259,1.0934698037823098,0.3214285714285716,0.00034008480148066405
Mistral-7B-v0.3,arb_Arab,0.36,Arab,Afro-Asiatic,10.841073612355865,3.7678,0.7533333333333333,0.001574771129526198,0.06888771802186966,Afro-Asiatic,Arab,-1.7609878105613017,0.34603245582655706,0.08716425619834708,0.00039653401165471797
Mistral-7B-v0.3,arb_Latn,0.27666666666666667,Latn,Afro-Asiatic,10.841073612355865,3.7678,,,,Afro-Asiatic,Latn,-3.3004558118606235,-1.382791065373957,1.0085145449308752,-0.00013709806904156911
Mistral-7B-v0.3,heb_Hebr,0.29333333333333333,Hebr,Afro-Asiatic,9.693476506485494,4.0468,0.6666666666666666,-0.012825463898479939,0.06191374361515045,Afro-Asiatic,other,-2.7916369172104756,-0.6940526603931141,0.4144802947415429,-0.00016741091390826035
bloom-1b7,amh_Ethi,0.2833333333333333,Ethi,Afro-Asiatic,8.5541337799261,7.2607,0.006666666666666667,-0.10007134079933167,-0.06266789883375168,Afro-Asiatic,other,-3.0680529351336174,2.0281730923700465,0.6671511627906979,0.0003039594691780875
bloom-1b7,som_Latn,0.19666666666666666,Latn,Afro-Asiatic,3.781970673912552,1.6694,0.25666666666666665,-0.1401718407869339,-0.018217017874121666,Afro-Asiatic,Latn,-4.304065093204169,1.7586618816042527,6.587837837837826,2.6695180285679514e-05
bloom-1b7,arb_Arab,0.26,Arab,Afro-Asiatic,10.841073612355865,1.2181,0.6566666666666666,-0.02078816294670105,0.04073580354452133,Afro-Asiatic,Arab,-4.304065093204169,-0.11881609301116214,6.587837837837826,-1.803539963806127e-06
bloom-1b7,arb_Latn,0.24666666666666667,Latn,Afro-Asiatic,10.841073612355865,1.2181,,,,Afro-Asiatic,Latn,-4.304065093204169,-0.30817161291235484,6.587837837837826,-4.677816020474864e-06
bloom-1b7,heb_Hebr,0.2733333333333333,Hebr,Afro-Asiatic,9.693476506485494,3.4849,0.043333333333333335,-0.09211020916700363,-0.045294102281332016,Afro-Asiatic,other,-3.4385849137337767,0.9422078876923448,1.2954034824939167,7.272908955343971e-05
bloom-7b1,amh_Ethi,0.24,Ethi,Afro-Asiatic,8.5541337799261,7.2607,0.01,-0.08592202514410019,-0.05201044678688049,Afro-Asiatic,other,-4.304065093204169,1.0329478340493132,6.587837837837826,1.5679380419038386e-05
bloom-7b1,som_Latn,0.20666666666666667,Latn,Afro-Asiatic,3.781970673912552,1.6694,0.09333333333333334,-0.12491628527641296,-0.037753619253635406,Afro-Asiatic,Latn,-4.304065093204169,1.9994487813540713,6.587837837837826,3.0350146462908126e-05
bloom-7b1,arb_Arab,0.26,Arab,Afro-Asiatic,10.841073612355865,1.2181,0.98,0.029168182983994484,0.17161861062049866,Afro-Asiatic,Arab,-4.304065093204169,0.12197080673865557,6.587837837837826,1.8514262134224736e-06
bloom-7b1,arb_Latn,0.22333333333333333,Latn,Afro-Asiatic,10.841073612355865,1.2181,,,,Afro-Asiatic,Latn,-4.304065093204169,-0.0673847131625358,6.587837837837826,-1.0228498432462431e-06
bloom-7b1,heb_Hebr,0.25666666666666665,Hebr,Afro-Asiatic,9.693476506485494,3.4849,0.043333333333333335,-0.05758555233478546,-0.013978960923850536,Afro-Asiatic,other,-4.304065093204169,0.3175146079717699,6.587837837837826,4.819635781369645e-06
EuroLLM-1.7B,amh_Ethi,0.27666666666666667,Ethi,Afro-Asiatic,8.5541337799261,11.091,0.0033333333333333335,-0.14633718132972717,-0.09952864050865173,Afro-Asiatic,other,-3.3004558118606235,2.0445875802931104,1.0085145449308752,0.0002027124822629395
EuroLLM-1.7B,som_Latn,0.20666666666666667,Latn,Afro-Asiatic,3.781970673912552,1.6397,0.05333333333333334,-0.18583005666732788,-0.0668712854385376,Afro-Asiatic,Latn,-4.304065093204169,1.60944017305685,6.587837837837826,2.4430105656554328e-05
EuroLLM-1.7B,arb_Arab,0.27,Arab,Afro-Asiatic,10.841073612355865,1.5275,0.9666666666666667,0.03245357424020767,0.1636241376399994,Afro-Asiatic,Arab,-3.5973122605884447,0.47368266051862573,1.7337328767123257,2.7319972254932776e-05
EuroLLM-1.7B,arb_Latn,0.2633333333333333,Latn,Afro-Asiatic,10.841073612355865,1.5275,,,,Afro-Asiatic,Latn,-4.011868340397864,-0.13022893919198575,3.7701498868778427,-3.4541195503420235e-06
EuroLLM-1.7B,heb_Hebr,0.24666666666666667,Hebr,Afro-Asiatic,9.693476506485494,4.1431,0.08333333333333333,-0.07859984040260315,-0.014227750711143017,Afro-Asiatic,other,-4.304065093204169,-0.001558487772979511,6.587837837837826,-2.3656666111460127e-08
SmolLM2-1.7B,amh_Ethi,0.27,Ethi,Afro-Asiatic,8.5541337799261,10.9377,0.01,-0.07975497841835022,-0.04461989179253578,Afro-Asiatic,other,-3.5973122605884447,0.7593370733715368,1.7337328767123257,4.37952863806267e-05
SmolLM2-1.7B,som_Latn,0.30333333333333334,Latn,Afro-Asiatic,3.781970673912552,1.8966,0.06,-0.1259121149778366,-0.03683948889374733,Afro-Asiatic,Latn,-2.56974552972503,2.3976650637892827,0.2870112514952153,0.0008350996526120233
SmolLM2-1.7B,arb_Arab,0.3,Arab,Afro-Asiatic,10.841073612355865,4.3379,0.11666666666666667,-0.06418962776660919,-0.007195768412202597,Afro-Asiatic,Arab,-2.639057329615259,0.7491571087476312,0.3214285714285716,0.00023299861206213873
SmolLM2-1.7B,arb_Latn,0.25333333333333335,Latn,Afro-Asiatic,10.841073612355865,4.3379,,,,Afro-Asiatic,Latn,-4.304065093204169,-1.1052061747424715,6.587837837837826,-1.677620828599304e-05
SmolLM2-1.7B,heb_Hebr,0.3,Hebr,Afro-Asiatic,9.693476506485494,4.7508,0.056666666666666664,-0.05502013489603996,-0.004596889950335026,Afro-Asiatic,other,-2.639057329615259,0.7535287240219901,0.3214285714285716,0.00023435824714991197
Falcon3-7B-Base,amh_Ethi,0.27666666666666667,Ethi,Afro-Asiatic,8.5541337799261,8.7125,0.006666666666666667,-0.11865401268005371,-0.06979571282863617,Afro-Asiatic,other,-3.3004558118606235,-0.008450149497822856,1.0085145449308752,-8.377976838599156e-07
Falcon3-7B-Base,som_Latn,0.24,Latn,Afro-Asiatic,3.781970673912552,1.7572,0.04,-0.13618023693561554,-0.04448549821972847,Afro-Asiatic,Latn,-4.304065093204169,-0.18621270525716938,6.587837837837826,-2.826570446257172e-06
Falcon3-7B-Base,arb_Arab,0.3,Arab,Afro-Asiatic,10.841073612355865,3.6352,0.29,-0.06606204062700272,0.0033397721126675606,Afro-Asiatic,Arab,-2.639057329615259,-0.15848799058448337,0.3214285714285716,-4.9292039527357815e-05
Falcon3-7B-Base,arb_Latn,0.2833333333333333,Latn,Afro-Asiatic,10.841073612355865,3.6352,,,,Afro-Asiatic,Latn,-3.0680529351336174,-0.7768391160040342,0.6671511627906979,-0.0001164237934965632
Falcon3-7B-Base,heb_Hebr,0.29333333333333333,Hebr,Afro-Asiatic,9.693476506485494,3.8586,0.08666666666666667,-0.06199542060494423,0.001553600886836648,Afro-Asiatic,other,-2.7916369172104756,-0.3262370003071342,0.4144802947415429,-7.86909084590667e-05
salamandra-2b,amh_Ethi,0.27,Ethi,Afro-Asiatic,8.5541337799261,11.0,0.006666666666666667,-0.3878615200519562,-0.21720781922340393,Afro-Asiatic,other,-3.5973122605884447,1.6583273150272495,1.7337328767123257,9.564516497794389e-05
salamandra-2b,som_Latn,0.20333333333333334,Latn,Afro-Asiatic,3.781970673912552,1.5545,0.04,-0.1671912521123886,-0.06026743724942207,Afro-Asiatic,Latn,-4.304065093204169,1.5206344463179153,6.587837837837826,2.3082100728079154e-05
salamandra-2b,arb_Arab,0.24333333333333335,Arab,Afro-Asiatic,10.841073612355865,7.0591,0.013333333333333334,-0.3755652606487274,-0.184864342212677,Afro-Asiatic,Arab,-4.304065093204169,0.2573225121317311,6.587837837837826,3.905964503320761e-06
salamandra-2b,arb_Latn,0.25,Latn,Afro-Asiatic,10.841073612355865,7.0591,,,,Afro-Asiatic,Latn,-4.304065093204169,0.06796699223053881,6.587837837837826,1.0316884466520314e-06
salamandra-2b,heb_Hebr,0.26666666666666666,Hebr,Afro-Asiatic,9.693476506485494,7.2925,0.013333333333333334,-0.3117995262145996,-0.1532028168439865,Afro-Asiatic,other,-3.7841896339182615,0.7630597385990061,2.4545454545454564,3.1086352518892746e-05
salamandra-7b,amh_Ethi,0.27666666666666667,Ethi,Afro-Asiatic,8.5541337799261,11.0,0.013333333333333334,-0.0939946323633194,-0.05649721622467041,Afro-Asiatic,other,-3.3004558118606235,0.6400557311124428,1.0085145449308752,6.345890355543371e-05
salamandra-7b,som_Latn,0.21333333333333335,Latn,Afro-Asiatic,3.781970673912552,1.5545,0.08,-0.10606511682271957,-0.029448436573147774,Afro-Asiatic,Latn,-4.304065093204169,0.20550641367528666,6.587837837837826,3.1194346402300897e-06
salamandra-7b,arb_Arab,0.2733333333333333,Arab,Afro-Asiatic,10.841073612355865,7.0591,0.4,-0.0387011356651783,0.01538609154522419,Afro-Asiatic,Arab,-3.4385849137337767,-0.19232534104050458,1.2954034824939167,-1.4845605849833885e-05
salamandra-7b,arb_Latn,0.22666666666666666,Latn,Afro-Asiatic,10.841073612355865,7.0591,,,,Afro-Asiatic,Latn,-4.304065093204169,-1.2471610404120894,6.587837837837826,-1.8930977641197032e-05
salamandra-7b,heb_Hebr,0.32,Hebr,Afro-Asiatic,9.693476506485494,7.2925,0.20333333333333334,-0.04746841639280319,0.004899016115814447,Afro-Asiatic,other,-2.2735975561207935,0.9585237837538463,0.18007202881152456,0.0005320047679501296
granite-3.1-8b-base,amh_Ethi,0.25,Ethi,Afro-Asiatic,8.5541337799261,9.142,0.006666666666666667,-0.10958953201770782,-0.06689445674419403,Afro-Asiatic,other,-4.304065093204169,-1.0410652779459442,6.587837837837826,-1.5802597144307182e-05
granite-3.1-8b-base,som_Latn,0.29333333333333333,Latn,Afro-Asiatic,3.781970673912552,1.6601,0.08333333333333333,-0.07528243958950043,-0.008158257231116295,Afro-Asiatic,Latn,-2.7916369172104756,1.2429071946304489,0.4144802947415429,0.0002997989075887068
granite-3.1-8b-base,arb_Arab,0.3933333333333333,Arab,Afro-Asiatic,10.841073612355865,2.8925,0.5066666666666667,-0.016374435275793076,0.055201172828674316,Afro-Asiatic,Arab,-1.442806571383233,0.8878809097652265,0.0591721690964525,0.0014979726966499341
granite-3.1-8b-base,arb_Latn,0.21,Latn,Afro-Asiatic,10.841073612355865,2.8925,,,,Afro-Asiatic,Latn,-4.304065093204169,-2.162733131956902,6.587837837837826,-3.2828681506680155e-05
granite-3.1-8b-base,heb_Hebr,0.27666666666666667,Hebr,Afro-Asiatic,9.693476506485494,3.2181,0.18666666666666668,-0.03281433507800102,0.022683143615722656,Afro-Asiatic,other,-3.3004558118606235,-0.9743989981036458,1.0085145449308752,-9.66076686876559e-05
Yi-1.5-9B,amh_Ethi,0.29,Ethi,Afro-Asiatic,8.5541337799261,11.2777,0.006666666666666667,-0.09137962758541107,-0.05975479632616043,Afro-Asiatic,other,-2.876385515921425,-0.8618808410602692,0.478653169014085,-0.00018002613804930548
Yi-1.5-9B,som_Latn,0.3466666666666667,Latn,Afro-Asiatic,3.781970673912552,1.8586,0.09666666666666666,-0.08905337005853653,-0.014828148297965527,Afro-Asiatic,Latn,-1.9108188292440431,0.6754681492987382,0.10646946055473316,0.0006338290029844683
Yi-1.5-9B,arb_Arab,0.58,Arab,Afro-Asiatic,10.841073612355865,5.0139,0.4666666666666667,-0.02525440603494644,0.0319686159491539,Afro-Asiatic,Arab,-0.24116205681688824,0.8395556832229154,0.02377672832218287,0.0035162090546872185
Yi-1.5-9B,arb_Latn,0.25666666666666665,Latn,Afro-Asiatic,10.841073612355865,5.0139,,,,Afro-Asiatic,Latn,-4.304065093204169,-3.412702873065558,6.587837837837826,-5.180229315689115e-05
Yi-1.5-9B,heb_Hebr,0.39,Hebr,Afro-Asiatic,9.693476506485494,7.1035,0.19,-0.03402769938111305,0.009681204333901405,Afro-Asiatic,other,-1.4718165345580525,-0.21382766783710228,0.06116175978588154,-0.0003490393821076166
Llama-3.1-8B,amh_Ethi,0.3466666666666667,Ethi,Afro-Asiatic,8.5541337799261,11.0993,0.07,-0.06821117550134659,-0.022669468075037003,Afro-Asiatic,other,-1.9108188292440431,0.03620663453548101,0.10646946055473316,3.3974681271975496e-05
Llama-3.1-8B,som_Latn,0.31,Latn,Afro-Asiatic,3.781970673912552,1.7704,0.24333333333333335,-0.09219258278608322,0.014287588186562061,Afro-Asiatic,Latn,-2.4423470353692043,0.08576205965733763,0.23399758454106281,3.6635174972941407e-05
Llama-3.1-8B,arb_Arab,0.6466666666666666,Arab,Afro-Asiatic,10.841073612355865,1.7784,0.9266666666666666,0.033914413303136826,0.166592538356781,Afro-Asiatic,Arab,0.11568439899946212,0.8136780443638524,0.021809500714825337,0.0037138137238226553
Llama-3.1-8B,arb_Latn,0.3233333333333333,Latn,Afro-Asiatic,10.841073612355865,1.7784,,,,Afro-Asiatic,Latn,-2.222163525683472,-1.713525400220274,0.1665996620933926,-0.0010279117417928683
Llama-3.1-8B,heb_Hebr,0.52,Hebr,Afro-Asiatic,9.693476506485494,4.3236,0.91,0.03127093240618706,0.1587909460067749,Afro-Asiatic,other,-0.5753641449035617,0.3468816120509838,0.027863511659807966,0.0012404794371914303
Qwen3-0.6B-Base,swh_Latn,0.2833333333333333,Latn,Atlantic-Congo,7.487255902011655,1.7453,0.06,-0.17150601744651794,-0.06133789196610451,Atlantic-Congo,Latn,-3.0680529351336174,-0.5406511480619658,0.6671511627906979,-8.102663256746035e-05
Qwen3-0.6B-Base,yor_Latn,0.2633333333333333,Latn,Atlantic-Congo,4.632892380992985,2.3489,0.023333333333333334,-0.14436855912208557,-0.073703333735466,Atlantic-Congo,Latn,-4.011868340397864,-0.6053129470908858,3.7701498868778427,-1.6054982156880692e-05
Qwen3-1.7B-Base,swh_Latn,0.29333333333333333,Latn,Atlantic-Congo,7.487255902011655,1.7453,0.04666666666666667,-0.10169243812561035,-0.023116597905755043,Atlantic-Congo,Latn,-2.7916369172104756,-1.2585565991406082,0.4144802947415429,-0.00030357366595827585
Qwen3-1.7B-Base,yor_Latn,0.25333333333333335,Latn,Atlantic-Congo,4.632892380992985,2.3489,0.013333333333333334,-0.13096532225608826,-0.06801558285951614,Atlantic-Congo,Latn,-4.304065093204169,-1.8918311688989755,6.587837837837826,-2.8716591058123744e-05
Qwen3-4B-Base,swh_Latn,0.47,Latn,Atlantic-Congo,7.487255902011655,1.7453,0.2733333333333333,-0.09753690659999847,0.024508409202098846,Atlantic-Congo,Latn,-0.8792494601938063,-0.3963717651006471,0.034354046468111646,-0.001150436032130805
Qwen3-4B-Base,yor_Latn,0.2966666666666667,Latn,Atlantic-Congo,4.632892380992985,2.3489,0.03666666666666667,-0.10196622461080551,-0.042389024049043655,Atlantic-Congo,Latn,-2.7128008038608074,-1.3507695025323212,0.3631577038398295,-0.00037184882473446587
Qwen3-8B-Base,swh_Latn,0.5733333333333334,Latn,Atlantic-Congo,7.487255902011655,1.7453,0.44333333333333336,-0.052445072680711746,0.054981816560029984,Atlantic-Congo,Latn,-0.2773192854162341,-0.11455175164230891,0.024100096981613355,-0.00047335244865446657
Qwen3-8B-Base,yor_Latn,0.30333333333333334,Latn,Atlantic-Congo,4.632892380992985,2.3489,0.05333333333333334,-0.0946744829416275,-0.0345095656812191,Atlantic-Congo,Latn,-2.56974552972503,-1.5278243897157777,0.2870112514952153,-0.0005321367176390447
OLMo-2-0425-1B,swh_Latn,0.27666666666666667,Latn,Atlantic-Congo,7.487255902011655,1.7574,0.056666666666666664,-0.09393688291311264,-0.015576472505927086,Atlantic-Congo,Latn,-3.3004558118606235,1.1951154952672685,1.0085145449308752,0.00011849080517457072
OLMo-2-0425-1B,yor_Latn,0.24666666666666667,Latn,Atlantic-Congo,4.632892380992985,3.0247,0.013333333333333334,-0.08075033873319626,-0.036625735461711884,Atlantic-Congo,Latn,-4.304065093204169,1.1390998545842201,6.587837837837826,1.7290689187828808e-05
OLMo-2-1124-7B,swh_Latn,0.29333333333333333,Latn,Atlantic-Congo,7.487255902011655,1.7574,0.30333333333333334,-0.05272548273205757,0.03064887970685959,Atlantic-Congo,Latn,-2.7916369172104756,0.4437149465318915,0.4144802947415429,0.00010702750521743758
OLMo-2-1124-7B,yor_Latn,0.23,Latn,Atlantic-Congo,4.632892380992985,3.0247,0.016666666666666666,-0.07164715975522995,-0.031695231795310974,Atlantic-Congo,Latn,-4.304065093204169,-0.1211195888013048,6.587837837837826,-1.838505325019409e-06
Mistral-7B-v0.3,swh_Latn,0.2633333333333333,Latn,Atlantic-Congo,7.487255902011655,1.7241,0.2,-0.05221587046980858,0.018438460305333138,Atlantic-Congo,Latn,-4.011868340397864,-1.3615622653481578,3.7701498868778427,-3.6113316244744684e-05
Mistral-7B-v0.3,yor_Latn,0.25666666666666665,Latn,Atlantic-Congo,4.632892380992985,2.6017,0.03,-0.08283316344022751,-0.04190318286418915,Atlantic-Congo,Latn,-4.304065093204169,-0.7463508248579673,6.587837837837826,-1.1329050795343164e-05
bloom-1b7,swh_Latn,0.2633333333333333,Latn,Atlantic-Congo,7.487255902011655,1.0901,0.48333333333333334,-0.053603969514369965,0.047268424183130264,Atlantic-Congo,Latn,-4.011868340397864,0.9142114043441412,3.7701498868778427,2.4248032153222514e-05
bloom-1b7,yor_Latn,0.23,Latn,Atlantic-Congo,4.632892380992985,2.2114,0.13,-0.0832904577255249,-0.030615972355008125,Atlantic-Congo,Latn,-4.304065093204169,1.5545529282898283,6.587837837837826,2.3596958067894027e-05
bloom-7b1,swh_Latn,0.25333333333333335,Latn,Atlantic-Congo,7.487255902011655,1.0901,0.8433333333333334,-0.0008012220496311784,0.12962880730628967,Atlantic-Congo,Latn,-4.304065093204169,0.8628015512876539,6.587837837837826,1.3096686298037612e-05
bloom-7b1,yor_Latn,0.24333333333333335,Latn,Atlantic-Congo,4.632892380992985,2.2114,0.08,-0.06329518556594849,-0.016860555857419968,Atlantic-Congo,Latn,-4.304065093204169,1.795339828039646,6.587837837837826,2.7251924245122625e-05
EuroLLM-1.7B,swh_Latn,0.25333333333333335,Latn,Atlantic-Congo,7.487255902011655,1.5312,0.06,-0.17205962538719177,-0.06876848638057709,Atlantic-Congo,Latn,-4.304065093204169,0.5213413356488186,6.587837837837826,7.913574009429508e-06
EuroLLM-1.7B,yor_Latn,0.23333333333333334,Latn,Atlantic-Congo,4.632892380992985,2.7445,0.016666666666666666,-0.1256302148103714,-0.06342178583145142,Atlantic-Congo,Latn,-4.304065093204169,1.4633665540417873,6.587837837837826,2.2212816679608424e-05
SmolLM2-1.7B,swh_Latn,0.28,Latn,Atlantic-Congo,7.487255902011655,1.8768,0.05333333333333334,-0.0964687392115593,-0.01848679780960083,Atlantic-Congo,Latn,-3.178053830347945,0.7104045749274088,0.8101851851851838,8.767340042985117e-05
SmolLM2-1.7B,yor_Latn,0.25,Latn,Atlantic-Congo,4.632892380992985,3.6949,0.02,-0.07898874580860138,-0.041562505066394806,Atlantic-Congo,Latn,-4.304065093204169,0.5887848598604819,6.587837837837826,8.937316580652651e-06
Falcon3-7B-Base,swh_Latn,0.25333333333333335,Latn,Atlantic-Congo,7.487255902011655,1.7245,0.07333333333333333,-0.11032906919717789,-0.007676515728235245,Atlantic-Congo,Latn,-4.304065093204169,-1.2664951277044825,6.587837837837826,-1.9224454723702446e-05
Falcon3-7B-Base,yor_Latn,0.25333333333333335,Latn,Atlantic-Congo,4.632892380992985,3.3154,0.013333333333333334,-0.14955992996692657,-0.08588242530822754,Atlantic-Congo,Latn,-4.304065093204169,-0.2855322010111596,6.587837837837826,-4.334166581346857e-06
salamandra-2b,swh_Latn,0.2633333333333333,Latn,Atlantic-Congo,7.487255902011655,1.4659,0.05333333333333334,-0.20251816511154175,-0.06855299323797226,Atlantic-Congo,Latn,-4.011868340397864,0.7267844284407037,3.7701498868778427,1.927682383740856e-05
salamandra-2b,yor_Latn,0.23,Latn,Atlantic-Congo,4.632892380992985,3.3715,0.023333333333333334,-0.26928412914276123,-0.14051099121570587,Atlantic-Congo,Latn,-4.304065093204169,1.4480021298757135,6.587837837837826,2.1979596140127494e-05
salamandra-7b,swh_Latn,0.2733333333333333,Latn,Atlantic-Congo,7.487255902011655,1.4659,0.08333333333333333,-0.10596904903650284,-0.01502049807459116,Atlantic-Congo,Latn,-3.4385849137337767,-0.015060177537836505,1.2954034824939167,-1.1624960932521577e-06
salamandra-7b,yor_Latn,0.23333333333333334,Latn,Atlantic-Congo,4.632892380992985,3.3715,0.016666666666666666,-0.1056303009390831,-0.05722830444574356,Atlantic-Congo,Latn,-4.304065093204169,0.13287409723308485,6.587837837837826,2.016930052278427e-06
granite-3.1-8b-base,swh_Latn,0.30333333333333334,Latn,Atlantic-Congo,7.487255902011655,1.5846,0.07333333333333333,-0.08759351819753647,-0.010045552626252174,Atlantic-Congo,Latn,-2.56974552972503,0.38010266942690984,0.2870112514952153,0.00013238863593264687
granite-3.1-8b-base,yor_Latn,0.25333333333333335,Latn,Atlantic-Congo,4.632892380992985,2.566,0.06333333333333334,-0.0678398609161377,-0.026316583156585693,Atlantic-Congo,Latn,-4.304065093204169,-0.4361049557303729,6.587837837837826,-6.619749087216881e-06
Yi-1.5-9B,swh_Latn,0.37,Latn,Atlantic-Congo,7.487255902011655,1.8244,0.12,-0.07577478885650635,0.0040046158246695995,Atlantic-Congo,Latn,-1.6582280766035322,-0.15237819890438464,0.07647156084656088,-0.00019900103538432047
Yi-1.5-9B,yor_Latn,0.25333333333333335,Latn,Atlantic-Congo,4.632892380992985,3.7232,0.02666666666666667,-0.08131542801856995,-0.03973075747489929,Atlantic-Congo,Latn,-4.304065093204169,-1.7855019699936925,6.587837837837826,-2.710259284620102e-05
Llama-3.1-8B,swh_Latn,0.38,Latn,Atlantic-Congo,7.487255902011655,1.739,0.7733333333333333,-0.003715856932103634,0.12168441712856293,Atlantic-Congo,Latn,-1.5621850275835547,-0.11422430039418274,0.0679996182477572,-0.00016773119045969992
Llama-3.1-8B,yor_Latn,0.32,Latn,Atlantic-Congo,4.632892380992985,2.7323,0.06,-0.09694968163967133,-0.03810759633779526,Atlantic-Congo,Latn,-2.2735975561207935,0.09370222466790912,0.18007202881152456,5.200708750912223e-05
Qwen3-0.6B-Base,zsm_Latn,0.5466666666666666,Latn,Austronesian,7.287263587861631,1.3675,0.9133333333333333,0.03689232096076012,0.16131934523582458,Austronesian,Latn,-0.4240185160039125,1.4613153959532104,0.025690272321528027,0.005666149537839015
Qwen3-0.6B-Base,ind_Latn,0.5366666666666666,Latn,Austronesian,10.081454105942349,1.3162,0.9566666666666667,0.05160006508231163,0.17475995421409607,Austronesian,Latn,-0.48012663687718415,0.6002276029533382,0.026427613993175402,0.002262652054226369
Qwen3-0.6B-Base,plt_Latn,0.29333333333333333,Latn,Austronesian,8.15437957359287,1.752,0.04666666666666667,-0.15278568863868713,-0.05295144021511078,Austronesian,Latn,-2.7916369172104756,-1.1148199957903886,0.4144802947415429,-0.0002689032763792488
Qwen3-1.7B-Base,zsm_Latn,0.71,Latn,Austronesian,7.287263587861631,1.3675,0.9633333333333334,0.0654899999499321,0.20255638659000397,Austronesian,Latn,0.4613455665026207,1.3523580094579588,0.02169431588553549,0.00620509501909117
Qwen3-1.7B-Base,ind_Latn,0.6733333333333333,Latn,Austronesian,10.081454105942349,1.3162,0.9866666666666667,0.08647732436656952,0.22445480525493622,Austronesian,Latn,0.25921960778801917,0.34525237861675634,0.021565604355698504,0.001593550648063713
Qwen3-1.7B-Base,plt_Latn,0.2966666666666667,Latn,Austronesian,8.15437957359287,1.752,0.03333333333333333,-0.11987032741308212,-0.04710569977760315,Austronesian,Latn,-2.7128008038608074,-2.030305351442506,0.3631577038398295,-0.0005589159789247131
Qwen3-4B-Base,zsm_Latn,0.8233333333333334,Latn,Austronesian,7.287263587861631,1.3675,0.9566666666666667,0.05737253651022911,0.21225014328956604,Austronesian,Latn,1.1772025632613314,1.0180123832399623,0.026583243619702646,0.0038151747881534225
Qwen3-4B-Base,ind_Latn,0.8233333333333334,Latn,Austronesian,10.081454105942349,1.3162,0.98,0.06753718107938766,0.233271986246109,Austronesian,Latn,1.1772025632613314,0.21303271111336186,0.026583243619702646,0.0007983763673939182
Qwen3-4B-Base,plt_Latn,0.35,Latn,Austronesian,8.15437957359287,1.752,0.06333333333333334,-0.12441827356815338,-0.03542903810739517,Austronesian,Latn,-1.8718021769015918,-2.239509347459997,0.10096153846153849,-0.00221598580582705
Qwen3-8B-Base,zsm_Latn,0.8966666666666666,Latn,Austronesian,7.287263587861631,1.3675,0.9733333333333334,0.06703749299049377,0.22606368362903595,Austronesian,Latn,1.833870954578181,1.3545706132375774,0.03890728334916121,0.003472609464015448
Qwen3-8B-Base,ind_Latn,0.8766666666666667,Latn,Austronesian,10.081454105942349,1.3162,0.9833333333333333,0.07110629230737686,0.24976716935634613,Austronesian,Latn,1.625524050185725,0.341244036718521,0.03393767664223754,0.0010025479714901998
Qwen3-8B-Base,plt_Latn,0.38,Latn,Austronesian,8.15437957359287,1.752,0.08666666666666667,-0.10295911878347397,-0.024247271940112114,Austronesian,Latn,-1.5621850275835547,-2.2500023594611944,0.0679996182477572,-0.003303986743764226
OLMo-2-0425-1B,zsm_Latn,0.2966666666666667,Latn,Austronesian,7.287263587861631,1.3733,0.5533333333333333,-0.0019023458007723093,0.07278405129909515,Austronesian,Latn,-2.7128008038608074,1.14005297888801,0.3631577038398295,0.00031384137675367235
OLMo-2-0425-1B,ind_Latn,0.2966666666666667,Latn,Austronesian,10.081454105942349,1.3219,0.61,0.0016260907286778092,0.07468614727258682,Austronesian,Latn,-2.7128008038608074,0.3350629948683217,0.3631577038398295,9.223837274012737e-05
OLMo-2-0425-1B,plt_Latn,0.23666666666666666,Latn,Austronesian,8.15437957359287,1.7663,0.043333333333333335,-0.10454972088336945,-0.03647124767303467,Austronesian,Latn,-4.304065093204169,-0.6588517900799062,6.587837837837826,-1.000088049062128e-05
OLMo-2-1124-7B,zsm_Latn,0.42,Latn,Austronesian,7.287263587861631,1.3733,0.88,0.024190954864025116,0.1405378133058548,Austronesian,Latn,-1.2272296664902034,1.365404672873089,0.046981267151891194,0.0029001017930739953
OLMo-2-1124-7B,ind_Latn,0.44,Latn,Austronesian,10.081454105942349,1.3219,0.89,0.030909648165106773,0.14397387206554413,Austronesian,Latn,-1.0809127115687085,0.7067316437748956,0.04080925999208549,0.0017275591000970806
OLMo-2-1124-7B,plt_Latn,0.2866666666666667,Latn,Austronesian,8.15437957359287,1.7663,0.056666666666666664,-0.10450505465269089,-0.025186913087964058,Austronesian,Latn,-2.9680807422234805,-0.5830868824847424,0.5604580211632034,-0.00010401900614399702
Mistral-7B-v0.3,zsm_Latn,0.53,Latn,Austronesian,7.287263587861631,1.6127,0.8633333333333333,0.02237182855606079,0.14133208990097046,Austronesian,Latn,-0.5179430915348547,1.5177659915868023,0.026968899261832387,0.005607047323595367
Mistral-7B-v0.3,ind_Latn,0.54,Latn,Austronesian,10.081454105942349,1.6053,0.8966666666666666,0.03599586337804794,0.1488947868347168,Austronesian,Latn,-0.46134556650262076,0.7739107655580744,0.026172258698237087,0.002945733651787188
Mistral-7B-v0.3,plt_Latn,0.2866666666666667,Latn,Austronesian,8.15437957359287,1.7082,0.06333333333333334,-0.07030455768108368,-0.017445694655179977,Austronesian,Latn,-2.9680807422234805,-1.1706900206632307,0.5604580211632034,-0.00020884368369640524
bloom-1b7,zsm_Latn,0.25333333333333335,Latn,Austronesian,7.287263587861631,0.9466,0.8133333333333334,-0.012458483688533306,0.10888297855854034,Austronesian,Latn,-4.304065093204169,0.004107541928531688,6.587837837837826,6.23494354525609e-08
bloom-1b7,ind_Latn,0.24333333333333335,Latn,Austronesian,10.081454105942349,0.8461,0.92,0.003962304443120956,0.11962025612592697,Austronesian,Latn,-4.304065093204169,-0.8059455815973737,6.587837837837826,-1.2233654920772004e-05
bloom-1b7,plt_Latn,0.29,Latn,Austronesian,8.15437957359287,1.6069,0.23666666666666666,-0.13201726973056793,-0.028271036222577095,Austronesian,Latn,-2.876385515921425,1.2517103298109924,0.478653169014085,0.00026145212414938236
bloom-7b1,zsm_Latn,0.24666666666666667,Latn,Austronesian,7.287263587861631,0.9466,0.97,0.07388541847467422,0.21229679882526398,Austronesian,Latn,-4.304065093204169,0.24489444167835028,6.587837837837826,3.7173156126811753e-06
bloom-7b1,ind_Latn,0.26666666666666666,Latn,Austronesian,10.081454105942349,0.8461,0.9933333333333333,0.08928214013576508,0.24095585942268372,Austronesian,Latn,-3.7841896339182615,-0.045283222561647296,2.4545454545454564,-1.8447968700566663e-06
bloom-7b1,plt_Latn,0.25,Latn,Austronesian,8.15437957359287,1.6069,0.07666666666666666,-0.09914017468690872,-0.027592124417424202,Austronesian,Latn,-4.304065093204169,0.06481765227806591,6.587837837837826,9.838837887496679e-07
EuroLLM-1.7B,zsm_Latn,0.27,Latn,Austronesian,7.287263587861631,1.4229,0.16333333333333333,-0.08588430285453796,0.014556662179529667,Austronesian,Latn,-3.5973122605884447,0.613816845022221,1.7337328767123257,3.5402307413737774e-05
EuroLLM-1.7B,ind_Latn,0.25,Latn,Austronesian,10.081454105942349,1.4122,0.16666666666666666,-0.06459462642669678,0.027276935055851936,Austronesian,Latn,-4.304065093204169,-0.893729031126369,6.587837837837826,-1.3566142440991321e-05
EuroLLM-1.7B,plt_Latn,0.2633333333333333,Latn,Austronesian,8.15437957359287,1.5625,0.043333333333333335,-0.162278413772583,-0.06869523227214813,Austronesian,Latn,-4.011868340397864,-0.03451005149678954,3.7701498868778427,-9.15325309005816e-07
SmolLM2-1.7B,zsm_Latn,0.31333333333333335,Latn,Austronesian,7.287263587861631,1.6711,0.72,0.002747915219515562,0.08995254337787628,Austronesian,Latn,-2.38343718962314,0.8807001085421629,0.21330312239464258,0.00041269316899563834
SmolLM2-1.7B,ind_Latn,0.30333333333333334,Latn,Austronesian,10.081454105942349,1.6717,0.7566666666666667,0.0003687948046717793,0.09010740369558334,Austronesian,Latn,-2.56974552972503,-0.10523603117364733,0.2870112514952153,-3.66533985067859e-05
SmolLM2-1.7B,plt_Latn,0.2633333333333333,Latn,Austronesian,8.15437957359287,1.865,0.03666666666666667,-0.1227475181221962,-0.04052823781967163,Austronesian,Latn,-4.011868340397864,-0.975902500995359,3.7701498868778427,-2.588429229379472e-05
Falcon3-7B-Base,zsm_Latn,0.37,Latn,Austronesian,7.287263587861631,1.5361,0.6133333333333333,-0.047055721282958984,0.060394298285245895,Austronesian,Latn,-1.6582280766035322,0.7568047392903305,0.07647156084656088,0.0009883626909581663
Falcon3-7B-Base,ind_Latn,0.44,Latn,Austronesian,10.081454105942349,1.5172,0.75,-0.021422628313302994,0.07437752932310104,Austronesian,Latn,-1.0809127115687085,0.5324814855590705,0.04080925999208549,0.0013016160293851282
Falcon3-7B-Base,plt_Latn,0.27,Latn,Austronesian,8.15437957359287,1.7124,0.03333333333333333,-0.1291775107383728,-0.04039837047457695,Austronesian,Latn,-3.5973122605884447,-1.4122657966408707,1.7337328767123257,-8.145339816642903e-05
salamandra-2b,zsm_Latn,0.26666666666666666,Latn,Austronesian,7.287263587861631,1.3467,0.5066666666666667,-0.0818496122956276,0.07566558569669724,Austronesian,Latn,-3.7841896339182615,0.3390618153313909,2.4545454545454564,1.381306676077103e-05
salamandra-2b,ind_Latn,0.2633333333333333,Latn,Austronesian,10.081454105942349,1.3328,0.5933333333333334,-0.06848197430372238,0.09385288506746292,Austronesian,Latn,-4.011868340397864,-0.689739915259894,3.7701498868778427,-1.8294275867259203e-05
salamandra-2b,plt_Latn,0.26666666666666666,Latn,Austronesian,8.15437957359287,1.4987,0.03666666666666667,-0.18214794993400574,-0.06361820548772812,Austronesian,Latn,-3.7841896339182615,0.10656967336471457,2.4545454545454564,4.341550557233255e-06
salamandra-7b,zsm_Latn,0.3433333333333333,Latn,Austronesian,7.287263587861631,1.3467,0.8333333333333334,-0.00019810249796137214,0.13580022752285004,Austronesian,Latn,-1.9509992185627847,0.8571241980442399,0.11253787682585727,0.0007609555703641869
salamandra-7b,ind_Latn,0.33666666666666667,Latn,Austronesian,10.081454105942349,1.3328,0.86,0.04085143655538559,0.16192908585071564,Austronesian,Latn,-2.03520828670301,-0.028207894207668005,0.12669672326127676,-2.2246548238639907e-05
salamandra-7b,plt_Latn,0.22666666666666666,Latn,Austronesian,8.15437957359287,1.4987,0.05333333333333334,-0.11051421612501144,-0.03473855182528496,Austronesian,Latn,-4.304065093204169,-1.7284338185638215,6.587837837837826,-2.6236340733442184e-05
granite-3.1-8b-base,zsm_Latn,0.43333333333333335,Latn,Austronesian,7.287263587861631,1.3866,0.5033333333333333,-0.06430958956480026,0.0521218441426754,Austronesian,Latn,-1.128465251817791,1.1978558559918753,0.04265921244530871,0.0028013983127607458
granite-3.1-8b-base,ind_Latn,0.49333333333333335,Latn,Austronesian,10.081454105942349,1.3718,0.4166666666666667,-0.12077736109495163,0.024882612749934196,Austronesian,Latn,-0.7334210796978851,0.7916841969623061,0.030833028809592013,0.0025593491081525805
granite-3.1-8b-base,plt_Latn,0.27,Latn,Austronesian,8.15437957359287,1.5885,0.03666666666666667,-0.10601534694433212,-0.05113156512379646,Austronesian,Latn,-3.5973122605884447,-1.4983376600945344,1.7337328767123257,-8.641765190793566e-05
Yi-1.5-9B,zsm_Latn,0.7033333333333334,Latn,Austronesian,7.287263587861631,1.6717,0.77,0.008864411152899265,0.11422579735517502,Austronesian,Latn,0.42401851600391216,1.3110125899296574,0.02163009432953618,0.006033165664394237
Yi-1.5-9B,ind_Latn,0.67,Latn,Austronesian,10.081454105942349,1.6575,0.8266666666666667,0.02449733577668667,0.12533822655677795,Austronesian,Latn,0.24116205681688824,0.32700217095168777,0.021580601937744793,0.0015082707200245744
Yi-1.5-9B,plt_Latn,0.2733333333333333,Latn,Austronesian,8.15437957359287,1.8071,0.08,-0.09710514545440674,-0.024485809728503227,Austronesian,Latn,-3.4385849137337767,-2.7857947560273186,1.2954034824939167,-0.000215035682547194
Llama-3.1-8B,zsm_Latn,0.6733333333333333,Latn,Austronesian,7.287263587861631,1.3623,0.9366666666666666,0.05246520787477493,0.21094892919063568,Austronesian,Latn,0.25921960778801917,1.0652258906868302,0.021565604355698504,0.004916668250738414
Llama-3.1-8B,ind_Latn,0.6533333333333333,Latn,Austronesian,10.081454105942349,1.3162,0.9633333333333334,0.0688570961356163,0.2285912036895752,Austronesian,Latn,0.1513996464553685,0.1529624756681561,0.021721798111730497,0.0007009618313090792
Llama-3.1-8B,plt_Latn,0.30333333333333334,Latn,Austronesian,8.15437957359287,1.7481,0.27666666666666667,-0.08984150737524033,0.012602154165506363,Austronesian,Latn,-2.56974552972503,-1.9721221827531101,0.2870112514952153,-0.0006868843253189922
Qwen3-0.6B-Base,lvs_Latn,0.42,Latn,Balto-Slavic,9.894602930159628,2.1688,0.48,-0.06584028899669647,0.05783069506287575,Balto-Slavic,Latn,-1.2272296664902034,0.11513385664714981,0.046981267151891194,0.00024454281630860046
Qwen3-0.6B-Base,pol_Latn,0.5,Latn,Balto-Slavic,11.069183544489329,1.7446,0.7733333333333333,-0.024338997900485992,0.10378936678171158,Balto-Slavic,Latn,-0.6931471805599454,0.26931153829997445,0.029999999999999995,0.0008947227186042714
Qwen3-0.6B-Base,slv_Latn,0.4633333333333333,Latn,Balto-Slavic,9.903501694149961,1.791,0.6866666666666666,-0.03430616110563278,0.08687815070152283,Balto-Slavic,Latn,-0.9225212816247911,0.3783371075521288,0.035569090280473614,0.0010606861699501689
Qwen3-0.6B-Base,ces_Latn,0.49,Latn,Balto-Slavic,10.755192300065602,2.0635,0.8533333333333334,-0.005069301463663578,0.11969370394945145,Balto-Slavic,Latn,-0.7537718023763801,0.33143497744691286,0.03127553104575164,0.0010563485824782487
Qwen3-0.6B-Base,hrv_Latn,0.49666666666666665,Latn,Balto-Slavic,7.610626216540094,1.7484,0.8,-0.014406293630599976,0.10542848706245422,Balto-Slavic,Latn,-0.7132147436107549,1.2394654589636693,0.030408126490549973,0.004062738691435245
Qwen3-0.6B-Base,ukr_Cyrl,0.45,Cyrl,Balto-Slavic,10.582360317494818,2.3475,0.8666666666666667,0.005302960053086281,0.12075744569301605,Balto-Slavic,Cyrl,-1.01160091167848,0.2551246850734088,0.038352272727272714,0.0006634840205227846
Qwen3-0.6B-Base,mkd_Cyrl,0.41333333333333333,Cyrl,Balto-Slavic,9.301746425904852,2.0778,0.79,0.002816525986418128,0.10782373696565628,Balto-Slavic,Cyrl,-1.2786636969275254,0.3267589114143412,0.04951771988944001,0.000658552856000418
Qwen3-0.6B-Base,rus_Cyrl,0.5633333333333334,Cyrl,Balto-Slavic,11.867586387163913,1.6852,0.8466666666666667,-0.0291950274258852,0.10832023620605469,Balto-Slavic,Cyrl,-0.3319025409311475,0.49869920792027306,0.024637888374761125,0.002015932808674967
Qwen3-0.6B-Base,lit_Latn,0.3566666666666667,Latn,Balto-Slavic,10.153726802927073,1.9958,0.4266666666666667,-0.07508765906095505,0.05340270325541496,Balto-Slavic,Latn,-1.7969542861051588,-0.5465908804690203,0.09136298777525904,-0.0005976088183477699
Qwen3-0.6B-Base,srp_Cyrl,0.4766666666666667,Cyrl,Balto-Slavic,9.664593347362308,2.2577,0.72,-0.026186112314462662,0.09004762768745422,Balto-Slavic,Cyrl,-0.8367381001722014,0.6833898090131918,0.033240101492076776,0.0020497532353808217
Qwen3-0.6B-Base,bul_Cyrl,0.51,Cyrl,Balto-Slavic,10.360175858097726,2.0365,0.8866666666666667,0.0014377802144736052,0.12112275511026382,Balto-Slavic,Cyrl,-0.6337237600891445,0.6645204327150427,0.028868796039125715,0.002293918020677992
Qwen3-0.6B-Base,slk_Latn,0.43666666666666665,Latn,Balto-Slavic,10.215972316299656,1.9416,0.8233333333333334,-0.009552129544317722,0.10915753990411758,Balto-Slavic,Latn,-1.1045470241879245,0.12241284000261188,0.041711164865354436,0.00029277548328705404
Qwen3-1.7B-Base,lvs_Latn,0.6133333333333333,Latn,Balto-Slavic,9.894602930159628,2.1688,0.8066666666666666,-0.013917270116508007,0.11928968131542206,Balto-Slavic,Latn,-0.062242308877221014,0.2857997452583483,0.02252945154390232,0.001262954803406592
Qwen3-1.7B-Base,pol_Latn,0.67,Latn,Balto-Slavic,11.069183544489329,1.7446,0.9233333333333333,0.010860166512429714,0.15836448967456818,Balto-Slavic,Latn,0.24116205681688824,0.20929930667502378,0.021580601937744793,0.0009653759027353422
Qwen3-1.7B-Base,slv_Latn,0.6566666666666666,Latn,Balto-Slavic,9.903501694149961,1.791,0.88,0.008535080589354038,0.14530883729457855,Balto-Slavic,Latn,0.16929205650362053,0.4758289766787561,0.02168468519006531,0.0021842361848574657
Qwen3-1.7B-Base,ces_Latn,0.67,Latn,Balto-Slavic,10.755192300065602,2.0635,0.9466666666666667,0.029957711696624756,0.17838267982006073,Balto-Slavic,Latn,0.24116205681688824,0.33204736763839643,0.021580601937744793,0.0015315412763529201
Qwen3-1.7B-Base,hrv_Latn,0.6,Latn,Balto-Slavic,7.610626216540094,1.7484,0.94,0.0337589755654335,0.1700277179479599,Balto-Slavic,Latn,-0.13353139262452288,0.8248273409481167,0.022959183673469375,0.003577001478578141
Qwen3-1.7B-Base,ukr_Cyrl,0.62,Cyrl,Balto-Slavic,10.582360317494818,2.3475,0.9566666666666667,0.03444088250398636,0.1800375133752823,Balto-Slavic,Cyrl,-0.02666824708216118,0.2457358806679434,0.02234631502056823,0.0010947715936566967
Qwen3-1.7B-Base,mkd_Cyrl,0.5333333333333333,Cyrl,Balto-Slavic,9.301746425904852,2.0778,0.9133333333333333,0.028184739872813225,0.16675275564193726,Balto-Slavic,Cyrl,-0.4989911661189879,0.11210997322109434,0.02669303015323777,0.0004184296161345809
Qwen3-1.7B-Base,rus_Cyrl,0.69,Cyrl,Balto-Slavic,11.867586387163913,1.6852,0.9033333333333333,-0.013004420325160027,0.15418802201747894,Balto-Slavic,Cyrl,0.35020242943311447,0.18648270928275074,0.021556751532924544,0.0008610834778206655
Qwen3-1.7B-Base,lit_Latn,0.5466666666666666,Latn,Balto-Slavic,10.153726802927073,1.9958,0.78,-0.01685241609811783,0.11493533849716187,Balto-Slavic,Latn,-0.4240185160039125,-0.1679765793695578,0.025690272321528027,-0.000651317587016784
Qwen3-1.7B-Base,srp_Cyrl,0.6366666666666667,Cyrl,Balto-Slavic,9.664593347362308,2.2577,0.9033333333333333,0.007922942750155926,0.14857278764247894,Balto-Slavic,Cyrl,0.06224230887722142,0.5880487490608303,0.021975292901635232,0.002663832147917754
Qwen3-1.7B-Base,bul_Cyrl,0.65,Cyrl,Balto-Slavic,10.360175858097726,2.0365,0.9333333333333333,0.0199466310441494,0.17635618150234222,Balto-Slavic,Cyrl,0.13353139262452257,0.4374541164269255,0.021763392857142853,0.002000851923053394
Qwen3-1.7B-Base,slk_Latn,0.6633333333333333,Latn,Balto-Slavic,10.215972316299656,1.9416,0.9433333333333334,0.03035113401710987,0.16566532850265503,Balto-Slavic,Latn,0.2051610487637774,0.437799443952529,0.02162380487528462,0.002015298178499815
Qwen3-4B-Base,lvs_Latn,0.8133333333333334,Latn,Balto-Slavic,9.894602930159628,2.1688,0.9,0.01818087510764599,0.1595466285943985,Balto-Slavic,Latn,1.1045470241879245,0.40238645534678574,0.025743771476588972,0.0015569958731109284
Qwen3-4B-Base,pol_Latn,0.83,Latn,Balto-Slavic,11.069183544489329,1.7446,0.9066666666666666,0.0010914281010627747,0.17196503281593323,Balto-Slavic,Latn,1.2272296664902032,0.14516429337163106,0.027212876827306436,0.0005314866474498228
Qwen3-4B-Base,slv_Latn,0.8066666666666666,Latn,Balto-Slavic,9.903501694149961,1.791,0.9,0.01350053958594799,0.17413437366485596,Balto-Slavic,Latn,1.057550801870336,0.31388509906876383,0.02524632749780225,0.0012383849261629943
Qwen3-4B-Base,ces_Latn,0.85,Latn,Balto-Slavic,10.755192300065602,2.0635,0.9466666666666667,0.02889784425497055,0.19483986496925354,Balto-Slavic,Latn,1.3862943611198901,0.42697704896469113,0.02951388888888887,0.0014418135036793683
Qwen3-4B-Base,hrv_Latn,0.7766666666666666,Latn,Balto-Slavic,7.610626216540094,1.7484,0.95,0.04266534000635147,0.19635413587093353,Balto-Slavic,Latn,0.8579024136360006,0.766058524231933,0.023507731730707145,0.003244947600092527
Qwen3-4B-Base,ukr_Cyrl,0.8466666666666667,Cyrl,Balto-Slavic,10.582360317494818,2.3475,0.95,0.032736897468566895,0.1938168704509735,Balto-Slavic,Cyrl,1.35874440935166,0.5809459141250566,0.029081285798223198,0.001990816710894704
Qwen3-4B-Base,mkd_Cyrl,0.77,Cyrl,Balto-Slavic,9.301746425904852,2.0778,0.9333333333333333,0.03173815831542015,0.18982969224452972,Balto-Slavic,Cyrl,0.8157495026522777,0.3766480190156519,0.02321440056598919,0.0016155166329475934
Qwen3-4B-Base,rus_Cyrl,0.8266666666666667,Cyrl,Balto-Slavic,11.867586387163913,1.6852,0.8966666666666666,-0.01245713047683239,0.16510863602161407,Balto-Slavic,Cyrl,1.2020478759163513,-0.011874467210720496,0.026890564078575697,-4.399488345716238e-05
Qwen3-4B-Base,lit_Latn,0.7333333333333333,Latn,Balto-Slavic,10.153726802927073,1.9958,0.85,-0.002559035550802946,0.1520758420228958,Balto-Slavic,Latn,0.5947071077466926,-0.19945357859566082,0.022071938168846613,-0.0008995766498933087
Qwen3-4B-Base,srp_Cyrl,0.8133333333333334,Cyrl,Balto-Slavic,9.664593347362308,2.2577,0.9333333333333333,0.008326264098286629,0.17719033360481262,Balto-Slavic,Cyrl,1.1045470241879245,0.5801508413948253,0.025743771476588972,0.002244838149572282
Qwen3-4B-Base,bul_Cyrl,0.8566666666666667,Cyrl,Balto-Slavic,10.360175858097726,2.0365,0.9466666666666667,0.021994423121213913,0.1933748573064804,Balto-Slavic,Cyrl,1.4428065713832328,0.6965266722089276,0.030448483920883607,0.0022800695249320596
Qwen3-4B-Base,slk_Latn,0.8133333333333334,Latn,Balto-Slavic,10.215972316299656,1.9416,0.9566666666666667,0.03627843037247658,0.1876922845840454,Balto-Slavic,Latn,1.1045470241879245,0.28698279639996893,0.025743771476588972,0.001110452461088588
Qwen3-8B-Base,lvs_Latn,0.83,Latn,Balto-Slavic,9.894602930159628,2.1688,0.9066666666666666,0.02305016666650772,0.1717744618654251,Balto-Slavic,Latn,1.2272296664902032,0.20495893632982987,0.027212876827306436,0.0007504113815093938
Qwen3-8B-Base,pol_Latn,0.8633333333333333,Latn,Balto-Slavic,11.069183544489329,1.7446,0.9333333333333333,0.01297077164053917,0.178328275680542,Balto-Slavic,Latn,1.5013636909046773,0.09918815646687063,0.03148647499884734,0.0003140209740732291
Qwen3-8B-Base,slv_Latn,0.8333333333333334,Latn,Balto-Slavic,9.903501694149961,1.791,0.9233333333333333,0.023826241493225098,0.18915019929409027,Balto-Slavic,Latn,1.252762968495368,0.18898710437456145,0.027551020408163263,0.0006834724418296196
Qwen3-8B-Base,ces_Latn,0.85,Latn,Balto-Slavic,10.755192300065602,2.0635,0.9433333333333334,0.04403560236096382,0.20433220267295837,Balto-Slavic,Latn,1.3862943611198901,0.1068668876454566,0.02951388888888887,0.0003608674566394611
Qwen3-8B-Base,hrv_Latn,0.8066666666666666,Latn,Balto-Slavic,7.610626216540094,1.7484,0.97,0.06135351210832596,0.20939505100250244,Balto-Slavic,Latn,1.057550801870336,0.6455967511470337,0.02524632749780225,0.002547101749564855
Qwen3-8B-Base,ukr_Cyrl,0.88,Cyrl,Balto-Slavic,10.582360317494818,2.3475,0.9433333333333334,0.04320630058646202,0.20878741145133972,Balto-Slavic,Cyrl,1.6582280766035322,0.5603194200576946,0.034643487024439396,0.0016127322501148203
Qwen3-8B-Base,mkd_Cyrl,0.7866666666666666,Cyrl,Balto-Slavic,9.301746425904852,2.0778,0.96,0.05104919523000717,0.20021390914916992,Balto-Slavic,Cyrl,0.9225212816247907,0.16330963666893084,0.024006235291848307,0.0006774580712903109
Qwen3-8B-Base,rus_Cyrl,0.8333333333333334,Cyrl,Balto-Slavic,11.867586387163913,1.6852,0.9266666666666666,0.0027931095100939274,0.17923131585121155,Balto-Slavic,Cyrl,1.252762968495368,-0.28126953595093784,0.027551020408163263,-0.0010172121382832648
Qwen3-8B-Base,lit_Latn,0.78,Latn,Balto-Slavic,10.153726802927073,1.9958,0.9,0.011521601118147373,0.167491152882576,Balto-Slavic,Latn,0.879249460193806,-0.2350213874677819,0.023665814427651376,-0.0009889052537345661
Qwen3-8B-Base,srp_Cyrl,0.86,Cyrl,Balto-Slavic,9.664593347362308,2.2577,0.9433333333333334,0.02519342117011547,0.19115769863128662,Balto-Slavic,Cyrl,1.4718165345580527,0.6273101904457195,0.03095366069029063,0.0020200845133912515
Qwen3-8B-Base,bul_Cyrl,0.8733333333333333,Cyrl,Balto-Slavic,10.360175858097726,2.0365,0.9566666666666667,0.04237264022231102,0.20763380825519562,Balto-Slavic,Cyrl,1.5935224571282003,0.527132396634661,0.03327195064500736,0.0015795672307019448
Qwen3-8B-Base,slk_Latn,0.8466666666666667,Latn,Balto-Slavic,10.215972316299656,1.9416,0.9633333333333334,0.04641832783818245,0.20029392838478088,Balto-Slavic,Latn,1.35874440935166,0.22107002024446998,0.029081285798223198,0.0007575746379820059
OLMo-2-0425-1B,lvs_Latn,0.26666666666666666,Latn,Balto-Slavic,9.894602930159628,2.2351,0.02666666666666667,-0.10183785855770111,-0.024860143661499023,Balto-Slavic,Latn,-3.7841896339182615,-0.46806754467096257,2.4545454545454564,-1.9068641616306446e-05
OLMo-2-0425-1B,pol_Latn,0.28,Latn,Balto-Slavic,11.069183544489329,1.8515,0.05333333333333334,-0.08402238041162491,0.0022758501581847668,Balto-Slavic,Latn,-3.178053830347945,-0.23764991678434422,0.8101851851851838,-2.9329169671592843e-05
OLMo-2-0425-1B,slv_Latn,0.2733333333333333,Latn,Balto-Slavic,9.903501694149961,1.803,0.11,-0.08999624103307724,-0.006485849153250456,Balto-Slavic,Latn,-3.4385849137337767,-0.16956731639370526,1.2954034824939167,-1.3088912433574772e-05
OLMo-2-0425-1B,ces_Latn,0.2633333333333333,Latn,Balto-Slavic,10.755192300065602,2.0947,0.07666666666666666,-0.09144256263971329,0.000520222180057317,Balto-Slavic,Latn,-4.011868340397864,-0.9565224689385201,3.7701498868778427,-2.53702671613043e-05
OLMo-2-0425-1B,hrv_Latn,0.29,Latn,Balto-Slavic,7.610626216540094,1.7596,0.09333333333333334,-0.08664588630199432,-0.003478609025478363,Balto-Slavic,Latn,-2.876385515921425,1.044371399671447,0.478653169014085,0.00021814401810033853
OLMo-2-0425-1B,ukr_Cyrl,0.2733333333333333,Cyrl,Balto-Slavic,10.582360317494818,2.7664,0.05,-0.06207176297903061,0.005233347415924072,Balto-Slavic,Cyrl,-3.4385849137337767,-0.16174101584359368,1.2954034824939167,-1.2484799773449342e-05
OLMo-2-0425-1B,mkd_Cyrl,0.2866666666666667,Cyrl,Balto-Slavic,9.301746425904852,2.5146,0.05,-0.07185110449790955,0.0016271552303805947,Balto-Slavic,Cyrl,-2.9680807422234805,0.6493059961194367,0.5604580211632034,0.00011583207653873454
OLMo-2-0425-1B,rus_Cyrl,0.30666666666666664,Cyrl,Balto-Slavic,11.867586387163913,2.2871,0.36666666666666664,-0.03442291170358658,0.035428982228040695,Balto-Slavic,Cyrl,-2.5043247356451026,0.35526607869568494,0.2582678999201492,0.00013750395416950724
OLMo-2-0425-1B,lit_Latn,0.2733333333333333,Latn,Balto-Slavic,10.153726802927073,2.157,0.04666666666666667,-0.1137094646692276,-0.03042580932378769,Balto-Slavic,Latn,-3.4385849137337767,-0.20467695544716413,1.2954034824939167,-1.579902780785928e-05
OLMo-2-0425-1B,srp_Cyrl,0.27666666666666667,Cyrl,Balto-Slavic,9.664593347362308,2.743,0.03666666666666667,-0.08726947754621506,-0.013884353451430798,Balto-Slavic,Cyrl,-3.3004558118606235,0.23663749547350843,1.0085145449308752,2.346163821053567e-05
OLMo-2-0425-1B,bul_Cyrl,0.2866666666666667,Cyrl,Balto-Slavic,10.360175858097726,2.3968,0.05,-0.058126434683799744,0.01695421151816845,Balto-Slavic,Cyrl,-2.9680807422234805,0.3342389823694232,0.5604580211632034,5.96261171455884e-05
OLMo-2-0425-1B,slk_Latn,0.29,Latn,Balto-Slavic,10.215972316299656,1.9858,0.06,-0.09621184319257736,-0.002394407521933317,Balto-Slavic,Latn,-2.876385515921425,0.32205398600660473,0.478653169014085,6.726931681066591e-05
OLMo-2-1124-7B,lvs_Latn,0.31,Latn,Balto-Slavic,9.894602930159628,2.2351,0.22666666666666666,-0.06660932302474976,0.014966864138841629,Balto-Slavic,Latn,-2.4423470353692043,-0.3864443895074303,0.23399758454106281,-0.0001650783327242479
OLMo-2-1124-7B,pol_Latn,0.31333333333333335,Latn,Balto-Slavic,11.069183544489329,1.8515,0.6533333333333333,-0.007162595633417368,0.07657858729362488,Balto-Slavic,Latn,-2.38343718962314,-0.7032527194450644,0.21330312239464258,-0.0003295419071447245
OLMo-2-1124-7B,slv_Latn,0.35,Latn,Balto-Slavic,9.903501694149961,1.803,0.56,-0.04017416387796402,0.05923740565776825,Balto-Slavic,Latn,-1.8718021769015918,0.13699597705295474,0.10096153846153849,0.0001355569874931135
OLMo-2-1124-7B,ces_Latn,0.33666666666666667,Latn,Balto-Slavic,10.755192300065602,2.0947,0.7,-0.012573322281241417,0.07954064011573792,Balto-Slavic,Latn,-2.03520828670301,-0.24008185862919085,0.12669672326127676,-0.0001893438982132483
OLMo-2-1124-7B,hrv_Latn,0.33666666666666667,Latn,Balto-Slavic,7.610626216540094,1.7596,0.68,-0.021242789924144745,0.0787530168890953,Balto-Slavic,Latn,-2.03520828670301,0.625329185504337,0.12669672326127676,0.0004931745627333062
OLMo-2-1124-7B,ukr_Cyrl,0.2966666666666667,Cyrl,Balto-Slavic,10.582360317494818,2.7664,0.6666666666666666,-0.012107155285775661,0.07080977410078049,Balto-Slavic,Cyrl,-2.7128008038608074,-0.6961763493561492,0.3631577038398295,-0.00019164806196765154
OLMo-2-1124-7B,mkd_Cyrl,0.32666666666666666,Cyrl,Balto-Slavic,9.301746425904852,2.5146,0.5666666666666667,-0.03402721509337425,0.05655887722969055,Balto-Slavic,Cyrl,-2.172773481472055,0.18439381348533734,0.15476145913268075,0.00011907017699406797
OLMo-2-1124-7B,rus_Cyrl,0.43333333333333335,Cyrl,Balto-Slavic,11.867586387163913,2.2871,0.86,-0.003340199589729309,0.09927795827388763,Balto-Slavic,Cyrl,-1.128465251817791,0.4709061191374717,0.04265921244530871,0.00110129745663501
OLMo-2-1124-7B,lit_Latn,0.32,Latn,Balto-Slavic,10.153726802927073,2.157,0.15666666666666668,-0.08655586838722229,0.008749243803322315,Balto-Slavic,Latn,-2.2735975561207935,-0.29990904121970585,0.18007202881152456,-0.00016645704841008904
OLMo-2-1124-7B,srp_Cyrl,0.27,Cyrl,Balto-Slavic,9.664593347362308,2.743,0.4033333333333333,-0.05481499060988426,0.031381554901599884,Balto-Slavic,Cyrl,-3.5973122605884447,-1.3204383966398376,1.7337328767123257,-7.615718991029696e-05
OLMo-2-1124-7B,bul_Cyrl,0.30666666666666664,Cyrl,Balto-Slavic,10.360175858097726,2.3968,0.75,-0.0011760364286601543,0.08696892857551575,Balto-Slavic,Cyrl,-2.5043247356451026,-0.46222445443772386,0.2582678999201492,-0.0001789016571258825
OLMo-2-1124-7B,slk_Latn,0.33666666666666667,Latn,Balto-Slavic,10.215972316299656,1.9858,0.5633333333333334,-0.045567017048597336,0.06516817957162857,Balto-Slavic,Latn,-2.03520828670301,-0.09698822816050523,0.12669672326127676,-7.649111559533509e-05
Mistral-7B-v0.3,lvs_Latn,0.3433333333333333,Latn,Balto-Slavic,9.894602930159628,2.0704,0.37,-0.03349626064300537,0.051308490335941315,Balto-Slavic,Latn,-1.9509992185627847,-0.4936921889113255,0.11253787682585727,-0.0004383003327334791
Mistral-7B-v0.3,pol_Latn,0.5433333333333333,Latn,Balto-Slavic,11.069183544489329,1.7959,0.8933333333333333,0.02622956782579422,0.15562321245670319,Balto-Slavic,Latn,-0.44264411134991827,0.650195017976869,0.025926594453157994,0.0024981947567016376
Mistral-7B-v0.3,slv_Latn,0.47,Latn,Balto-Slavic,9.903501694149961,1.7043,0.88,0.030533045530319214,0.1599482148885727,Balto-Slavic,Latn,-0.8792494601938063,0.5377589269885164,0.034354046468111646,0.0015608004925811204
Mistral-7B-v0.3,ces_Latn,0.5266666666666666,Latn,Balto-Slavic,10.755192300065602,1.8581,0.9166666666666666,0.04980366677045822,0.1773877739906311,Balto-Slavic,Latn,-0.5369864498046631,0.652130110928557,0.0272556371762291,0.0023838966233078645
Mistral-7B-v0.3,hrv_Latn,0.5366666666666666,Latn,Balto-Slavic,7.610626216540094,1.7132,0.9433333333333334,0.05451662465929985,0.1750970184803009,Balto-Slavic,Latn,-0.48012663687718415,1.5940141886429737,0.026427613993175402,0.006008886396842845
Mistral-7B-v0.3,ukr_Cyrl,0.53,Cyrl,Balto-Slavic,10.582360317494818,1.8431,0.9266666666666666,0.05581296235322952,0.18765150010585785,Balto-Slavic,Cyrl,-0.5179430915348547,0.821859725793788,0.026968899261832387,0.003036177119150702
Mistral-7B-v0.3,mkd_Cyrl,0.45666666666666667,Cyrl,Balto-Slavic,9.301746425904852,1.8058,0.84,0.037268586456775665,0.14526814222335815,Balto-Slavic,Cyrl,-0.9666158157616709,0.735848852693503,0.0368971961721877,0.001988931402446549
Mistral-7B-v0.3,rus_Cyrl,0.6166666666666667,Cyrl,Balto-Slavic,11.867586387163913,1.7156,0.8866666666666667,0.01972879096865654,0.1500944048166275,Balto-Slavic,Cyrl,-0.04445176257083369,0.914375211092059,0.022435321595400647,0.004057520134430265
Mistral-7B-v0.3,lit_Latn,0.30666666666666664,Latn,Balto-Slavic,10.153726802927073,1.9341,0.42,-0.044182002544403076,0.055487316101789474,Balto-Slavic,Latn,-2.5043247356451026,-1.135233358731556,0.2582678999201492,-0.00043938637852580537
Mistral-7B-v0.3,srp_Cyrl,0.51,Cyrl,Balto-Slavic,9.664593347362308,1.8288,0.93,0.03574569150805473,0.17332936823368073,Balto-Slavic,Cyrl,-0.6337237600891445,0.9672668489544562,0.028868796039125715,0.003338995682278148
Mistral-7B-v0.3,bul_Cyrl,0.5333333333333333,Cyrl,Balto-Slavic,10.360175858097726,1.7556,0.9233333333333333,0.0504753440618515,0.1846388429403305,Balto-Slavic,Cyrl,-0.4989911661189879,0.8953773283136732,0.02669303015323777,0.0033418292861712526
Mistral-7B-v0.3,slk_Latn,0.45666666666666667,Latn,Balto-Slavic,10.215972316299656,1.8175,0.8566666666666667,0.038070134818553925,0.1510515660047531,Balto-Slavic,Latn,-0.9666158157616709,0.37263739841935073,0.0368971961721877,0.0010072044289112054
bloom-1b7,lvs_Latn,0.25,Latn,Balto-Slavic,9.894602930159628,1.9751,0.16333333333333333,-0.1279388964176178,-0.041555386036634445,Balto-Slavic,Latn,-4.304065093204169,-0.515434225795262,6.587837837837826,-7.823908459705995e-06
bloom-1b7,pol_Latn,0.24666666666666667,Latn,Balto-Slavic,11.069183544489329,2.0183,0.12666666666666668,-0.1375196874141693,-0.04467932507395744,Balto-Slavic,Latn,-4.304065093204169,-0.8471412417793021,6.587837837837826,-1.28589744264624e-05
bloom-1b7,slv_Latn,0.27,Latn,Balto-Slavic,9.903501694149961,1.7412,0.23,-0.12211190909147263,-0.020136060193181038,Balto-Slavic,Latn,-3.5973122605884447,0.16465228701368595,1.7337328767123257,9.496433550202653e-06
bloom-1b7,ces_Latn,0.25666666666666665,Latn,Balto-Slavic,10.755192300065602,2.0292,0.21666666666666667,-0.12543626129627228,-0.028868675231933594,Balto-Slavic,Latn,-4.304065093204169,-0.7561538115270223,6.587837837837826,-1.1477852860170543e-05
bloom-1b7,hrv_Latn,0.21,Latn,Balto-Slavic,7.610626216540094,1.7581,0.24333333333333335,-0.12095198035240173,-0.019604256376624107,Balto-Slavic,Latn,-4.304065093204169,0.11585684418283648,6.587837837837826,1.7586207856714844e-06
bloom-1b7,ukr_Cyrl,0.2633333333333333,Cyrl,Balto-Slavic,10.582360317494818,2.5494,0.05333333333333334,-0.10956165194511414,-0.05633796751499176,Balto-Slavic,Cyrl,-4.011868340397864,-0.25808155031822455,3.7701498868778427,-6.8452107439251106e-06
bloom-1b7,mkd_Cyrl,0.21,Cyrl,Balto-Slavic,9.301746425904852,2.2529,0.05333333333333334,-0.1139543354511261,-0.05218653380870819,Balto-Slavic,Cyrl,-4.304065093204169,-0.21434487888214004,6.587837837837826,-3.2535959533581815e-06
bloom-1b7,rus_Cyrl,0.25,Cyrl,Balto-Slavic,11.867586387163913,2.2388,0.07333333333333333,-0.10468978434801102,-0.049864452332258224,Balto-Slavic,Cyrl,-4.304065093204169,-0.9501352230344402,6.587837837837826,-1.4422346513302567e-05
bloom-1b7,lit_Latn,0.23,Latn,Balto-Slavic,10.153726802927073,1.8931,0.15666666666666668,-0.15522360801696777,-0.0515126958489418,Balto-Slavic,Latn,-4.304065093204169,-0.5980505205863813,6.587837837837826,-9.077962411408645e-06
bloom-1b7,srp_Cyrl,0.2633333333333333,Cyrl,Balto-Slavic,9.664593347362308,2.4338,0.06333333333333334,-0.12141796201467514,-0.061342012137174606,Balto-Slavic,Cyrl,-4.011868340397864,-0.007339706301428883,3.7701498868778427,-1.946742665024998e-07
bloom-1b7,bul_Cyrl,0.2733333333333333,Cyrl,Balto-Slavic,10.360175858097726,2.2848,0.05333333333333334,-0.10628519207239151,-0.05152720957994461,Balto-Slavic,Cyrl,-3.4385849137337767,0.3515051907910016,1.2954034824939167,2.7132709061537936e-05
bloom-1b7,slk_Latn,0.25666666666666665,Latn,Balto-Slavic,10.215972316299656,1.8798,0.21666666666666667,-0.13185442984104156,-0.026792412623763084,Balto-Slavic,Latn,-4.304065093204169,-0.6172364977589839,6.587837837837826,-9.369191285221144e-06
bloom-7b1,lvs_Latn,0.26666666666666666,Latn,Balto-Slavic,9.894602930159628,1.9751,0.07333333333333333,-0.07446541637182236,-0.0051576257683336735,Balto-Slavic,Latn,-3.7841896339182615,0.24522813324046489,2.4545454545454564,9.99036878336503e-06
bloom-7b1,pol_Latn,0.25666666666666665,Latn,Balto-Slavic,11.069183544489329,2.0183,0.2,-0.04775514453649521,0.0226731039583683,Balto-Slavic,Latn,-4.304065093204169,-0.6063543420294835,6.587837837837826,-9.204008249233785e-06
bloom-7b1,slv_Latn,0.22333333333333333,Latn,Balto-Slavic,9.903501694149961,1.7412,0.24,-0.059826504439115524,0.020225442945957184,Balto-Slavic,Latn,-4.304065093204169,-0.3013136458522201,6.587837837837826,-4.573717197832816e-06
bloom-7b1,ces_Latn,0.20666666666666667,Latn,Balto-Slavic,10.755192300065602,2.0292,0.18,-0.05687753111124039,0.026128264144062996,Balto-Slavic,Latn,-4.304065093204169,-0.5153669117772037,6.587837837837826,-7.822886682941928e-06
bloom-7b1,hrv_Latn,0.23,Latn,Balto-Slavic,7.610626216540094,1.7581,0.24666666666666667,-0.06046098843216896,0.02394154481589794,Balto-Slavic,Latn,-4.304065093204169,0.35664374393265597,6.587837837837826,5.413586962900112e-06
bloom-7b1,ukr_Cyrl,0.25333333333333335,Cyrl,Balto-Slavic,10.582360317494818,2.5494,0.19,-0.02289547584950924,0.030861975625157356,Balto-Slavic,Cyrl,-4.304065093204169,-0.3094914033747118,6.587837837837826,-4.697849479038063e-06
bloom-7b1,mkd_Cyrl,0.25333333333333335,Cyrl,Balto-Slavic,9.301746425904852,2.2529,0.08,-0.03969847410917282,0.01667947508394718,Balto-Slavic,Cyrl,-4.304065093204169,0.026442020867677662,6.587837837837826,4.0137022387041933e-07
bloom-7b1,rus_Cyrl,0.26666666666666666,Cyrl,Balto-Slavic,11.867586387163913,2.2388,0.55,-0.02216373197734356,0.04840394854545593,Balto-Slavic,Cyrl,-3.7841896339182615,-0.18947286399871466,2.4545454545454564,-7.71895035411815e-06
bloom-7b1,lit_Latn,0.22666666666666666,Latn,Balto-Slavic,10.153726802927073,1.8931,0.06666666666666667,-0.08927840739488602,-0.013213262893259525,Balto-Slavic,Latn,-4.304065093204169,-0.3572636208365627,6.587837837837826,-5.422996234180031e-06
bloom-7b1,srp_Cyrl,0.23666666666666666,Cyrl,Balto-Slavic,9.664593347362308,2.4338,0.09,-0.04658796265721321,0.010721365921199322,Balto-Slavic,Cyrl,-4.304065093204169,-0.05874955935791615,6.587837837837826,-8.91774646688254e-07
bloom-7b1,bul_Cyrl,0.21666666666666667,Cyrl,Balto-Slavic,10.360175858097726,2.2848,0.11333333333333333,-0.03944111615419388,0.022818787023425102,Balto-Slavic,Cyrl,-4.304065093204169,-0.27318808892957325,6.587837837837826,-4.146792147612887e-06
bloom-7b1,slk_Latn,0.2733333333333333,Latn,Balto-Slavic,10.215972316299656,1.8798,0.18333333333333332,-0.05432009696960449,0.022447796538472176,Balto-Slavic,Latn,-3.4385849137337767,0.48903058146122724,1.2954034824939167,3.774830311655981e-05
EuroLLM-1.7B,lvs_Latn,0.25,Latn,Balto-Slavic,9.894602930159628,1.3953,0.9633333333333334,0.049115195870399475,0.185357466340065,Balto-Slavic,Latn,-4.304065093204169,-0.7213816582198498,6.587837837837826,-1.095003741680891e-05
EuroLLM-1.7B,pol_Latn,0.26666666666666666,Latn,Balto-Slavic,11.069183544489329,1.3636,0.9566666666666667,0.02315864898264408,0.16631025075912476,Balto-Slavic,Latn,-3.7841896339182615,-0.5409368228409068,2.4545454545454564,-2.203726904211275e-05
EuroLLM-1.7B,slv_Latn,0.25333333333333335,Latn,Balto-Slavic,9.903501694149961,1.2411,0.9833333333333333,0.05551318824291229,0.19849081337451935,Balto-Slavic,Latn,-4.304065093204169,-0.7398293992354761,6.587837837837826,-1.1230060414440605e-05
EuroLLM-1.7B,ces_Latn,0.25666666666666665,Latn,Balto-Slavic,10.755192300065602,1.4583,0.9733333333333334,0.05561506003141403,0.19362697005271912,Balto-Slavic,Latn,-4.304065093204169,-0.9611834854667767,6.587837837837826,-1.4590050925582852e-05
EuroLLM-1.7B,hrv_Latn,0.26,Latn,Balto-Slavic,7.610626216540094,1.2366,0.97,0.05400941148400307,0.1871691793203354,Balto-Slavic,Latn,-4.304065093204169,-0.08407875457143632,6.587837837837826,-1.2762530045143088e-06
EuroLLM-1.7B,ukr_Cyrl,0.25666666666666665,Cyrl,Balto-Slavic,10.582360317494818,1.3911,0.9933333333333333,0.059372782707214355,0.20051096379756927,Balto-Slavic,Cyrl,-4.304065093204169,-0.8158800370632981,6.587837837837826,-1.2384452573258882e-05
EuroLLM-1.7B,mkd_Cyrl,0.23666666666666666,Cyrl,Balto-Slavic,9.301746425904852,1.5664,0.6433333333333333,-0.002093805465847254,0.10985959321260452,Balto-Slavic,Cyrl,-4.304065093204169,-0.43129510123164216,6.587837837837826,-6.546739083875418e-06
EuroLLM-1.7B,rus_Cyrl,0.23333333333333334,Cyrl,Balto-Slavic,11.867586387163913,1.1894,0.94,0.010486984625458717,0.1605139523744583,Balto-Slavic,Cyrl,-4.304065093204169,-1.2045073054003579,6.587837837837826,-1.8283525665676038e-05
EuroLLM-1.7B,lit_Latn,0.22,Latn,Balto-Slavic,10.153726802927073,1.3047,0.9466666666666667,0.03435782343149185,0.18097266554832458,Balto-Slavic,Latn,-4.304065093204169,-0.8048847758165381,6.587837837837826,-1.221755267958337e-05
EuroLLM-1.7B,srp_Cyrl,0.28,Cyrl,Balto-Slavic,9.664593347362308,1.8069,0.41333333333333333,-0.05256281793117523,0.06509675085544586,Balto-Slavic,Cyrl,-3.178053830347945,0.6156704696794475,0.8101851851851838,7.598194819967525e-05
EuroLLM-1.7B,bul_Cyrl,0.24,Cyrl,Balto-Slavic,10.360175858097726,1.2658,0.9866666666666667,0.04232398048043251,0.20182077586650848,Balto-Slavic,Cyrl,-4.304065093204169,-0.765212255546551,6.587837837837826,-1.16153533078448e-05
EuroLLM-1.7B,slk_Latn,0.22,Latn,Balto-Slavic,10.215972316299656,1.2619,0.9766666666666667,0.06621935963630676,0.20196205377578735,Balto-Slavic,Latn,-4.304065093204169,-0.8271127614501057,6.587837837837826,-1.255495698090967e-05
SmolLM2-1.7B,lvs_Latn,0.28,Latn,Balto-Slavic,9.894602930159628,2.3249,0.05333333333333334,-0.08209695667028427,-0.007659999653697014,Balto-Slavic,Latn,-3.178053830347945,-0.47209696330723805,0.8101851851851838,-5.826306243051241e-05
SmolLM2-1.7B,pol_Latn,0.27,Latn,Balto-Slavic,11.069183544489329,2.3802,0.24333333333333335,-0.03530114144086838,0.037196677178144455,Balto-Slavic,Latn,-3.5973122605884447,-1.2218146704681274,1.7337328767123257,-7.046899888010266e-05
SmolLM2-1.7B,slv_Latn,0.28,Latn,Balto-Slavic,9.903501694149961,1.9513,0.27666666666666667,-0.046499740332365036,0.03642657399177551,Balto-Slavic,Latn,-3.178053830347945,-0.5131689977579748,0.8101851851851838,-6.33318993291347e-05
SmolLM2-1.7B,ces_Latn,0.29333333333333333,Latn,Balto-Slavic,10.755192300065602,2.4253,0.2833333333333333,-0.03607029840350151,0.04026901721954346,Balto-Slavic,Latn,-2.7916369172104756,-0.32162522940177674,0.4144802947415429,-7.757851337423334e-05
SmolLM2-1.7B,hrv_Latn,0.2833333333333333,Latn,Balto-Slavic,7.610626216540094,1.9876,0.30333333333333334,-0.02775556594133377,0.04606061801314354,Balto-Slavic,Latn,-3.0680529351336174,0.2567897945003037,0.6671511627906979,3.84847279132997e-05
SmolLM2-1.7B,ukr_Cyrl,0.27,Cyrl,Balto-Slavic,10.582360317494818,3.6423,0.37666666666666665,-0.026107462123036385,0.03393963351845741,Balto-Slavic,Cyrl,-3.5973122605884447,-0.8495717933399476,1.7337328767123257,-4.899963570629881e-05
SmolLM2-1.7B,mkd_Cyrl,0.33666666666666667,Cyrl,Balto-Slavic,9.301746425904852,3.3697,0.14,-0.04196544364094734,0.019865278154611588,Balto-Slavic,Cyrl,-2.03520828670301,1.050930147235913,0.12669672326127676,0.0008288306828481646
SmolLM2-1.7B,rus_Cyrl,0.31,Cyrl,Balto-Slavic,11.867586387163913,3.463,0.45666666666666667,-0.03882020711898804,0.03404192253947258,Balto-Slavic,Cyrl,-2.4423470353692043,-0.08092397240605109,0.23399758454106281,-3.456847816921797e-05
SmolLM2-1.7B,lit_Latn,0.3,Latn,Balto-Slavic,10.153726802927073,2.2922,0.056666666666666664,-0.0876900926232338,-0.008342457003891468,Balto-Slavic,Latn,-2.639057329615259,-0.010632994073277668,0.3214285714285716,-3.307013752148442e-06
SmolLM2-1.7B,srp_Cyrl,0.27,Cyrl,Balto-Slavic,9.664593347362308,3.6305,0.15,-0.04545445367693901,0.01627214625477791,Balto-Slavic,Cyrl,-3.5973122605884447,-0.5881262042977893,1.7337328767123257,-3.392058209313233e-05
SmolLM2-1.7B,bul_Cyrl,0.29333333333333333,Cyrl,Balto-Slavic,10.360175858097726,3.3847,0.22,-0.03506370633840561,0.028081340715289116,Balto-Slavic,Cyrl,-2.7916369172104756,-0.006871303000678619,0.4144802947415429,-1.6574118666661246e-06
SmolLM2-1.7B,slk_Latn,0.2833333333333333,Latn,Balto-Slavic,10.215972316299656,2.2127,0.27,-0.04375379532575607,0.037674810737371445,Balto-Slavic,Latn,-3.0680529351336174,-0.46564104998850775,0.6671511627906979,-6.978497392840728e-05
Falcon3-7B-Base,lvs_Latn,0.30333333333333334,Latn,Balto-Slavic,9.894602930159628,2.2543,0.07333333333333333,-0.09793448448181152,-0.00899046566337347,Balto-Slavic,Latn,-2.56974552972503,-0.7062522858070794,0.2870112514952153,-0.0002459855829856598
Falcon3-7B-Base,pol_Latn,0.39666666666666667,Latn,Balto-Slavic,11.069183544489329,2.2352,0.49666666666666665,-0.029759835451841354,0.057239875197410583,Balto-Slavic,Latn,-1.4143073973475646,0.11105452119251158,0.057306886671841466,0.00019345156588471645
Falcon3-7B-Base,slv_Latn,0.3333333333333333,Latn,Balto-Slavic,9.903501694149961,1.8414,0.42,-0.05233176052570343,0.04741823673248291,Balto-Slavic,Latn,-2.079441541679836,-0.2610729061962136,0.13500000000000006,-0.00019324419407595352
Falcon3-7B-Base,ces_Latn,0.38,Latn,Balto-Slavic,10.755192300065602,2.2327,0.49666666666666665,-0.03369263932108879,0.06159381940960884,Balto-Slavic,Latn,-1.5621850275835547,0.052782527535005785,0.0679996182477572,7.750781706701096e-05
Falcon3-7B-Base,hrv_Latn,0.38666666666666666,Latn,Balto-Slavic,7.610626216540094,1.845,0.49,-0.0402001291513443,0.06390843540430069,Balto-Slavic,Latn,-1.501363690904678,0.9735908525831145,0.06328725137728576,0.0015359411102842118
Falcon3-7B-Base,ukr_Cyrl,0.3466666666666667,Cyrl,Balto-Slavic,10.582360317494818,4.2166,0.39666666666666667,-0.04036049172282219,0.03319719061255455,Balto-Slavic,Cyrl,-1.9108188292440431,0.06095941340632205,0.10646946055473316,5.7201578283957446e-05
Falcon3-7B-Base,mkd_Cyrl,0.33,Cyrl,Balto-Slavic,9.301746425904852,4.0121,0.25,-0.06814190745353699,0.013542710803449154,Balto-Slavic,Cyrl,-2.12525107771113,0.1919475308226013,0.14429804104477606,0.00013292945626779904
Falcon3-7B-Base,rus_Cyrl,0.45666666666666667,Cyrl,Balto-Slavic,11.867586387163913,3.9509,0.57,-0.041564397513866425,0.03852340206503868,Balto-Slavic,Cyrl,-0.9666158157616709,0.6099355469753023,0.0368971961721877,0.0016485993807111969
Falcon3-7B-Base,lit_Latn,0.23333333333333334,Latn,Balto-Slavic,10.153726802927073,2.1121,0.10666666666666667,-0.11384376883506775,-0.0033192315604537725,Balto-Slavic,Latn,-4.304065093204169,-2.5293959037163245,6.587837837837826,-3.839434988606361e-05
Falcon3-7B-Base,srp_Cyrl,0.34,Cyrl,Balto-Slavic,9.664593347362308,4.0902,0.2866666666666667,-0.05439082533121109,0.018415452912449837,Balto-Slavic,Cyrl,-1.9924301646902058,0.22897623752344853,0.11924803591470251,0.00019185589085583593
Falcon3-7B-Base,bul_Cyrl,0.34,Cyrl,Balto-Slavic,10.360175858097726,3.8464,0.30666666666666664,-0.06169392168521881,0.025598062202334404,Balto-Slavic,Cyrl,-1.9924301646902058,0.004762033304350988,0.11924803591470251,3.990039104959671e-06
Falcon3-7B-Base,slk_Latn,0.33666666666666667,Latn,Balto-Slavic,10.215972316299656,2.0978,0.4066666666666667,-0.043137483298778534,0.05194349214434624,Balto-Slavic,Latn,-2.03520828670301,-0.2798281933186484,0.12669672326127676,-0.0002206903980810378
salamandra-2b,lvs_Latn,0.26,Latn,Balto-Slavic,9.894602930159628,1.1257,0.8666666666666667,-0.035340189933776855,0.1542402058839798,Balto-Slavic,Latn,-4.304065093204169,-0.8292025158130887,6.587837837837826,-1.2586677898963578e-05
salamandra-2b,pol_Latn,0.25666666666666665,Latn,Balto-Slavic,11.069183544489329,1.2014,0.87,-0.01412633154541254,0.1599113494157791,Balto-Slavic,Latn,-4.304065093204169,-1.1575581665435224,6.587837837837826,-1.7570872632018324e-05
salamandra-2b,slv_Latn,0.21666666666666667,Latn,Balto-Slavic,9.903501694149961,1.0457,0.9266666666666666,-0.017873425036668777,0.17624451220035553,Balto-Slavic,Latn,-4.304065093204169,-0.8399988321574061,6.587837837837826,-1.2750557956882596e-05
salamandra-2b,ces_Latn,0.24333333333333335,Latn,Balto-Slavic,10.755192300065602,1.1655,0.93,0.004215244669467211,0.18959231674671173,Balto-Slavic,Latn,-4.304065093204169,-1.0713967022564352,6.587837837837826,-1.6263005642256844e-05
salamandra-2b,hrv_Latn,0.22333333333333333,Latn,Balto-Slavic,7.610626216540094,0.9934,0.9366666666666666,0.0074687013402581215,0.18117278814315796,Balto-Slavic,Latn,-4.304065093204169,-0.18917727238943893,6.587837837837826,-2.8715703922159535e-06
salamandra-2b,ukr_Cyrl,0.26666666666666666,Cyrl,Balto-Slavic,10.582360317494818,1.1426,0.94,-0.012457356788218021,0.186014324426651,Balto-Slavic,Cyrl,-3.7841896339182615,-0.40164962592905784,2.4545454545454564,-1.636283664480176e-05
salamandra-2b,mkd_Cyrl,0.20333333333333334,Cyrl,Balto-Slavic,9.301746425904852,1.3327,0.68,-0.028237445279955864,0.11988026648759842,Balto-Slavic,Cyrl,-4.304065093204169,-0.5354139892062824,6.587837837837826,-8.127186418648878e-06
salamandra-2b,rus_Cyrl,0.21666666666666667,Cyrl,Balto-Slavic,11.867586387163913,1.0878,0.8833333333333333,-0.059781964868307114,0.15162284672260284,Balto-Slavic,Cyrl,-4.304065093204169,-1.2950041826057266,6.587837837837826,-1.9657201001311412e-05
salamandra-2b,lit_Latn,0.20333333333333334,Latn,Balto-Slavic,10.153726802927073,1.0555,0.8633333333333333,-0.06600571423768997,0.14928655326366425,Balto-Slavic,Latn,-4.304065093204169,-0.9106020072198211,6.587837837837826,-1.3822261679660694e-05
salamandra-2b,srp_Cyrl,0.22,Cyrl,Balto-Slavic,9.664593347362308,1.1932,0.9233333333333333,-0.006672519259154797,0.17555232346057892,Balto-Slavic,Cyrl,-4.304065093204169,-0.6536448748858845,6.587837837837826,-9.921843390069328e-06
salamandra-2b,bul_Cyrl,0.23,Cyrl,Balto-Slavic,10.360175858097726,1.0608,0.91,-0.0028684744611382484,0.19016270339488983,Balto-Slavic,Cyrl,-4.304065093204169,-0.8663716302049309,6.587837837837826,-1.3150877430087891e-05
salamandra-2b,slk_Latn,0.2633333333333333,Latn,Balto-Slavic,10.215972316299656,1.0963,0.9366666666666666,0.012955129146575928,0.18507523834705353,Balto-Slavic,Latn,-4.011868340397864,-0.6320124974255021,3.7701498868778427,-1.6763146114965757e-05
salamandra-7b,lvs_Latn,0.32,Latn,Balto-Slavic,9.894602930159628,1.1257,0.9666666666666667,0.06287863105535507,0.22126197814941406,Balto-Slavic,Latn,-2.2735975561207935,-0.11386301137234112,0.18007202881152456,-6.319683034261924e-05
salamandra-7b,pol_Latn,0.37333333333333335,Latn,Balto-Slavic,11.069183544489329,1.2014,0.97,0.029404742643237114,0.2035171538591385,Balto-Slavic,Latn,-1.6255240501857244,0.20585484383229424,0.07343456164617751,0.00027994298085650944
salamandra-7b,slv_Latn,0.4,Latn,Balto-Slavic,9.903501694149961,1.0457,0.9833333333333333,0.06467103958129883,0.23908229172229767,Balto-Slavic,Latn,-1.3862943611198904,0.7626438672842446,0.05555555555555554,0.001370292434728833
salamandra-7b,ces_Latn,0.3466666666666667,Latn,Balto-Slavic,10.755192300065602,1.1655,0.9833333333333333,0.07183604687452316,0.2384999543428421,Balto-Slavic,Latn,-1.9108188292440431,0.006721529061062714,0.10646946055473316,6.307181274784986e-06
salamandra-7b,hrv_Latn,0.37333333333333335,Latn,Balto-Slavic,7.610626216540094,0.9934,0.99,0.07608428597450256,0.24224400520324707,Balto-Slavic,Latn,-1.6255240501857244,1.1742357379863777,0.07343456164617751,0.0015968487629479187
salamandra-7b,ukr_Cyrl,0.34,Cyrl,Balto-Slavic,10.582360317494818,1.1426,0.9733333333333334,0.06715890020132065,0.24567808210849762,Balto-Slavic,Cyrl,-1.9924301646902058,0.07498181065637,0.11924803591470251,6.282617898262366e-05
salamandra-7b,mkd_Cyrl,0.3466666666666667,Cyrl,Balto-Slavic,9.301746425904852,1.3327,0.91,0.05346846207976341,0.18081851303577423,Balto-Slavic,Cyrl,-1.9108188292440431,0.5427042421112152,0.10646946055473316,0.0005092493095920025
salamandra-7b,rus_Cyrl,0.3566666666666667,Cyrl,Balto-Slavic,11.867586387163913,1.0878,0.9433333333333334,0.012732545845210552,0.19003213942050934,Balto-Slavic,Cyrl,-1.7969542861051588,-0.1030214081493448,0.09136298777525904,-0.00011263726525395972
salamandra-7b,lit_Latn,0.3466666666666667,Latn,Balto-Slavic,10.153726802927073,1.0555,0.9666666666666667,0.06141887605190277,0.22323709726333618,Balto-Slavic,Latn,-1.9108188292440431,0.16751622409767686,0.10646946055473316,0.0001571897082197641
salamandra-7b,srp_Cyrl,0.3566666666666667,Cyrl,Balto-Slavic,9.664593347362308,1.1932,0.9833333333333333,0.04950657859444618,0.2329484075307846,Balto-Slavic,Cyrl,-1.7969542861051588,0.5383378995704982,0.09136298777525904,0.0005885855171197998
salamandra-7b,bul_Cyrl,0.36,Cyrl,Balto-Slavic,10.360175858097726,1.0608,0.97,0.06070197373628616,0.24513043463230133,Balto-Slavic,Cyrl,-1.7609878105613017,0.3615776197953089,0.08716425619834708,0.00041434790777704426
salamandra-7b,slk_Latn,0.34,Latn,Balto-Slavic,10.215972316299656,1.0963,0.98,0.06451622396707535,0.24044637382030487,Balto-Slavic,Latn,-1.9924301646902058,0.07229764563952812,0.11924803591470251,6.05771557823087e-05
granite-3.1-8b-base,lvs_Latn,0.29,Latn,Balto-Slavic,9.894602930159628,1.9359,0.08,-0.05493505671620369,0.0030774895567446947,Balto-Slavic,Latn,-2.876385515921425,-1.1190207675133328,0.478653169014085,-0.00023373647214057987
granite-3.1-8b-base,pol_Latn,0.37,Latn,Balto-Slavic,11.069183544489329,1.745,0.38333333333333336,-0.011894180439412594,0.0634327307343483,Balto-Slavic,Latn,-1.6582280766035322,-0.2567104858985281,0.07647156084656088,-0.0003352556524388575
granite-3.1-8b-base,slv_Latn,0.38333333333333336,Latn,Balto-Slavic,9.903501694149961,1.6251,0.26666666666666666,-0.09192610532045364,0.02071491628885269,Balto-Slavic,Latn,-1.5314763709643884,0.19129221185224243,0.06556165540540541,0.00029133016929131633
granite-3.1-8b-base,ces_Latn,0.5266666666666666,Latn,Balto-Slavic,10.755192300065602,1.7557,0.75,0.02578696794807911,0.12326784431934357,Balto-Slavic,Latn,-0.5369864498046631,0.9554979473664441,0.0272556371762291,0.0034928740325473064
granite-3.1-8b-base,hrv_Latn,0.3933333333333333,Latn,Balto-Slavic,7.610626216540094,1.6464,0.3,-0.09958843141794205,0.025430209934711456,Balto-Slavic,Latn,-1.442806571383233,0.9383731245141458,0.0591721690964525,0.0015831597507203988
granite-3.1-8b-base,ukr_Cyrl,0.4166666666666667,Cyrl,Balto-Slavic,10.582360317494818,2.3159,0.38666666666666666,-0.010444930754601955,0.05604279041290283,Balto-Slavic,Cyrl,-1.2527629684953678,0.4497216943134392,0.04821428571428569,0.0009308255056750671
granite-3.1-8b-base,mkd_Cyrl,0.41,Cyrl,Balto-Slavic,9.301746425904852,2.1605,0.09,-0.24068143963813782,-0.10668229311704636,Balto-Slavic,Cyrl,-1.3049487216659383,0.748019446532451,0.05089711334745765,0.0014667878188238499
granite-3.1-8b-base,rus_Cyrl,0.48,Cyrl,Balto-Slavic,11.867586387163913,1.9505,0.6266666666666667,-0.02155705727636814,0.06707682460546494,Balto-Slavic,Cyrl,-0.8157495026522779,0.4812273228343851,0.0327177548349571,0.0014663627211989843
granite-3.1-8b-base,lit_Latn,0.30666666666666664,Latn,Balto-Slavic,10.153726802927073,1.8518,0.06666666666666667,-0.0735531821846962,-0.003973982762545347,Balto-Slavic,Latn,-2.5043247356451026,-0.8297928317829775,0.2582678999201492,-0.0003211671542943983
granite-3.1-8b-base,srp_Cyrl,0.37666666666666665,Cyrl,Balto-Slavic,9.664593347362308,2.3476,0.14666666666666667,-0.15352843701839447,-0.04113398864865303,Balto-Slavic,Cyrl,-1.593522457128201,0.3748934682160521,0.07061767668538078,0.0005301269580499997
granite-3.1-8b-base,bul_Cyrl,0.41333333333333333,Cyrl,Balto-Slavic,10.360175858097726,2.0638,0.2866666666666667,-0.10186491906642914,0.011320006102323532,Balto-Slavic,Cyrl,-1.2786636969275254,0.46141326696242224,0.04951771988944001,0.0009299364581653758
granite-3.1-8b-base,slk_Latn,0.42,Latn,Balto-Slavic,10.215972316299656,1.7327,0.48,-0.0076426295563578606,0.09030067175626755,Balto-Slavic,Latn,-1.2272296664902034,0.4172062773121965,0.046981267151891194,0.0008861407148751703
Yi-1.5-9B,lvs_Latn,0.5066666666666667,Latn,Balto-Slavic,9.894602930159628,2.2772,0.24333333333333335,-0.04683016240596771,0.024712366983294487,Balto-Slavic,Latn,-0.6534068519104311,-0.32957385347079404,0.02923103572454221,-0.0011236352393622284
Yi-1.5-9B,pol_Latn,0.6566666666666666,Latn,Balto-Slavic,11.069183544489329,2.2156,0.68,-0.010542845353484154,0.09234664589166641,Balto-Slavic,Latn,0.16929205650362053,0.1506111750029758,0.02168468519006531,0.0006913626416396246
Yi-1.5-9B,slv_Latn,0.6033333333333334,Latn,Balto-Slavic,9.903501694149961,1.8939,0.5733333333333334,-0.026827240362763405,0.07486208528280258,Balto-Slavic,Latn,-0.11568439899946181,0.16607631135990175,0.022843553583768862,0.000723847379410846
Yi-1.5-9B,ces_Latn,0.61,Latn,Balto-Slavic,10.755192300065602,2.2574,0.69,-0.004618400242179632,0.09408887475728989,Balto-Slavic,Latn,-0.0800427076735365,-0.004549783957704112,0.022628798670465335,-2.0017705395416562e-05
Yi-1.5-9B,hrv_Latn,0.59,Latn,Balto-Slavic,7.610626216540094,1.9348,0.6566666666666666,-0.006884729955345392,0.08823028951883316,Balto-Slavic,Latn,-0.18721154208814647,0.7549814123972166,0.023340577263904132,0.003220831142071465
Yi-1.5-9B,ukr_Cyrl,0.66,Cyrl,Balto-Slavic,10.582360317494818,2.4803,0.7466666666666667,-0.010937625542283058,0.09391467273235321,Balto-Slavic,Cyrl,0.18721154208814672,0.4379227160557949,0.02165202785456836,0.0020132500702170547
Yi-1.5-9B,mkd_Cyrl,0.5266666666666666,Cyrl,Balto-Slavic,9.301746425904852,2.069,0.41,-0.04385360702872276,0.04905278980731964,Balto-Slavic,Cyrl,-0.5369864498046631,0.03782009514033147,0.0272556371762291,0.0001382533877628515
Yi-1.5-9B,rus_Cyrl,0.75,Cyrl,Balto-Slavic,11.867586387163913,2.1364,0.8266666666666667,-0.009893120266497135,0.10072783380746841,Balto-Slavic,Cyrl,0.6931471805599452,0.5405675742193743,0.022499999999999996,0.0023918919213243707
Yi-1.5-9B,lit_Latn,0.3933333333333333,Latn,Balto-Slavic,10.153726802927073,2.2264,0.27,-0.04674411565065384,0.03273539990186691,Balto-Slavic,Latn,-1.442806571383233,-1.198372557091253,0.0591721690964525,-0.0020218132309977365
Yi-1.5-9B,srp_Cyrl,0.5233333333333333,Cyrl,Balto-Slavic,9.664593347362308,2.3623,0.38333333333333336,-0.04164111986756325,0.04620129242539406,Balto-Slavic,Cyrl,-0.5561253829956544,-0.054919850445321106,0.02755368516076428,-0.00019859866822858133
Yi-1.5-9B,bul_Cyrl,0.6566666666666666,Cyrl,Balto-Slavic,10.360175858097726,1.7054,0.7433333333333333,-0.013335112482309341,0.0968465581536293,Balto-Slavic,Cyrl,0.16929205650362053,0.4036849544882545,0.02168468519006531,0.0018530676526474976
Yi-1.5-9B,slk_Latn,0.5966666666666667,Latn,Balto-Slavic,10.215972316299656,2.1496,0.61,-0.016949184238910675,0.08390936255455017,Balto-Slavic,Latn,-0.15139964645536813,0.06730033855311818,0.023080476123526823,0.000290331994021227
Llama-3.1-8B,lvs_Latn,0.49666666666666665,Latn,Balto-Slavic,9.894602930159628,2.2069,0.7933333333333333,0.0033891380298882723,0.13913674652576447,Balto-Slavic,Latn,-0.7132147436107549,-0.44571379982460113,0.030408126490549973,-0.0014609674571880152
Llama-3.1-8B,pol_Latn,0.6433333333333333,Latn,Balto-Slavic,11.069183544489329,1.8042,0.92,0.02091490849852562,0.185902401804924,Balto-Slavic,Latn,0.0978557900037583,-0.012331013473598024,0.021860158081118596,-5.615175185949587e-05
Llama-3.1-8B,slv_Latn,0.5,Latn,Balto-Slavic,9.903501694149961,1.7151,0.8933333333333333,0.02496303804218769,0.1797659993171692,Balto-Slavic,Latn,-0.6931471805599454,-0.4789069288545651,0.029999999999999995,-0.0015910529197829038
Llama-3.1-8B,ces_Latn,0.62,Latn,Balto-Slavic,10.755192300065602,1.5544,0.95,0.051398396492004395,0.21349848806858063,Balto-Slavic,Latn,-0.02666824708216118,-0.07275072558769921,0.02234631502056823,-0.0003241098840549182
Llama-3.1-8B,hrv_Latn,0.5333333333333333,Latn,Balto-Slavic,7.610626216540094,1.6867,0.97,0.06134696677327156,0.20521427690982819,Balto-Slavic,Latn,-0.4989911661189879,0.3685351878023961,0.02669303015323777,0.001375489019698587
Llama-3.1-8B,ukr_Cyrl,0.66,Cyrl,Balto-Slavic,10.582360317494818,1.5963,0.96,0.05915195122361183,0.21217647194862366,Balto-Slavic,Cyrl,0.18721154208814672,0.2976827873451139,0.02165202785456836,0.0013685288991689595
Llama-3.1-8B,mkd_Cyrl,0.5666666666666667,Cyrl,Balto-Slavic,9.301746425904852,1.9455,0.9366666666666666,0.060681894421577454,0.20138375461101532,Balto-Slavic,Cyrl,-0.3136575588550415,0.19933100431364353,0.024451310462390803,0.0008118955793374801
Llama-3.1-8B,rus_Cyrl,0.68,Cyrl,Balto-Slavic,11.867586387163913,1.5282,0.9266666666666666,0.012112672440707684,0.17457562685012817,Balto-Slavic,Cyrl,0.29546421289383606,0.031084878979334762,0.021548810167658188,0.00014358700888656507
Llama-3.1-8B,lit_Latn,0.41,Latn,Balto-Slavic,10.153726802927073,2.1176,0.8,0.004121177364140749,0.13852106034755707,Balto-Slavic,Latn,-1.3049487216659383,-1.1208168408663288,0.05089711334745765,-0.002197804478128085
Llama-3.1-8B,srp_Cyrl,0.67,Cyrl,Balto-Slavic,9.664593347362308,2.0981,0.9466666666666667,0.031705282628536224,0.1891019642353058,Balto-Slavic,Cyrl,0.24116205681688824,0.6660407740160714,0.021580601937744793,0.003072058496938987
Llama-3.1-8B,bul_Cyrl,0.67,Cyrl,Balto-Slavic,10.360175858097726,1.8805,0.9166666666666666,0.04500831291079521,0.20023956894874573,Balto-Slavic,Cyrl,0.24116205681688824,0.44452828578603404,0.021580601937744793,0.002050350294989133
Llama-3.1-8B,slk_Latn,0.5533333333333333,Latn,Balto-Slavic,10.215972316299656,1.7049,0.9433333333333334,0.0466427206993103,0.1898624449968338,Balto-Slavic,Latn,-0.3869802934340614,-0.2632200908005973,0.025244355447734155,-0.0010385748074891545
Qwen3-0.6B-Base,mal_Mlym,0.2966666666666667,Mlym,Dravidian,9.322334431411548,6.2127,0.07,-0.10812380164861679,-0.04147893935441971,Dravidian,other,-2.7128008038608074,-0.6348013498164344,0.3631577038398295,-0.0001747523432984833
Qwen3-0.6B-Base,tam_Taml,0.35,Taml,Dravidian,9.641283555217916,4.9487,0.1,-0.10473975539207458,-0.027406593784689903,Dravidian,other,-1.8718021769015918,-0.015427416891550916,0.10096153846153849,-1.5265369087340657e-05
Qwen3-0.6B-Base,tel_Telu,0.2733333333333333,Telu,Dravidian,9.195061276656201,6.8005,0.07666666666666666,-0.10751907527446747,-0.03385637700557709,Dravidian,other,-3.4385849137337767,-1.2635469239199835,1.2954034824939167,-9.753327107802807e-05
Qwen3-0.6B-Base,kan_Knda,0.30333333333333334,Knda,Dravidian,9.094221311622814,6.3937,0.07,-0.0972069725394249,-0.028620760887861252,Dravidian,other,-2.56974552972503,-0.4077961992740988,0.2870112514952153,-0.00014203421044508768
Qwen3-1.7B-Base,mal_Mlym,0.44333333333333336,Mlym,Dravidian,9.322334431411548,6.2127,0.2833333333333333,-0.0834883525967598,0.0004993053153157234,Dravidian,other,-1.0575508018703355,0.026127183172253154,0.039950568541869895,6.523548638463863e-05
Qwen3-1.7B-Base,tam_Taml,0.53,Taml,Dravidian,9.641283555217916,4.9487,0.4266666666666667,-0.0673057958483696,0.02158348821103573,Dravidian,other,-0.5179430915348547,0.34411019947340227,0.026968899261832387,0.0012712382434009882
Qwen3-1.7B-Base,tel_Telu,0.39666666666666667,Telu,Dravidian,9.195061276656201,6.8005,0.32666666666666666,-0.07880593091249466,0.003976040054112673,Dravidian,other,-1.4143073973475646,-0.23359087653555566,0.057306886671841466,-0.0004069039274819264
Qwen3-1.7B-Base,kan_Knda,0.42,Knda,Dravidian,9.094221311622814,6.3937,0.3566666666666667,-0.0747489407658577,0.009237243793904781,Dravidian,other,-1.2272296664902034,-0.059601805041057165,0.046981267151891194,-0.00012659345983644614
Qwen3-4B-Base,mal_Mlym,0.6833333333333333,Mlym,Dravidian,9.322334431411548,6.2127,0.44,-0.07059049606323242,0.018268728628754616,Dravidian,other,0.31365755885504176,0.3471329209209223,0.021547025848645287,0.001603605610103683
Qwen3-4B-Base,tam_Taml,0.6866666666666666,Taml,Dravidian,9.641283555217916,4.9487,0.52,-0.06411981582641602,0.03778199478983879,Dravidian,other,0.3319025409311476,0.1437532089626961,0.02154966667369233,0.0006639973314043089
Qwen3-4B-Base,tel_Telu,0.6233333333333333,Telu,Dravidian,9.195061276656201,6.8005,0.36333333333333334,-0.062789186835289,0.01724240742623806,Dravidian,other,-0.008888947417246376,0.1216249504180545,0.022262344511919805,0.0005438828221345772
Qwen3-4B-Base,kan_Knda,0.6666666666666666,Knda,Dravidian,9.094221311622814,6.3937,0.4166666666666667,-0.06692145019769669,0.02428380399942398,Dravidian,other,0.2231435513142094,0.34056878978664795,0.021599999999999998,0.0015694414276277277
Qwen3-8B-Base,mal_Mlym,0.7633333333333333,Mlym,Dravidian,9.322334431411548,6.2127,0.5566666666666666,-0.050555888563394547,0.037885308265686035,Dravidian,other,0.7742727253723136,0.48763792611896006,0.02294983003095313,0.0021155814401807986
Qwen3-8B-Base,tam_Taml,0.73,Taml,Dravidian,9.641283555217916,4.9487,0.65,-0.04847867041826248,0.05516073852777481,Dravidian,other,0.5753641449035619,0.06710465161587631,0.022002797067901245,0.00030360253237839136
Qwen3-8B-Base,tel_Telu,0.7133333333333334,Telu,Dravidian,9.195061276656201,6.8005,0.5133333333333333,-0.04458918049931526,0.033855922520160675,Dravidian,other,0.48012663687718443,0.2905303733932512,0.021733491573814736,0.0013306638217696293
Qwen3-8B-Base,kan_Knda,0.7233333333333334,Knda,Dravidian,9.094221311622814,6.3937,0.59,-0.04624808952212334,0.04563926160335541,Dravidian,other,0.536986449804663,0.3343015269578675,0.021880071366601105,0.0015209301252521019
OLMo-2-0425-1B,mal_Mlym,0.2633333333333333,Mlym,Dravidian,9.322334431411548,7.615,0.0,-0.10965985804796219,-0.05553175508975983,Dravidian,other,-4.011868340397864,0.17765657141236701,3.7701498868778427,4.712063609532702e-06
OLMo-2-0425-1B,tam_Taml,0.29,Taml,Dravidian,9.641283555217916,6.1222,0.02,-0.0981021299958229,-0.04823479428887367,Dravidian,other,-2.876385515921425,1.0679210904690901,0.478653169014085,0.00022306298104682784
OLMo-2-0425-1B,tel_Telu,0.2833333333333333,Telu,Dravidian,9.195061276656201,7.9996,0.006666666666666667,-0.10228554904460907,-0.04908522590994835,Dravidian,other,-3.0680529351336174,1.1975567456911822,0.6671511627906979,0.00017947615721600386
OLMo-2-0425-1B,kan_Knda,0.26,Knda,Dravidian,9.094221311622814,8.0789,0.01,-0.10968469083309174,-0.05223856121301651,Dravidian,other,-4.304065093204169,-0.0014179594413796792,6.587837837837826,-2.1523530774415278e-08
OLMo-2-1124-7B,mal_Mlym,0.27666666666666667,Mlym,Dravidian,9.322334431411548,7.615,0.09333333333333334,-0.059642765671014786,-0.016873780637979507,Dravidian,other,-3.3004558118606235,-0.37115034343591624,1.0085145449308752,-3.679803596935698e-05
OLMo-2-1124-7B,tam_Taml,0.25666666666666665,Taml,Dravidian,9.641283555217916,6.1222,0.09333333333333334,-0.055620841681957245,-0.01242439728230238,Dravidian,other,-4.304065093204169,-1.6199779301991781,6.587837837837826,-2.4590060918325316e-05
OLMo-2-1124-7B,tel_Telu,0.24333333333333335,Telu,Dravidian,9.195061276656201,7.9996,0.07666666666666666,-0.045675717294216156,-0.010024880059063435,Dravidian,other,-4.304065093204169,-1.2986748557648937,6.587837837837826,-1.9712919051732708e-05
OLMo-2-1124-7B,kan_Knda,0.27,Knda,Dravidian,9.094221311622814,8.0789,0.06666666666666667,-0.057207416743040085,-0.015831533819437027,Dravidian,other,-3.5973122605884447,-0.5548845702111787,1.7337328767123257,-3.200334801446131e-05
Mistral-7B-v0.3,mal_Mlym,0.2833333333333333,Mlym,Dravidian,9.322334431411548,9.1366,0.006666666666666667,-0.08196745812892914,-0.046109914779663086,Dravidian,other,-3.0680529351336174,-0.5634536297759878,0.6671511627906979,-8.444400863308292e-05
Mistral-7B-v0.3,tam_Taml,0.26666666666666666,Taml,Dravidian,9.641283555217916,4.6357,0.1,-0.06556020677089691,-0.01490724366158247,Dravidian,other,-3.7841896339182615,-1.8350006899610003,2.4545454545454564,-7.475624170444853e-05
Mistral-7B-v0.3,tel_Telu,0.25666666666666665,Telu,Dravidian,9.195061276656201,6.8033,0.04,-0.07254345715045929,-0.02660020813345909,Dravidian,other,-4.304065093204169,-2.003647961071197,6.587837837837826,-3.0413886830409813e-05
Mistral-7B-v0.3,kan_Knda,0.2733333333333333,Knda,Dravidian,9.094221311622814,5.6977,0.09,-0.06432544440031052,-0.015897508710622787,Dravidian,other,-3.4385849137337767,-1.2233159498627324,1.2954034824939167,-9.442783951409246e-05
bloom-1b7,mal_Mlym,0.27,Mlym,Dravidian,9.322334431411548,1.1939,0.14,-0.07523389905691147,-0.018841661512851715,Dravidian,other,-3.5973122605884447,0.4293953843375524,1.7337328767123257,2.4765673254480802e-05
bloom-1b7,tam_Taml,0.26666666666666666,Taml,Dravidian,9.641283555217916,1.0547,0.2833333333333333,-0.05191344767808914,0.010714502073824406,Dravidian,other,-3.7841896339182615,0.13688149042742337,2.4545454545454564,5.576426165648043e-06
bloom-1b7,tel_Telu,0.25,Telu,Dravidian,9.195061276656201,1.2417,0.19333333333333333,-0.07871915400028229,-0.010663170367479324,Dravidian,other,-4.304065093204169,-0.23600313518404636,6.587837837837826,-3.582352146905651e-06
bloom-1b7,kan_Knda,0.24666666666666667,Knda,Dravidian,9.094221311622814,1.197,0.16666666666666666,-0.08092183619737625,-0.008479365147650242,Dravidian,other,-4.304065093204169,-0.21175242967519736,6.587837837837826,-3.214244461226453e-06
bloom-7b1,mal_Mlym,0.23,Mlym,Dravidian,9.322334431411548,1.1939,0.85,-0.016403906047344208,0.07085434347391129,Dravidian,other,-4.304065093204169,-0.03657054852835451,6.587837837837826,-5.551137065206998e-07
bloom-7b1,tam_Taml,0.24,Taml,Dravidian,9.641283555217916,1.0547,0.83,-0.0031691615004092455,0.08728570491075516,Dravidian,other,-4.304065093204169,-0.14220706910866632,6.587837837837826,-2.1585975762923357e-06
bloom-7b1,tel_Telu,0.23333333333333334,Telu,Dravidian,9.195061276656201,1.2417,0.7933333333333333,-0.019342180341482162,0.07024133950471878,Dravidian,other,-4.304065093204169,0.004783764565771342,6.587837837837826,7.26140303229499e-08
bloom-7b1,kan_Knda,0.24,Knda,Dravidian,9.094221311622814,1.197,0.8233333333333334,-0.010453833267092705,0.07255183905363083,Dravidian,other,-4.304065093204169,0.029034470074620344,6.587837837837826,4.407217160021477e-07
EuroLLM-1.7B,mal_Mlym,0.27,Mlym,Dravidian,9.322334431411548,10.6542,0.0033333333333333335,-0.1225300058722496,-0.07377441227436066,Dravidian,other,-3.5973122605884447,1.258772329843005,1.7337328767123257,7.260055726464605e-05
EuroLLM-1.7B,tam_Taml,0.29,Taml,Dravidian,9.641283555217916,6.4096,0.0033333333333333335,-0.13475383818149567,-0.07898295670747757,Dravidian,other,-2.876385515921425,1.4507180950942442,0.478653169014085,0.0003030200506602704
EuroLLM-1.7B,tel_Telu,0.23666666666666666,Telu,Dravidian,9.195061276656201,9.3212,0.006666666666666667,-0.12552550435066223,-0.07573024183511734,Dravidian,other,-4.304065093204169,0.4509871905620617,6.587837837837826,6.845650403458116e-06
EuroLLM-1.7B,kan_Knda,0.2633333333333333,Knda,Dravidian,9.094221311622814,11.511,0.0033333333333333335,-0.12219767272472382,-0.07494665682315826,Dravidian,other,-4.011868340397864,0.9978538999289643,3.7701498868778427,2.6466518967286337e-05
SmolLM2-1.7B,mal_Mlym,0.23666666666666666,Mlym,Dravidian,9.322334431411548,9.8331,0.0,-0.10160847008228302,-0.06122862547636032,Dravidian,other,-4.304065093204169,-0.5052373830082537,6.587837837837826,-7.66912792487156e-06
SmolLM2-1.7B,tam_Taml,0.2966666666666667,Taml,Dravidian,9.641283555217916,7.6241,0.013333333333333334,-0.0884682908654213,-0.04910242557525635,Dravidian,other,-2.7128008038608074,0.7669548226190113,0.3631577038398295,0.00021113243150962908
SmolLM2-1.7B,tel_Telu,0.23666666666666666,Telu,Dravidian,9.195061276656201,12.2036,0.006666666666666667,-0.09420488029718399,-0.05614415556192398,Dravidian,other,-4.304065093204169,-0.22436872915874595,6.587837837837826,-3.40575051052593e-06
SmolLM2-1.7B,kan_Knda,0.21,Knda,Dravidian,9.094221311622814,12.2679,0.01,-0.0926341563463211,-0.05156324431300163,Dravidian,other,-4.304065093204169,-0.18887806018395814,6.587837837837826,-2.8670285333550596e-06
Falcon3-7B-Base,mal_Mlym,0.27666666666666667,Mlym,Dravidian,9.322334431411548,8.7818,0.0033333333333333335,-0.08760097622871399,-0.04854385927319527,Dravidian,other,-3.3004558118606235,-0.44522046030165185,1.0085145449308752,-4.414178460336185e-05
Falcon3-7B-Base,tam_Taml,0.31333333333333335,Taml,Dravidian,9.641283555217916,6.8074,0.006666666666666667,-0.08646485954523087,-0.044218506664037704,Dravidian,other,-2.38343718962314,0.17691777940422293,0.21330312239464258,8.290308853198093e-05
Falcon3-7B-Base,tel_Telu,0.26666666666666666,Telu,Dravidian,9.195061276656201,8.0251,0.006666666666666667,-0.08058404922485352,-0.03785349428653717,Dravidian,other,-3.7841896339182615,-0.9705591491582632,2.4545454545454564,-3.953968775357207e-05
Falcon3-7B-Base,kan_Knda,0.30333333333333334,Knda,Dravidian,9.094221311622814,11.97,0.0033333333333333335,-0.09302476048469543,-0.05021851137280464,Dravidian,other,-2.56974552972503,0.6795389471833602,0.2870112514952153,0.00023668140616514455
salamandra-2b,mal_Mlym,0.2733333333333333,Mlym,Dravidian,9.322334431411548,11.7708,0.0,-0.33410581946372986,-0.19062820076942444,Dravidian,other,-3.4385849137337767,1.4526222810905325,1.2954034824939167,0.00011212801055602346
salamandra-2b,tam_Taml,0.2866666666666667,Taml,Dravidian,9.641283555217916,11.3061,0.0033333333333333335,-0.35162922739982605,-0.19969047605991364,Dravidian,other,-2.9680807422234805,1.7839247200190202,0.5604580211632034,0.0003182408694357045
salamandra-2b,tel_Telu,0.2633333333333333,Telu,Dravidian,9.195061276656201,11.4316,0.0033333333333333335,-0.345942884683609,-0.1924717277288437,Dravidian,other,-4.011868340397864,0.8807861412699438,3.7701498868778427,2.3361479190838928e-05
salamandra-2b,kan_Knda,0.2733333333333333,Knda,Dravidian,9.094221311622814,11.4753,0.0033333333333333335,-0.34316009283065796,-0.1953781694173813,Dravidian,other,-3.4385849137337767,1.4874359869326876,1.2954034824939167,0.0001148152828260398
salamandra-7b,mal_Mlym,0.24666666666666667,Mlym,Dravidian,9.322334431411548,11.7708,0.006666666666666667,-0.08474519848823547,-0.05127602443099022,Dravidian,other,-4.304065093204169,-0.7279859310224888,6.587837837837826,-1.1050285329467557e-05
salamandra-7b,tam_Taml,0.31333333333333335,Taml,Dravidian,9.641283555217916,11.3061,0.01,-0.08309697359800339,-0.04813922196626663,Dravidian,other,-2.38343718962314,1.0534402399767324,0.21330312239464258,0.0004936386254523696
salamandra-7b,tel_Telu,0.26,Telu,Dravidian,9.195061276656201,11.4316,0.013333333333333334,-0.08673131465911865,-0.046756453812122345,Dravidian,other,-4.304065093204169,-0.7265386441789898,6.587837837837826,-1.1028316590855811e-05
salamandra-7b,kan_Knda,0.29333333333333333,Knda,Dravidian,9.094221311622814,11.4753,0.01,-0.08137071132659912,-0.043545980006456375,Dravidian,other,-2.7916369172104756,0.8192559508133606,0.4144802947415429,0.00019761092395588365
granite-3.1-8b-base,mal_Mlym,0.2866666666666667,Mlym,Dravidian,9.322334431411548,5.5645,0.043333333333333335,-0.10567603260278702,-0.04165618121623993,Dravidian,other,-2.9680807422234805,-0.5179053549029051,0.5604580211632034,-9.239103449199974e-05
granite-3.1-8b-base,tam_Taml,0.31666666666666665,Taml,Dravidian,9.641283555217916,3.7518,0.10666666666666667,-0.06602253019809723,-0.014709855429828167,Dravidian,other,-2.3272777055844176,-0.15530836967212647,0.19550304878048794,-7.939976936088598e-05
granite-3.1-8b-base,tel_Telu,0.26666666666666666,Telu,Dravidian,9.195061276656201,4.7337,0.09666666666666666,-0.07081464678049088,-0.013211391866207123,Dravidian,other,-3.7841896339182615,-1.3832602261748814,2.4545454545454564,-5.635275035910591e-05
granite-3.1-8b-base,kan_Knda,0.2833333333333333,Knda,Dravidian,9.094221311622814,7.9149,0.02666666666666667,-0.09371156990528107,-0.042666029185056686,Dravidian,other,-3.0680529351336174,-0.31022146275503415,0.6671511627906979,-4.6492457381850847e-05
Yi-1.5-9B,mal_Mlym,0.3466666666666667,Mlym,Dravidian,9.322334431411548,12.0733,0.01,-0.07908506691455841,-0.04099632799625397,Dravidian,other,-1.9108188292440431,-0.25818918568844484,0.10646946055473316,-0.00024227314683046908
Yi-1.5-9B,tam_Taml,0.41333333333333333,Taml,Dravidian,9.641283555217916,11.6059,0.03333333333333333,-0.06388453394174576,-0.028106175363063812,Dravidian,other,-1.2786636969275254,0.23448579293288763,0.04951771988944001,0.00047258478115282495
Yi-1.5-9B,tel_Telu,0.36333333333333334,Telu,Dravidian,9.195061276656201,11.7259,0.05333333333333334,-0.06546793133020401,-0.02719213254749775,Dravidian,other,-1.7259129034304685,-0.07268154826459061,0.08330653635029618,-8.714130979650025e-05
Yi-1.5-9B,kan_Knda,0.4033333333333333,Knda,Dravidian,9.094221311622814,11.7199,0.04666666666666667,-0.06492526829242706,-0.02529122680425644,Dravidian,other,-1.35874440935166,0.3227283539481298,0.0539088984169562,0.0005975466329233531
Llama-3.1-8B,mal_Mlym,0.44,Mlym,Dravidian,9.322334431411548,7.6125,0.4533333333333333,-0.059056419879198074,0.018962549045681953,Dravidian,other,-1.0809127115687085,0.06264121130399847,0.04080925999208549,0.00015312232812890464
Llama-3.1-8B,tam_Taml,0.44666666666666666,Taml,Dravidian,9.641283555217916,6.1203,0.55,-0.04663467034697533,0.03202442824840546,Dravidian,other,-1.034450344450824,-0.13605285563930503,0.039132398597550196,-0.00034678699362591725
Llama-3.1-8B,tel_Telu,0.4,Telu,Dravidian,9.195061276656201,7.997,0.43666666666666665,-0.04607759416103363,0.022322334349155426,Dravidian,other,-1.3862943611198904,-0.16666598112570208,0.05555555555555554,-0.00029945973845736966
Llama-3.1-8B,kan_Knda,0.4266666666666667,Knda,Dravidian,9.094221311622814,8.0496,0.43,-0.051649801433086395,0.023095112293958664,Dravidian,other,-1.1772025632613308,0.07670999421634672,0.04470679791699437,0.00017120168769075919
Qwen3-0.6B-Base,hin_Deva,0.36666666666666664,Deva,Indo-European,10.225085947081105,4.2175,0.38,-0.07424554973840714,0.01901366002857685,Indo-European,Deva,-1.6916760106710726,-0.04804924598581062,0.07975295381310421,-6.017215855629088e-05
Qwen3-0.6B-Base,ita_Latn,0.58,Latn,Indo-European,11.218657350111846,1.3051,0.97,0.03823678940534592,0.1947302222251892,Indo-European,Latn,-0.24116205681688824,0.6352762790259261,0.02377672832218287,0.0026606504478143243
Qwen3-0.6B-Base,npi_Deva,0.31666666666666665,Deva,Indo-European,9.314204818644845,4.2745,0.09666666666666666,-0.08946482092142105,-0.006353830453008413,Indo-European,Deva,-2.3272777055844176,-0.41708147844062404,0.19550304878048794,-0.00021322851613380766
Qwen3-0.6B-Base,swe_Latn,0.4766666666666667,Latn,Indo-European,10.585304823582218,1.4982,0.89,0.025871360674500465,0.15311791002750397,Indo-European,Latn,-0.8367381001722014,0.2408762591071787,0.033240101492076776,0.0007224820811259923
Qwen3-0.6B-Base,afr_Latn,0.4633333333333333,Latn,Indo-European,9.04883387717687,1.4949,0.6666666666666666,-0.047154609113931656,0.10458170622587204,Indo-European,Latn,-0.9225212816247911,0.5944865605422801,0.035569090280473614,0.0016666714958810634
Qwen3-0.6B-Base,fra_Latn,0.54,Latn,Indo-European,11.504243358607456,1.2989,0.9233333333333333,-0.01114707998931408,0.15303577482700348,Indo-European,Latn,-0.46134556650262076,0.33271949876325796,0.026172258698237087,0.001266428983463807
Qwen3-0.6B-Base,por_Latn,0.5366666666666666,Latn,Indo-European,11.136535917638877,1.286,0.9766666666666667,0.04391641169786453,0.1991398185491562,Indo-European,Latn,-0.48012663687718415,0.41784505636977487,0.026427613993175402,0.0015751324505818597
Qwen3-0.6B-Base,als_Latn,0.37333333333333335,Latn,Indo-European,9.562161153905935,1.8695,0.29333333333333333,-0.07481084764003754,0.03795547038316727,Indo-European,Latn,-1.6255240501857244,-0.21680071673731316,0.07343456164617751,-0.0002948283254551929
Qwen3-0.6B-Base,mar_Deva,0.35,Deva,Indo-European,9.291197362643686,4.3906,0.20333333333333334,-0.08779828250408173,-0.00027285446412861347,Indo-European,Deva,-1.8718021769015918,0.05695082899091419,0.10096153846153849,5.635262421772927e-05
Qwen3-0.6B-Base,dan_Latn,0.46,Latn,Indo-European,10.360245901721395,1.4893,0.89,0.014134780503809452,0.1517961472272873,Indo-European,Latn,-0.9444616088408512,0.19664623879162357,0.03621819098009575,0.0005414538375600733
Qwen3-0.6B-Base,ron_Latn,0.52,Latn,Indo-European,10.598220789235436,1.5856,0.8766666666666667,-0.012872067280113697,0.1388208270072937,Indo-European,Latn,-0.5753641449035617,0.5075662949509366,0.027863511659807966,0.0018151021271136966
Qwen3-0.6B-Base,urd_Arab,0.39,Arab,Indo-European,9.431854501264098,3.0968,0.37,-0.0685688704252243,0.015520642511546612,Indo-European,Arab,-1.4718165345580525,0.29011358964301825,0.06116175978588154,0.00047356391762370183
Qwen3-0.6B-Base,ben_Beng,0.4166666666666667,Beng,Indo-European,9.981044874347496,4.9675,0.26666666666666666,-0.06589237600564957,0.0076485793106257915,Indo-European,other,-1.2527629684953678,0.178249620664787,0.04821428571428569,0.0003689377127962205
Qwen3-0.6B-Base,deu_Latn,0.55,Latn,Indo-European,11.552705133249123,1.291,0.9533333333333334,0.03826803341507912,0.16852660477161407,Indo-European,Latn,-0.40546510810816394,0.3739156904730552,0.02546296296296296,0.0014627243759518936
Qwen3-0.6B-Base,hye_Armn,0.31,Armn,Indo-European,9.379338026785135,4.5443,0.10333333333333333,-0.08523587137460709,-0.006842705421149731,Indo-European,other,-2.4423470353692043,-0.8827675264940367,0.23399758454106281,-0.00037709382102703044
Qwen3-0.6B-Base,ell_Grek,0.4066666666666667,Grek,Indo-European,10.634956550916772,3.8961,0.5533333333333333,-0.05219387635588646,0.04509495571255684,Indo-European,other,-1.3316359485820264,-0.19825271226550778,0.05235858413741537,-0.0003779223467842145
Qwen3-0.6B-Base,guj_Gujr,0.2866666666666667,Gujr,Indo-European,9.053743034427566,6.8984,0.07,-0.09434757381677628,-0.027191638946533203,Indo-European,other,-2.9680807422234805,-1.0725645633899736,0.5604580211632034,-0.00019133872371063554
Qwen3-0.6B-Base,pan_Guru,0.25666666666666665,Guru,Indo-European,8.861860543889303,6.8486,0.09,-0.08960369229316711,-0.027567122131586075,Indo-European,other,-4.304065093204169,-2.358767994040922,6.587837837837826,-3.580434502642652e-05
Qwen3-0.6B-Base,spa_Latn,0.49333333333333335,Latn,Indo-European,11.572692346038526,1.2347,0.9733333333333334,0.03847680985927582,0.20013532042503357,Indo-European,Latn,-0.7334210796978851,0.03443383753383822,0.030833028809592013,0.00011131738100373155
Qwen3-0.6B-Base,eng_Latn,0.54,Latn,Indo-European,12.454382979077453,1.0,,,,Indo-European,Latn,-0.46134556650262076,0.02996989406206846,0.026172258698237087,0.00011407429565957715
Qwen3-0.6B-Base,pbt_Arab,0.2633333333333333,Arab,Indo-European,8.559915920992061,2.9847,0.02666666666666667,-0.14798352122306824,-0.06027734652161598,Indo-European,Arab,-4.011868340397864,-2.0119514155429856,3.7701498868778427,-5.336387442872437e-05
Qwen3-0.6B-Base,nld_Latn,0.55,Latn,Indo-European,10.903264809073452,1.3473,0.9033333333333333,0.019673127681016922,0.1568935066461563,Indo-European,Latn,-0.40546510810816394,0.5655893277754351,0.02546296296296296,0.002212534316137964
Qwen3-0.6B-Base,pes_Arab,0.5033333333333333,Arab,Indo-European,10.662263375070816,2.6158,0.61,-0.04521923512220383,0.05207803100347519,Indo-European,Arab,-0.6732129656591282,0.6869773040820454,0.029607877540017483,0.0023124415507594213
Qwen3-0.6B-Base,sin_Sinh,0.31666666666666665,Sinh,Indo-European,8.94462532284678,6.5211,,,,Indo-European,other,-2.3272777055844176,-0.4394391092696601,0.19550304878048794,-0.00022465861958486714
Qwen3-0.6B-Base,cat_Latn,0.5333333333333333,Latn,Indo-European,10.097961053275002,1.4294,0.8966666666666666,0.005247698165476322,0.14993037283420563,Indo-European,Latn,-0.4989911661189879,0.711005062591832,0.02669303015323777,0.0026536941082334242
Qwen3-0.6B-Base,isl_Latn,0.38,Latn,Indo-European,9.371177412080815,2.027,0.12666666666666668,-0.13743183016777039,-0.010036712512373924,Indo-European,Latn,-1.5621850275835547,-0.08256143885332157,0.0679996182477572,-0.00012123627264436908
Qwen3-0.6B-Base,nob_Latn,0.43666666666666665,Latn,Indo-European,10.265445888776227,1.4828,0.8366666666666667,-0.008836079388856888,0.13636963069438934,Indo-European,Latn,-1.1045470241879245,0.06302205437315611,0.041711164865354436,0.00015073020466898796
Qwen3-1.7B-Base,hin_Deva,0.52,Deva,Indo-European,10.225085947081105,4.2175,0.7366666666666667,-0.03209879249334335,0.06547960638999939,Indo-European,Deva,-0.5753641449035617,0.07394115077991603,0.027863511659807966,0.00026442011890844214
Qwen3-1.7B-Base,ita_Latn,0.6933333333333334,Latn,Indo-European,11.218657350111846,1.3051,0.99,0.06272805482149124,0.2500622868537903,Indo-European,Latn,0.3685605511727136,0.25067741801374355,0.021568304546918132,0.0011568852444013061
Qwen3-1.7B-Base,npi_Deva,0.45666666666666667,Deva,Indo-European,9.314204818644845,4.2745,0.4766666666666667,-0.049032632261514664,0.039212584495544434,Indo-European,Deva,-0.9666158157616709,-0.050741057619661634,0.0368971961721877,-0.00013714838654518794
Qwen3-1.7B-Base,swe_Latn,0.6866666666666666,Latn,Indo-European,10.585304823582218,1.4982,0.9533333333333334,0.045762479305267334,0.21515512466430664,Indo-European,Latn,0.3319025409311476,0.4151954312087434,0.02154966667369233,0.0019177913335486037
Qwen3-1.7B-Base,afr_Latn,0.6133333333333333,Latn,Indo-European,9.04883387717687,1.4949,0.8933333333333333,0.022263210266828537,0.17741785943508148,Indo-European,Latn,-0.062242308877221014,0.4604440642880654,0.02252945154390232,0.0020347115501068848
Qwen3-1.7B-Base,fra_Latn,0.7433333333333333,Latn,Indo-European,11.504243358607456,1.2989,0.9566666666666667,0.008363707922399044,0.20048856735229492,Indo-European,Latn,0.6534068519104307,0.4531504481745251,0.022311793848956003,0.002021928504385091
Qwen3-1.7B-Base,por_Latn,0.7166666666666667,Latn,Indo-European,11.136535917638877,1.286,0.9866666666666667,0.07070963829755783,0.2479192614555359,Indo-European,Latn,0.4989911661189879,0.4026413903641631,0.02177746098439376,0.0018404393025904173
Qwen3-1.7B-Base,als_Latn,0.52,Latn,Indo-European,9.562161153905935,1.8695,0.74,-0.016268732026219368,0.10085391998291016,Indo-European,Latn,-0.5753641449035617,-0.16096228045693473,0.027863511659807966,-0.0005756154034343333
Qwen3-1.7B-Base,mar_Deva,0.52,Deva,Indo-European,9.291197362643686,4.3906,0.6266666666666667,-0.03754352033138275,0.05148706212639809,Indo-European,Deva,-0.5753641449035617,0.3590673919871604,0.027863511659807966,0.0012840568679547259
Qwen3-1.7B-Base,dan_Latn,0.6566666666666666,Latn,Indo-European,10.360245901721395,1.4893,0.9633333333333334,0.04903310537338257,0.2161979228258133,Indo-European,Latn,0.16929205650362053,0.31607843513431144,0.02168468519006531,0.0014509203707931179
Qwen3-1.7B-Base,ron_Latn,0.63,Latn,Indo-European,10.598220789235436,1.5856,0.9466666666666667,0.019983215257525444,0.19035081565380096,Indo-European,Latn,0.02666824708216149,0.11527721793487596,0.02210919368121585,0.0005190517926542391
Qwen3-1.7B-Base,urd_Arab,0.5266666666666666,Arab,Indo-European,9.431854501264098,3.0968,0.7766666666666666,-0.025426944717764854,0.07247770577669144,Indo-European,Arab,-0.5369864498046631,0.23062220539462286,0.0272556371762291,0.0008430518503765879
Qwen3-1.7B-Base,ben_Beng,0.5033333333333333,Beng,Indo-European,9.981044874347496,4.9675,0.6966666666666667,-0.03916250169277191,0.05939510464668274,Indo-European,other,-0.6732129656591282,-0.23652184550075728,0.029607877540017483,-0.0007961586793944126
Qwen3-1.7B-Base,deu_Latn,0.6533333333333333,Latn,Indo-European,11.552705133249123,1.291,0.9833333333333333,0.05588911473751068,0.22865615785121918,Indo-European,Latn,0.1513996464553685,-0.06354102396519626,0.021721798111730497,-0.00029118143078016615
Qwen3-1.7B-Base,hye_Armn,0.4533333333333333,Armn,Indo-European,9.379338026785135,4.5443,0.5033333333333333,-0.040093861520290375,0.05237771198153496,Indo-European,other,-0.9889925636508873,-0.42373452377750354,0.037607907656609485,-0.0011237285495490322
Qwen3-1.7B-Base,ell_Grek,0.6066666666666667,Grek,Indo-European,10.634956550916772,3.8961,0.88,-0.02322268672287464,0.11024767905473709,Indo-European,other,-0.09785579000375869,0.04120597731097561,0.022733463510246615,0.0001804631053631187
Qwen3-1.7B-Base,guj_Gujr,0.45,Gujr,Indo-European,9.053743034427566,6.8984,0.44333333333333336,-0.06283803284168243,0.018593208864331245,Indo-European,other,-1.01160091167848,-0.11040620184675753,0.038352272727272714,-0.0002871252958886928
Qwen3-1.7B-Base,pan_Guru,0.4,Guru,Indo-European,8.861860543889303,6.8486,0.4066666666666667,-0.06536173820495605,0.014107516966760159,Indo-European,other,-1.3862943611198904,-0.4353187309584272,0.05555555555555554,-0.0007821658172472181
Qwen3-1.7B-Base,spa_Latn,0.7266666666666667,Latn,Indo-European,11.572692346038526,1.2347,0.99,0.06160302087664604,0.24945348501205444,Indo-European,Latn,0.5561253829956542,0.32965883122559314,0.02193887470196527,0.0014958060957518476
Qwen3-1.7B-Base,eng_Latn,0.81,Latn,Indo-European,12.454382979077453,1.0,,,,Indo-European,Latn,1.080912711568709,0.5779067031316134,0.025489225295381304,0.0022583985894941584
Qwen3-1.7B-Base,pbt_Arab,0.3433333333333333,Arab,Indo-European,8.559915920992061,2.9847,0.13,-0.1079959124326706,-0.012503368780016899,Indo-European,Arab,-1.9509992185627847,-0.9454037627096903,0.11253787682585727,-0.0008393302407178279
Qwen3-1.7B-Base,nld_Latn,0.66,Latn,Indo-European,10.903264809073452,1.3473,0.97,0.05930209532380104,0.21830525994300842,Indo-European,Latn,0.18721154208814672,0.1639445089699615,0.02165202785456836,0.0007536975865770841
Qwen3-1.7B-Base,pes_Arab,0.6166666666666667,Arab,Indo-European,10.662263375070816,2.6158,0.8666666666666667,-0.008190362714231014,0.1121315136551857,Indo-European,Arab,-0.04445176257083369,0.3214170381685556,0.022435321595400647,0.0014262811240985565
Qwen3-1.7B-Base,sin_Sinh,0.35,Sinh,Indo-European,8.94462532284678,6.5211,,,,Indo-European,other,-1.8718021769015918,-0.9782850495886191,0.10096153846153849,-0.0009680092589862537
Qwen3-1.7B-Base,cat_Latn,0.67,Latn,Indo-European,10.097961053275002,1.4294,0.96,0.04188263416290283,0.21042612195014954,Indo-European,Latn,0.24116205681688824,0.4568368165259234,0.021580601937744793,0.002107122384513157
Qwen3-1.7B-Base,isl_Latn,0.44666666666666666,Latn,Indo-European,9.371177412080815,2.027,0.43666666666666665,-0.07135668396949768,0.054013218730688095,Indo-European,Latn,-1.034450344450824,-0.5491482247223756,0.039132398597550196,-0.0013997314575458144
Qwen3-1.7B-Base,nob_Latn,0.69,Latn,Indo-European,10.265445888776227,1.4828,0.95,0.036695484071969986,0.19837027788162231,Indo-European,Latn,0.35020242943311447,0.5234500389924108,0.021556751532924544,0.0024170293416263455
Qwen3-4B-Base,hin_Deva,0.7266666666666667,Deva,Indo-European,10.225085947081105,4.2175,0.8066666666666666,-0.025353435426950455,0.08243623375892639,Indo-European,Deva,0.5561253829956542,0.1552280557024247,0.02193887470196527,0.0007043374845726479
Qwen3-4B-Base,ita_Latn,0.8666666666666667,Latn,Indo-European,11.218657350111846,1.3051,0.9833333333333333,0.06038462370634079,0.26256832480430603,Indo-European,Latn,1.531476370964389,0.36339061482871093,0.03204894083272463,0.0011303346406393159
Qwen3-4B-Base,npi_Deva,0.6466666666666666,Deva,Indo-European,9.314204818644845,4.2745,0.5933333333333334,-0.037671349942684174,0.06499619781970978,Indo-European,Deva,0.11568439899946212,-0.018643465835235823,0.021809500714825337,-8.509306568138407e-05
Qwen3-4B-Base,swe_Latn,0.8233333333333334,Latn,Indo-European,10.585304823582218,1.4982,0.9633333333333334,0.059864889830350876,0.23393020033836365,Indo-European,Latn,1.1772025632613314,0.21029283056221915,0.026583243619702646,0.0007881081983930052
Qwen3-4B-Base,afr_Latn,0.8133333333333334,Latn,Indo-European,9.04883387717687,1.4949,0.92,0.049401089549064636,0.20690259337425232,Indo-European,Latn,1.1045470241879245,0.5770307743765033,0.025743771476588972,0.0022327653489003898
Qwen3-4B-Base,fra_Latn,0.9133333333333333,Latn,Indo-European,11.504243358607456,1.2989,0.9433333333333334,0.019898317754268646,0.21276235580444336,Indo-European,Latn,2.0352082867030106,0.7847492599903969,0.04490708276597524,0.0017436128088416305
Qwen3-4B-Base,por_Latn,0.8633333333333333,Latn,Indo-European,11.136535917638877,1.286,0.99,0.07042224705219269,0.26229676604270935,Indo-European,Latn,1.5013636909046773,0.3548112921731439,0.03148647499884734,0.0011233013249761685
Qwen3-4B-Base,als_Latn,0.69,Latn,Indo-European,9.562161153905935,1.8695,0.84,-0.013622093014419079,0.14838890731334686,Indo-European,Latn,0.35020242943311447,-0.28559832909696664,0.021556751532924544,-0.0013187496225428158
Qwen3-4B-Base,mar_Deva,0.6633333333333333,Deva,Indo-European,9.291197362643686,4.3906,0.76,-0.025678852573037148,0.08044297248125076,Indo-European,Deva,0.2051610487637774,0.08938996267779098,0.02162380487528462,0.00041148391450055864
Qwen3-4B-Base,dan_Latn,0.82,Latn,Indo-European,10.360245901721395,1.4893,0.9766666666666667,0.06192278861999512,0.23666982352733612,Indo-European,Latn,1.1526795099383849,0.24926326559236722,0.026290140556068528,0.0009445317847572574
Qwen3-4B-Base,ron_Latn,0.8166666666666667,Latn,Indo-European,10.598220789235436,1.5856,0.9533333333333334,0.02187989093363285,0.21142296493053436,Indo-European,Latn,1.1284652518177907,0.1668715996937966,0.026010537905001574,0.0006390967520574444
Qwen3-4B-Base,urd_Arab,0.6933333333333334,Arab,Indo-European,9.431854501264098,3.0968,0.83,-0.013906666077673435,0.09826172143220901,Indo-European,Arab,0.3685605511727136,0.0859665833952924,0.021568304546918132,0.0003967388551819524
Qwen3-4B-Base,ben_Beng,0.6633333333333333,Beng,Indo-European,9.981044874347496,4.9675,0.7833333333333333,-0.023771144449710846,0.0833997130393982,Indo-European,other,0.2051610487637774,-0.40835045405456016,0.02162380487528462,-0.0018797372578026193
Qwen3-4B-Base,deu_Latn,0.8633333333333333,Latn,Indo-European,11.552705133249123,1.291,0.98,0.0561213418841362,0.23934651911258698,Indo-European,Latn,1.5013636909046773,0.23622039750740398,0.03148647499884734,0.0007478529893512925
Qwen3-4B-Base,hye_Armn,0.68,Armn,Indo-European,9.379338026785135,4.5443,0.6533333333333333,-0.032379504293203354,0.07620818167924881,Indo-European,other,0.29546421289383606,-0.1894803702094896,0.021548810167658188,-0.0008752461162557187
Qwen3-4B-Base,ell_Grek,0.7866666666666666,Grek,Indo-European,10.634956550916772,3.8961,0.8966666666666666,-0.016111033037304878,0.1327574998140335,Indo-European,other,0.9225212816247907,0.011380425962816076,0.024006235291848307,4.720947019181526e-05
Qwen3-4B-Base,guj_Gujr,0.6366666666666667,Gujr,Indo-European,9.053743034427566,6.8984,0.49333333333333335,-0.04871094971895218,0.03601522371172905,Indo-European,other,0.06224230887722142,-0.08676560426776499,0.021975292901635232,-0.0003930439548542533
Qwen3-4B-Base,pan_Guru,0.6666666666666666,Guru,Indo-European,8.861860543889303,6.8486,0.54,-0.03531874343752861,0.035457029938697815,Indo-European,other,0.2231435513142094,0.12391655849896446,0.021599999999999998,0.0005710440483891992
Qwen3-4B-Base,spa_Latn,0.8533333333333334,Latn,Indo-European,11.572692346038526,1.2347,0.9833333333333333,0.04454951360821724,0.25706183910369873,Indo-European,Latn,1.414307397347565,0.13763822260079595,0.029969115161874848,0.0004577395173150274
Qwen3-4B-Base,eng_Latn,0.9333333333333333,Latn,Indo-European,12.454382979077453,1.0,,,,Indo-European,Latn,2.327277705584417,0.774069074170614,0.05621653777513382,0.001374496914681217
Qwen3-4B-Base,pbt_Arab,0.46,Arab,Indo-European,8.559915920992061,2.9847,0.29333333333333333,-0.08942406624555588,0.016660861670970917,Indo-European,Arab,-0.9444616088408512,-0.9890687759644644,0.03621819098009575,-0.0027233426260245834
Qwen3-4B-Base,nld_Latn,0.8266666666666667,Latn,Indo-European,10.903264809073452,1.3473,0.97,0.05601485073566437,0.23498834669589996,Indo-European,Latn,1.2020478759163513,0.128578219821458,0.026890564078575697,0.0004763821143159311
Qwen3-4B-Base,pes_Arab,0.79,Arab,Indo-European,10.662263375070816,2.6158,0.88,-0.0006301020621322095,0.13297022879123688,Indo-European,Arab,0.9444616088408518,0.26012778660353264,0.024189202429943178,0.001070960593932568
Qwen3-4B-Base,sin_Sinh,0.5433333333333333,Sinh,Indo-European,8.94462532284678,6.5211,,,,Indo-European,other,-0.44264411134991827,-0.5993296070136531,0.025926594453157994,-0.0023027584653478998
Qwen3-4B-Base,cat_Latn,0.83,Latn,Indo-European,10.097961053275002,1.4294,0.9733333333333334,0.04316375404596329,0.22879765927791595,Indo-European,Latn,1.2272296664902032,0.3927018032225307,0.027212876827306436,0.00143778996883917
Qwen3-4B-Base,isl_Latn,0.58,Latn,Indo-European,9.371177412080815,2.027,0.6566666666666666,-0.04103840887546539,0.09500876069068909,Indo-European,Latn,-0.24116205681688824,-0.8060625600651474,0.02377672832218287,-0.0033759338766468534
Qwen3-4B-Base,nob_Latn,0.8566666666666667,Latn,Indo-European,10.265445888776227,1.4828,0.9666666666666667,0.04649024084210396,0.22055816650390625,Indo-European,Latn,1.4428065713832328,0.565851557965821,0.030448483920883607,0.0018523065152215145
Qwen3-8B-Base,hin_Deva,0.7533333333333333,Deva,Indo-European,10.225085947081105,4.2175,0.8466666666666667,-0.009285169653594494,0.09723662585020065,Indo-European,Deva,0.7132147436107544,-0.007792745001710011,0.022603027131337293,-3.4324695799674176e-05
Qwen3-8B-Base,ita_Latn,0.8733333333333333,Latn,Indo-European,11.218657350111846,1.3051,0.9933333333333333,0.0744018480181694,0.276179701089859,Indo-European,Latn,1.5935224571282003,0.10532653967328809,0.03327195064500736,0.0003156139741305273
Qwen3-8B-Base,npi_Deva,0.67,Deva,Indo-European,9.314204818644845,4.2745,0.69,-0.013241895474493504,0.07925089448690414,Indo-European,Deva,0.24116205681688824,-0.21327596933704468,0.021580601937744793,-0.0009837179334225587
Qwen3-8B-Base,swe_Latn,0.8533333333333334,Latn,Indo-European,10.585304823582218,1.4982,0.98,0.06601716578006744,0.24448920786380768,Indo-European,Latn,1.414307397347565,0.12728750332921868,0.029969115161874848,0.0004233164249963644
Qwen3-8B-Base,afr_Latn,0.8233333333333334,Latn,Indo-European,9.04883387717687,1.4949,0.93,0.06174129620194435,0.2289915531873703,Indo-European,Latn,1.1772025632613314,0.32957615213067615,0.026583243619702646,0.0012351427616137203
Qwen3-8B-Base,fra_Latn,0.9033333333333333,Latn,Indo-European,11.504243358607456,1.2989,0.9633333333333334,0.03519750386476517,0.22134119272232056,Indo-European,Latn,1.9108188292440427,0.3402496412121949,0.04104903308966089,0.0008268715341953466
Qwen3-8B-Base,por_Latn,0.8833333333333333,Latn,Indo-European,11.136535917638877,1.286,0.99,0.0754576250910759,0.27222320437431335,Indo-European,Latn,1.6916760106710724,0.22501345062030498,0.03539275821131778,0.0006339700320923436
Qwen3-8B-Base,als_Latn,0.79,Latn,Indo-European,9.562161153905935,1.8695,0.8933333333333333,0.012241655960679054,0.16563379764556885,Indo-European,Latn,0.9444616088408518,-0.011449311008463359,0.024189202429943178,-4.713745146558774e-05
Qwen3-8B-Base,mar_Deva,0.77,Deva,Indo-European,9.291197362643686,4.3906,0.7933333333333333,-0.01570254936814308,0.0937589630484581,Indo-European,Deva,0.8157495026522777,0.37986825524705636,0.02321440056598919,0.0016293288526697427
Qwen3-8B-Base,dan_Latn,0.8833333333333333,Latn,Indo-European,10.360245901721395,1.4893,0.9866666666666667,0.08159567415714264,0.2519357204437256,Indo-European,Latn,1.6916760106710724,0.4681496050058207,0.03539275821131778,0.0013190003499333096
Qwen3-8B-Base,ron_Latn,0.82,Latn,Indo-European,10.598220789235436,1.5856,0.9566666666666667,0.03626490756869316,0.22063276171684265,Indo-European,Latn,1.1526795099383849,-0.12902430350484329,0.026290140556068528,-0.0004889110129175041
Qwen3-8B-Base,urd_Arab,0.7633333333333333,Arab,Indo-European,9.431854501264098,3.0968,0.88,0.0022122717928141356,0.11847246438264847,Indo-European,Arab,0.7742727253723136,0.1715685962756579,0.02294983003095313,0.0007443377935839311
Qwen3-8B-Base,ben_Beng,0.76,Beng,Indo-European,9.981044874347496,4.9675,0.8166666666666667,-0.016652027145028114,0.10332612693309784,Indo-European,other,0.7537718023763803,-0.17984986176119155,0.02282775855440216,-0.0007844197300528691
Qwen3-8B-Base,deu_Latn,0.8866666666666667,Latn,Indo-European,11.552705133249123,1.291,0.98,0.08013667166233063,0.2545408606529236,Indo-European,Latn,1.7259129034304688,0.1406594487139614,0.03618926532264175,0.000387606217612512
Qwen3-8B-Base,hye_Armn,0.74,Armn,Indo-European,9.379338026785135,4.5443,0.7333333333333333,-0.010259512811899185,0.09363433718681335,Indo-European,other,0.6337237600891445,-0.17133098433341543,0.022226315958094385,-0.0007673947849410623
Qwen3-8B-Base,ell_Grek,0.8366666666666667,Grek,Indo-European,10.634956550916772,3.8961,0.92,-0.000515743566211313,0.14246980845928192,Indo-European,other,1.2786636969275254,0.04741267994631637,0.027905903451256545,0.00016929530600847772
Qwen3-8B-Base,guj_Gujr,0.7033333333333334,Gujr,Indo-European,9.053743034427566,6.8984,0.6,-0.03908919543027878,0.05168214812874794,Indo-European,other,0.42401851600391216,-0.04509955846030833,0.02163009432953618,-0.00020754423692268052
Qwen3-8B-Base,pan_Guru,0.7466666666666667,Guru,Indo-European,8.861860543889303,6.8486,0.62,-0.029171984642744064,0.0497974269092083,Indo-European,other,0.6732129656591282,0.2538758115246492,0.022402973787335332,0.001128187829419584
Qwen3-8B-Base,spa_Latn,0.89,Latn,Indo-European,11.572692346038526,1.2347,0.9833333333333333,0.055433616042137146,0.2714470326900482,Indo-European,Latn,1.7609878105613017,0.16420847449529852,0.03703724254261365,0.000442166577955897
Qwen3-8B-Base,eng_Latn,0.9533333333333334,Latn,Indo-European,12.454382979077453,1.0,,,,Indo-European,Latn,2.7128008038608087,0.8394820111277714,0.0774313566310602,0.001082764506660019
Qwen3-8B-Base,pbt_Arab,0.5433333333333333,Arab,Indo-European,8.559915920992061,2.9847,0.48333333333333334,-0.06891082227230072,0.037044551223516464,Indo-European,Arab,-0.44264411134991827,-0.807361439792766,0.025926594453157994,-0.0031020633192869094
Qwen3-8B-Base,nld_Latn,0.84,Latn,Indo-European,10.903264809073452,1.3473,0.9866666666666667,0.07599630951881409,0.25084641575813293,Indo-European,Latn,1.304948721665938,-0.0886310957481895,0.02827851192186153,-0.00031231762958634616
Qwen3-8B-Base,pes_Arab,0.8333333333333334,Arab,Indo-European,10.662263375070816,2.6158,0.9033333333333333,0.01068192534148693,0.14446671307086945,Indo-European,Arab,1.252762968495368,0.24831898493881432,0.027551020408163263,0.0008980463696283959
Qwen3-8B-Base,sin_Sinh,0.65,Sinh,Indo-European,8.94462532284678,6.5211,,,,Indo-European,other,0.13353139262452257,-0.3432642643584464,0.021763392857142853,-0.0015700411486902304
Qwen3-8B-Base,cat_Latn,0.8533333333333334,Latn,Indo-European,10.097961053275002,1.4294,0.96,0.053816087543964386,0.24194878339767456,Indo-European,Latn,1.414307397347565,0.2596693727606585,0.029969115161874848,0.000863575038257087
Qwen3-8B-Base,isl_Latn,0.6666666666666666,Latn,Indo-European,9.371177412080815,2.027,0.8066666666666666,-0.0017550498014315963,0.12177244573831558,Indo-European,Latn,0.2231435513142094,-0.661867113253284,0.021599999999999998,-0.0030500788629114857
Qwen3-8B-Base,nob_Latn,0.8866666666666667,Latn,Indo-European,10.265445888776227,1.4828,0.9733333333333334,0.058672547340393066,0.2324201464653015,Indo-European,Latn,1.7259129034304688,0.5288477286938229,0.03618926532264175,0.0014573117531987104
OLMo-2-0425-1B,hin_Deva,0.24,Deva,Indo-European,10.225085947081105,4.461,0.06,-0.10506045818328857,-0.029791247099637985,Indo-European,Deva,-4.304065093204169,-0.6684070878569957,6.587837837837826,-1.0145922803992399e-05
OLMo-2-0425-1B,ita_Latn,0.28,Latn,Indo-European,11.218657350111846,1.3157,0.7466666666666667,0.012060781009495258,0.10025354474782944,Indo-European,Latn,-3.178053830347945,-0.3336006528452109,0.8101851851851838,-4.117077035204796e-05
OLMo-2-0425-1B,npi_Deva,0.22333333333333333,Deva,Indo-European,9.314204818644845,4.5657,0.03,-0.10825268179178238,-0.03895089030265808,Indo-European,Deva,-4.304065093204169,-0.3969188523954781,6.587837837837826,-6.02493316893202e-06
OLMo-2-0425-1B,swe_Latn,0.2833333333333333,Latn,Indo-European,10.585304823582218,1.5056,0.3466666666666667,-0.04407878592610359,0.059433434158563614,Indo-European,Latn,-3.0680529351336174,-0.022753714773133815,0.6671511627906979,-3.41006745224615e-06
OLMo-2-0425-1B,afr_Latn,0.25666666666666665,Latn,Indo-European,9.04883387717687,1.503,0.26,-0.037356939166784286,0.048864319920539856,Indo-European,Latn,-4.304065093204169,-0.8193002067043795,6.587837837837826,-1.243636819922259e-05
OLMo-2-0425-1B,fra_Latn,0.27666666666666667,Latn,Indo-European,11.504243358607456,1.3148,0.87,-0.002582724904641509,0.09417235851287842,Indo-European,Latn,-3.3004558118606235,-0.5378293746011602,1.0085145449308752,-5.3323579085246177e-05
OLMo-2-0425-1B,por_Latn,0.2833333333333333,Latn,Indo-European,11.136535917638877,1.3109,0.8633333333333333,0.014394341967999935,0.1084979996085167,Indo-European,Latn,-3.0680529351336174,-0.2005917995151525,0.6671511627906979,-3.0062412874655344e-05
OLMo-2-0425-1B,als_Latn,0.25333333333333335,Latn,Indo-European,9.562161153905935,1.8829,0.056666666666666664,-0.10620535165071487,-0.010598748922348022,Indo-European,Latn,-4.304065093204169,-0.9270381850893736,6.587837837837826,-1.4071750636594736e-05
OLMo-2-0425-1B,mar_Deva,0.22333333333333333,Deva,Indo-European,9.291197362643686,4.7653,0.023333333333333334,-0.09875212609767914,-0.03592550754547119,Indo-European,Deva,-4.304065093204169,-0.3697516429182719,6.587837837837826,-5.612555120657622e-06
OLMo-2-0425-1B,dan_Latn,0.24666666666666667,Latn,Indo-European,10.360245901721395,1.4974,0.43,-0.027530988678336143,0.063559889793396,Indo-European,Latn,-4.304065093204169,-1.195200201238975,6.587837837837826,-1.8142250734658998e-05
OLMo-2-0425-1B,ron_Latn,0.30333333333333334,Latn,Indo-European,10.598220789235436,1.6005,0.5133333333333333,-0.019941557198762894,0.06463877111673355,Indo-European,Latn,-2.56974552972503,0.4816431631921727,0.2870112514952153,0.00016775488968255245
OLMo-2-0425-1B,urd_Arab,0.31,Arab,Indo-European,9.431854501264098,4.2191,0.013333333333333334,-0.08573760837316513,-0.0387413389980793,Indo-European,Arab,-2.4423470353692043,1.402235245951276,0.23399758454106281,0.0005989960335201458
OLMo-2-0425-1B,ben_Beng,0.27666666666666667,Beng,Indo-European,9.981044874347496,5.6039,0.013333333333333334,-0.09345819056034088,-0.03859392926096916,Indo-European,other,-3.3004558118606235,0.16310344590426462,1.0085145449308752,1.6171038459998815e-05
OLMo-2-0425-1B,deu_Latn,0.26666666666666666,Latn,Indo-European,11.552705133249123,1.318,0.74,0.0021078402642160654,0.08355493098497391,Indo-European,Latn,-3.7841896339182615,-1.0351028432106877,2.4545454545454564,-4.2169138566402495e-05
OLMo-2-0425-1B,hye_Armn,0.23666666666666666,Armn,Indo-European,9.379338026785135,8.4067,0.0033333333333333335,-0.08596400916576385,-0.04762531444430351,Indo-European,other,-4.304065093204169,-0.3792772447048258,6.587837837837826,-5.757146676027857e-06
OLMo-2-0425-1B,ell_Grek,0.2966666666666667,Grek,Indo-European,10.634956550916772,4.0309,0.03,-0.08117412775754929,-0.017413053661584854,Indo-European,other,-2.7128008038608074,0.40140464533094766,0.3631577038398295,0.0001105013441182292
OLMo-2-0425-1B,guj_Gujr,0.22666666666666666,Gujr,Indo-European,9.053743034427566,7.7429,0.013333333333333334,-0.10848421603441238,-0.05026399716734886,Indo-European,other,-4.304065093204169,-0.3545431962497654,6.587837837837826,-5.381702203662006e-06
OLMo-2-0425-1B,pan_Guru,0.25333333333333335,Guru,Indo-European,8.861860543889303,7.3922,0.01,-0.10429980605840683,-0.0490846149623394,Indo-European,other,-4.304065093204169,-0.335790762221869,6.587837837837826,-5.0970541925622085e-06
OLMo-2-0425-1B,spa_Latn,0.2966666666666667,Latn,Indo-European,11.572692346038526,1.2507,0.92,0.01988321542739868,0.1209525540471077,Indo-European,Latn,-2.7128008038608074,0.023625797257589287,0.3631577038398295,6.503866823175943e-06
OLMo-2-0425-1B,eng_Latn,0.39,Latn,Indo-European,12.454382979077453,1.0,,,,Indo-European,Latn,-1.4718165345580525,0.9864207069992266,0.06116175978588154,0.0016101736392345395
OLMo-2-0425-1B,pbt_Arab,0.22333333333333333,Arab,Indo-European,8.559915920992061,3.9141,0.013333333333333334,-0.131637305021286,-0.06501848995685577,Indo-European,Arab,-4.304065093204169,-0.2413876529966661,6.587837837837826,-3.664085158109599e-06
OLMo-2-0425-1B,nld_Latn,0.27,Latn,Indo-European,10.903264809073452,1.3539,0.48,-0.02568701282143593,0.07056872546672821,Indo-European,Latn,-3.5973122605884447,-0.6586554587684468,1.7337328767123257,-3.79884051972557e-05
OLMo-2-0425-1B,pes_Arab,0.24,Arab,Indo-European,10.662263375070816,3.2702,0.10333333333333333,-0.06280485540628433,-0.004080385901033878,Indo-European,Arab,-4.304065093204169,-0.9094720141024197,6.587837837837826,-1.3805109216785603e-05
OLMo-2-0425-1B,sin_Sinh,0.22333333333333333,Sinh,Indo-European,8.94462532284678,8.1866,,,,Indo-European,other,-4.304065093204169,-0.2775601365158913,6.587837837837826,-4.213156573317381e-06
OLMo-2-0425-1B,cat_Latn,0.26666666666666666,Latn,Indo-European,10.097961053275002,1.4437,0.62,-0.0219756830483675,0.0637388750910759,Indo-European,Latn,-3.7841896339182615,-0.6057970235032646,2.4545454545454564,-2.467961400339709e-05
OLMo-2-0425-1B,isl_Latn,0.2966666666666667,Latn,Indo-European,9.371177412080815,2.054,0.07,-0.0965856984257698,-0.010678569786250591,Indo-European,Latn,-2.7128008038608074,0.7365287769957805,0.3631577038398295,0.00020275654700102847
OLMo-2-0425-1B,nob_Latn,0.2966666666666667,Latn,Indo-European,10.265445888776227,1.4896,0.35,-0.04769318923354149,0.05020046606659889,Indo-European,Latn,-2.7128008038608074,0.4223912644228487,0.3631577038398295,0.00011627868039219151
OLMo-2-1124-7B,hin_Deva,0.30666666666666664,Deva,Indo-European,10.225085947081105,4.461,0.6333333333333333,-0.019025083631277084,0.03612923249602318,Indo-European,Deva,-2.5043247356451026,-0.1288861736834539,0.2582678999201492,-4.988474717851985e-05
OLMo-2-1124-7B,ita_Latn,0.43666666666666665,Latn,Indo-European,11.218657350111846,1.3157,0.93,0.04013264924287796,0.17618539929389954,Indo-European,Latn,-1.1045470241879245,0.4796867099292845,0.041711164865354436,0.001147269423076139
OLMo-2-1124-7B,npi_Deva,0.32666666666666666,Deva,Indo-European,9.314204818644845,4.5657,0.21333333333333335,-0.04039694368839264,0.01676434837281704,Indo-European,Deva,-2.172773481472055,0.47415331595111043,0.15476145913268075,0.0003061790316437338
OLMo-2-1124-7B,swe_Latn,0.38666666666666666,Latn,Indo-European,10.585304823582218,1.5056,0.8366666666666667,0.012850461527705193,0.13958489894866943,Indo-European,Latn,-1.501363690904678,0.28371608607028076,0.06328725137728576,0.00044759171585773876
OLMo-2-1124-7B,afr_Latn,0.42333333333333334,Latn,Indo-European,9.04883387717687,1.503,0.77,-0.006309534423053265,0.11821340024471283,Indo-European,Latn,-1.2020478759163515,1.0224975671979124,0.045813630844477884,0.0022270021960679983
OLMo-2-1124-7B,fra_Latn,0.5133333333333333,Latn,Indo-European,11.504243358607456,1.3148,0.9066666666666666,-0.0025322427973151207,0.1467912346124649,Indo-European,Latn,-0.6141587692413149,0.8882482246326227,0.028520521605907036,0.003103536116026849
OLMo-2-1124-7B,por_Latn,0.5066666666666667,Latn,Indo-European,11.136535917638877,1.3109,0.9333333333333333,0.04753978177905083,0.18293718993663788,Indo-European,Latn,-0.6534068519104311,0.9538348403225089,0.02923103572454221,0.003251964401401699
OLMo-2-1124-7B,als_Latn,0.2833333333333333,Latn,Indo-European,9.562161153905935,1.8829,0.31333333333333335,-0.07991877943277359,0.029693424701690674,Indo-European,Latn,-3.0680529351336174,-0.9512454704043467,0.6671511627906979,-0.000142561830297875
OLMo-2-1124-7B,mar_Deva,0.38666666666666666,Deva,Indo-European,9.291197362643686,4.7653,0.32,-0.035990022122859955,0.017364393919706345,Indo-European,Deva,-1.501363690904678,1.1727303159956937,0.06328725137728576,0.0018501043830089494
OLMo-2-1124-7B,dan_Latn,0.4,Latn,Indo-European,10.360245901721395,1.4974,0.85,0.004649622365832329,0.13384078443050385,Indo-European,Latn,-1.3862943611198904,0.46235108745977893,0.05555555555555554,0.0008307366314978125
OLMo-2-1124-7B,ron_Latn,0.38666666666666666,Latn,Indo-European,10.598220789235436,1.6005,0.8833333333333333,0.00538775185123086,0.1269325166940689,Indo-European,Latn,-1.501363690904678,0.28980555862699964,0.06328725137728576,0.0004571984939154808
OLMo-2-1124-7B,urd_Arab,0.34,Arab,Indo-European,9.431854501264098,4.2191,0.34,-0.03912317752838135,0.016379153355956078,Indo-European,Arab,-1.9924301646902058,0.5919326732447494,0.11924803591470251,0.0004959718597095611
OLMo-2-1124-7B,ben_Beng,0.3333333333333333,Beng,Indo-European,9.981044874347496,5.6039,0.4,-0.029895411804318428,0.014155182987451553,Indo-European,other,-2.079441541679836,0.12389827269952702,0.13500000000000006,9.170856603171742e-05
OLMo-2-1124-7B,deu_Latn,0.5,Latn,Indo-European,11.552705133249123,1.318,0.9333333333333333,0.035060953348875046,0.16035424172878265,Indo-European,Latn,-0.6931471805599454,0.7957201667621026,0.029999999999999995,0.002643588593900912
OLMo-2-1124-7B,hye_Armn,0.2733333333333333,Armn,Indo-European,9.379338026785135,8.4067,0.013333333333333334,-0.062123171985149384,-0.0310449730604887,Indo-European,other,-3.4385849137337767,-0.7740165086199591,1.2954034824939167,-5.974638578666511e-05
OLMo-2-1124-7B,ell_Grek,0.31333333333333335,Grek,Indo-European,10.634956550916772,4.0309,0.5633333333333334,-0.017512710765004158,0.04722625017166138,Indo-European,other,-2.38343718962314,-0.52945118381691,0.21330312239464258,-0.00024809908021077335
OLMo-2-1124-7B,guj_Gujr,0.30666666666666664,Gujr,Indo-European,9.053743034427566,7.7429,0.14,-0.04066593572497368,-0.001994890859350562,Indo-European,other,-2.5043247356451026,0.1849777179237755,0.2582678999201492,7.159469810250451e-05
OLMo-2-1124-7B,pan_Guru,0.24,Guru,Indo-European,8.861860543889303,7.3922,0.20333333333333334,-0.03637085482478142,0.001988156232982874,Indo-European,other,-4.304065093204169,-1.596010205607394,6.587837837837826,-2.4226248705410427e-05
OLMo-2-1124-7B,spa_Latn,0.5333333333333333,Latn,Indo-European,11.572692346038526,1.2507,0.9666666666666667,0.04392942413687706,0.19141696393489838,Indo-European,Latn,-0.4989911661189879,0.9772159916138838,0.02669303015323777,0.0036472768702409605
OLMo-2-1124-7B,eng_Latn,0.76,Latn,Indo-European,12.454382979077453,1.0,,,,Indo-European,Latn,0.7537718023763803,1.9517896005481346,0.02282775855440216,0.008512779807579423
OLMo-2-1124-7B,pbt_Arab,0.2733333333333333,Arab,Indo-European,8.559915920992061,3.9141,0.02,-0.0872824639081955,-0.0296978447586298,Indo-European,Arab,-3.4385849137337767,-0.6361269169117985,1.2954034824939167,-4.9102679029295735e-05
OLMo-2-1124-7B,nld_Latn,0.45,Latn,Indo-European,10.903264809073452,1.3539,0.85,0.026442648842930794,0.1427132934331894,Indo-European,Latn,-1.01160091167848,0.666836446755992,0.038352272727272714,0.0017341925443217802
OLMo-2-1124-7B,pes_Arab,0.34,Arab,Indo-European,10.662263375070816,3.2702,0.6933333333333334,-0.023323098197579384,0.05568314716219902,Indo-European,Arab,-1.9924301646902058,0.1419434710260179,0.11924803591470251,0.00011893238958343618
OLMo-2-1124-7B,sin_Sinh,0.25,Sinh,Indo-European,8.94462532284678,8.1866,,,,Indo-European,other,-4.304065093204169,-1.5377795799014158,6.587837837837826,-2.3342351086165593e-05
OLMo-2-1124-7B,cat_Latn,0.4033333333333333,Latn,Indo-European,10.097961053275002,1.4437,0.87,0.016454994678497314,0.13141489028930664,Indo-European,Latn,-1.35874440935166,0.5594287576778119,0.0539088984169562,0.0010358084946718727
OLMo-2-1124-7B,isl_Latn,0.31666666666666665,Latn,Indo-European,9.371177412080815,2.054,0.3433333333333333,-0.07201854884624481,0.04050630331039429,Indo-European,Latn,-2.3272777055844176,-0.13816756811335473,0.19550304878048794,-7.063671500075093e-05
OLMo-2-1124-7B,nob_Latn,0.39666666666666667,Latn,Indo-European,10.265445888776227,1.4896,0.7966666666666666,0.0009528656955808401,0.1219983920454979,Indo-European,Latn,-1.4143073973475646,0.4606652275505656,0.057306886671841466,0.0008024563850463663
Mistral-7B-v0.3,hin_Deva,0.32666666666666666,Deva,Indo-European,10.225085947081105,4.2653,0.5566666666666666,-0.02677414007484913,0.037866465747356415,Indo-European,Deva,-2.172773481472055,-0.3991272225780045,0.15476145913268075,-0.00025773179770013406
Mistral-7B-v0.3,ita_Latn,0.61,Latn,Indo-European,11.218657350111846,1.275,0.9666666666666667,0.07792039960622787,0.23719319701194763,Indo-European,Latn,-0.0800427076735365,0.9183821576624992,0.022628798670465335,0.004040610201090138
Mistral-7B-v0.3,npi_Deva,0.36666666666666664,Deva,Indo-European,9.314204818644845,4.182,0.29,-0.04166208207607269,0.02273392677307129,Indo-European,Deva,-1.6916760106710726,0.3340721246790195,0.07975295381310421,0.000418359132295122
Mistral-7B-v0.3,swe_Latn,0.5633333333333334,Latn,Indo-European,10.585304823582218,1.448,0.9466666666666667,0.06255754083395004,0.21360249817371368,Indo-European,Latn,-0.3319025409311475,0.8656256573307626,0.024637888374761125,0.003499189761950823
Mistral-7B-v0.3,afr_Latn,0.5,Latn,Indo-European,9.04883387717687,1.465,0.7966666666666666,0.033093877136707306,0.1559598594903946,Indo-European,Latn,-0.6931471805599454,0.9458678148865234,0.029999999999999995,0.0031424179896631078
Mistral-7B-v0.3,fra_Latn,0.6233333333333333,Latn,Indo-European,11.504243358607456,1.3019,0.93,0.0348266139626503,0.1924188733100891,Indo-European,Latn,-0.008888947417246376,0.9105758839539891,0.022262344511919805,0.004071915999103592
Mistral-7B-v0.3,por_Latn,0.6333333333333333,Latn,Indo-European,11.136535917638877,1.3473,0.9666666666666667,0.07475947588682175,0.231452077627182,Indo-European,Latn,0.04445176257083359,1.0738350555934622,0.022039869393366558,0.004850232115265873
Mistral-7B-v0.3,als_Latn,0.32,Latn,Indo-European,9.562161153905935,1.9624,0.41333333333333333,-0.027030643075704575,0.059336304664611816,Indo-European,Latn,-2.2735975561207935,-0.7302040646808985,0.18007202881152456,-0.0004052815908690903
Mistral-7B-v0.3,mar_Deva,0.31666666666666665,Deva,Indo-European,9.291197362643686,4.3281,0.18,-0.052597593516111374,0.002730282489210367,Indo-European,Deva,-2.3272777055844176,-0.27987922355920825,0.19550304878048794,-0.00014308530735622434
Mistral-7B-v0.3,dan_Latn,0.5566666666666666,Latn,Indo-European,10.360245901721395,1.5,0.9633333333333334,0.07231201976537704,0.2154117375612259,Indo-European,Latn,-0.3685605511727135,0.898741078332894,0.025034156160723176,0.003575775819118503
Mistral-7B-v0.3,ron_Latn,0.5466666666666666,Latn,Indo-European,10.598220789235436,1.5271,0.9166666666666666,0.03604505583643913,0.180439755320549,Indo-European,Latn,-0.4240185160039125,0.7779698757068101,0.025690272321528027,0.0030165244709695685
Mistral-7B-v0.3,urd_Arab,0.35333333333333333,Arab,Indo-European,9.431854501264098,4.1239,0.47333333333333333,-0.026481950655579567,0.02787378989160061,Indo-European,Arab,-1.833870954578182,0.15906303284263057,0.09594548204726606,0.00016561219690789652
Mistral-7B-v0.3,ben_Beng,0.33666666666666667,Beng,Indo-European,9.981044874347496,4.7725,0.4633333333333333,-0.0293445847928524,0.027920857071876526,Indo-European,other,-2.03520828670301,-0.4992134797517731,0.12669672326127676,-0.0003937116566603589
Mistral-7B-v0.3,deu_Latn,0.5233333333333333,Latn,Indo-European,11.552705133249123,1.3,0.97,0.07118449360132217,0.21529103815555573,Indo-European,Latn,-0.5561253829956544,0.349273895276201,0.02755368516076428,0.0012630283929523512
Mistral-7B-v0.3,hye_Armn,0.2633333333333333,Armn,Indo-European,9.379338026785135,4.4773,0.11,-0.059489838778972626,-0.004939306527376175,Indo-European,other,-4.011868340397864,-2.3341073905789536,3.7701498868778427,-6.190855938865805e-05
Mistral-7B-v0.3,ell_Grek,0.35,Grek,Indo-European,10.634956550916772,4.0826,0.68,-0.04007808491587639,0.04909662529826164,Indo-European,other,-1.8718021769015918,-0.594096850663206,0.10096153846153849,-0.0005878565275179657
Mistral-7B-v0.3,guj_Gujr,0.28,Gujr,Indo-European,9.053743034427566,8.6059,0.03333333333333333,-0.07843435555696487,-0.03730915114283562,Indo-European,other,-3.178053830347945,-0.9813716677238262,0.8101851851851838,-0.00012111435400902581
Mistral-7B-v0.3,pan_Guru,0.26,Guru,Indo-European,8.861860543889303,9.7603,0.03666666666666667,-0.07936849445104599,-0.03977079316973686,Indo-European,other,-4.304065093204169,-1.9334261936844017,6.587837837837826,-2.9347972625436793e-05
Mistral-7B-v0.3,spa_Latn,0.66,Latn,Indo-European,11.572692346038526,1.2834,0.9633333333333334,0.06648728996515274,0.23511022329330444,Indo-European,Latn,0.18721154208814672,1.0851787605664502,0.02165202785456836,0.0049888624997325775
Mistral-7B-v0.3,eng_Latn,0.7666666666666667,Latn,Indo-European,12.454382979077453,1.0,,,,Indo-European,Latn,0.7949298748698881,1.4113357447472923,0.023078638323175266,0.00608895020091735
Mistral-7B-v0.3,pbt_Arab,0.2833333333333333,Arab,Indo-European,8.559915920992061,4.4362,0.05333333333333334,-0.06197652593255043,-0.01758331060409546,Indo-European,Arab,-3.0680529351336174,-0.7933684727934507,0.6671511627906979,-0.00011890102512960907
Mistral-7B-v0.3,nld_Latn,0.5666666666666667,Latn,Indo-European,10.903264809073452,1.3522,0.9433333333333334,0.06920809298753738,0.21146421134471893,Indo-European,Latn,-0.3136575588550415,0.7829925691025847,0.024451310462390803,0.003189208862409643
Mistral-7B-v0.3,pes_Arab,0.37666666666666665,Arab,Indo-European,10.662263375070816,4.004,0.67,-0.01229304913431406,0.05257545784115791,Indo-European,Arab,-1.593522457128201,0.034907921773544404,0.07061767668538078,4.9362370788459086e-05
Mistral-7B-v0.3,sin_Sinh,0.2866666666666667,Sinh,Indo-European,8.94462532284678,6.9151,,,,Indo-European,other,-2.9680807422234805,-0.9145228778292189,0.5604580211632034,-0.0001631450881556924
Mistral-7B-v0.3,cat_Latn,0.64,Latn,Indo-European,10.097961053275002,1.3663,0.9566666666666667,0.05380012467503548,0.20836926996707916,Indo-European,Latn,0.08004270767353656,1.4086225411585327,0.021915406530791146,0.006398348988877045
Mistral-7B-v0.3,isl_Latn,0.3433333333333333,Latn,Indo-European,9.371177412080815,1.9896,0.5266666666666666,-0.01735350675880909,0.07437526434659958,Indo-European,Latn,-1.9509992185627847,-0.3501418685347555,0.11253787682585727,-0.0003108562398315773
Mistral-7B-v0.3,nob_Latn,0.53,Latn,Indo-European,10.265445888776227,1.5038,0.8966666666666666,0.05239890143275261,0.18970079720020294,Indo-European,Latn,-0.5179430915348547,0.7768818938874252,0.026968899261832387,0.0028700165691063198
bloom-1b7,hin_Deva,0.2733333333333333,Deva,Indo-European,10.225085947081105,1.2613,0.51,-0.04162348806858063,0.025683408603072166,Indo-European,Deva,-3.4385849137337767,0.366443148666558,1.2954034824939167,2.828577103093514e-05
bloom-1b7,ita_Latn,0.26666666666666666,Latn,Indo-European,11.218657350111846,1.2931,0.49333333333333335,-0.06498711556196213,0.05094943195581436,Indo-European,Latn,-3.7841896339182615,-0.4427472440629652,2.4545454545454564,-1.8037115831680785e-05
bloom-1b7,npi_Deva,0.23666666666666666,Deva,Indo-European,9.314204818644845,1.1422,0.46,-0.03135707601904869,0.0444665290415287,Indo-European,Deva,-4.304065093204169,-0.2506268120733015,6.587837837837826,-3.804328726037187e-06
bloom-1b7,swe_Latn,0.2633333333333333,Latn,Indo-European,10.585304823582218,1.5766,0.3933333333333333,-0.09869448095560074,0.022948775440454483,Indo-European,Latn,-4.011868340397864,-0.459927975754435,3.7701498868778427,-1.2198872469828038e-05
bloom-1b7,afr_Latn,0.23666666666666666,Latn,Indo-European,9.04883387717687,1.5183,0.41,-0.110087551176548,0.02381564863026142,Indo-European,Latn,-4.304065093204169,-0.31840278687145895,6.587837837837826,-4.833117650074783e-06
bloom-1b7,fra_Latn,0.2733333333333333,Latn,Indo-European,11.504243358607456,1.0153,0.87,-0.029651211574673653,0.0971163660287857,Indo-European,Latn,-3.4385849137337767,-0.20752289608247176,1.2954034824939167,-1.6018706147629683e-05
bloom-1b7,por_Latn,0.2633333333333333,Latn,Indo-European,11.136535917638877,1.0141,0.9233333333333333,-0.0021519477013498545,0.12458442896604538,Indo-European,Latn,-4.011868340397864,-0.6756932032741818,3.7701498868778427,-1.7921708727199368e-05
bloom-1b7,als_Latn,0.25,Latn,Indo-European,9.562161153905935,1.8128,0.20666666666666667,-0.10555281490087509,-0.015828583389520645,Indo-European,Latn,-4.304065093204169,-0.43494712195361984,6.587837837837826,-6.6021740369275616e-06
bloom-1b7,mar_Deva,0.24666666666666667,Deva,Indo-European,9.291197362643686,1.1994,0.25333333333333335,-0.06392515450716019,0.003881641197949648,Indo-European,Deva,-4.304065093204169,-0.2381437383534344,6.587837837837826,-3.6148449448124986e-06
bloom-1b7,dan_Latn,0.25333333333333335,Latn,Indo-European,10.360245901721395,1.5482,0.37666666666666665,-0.11052104830741882,0.02272999845445156,Indo-European,Latn,-4.304065093204169,-0.6906420593598086,6.587837837837826,-1.0483433145621708e-05
bloom-1b7,ron_Latn,0.21666666666666667,Latn,Indo-European,10.598220789235436,1.6284,0.37,-0.07575102895498276,0.02485043928027153,Indo-European,Latn,-4.304065093204169,-0.7504796819249564,6.587837837837826,-1.1391723782814281e-05
bloom-1b7,urd_Arab,0.22333333333333333,Arab,Indo-European,9.431854501264098,1.3231,0.31,-0.057846881449222565,0.002311617834493518,Indo-European,Arab,-4.304065093204169,-0.25879553552221957,6.587837837837826,-3.928323876720014e-06
bloom-1b7,ben_Beng,0.31,Beng,Indo-European,9.981044874347496,1.2106,0.49,-0.03691045194864273,0.02405027113854885,Indo-European,other,-2.4423470353692043,1.0674995235502673,0.23399758454106281,0.00045600621025595356
bloom-1b7,deu_Latn,0.20666666666666667,Latn,Indo-European,11.552705133249123,1.4099,0.41333333333333333,-0.11096253991127014,0.013110720552504063,Indo-European,Latn,-4.304065093204169,-1.0461819725582537,6.587837837837826,-1.5880264778676913e-05
bloom-1b7,hye_Armn,0.27,Armn,Indo-European,9.379338026785135,3.7045,0.006666666666666667,-0.13581156730651855,-0.08939851820468903,Indo-European,other,-3.5973122605884447,0.34190945131659634,1.7337328767123257,1.9719862048333916e-05
bloom-1b7,ell_Grek,0.26,Grek,Indo-European,10.634956550916772,2.9728,0.03666666666666667,-0.094786137342453,-0.05230207368731499,Indo-European,other,-4.304065093204169,-0.7996500845862728,6.587837837837826,-1.2138093950105572e-05
bloom-1b7,guj_Gujr,0.2633333333333333,Gujr,Indo-European,9.053743034427566,1.352,0.16,-0.0801072046160698,-0.014181863516569138,Indo-European,other,-4.011868340397864,-0.22204951861511457,3.7701498868778427,-5.8895172738437104e-06
bloom-1b7,pan_Guru,0.27666666666666667,Guru,Indo-European,8.861860543889303,1.3677,0.18,-0.06401053071022034,-0.006010666489601135,Indo-European,other,-3.3004558118606235,0.5458982202245197,1.0085145449308752,5.4123572085863765e-05
bloom-1b7,spa_Latn,0.29,Latn,Indo-European,11.572692346038526,0.9971,0.94,-0.003948690369725227,0.12170647829771042,Indo-European,Latn,-2.876385515921425,0.33320982451621317,0.478653169014085,6.959950264882038e-05
bloom-1b7,eng_Latn,0.31333333333333335,Latn,Indo-European,12.454382979077453,1.0,,,,Indo-European,Latn,-2.38343718962314,0.5741197521245929,0.21330312239464258,0.0002690306241525438
bloom-1b7,pbt_Arab,0.2633333333333333,Arab,Indo-European,8.559915920992061,2.6877,0.03666666666666667,-0.0878925696015358,-0.04433542862534523,Indo-European,Arab,-4.011868340397864,0.42366374316864785,3.7701498868778427,1.1237020254375137e-05
bloom-1b7,nld_Latn,0.19666666666666666,Latn,Indo-European,10.903264809073452,1.4488,0.37333333333333335,-0.11559130251407623,0.016285626217722893,Indo-European,Latn,-4.304065093204169,-0.8563026046531892,6.587837837837826,-1.2998037098650972e-05
bloom-1b7,pes_Arab,0.26,Arab,Indo-European,10.662263375070816,1.7821,0.09666666666666666,-0.0796007588505745,-0.027828283607959747,Indo-European,Arab,-4.304065093204169,-0.5636035949547544,6.587837837837826,-8.55508367523951e-06
bloom-1b7,sin_Sinh,0.26666666666666666,Sinh,Indo-European,8.94462532284678,7.5809,,,,Indo-European,other,-3.7841896339182615,0.67917588652635,2.4545454545454564,2.7669001461623773e-05
bloom-1b7,cat_Latn,0.2866666666666667,Latn,Indo-European,10.097961053275002,1.0421,0.83,-0.021048611029982567,0.09867533296346664,Indo-European,Latn,-2.9680807422234805,0.6682190057404918,0.5604580211632034,0.0001192060376537988
bloom-1b7,isl_Latn,0.23333333333333334,Latn,Indo-European,9.371177412080815,1.9114,0.22666666666666666,-0.12455873936414719,-0.021609079092741013,Indo-European,Latn,-4.304065093204169,-0.37012057170064105,6.587837837837826,-5.618155185373628e-06
bloom-1b7,nob_Latn,0.27666666666666667,Latn,Indo-European,10.265445888776227,1.5488,0.3466666666666667,-0.1139669418334961,0.011915617622435093,Indo-European,Latn,-3.3004558118606235,0.3401605973215922,1.0085145449308752,3.3725529648648304e-05
bloom-7b1,hin_Deva,0.22666666666666666,Deva,Indo-European,10.225085947081105,1.2613,0.92,0.00626127514988184,0.12266135960817337,Indo-European,Deva,-4.304065093204169,-0.25825013105401684,6.587837837837826,-3.920045042255758e-06
bloom-7b1,ita_Latn,0.24,Latn,Indo-European,11.218657350111846,1.2931,0.9166666666666666,0.05292217805981636,0.18147172033786774,Indo-European,Latn,-4.304065093204169,-0.7218358035990553,6.587837837837826,-1.0956930998926962e-05
bloom-7b1,npi_Deva,0.24333333333333335,Deva,Indo-European,9.314204818644845,1.1422,0.91,0.015559380874037743,0.11418691277503967,Indo-European,Deva,-4.304065093204169,-0.009839912323483802,6.587837837837826,-1.4936254880858648e-07
bloom-7b1,swe_Latn,0.24,Latn,Indo-European,10.585304823582218,1.5766,0.45,-0.036337219178676605,0.0693444311618805,Indo-European,Latn,-4.304065093204169,-0.5113378288109223,6.587837837837826,-7.761728190862536e-06
bloom-7b1,afr_Latn,0.27,Latn,Indo-European,9.04883387717687,1.5183,0.34,-0.05877820402383804,0.050941430032253265,Indo-European,Latn,-3.5973122605884447,0.6291369454940829,1.7337328767123257,3.628590471803598e-05
bloom-7b1,fra_Latn,0.23333333333333334,Latn,Indo-European,11.504243358607456,1.0153,0.97,0.025823423638939857,0.20423287153244019,Indo-European,Latn,-4.304065093204169,-0.8322161758030466,6.587837837837826,-1.2632423010554965e-05
bloom-7b1,por_Latn,0.24666666666666667,Latn,Indo-European,11.136535917638877,1.0141,0.9933333333333333,0.07543732970952988,0.255123496055603,Indo-European,Latn,-4.304065093204169,-0.7271030563306691,6.587837837837826,-1.1036883980592353e-05
bloom-7b1,als_Latn,0.26,Latn,Indo-European,9.562161153905935,1.8128,0.12333333333333334,-0.06761794537305832,0.011775892227888107,Indo-European,Latn,-4.304065093204169,-0.19416022220380214,6.587837837837826,-2.947207859698961e-06
bloom-7b1,mar_Deva,0.24666666666666667,Deva,Indo-European,9.291197362643686,1.1994,0.8933333333333333,0.007767221890389919,0.09956523776054382,Indo-European,Deva,-4.304065093204169,0.0026431613963850964,6.587837837837826,4.012123241612934e-08
bloom-7b1,dan_Latn,0.24,Latn,Indo-European,10.360245901721395,1.5482,0.44333333333333336,-0.02747303992509842,0.07186540216207504,Indo-European,Latn,-4.304065093204169,-0.4498551596099909,6.587837837837826,-6.828466968393106e-06
bloom-7b1,ron_Latn,0.23333333333333334,Latn,Indo-European,10.598220789235436,1.6284,0.49,-0.013217619620263577,0.07862021028995514,Indo-European,Latn,-4.304065093204169,-0.5096927821751387,6.587837837837826,-7.73675760558568e-06
bloom-7b1,urd_Arab,0.24333333333333335,Arab,Indo-European,9.431854501264098,1.3231,0.9066666666666666,0.01376928761601448,0.11151855438947678,Indo-European,Arab,-4.304065093204169,-0.01800863577240186,6.587837837837826,-2.733576994914146e-07
bloom-7b1,ben_Beng,0.23333333333333334,Beng,Indo-European,9.981044874347496,1.2106,0.9233333333333333,0.008173095062375069,0.12995408475399017,Indo-European,other,-4.304065093204169,-0.55343163453488,6.587837837837826,-8.400680876211082e-06
bloom-7b1,deu_Latn,0.20333333333333334,Latn,Indo-European,11.552705133249123,1.4099,0.76,0.017004072666168213,0.10671030730009079,Indo-European,Latn,-4.304065093204169,-0.805395072808436,6.587837837837826,-1.2225298601448317e-05
bloom-7b1,hye_Armn,0.23666666666666666,Armn,Indo-European,9.379338026785135,3.7045,0.006666666666666667,-0.07876677811145782,-0.04033336043357849,Indo-European,other,-4.304065093204169,-0.12405648154931015,6.587837837837826,-1.883085180036577e-06
bloom-7b1,ell_Grek,0.24333333333333335,Grek,Indo-European,10.634956550916772,2.9728,0.07,-0.04422733560204506,-0.0005201594904065132,Indo-European,other,-4.304065093204169,-0.5588631848364543,6.587837837837826,-8.483127772876958e-06
bloom-7b1,guj_Gujr,0.22666666666666666,Gujr,Indo-European,9.053743034427566,1.352,0.8566666666666667,0.010075760073959827,0.0911523699760437,Indo-European,other,-4.304065093204169,-0.27345937167160095,6.587837837837826,-4.150910010808282e-06
bloom-7b1,pan_Guru,0.22333333333333333,Guru,Indo-European,8.861860543889303,1.3677,0.8533333333333334,0.009252146817743778,0.091878242790699,Indo-European,other,-4.304065093204169,-0.21692416136920833,6.587837837837826,-3.292747537299765e-06
bloom-7b1,spa_Latn,0.21666666666666667,Latn,Indo-European,11.572692346038526,0.9971,0.99,0.055734191089868546,0.2541114389896393,Indo-European,Latn,-4.304065093204169,-0.8536828530167133,6.587837837837826,-1.2958271215897353e-05
bloom-7b1,eng_Latn,0.25,Latn,Indo-European,12.454382979077453,1.0,,,,Indo-European,Latn,-4.304065093204169,-1.1057212517066186,6.587837837837826,-1.678402678454165e-05
bloom-7b1,pbt_Arab,0.25333333333333335,Arab,Indo-European,8.559915920992061,2.6877,0.023333333333333334,-0.07887494564056396,-0.03632771968841553,Indo-European,Arab,-4.304065093204169,0.3722538901121606,6.587837837837826,5.650537387118077e-06
bloom-7b1,nld_Latn,0.26666666666666666,Latn,Indo-European,10.903264809073452,1.4488,0.49666666666666665,-0.017222946509718895,0.08009187132120132,Indo-European,Latn,-3.7841896339182615,-0.09564024561746365,2.4545454545454564,-3.896295706202514e-06
bloom-7b1,pes_Arab,0.24,Arab,Indo-European,10.662263375070816,1.7821,0.21333333333333335,-0.04447358474135399,0.017901135608553886,Indo-European,Arab,-4.304065093204169,-0.32281669520493583,6.587837837837826,-4.900117498010894e-06
bloom-7b1,sin_Sinh,0.2866666666666667,Sinh,Indo-European,8.94462532284678,7.5809,,,,Indo-European,other,-2.9680807422234805,1.7360716779709486,0.5604580211632034,0.0003097041898369708
bloom-7b1,cat_Latn,0.23333333333333334,Latn,Indo-European,10.097961053275002,1.0421,0.99,0.054839421063661575,0.2311113476753235,Indo-European,Latn,-4.304065093204169,-0.42697844549037933,6.587837837837826,-6.481215450805628e-06
bloom-7b1,isl_Latn,0.23666666666666666,Latn,Indo-European,9.371177412080815,1.9114,0.09333333333333334,-0.0809217244386673,-0.005137642379850149,Indo-European,Latn,-4.304065093204169,-0.1293336719508229,6.587837837837826,-1.9631890081450214e-06
bloom-7b1,nob_Latn,0.23333333333333334,Latn,Indo-European,10.265445888776227,1.5488,0.39666666666666667,-0.03579624369740486,0.06106123700737953,Indo-European,Latn,-4.304065093204169,-0.42266178427213585,6.587837837837826,-6.4156917418014124e-06
EuroLLM-1.7B,hin_Deva,0.25333333333333335,Deva,Indo-European,10.225085947081105,1.5511,0.9466666666666667,0.015306257642805576,0.127863809466362,Indo-European,Deva,-4.304065093204169,-0.6153122409350233,6.587837837837826,-9.339982489604154e-06
EuroLLM-1.7B,ita_Latn,0.26666666666666666,Latn,Indo-European,11.218657350111846,0.9742,0.9933333333333333,0.08853735774755478,0.25882935523986816,Indo-European,Latn,-3.7841896339182615,-0.6217909474209149,2.4545454545454564,-2.533119176539254e-05
EuroLLM-1.7B,npi_Deva,0.24666666666666667,Deva,Indo-European,9.314204818644845,1.8958,0.16666666666666666,-0.06812184303998947,0.025001749396324158,Indo-European,Deva,-4.304065093204169,-0.3190754620622638,6.587837837837826,-4.843328359516231e-06
EuroLLM-1.7B,swe_Latn,0.25666666666666665,Latn,Indo-European,10.585304823582218,1.1856,0.9966666666666667,0.09443023055791855,0.24346570670604706,Indo-European,Latn,-4.304065093204169,-0.9386033068351498,6.587837837837826,-1.42473005891057e-05
EuroLLM-1.7B,afr_Latn,0.25333333333333335,Latn,Indo-European,9.04883387717687,1.2458,0.7333333333333333,-0.006559315137565136,0.1317937970161438,Indo-European,Latn,-4.304065093204169,-0.49266177183656845,6.587837837837826,-7.478239526669503e-06
EuroLLM-1.7B,fra_Latn,0.27666666666666667,Latn,Indo-European,11.504243358607456,1.1156,0.9666666666666667,0.025766858831048012,0.19676019251346588,Indo-European,Latn,-3.3004558118606235,-0.20521004174229862,1.0085145449308752,-2.0345734919647957e-05
EuroLLM-1.7B,por_Latn,0.22,Latn,Indo-European,11.136535917638877,1.029,0.9833333333333333,0.07866215705871582,0.25234052538871765,Indo-European,Latn,-4.304065093204169,-1.1125125603106336,6.587837837837826,-1.6887113801620182e-05
EuroLLM-1.7B,als_Latn,0.25333333333333335,Latn,Indo-European,9.562161153905935,1.7587,0.08666666666666667,-0.12330202013254166,-0.019499143585562706,Indo-European,Latn,-4.304065093204169,-0.5866849324144994,6.587837837837826,-8.905441223047221e-06
EuroLLM-1.7B,mar_Deva,0.29333333333333333,Deva,Indo-European,9.291197362643686,2.0177,0.11333333333333333,-0.08067867159843445,0.003790723392739892,Indo-European,Deva,-2.7916369172104756,1.2125075824792453,0.4144802947415429,0.00029246628406778705
EuroLLM-1.7B,dan_Latn,0.2833333333333333,Latn,Indo-European,10.360245901721395,1.1776,0.9933333333333333,0.0951322391629219,0.24770019948482513,Indo-European,Latn,-3.0680529351336174,0.3609951466262884,0.6671511627906979,5.410183852847012e-05
EuroLLM-1.7B,ron_Latn,0.21333333333333335,Latn,Indo-European,10.598220789235436,1.1933,0.97,0.030249275267124176,0.2102753221988678,Indo-European,Latn,-4.304065093204169,-0.941505805051182,6.587837837837826,-1.4291358354790157e-05
EuroLLM-1.7B,urd_Arab,0.22,Arab,Indo-European,9.431854501264098,3.6226,0.016666666666666666,-0.1162286028265953,-0.05516885221004486,Indo-European,Arab,-4.304065093204169,-0.16783263026352024,6.587837837837826,-2.5475745816029028e-06
EuroLLM-1.7B,ben_Beng,0.2733333333333333,Beng,Indo-European,9.981044874347496,5.7863,0.006666666666666667,-0.12716427445411682,-0.07248903810977936,Indo-European,other,-3.4385849137337767,0.39694386091384715,1.2954034824939167,3.064012303843214e-05
EuroLLM-1.7B,deu_Latn,0.24666666666666667,Latn,Indo-European,11.552705133249123,1.0169,0.9933333333333333,0.08240494877099991,0.23460696637630463,Indo-European,Latn,-4.304065093204169,-1.2328667886944245,6.587837837837826,-1.871400153715005e-05
EuroLLM-1.7B,hye_Armn,0.2633333333333333,Armn,Indo-European,9.379338026785135,5.2254,0.006666666666666667,-0.12314501404762268,-0.06865046173334122,Indo-European,other,-4.011868340397864,-0.06197212281742859,3.7701498868778427,-1.6437139292211972e-06
EuroLLM-1.7B,ell_Grek,0.26666666666666666,Grek,Indo-European,10.634956550916772,1.3918,0.9833333333333333,0.03312908113002777,0.1940521001815796,Indo-European,other,-3.7841896339182615,-0.5889647313221831,2.4545454545454564,-2.3993881888809553e-05
EuroLLM-1.7B,guj_Gujr,0.26,Gujr,Indo-European,9.053743034427566,10.1765,0.006666666666666667,-0.1419316828250885,-0.08941435068845749,Indo-European,other,-4.304065093204169,0.24956765783041934,6.587837837837826,3.7882515656415467e-06
EuroLLM-1.7B,pan_Guru,0.2833333333333333,Guru,Indo-European,8.861860543889303,10.9248,0.0,-0.13443255424499512,-0.08515092730522156,Indo-European,other,-3.0680529351336174,1.6176599549661796,0.6671511627906979,0.00024243643851388515
EuroLLM-1.7B,spa_Latn,0.27,Latn,Indo-European,11.572692346038526,1.0247,0.9866666666666667,0.06849431991577148,0.24911537766456604,Indo-European,Latn,-3.5973122605884447,-0.5310299139587764,1.7337328767123257,-3.062751439146636e-05
EuroLLM-1.7B,eng_Latn,0.27,Latn,Indo-European,12.454382979077453,1.0,,,,Indo-European,Latn,-3.5973122605884447,-0.7859143951409737,1.7337328767123257,-4.532815161006072e-05
EuroLLM-1.7B,pbt_Arab,0.23666666666666666,Arab,Indo-European,8.559915920992061,3.3186,0.02,-0.14848944544792175,-0.07889307290315628,Indo-European,Arab,-4.304065093204169,0.050365647554382775,6.587837837837826,7.645131033275934e-07
EuroLLM-1.7B,nld_Latn,0.23,Latn,Indo-European,10.903264809073452,1.0172,0.99,0.07787445932626724,0.23464223742485046,Indo-European,Latn,-4.304065093204169,-1.0469678115213341,6.587837837837826,-1.589219323007436e-05
EuroLLM-1.7B,pes_Arab,0.28,Arab,Indo-European,10.662263375070816,2.5935,0.04666666666666667,-0.09338447451591492,-0.030031582340598106,Indo-European,Arab,-3.178053830347945,0.4999192921173816,0.8101851851851838,6.169670892589278e-05
EuroLLM-1.7B,sin_Sinh,0.27,Sinh,Indo-European,8.94462532284678,10.9055,,,,Indo-European,other,-3.5973122605884447,1.062723381160132,1.7337328767123257,6.12932996918936e-05
EuroLLM-1.7B,cat_Latn,0.23666666666666666,Latn,Indo-European,10.097961053275002,1.1852,0.9633333333333334,0.051321160048246384,0.20689846575260162,Indo-European,Latn,-4.304065093204169,-0.7991681025315063,6.587837837837826,-1.2130777820739592e-05
EuroLLM-1.7B,isl_Latn,0.21,Latn,Indo-European,9.371177412080815,1.7853,0.13,-0.10675694048404694,-0.004404622130095959,Indo-European,Latn,-4.304065093204169,-0.5292829451848928,6.587837837837826,-8.034121720001545e-06
EuroLLM-1.7B,nob_Latn,0.26666666666666666,Latn,Indo-European,10.265445888776227,1.1685,1.0,0.08216843754053116,0.2299768626689911,Indo-European,Latn,-3.7841896339182615,-0.32894843045003785,2.4545454545454564,-1.3401056746153902e-05
SmolLM2-1.7B,hin_Deva,0.25,Deva,Indo-European,10.225085947081105,4.7998,0.08666666666666667,-0.054710566997528076,-0.007304994389414787,Indo-European,Deva,-4.304065093204169,-1.2528956962744235,6.587837837837826,-1.9018025468052417e-05
SmolLM2-1.7B,ita_Latn,0.31666666666666665,Latn,Indo-European,11.218657350111846,1.525,0.8566666666666667,0.0187721885740757,0.1261991560459137,Indo-European,Latn,-2.3272777055844176,-0.08066703804809405,0.19550304878048794,-4.124017418824569e-05
SmolLM2-1.7B,npi_Deva,0.27,Deva,Indo-European,9.314204818644845,4.9684,0.03,-0.07673405855894089,-0.02595505863428116,Indo-European,Deva,-3.5973122605884447,-0.26806532851393783,1.7337328767123257,-1.5460851619246407e-05
SmolLM2-1.7B,swe_Latn,0.29333333333333333,Latn,Indo-European,10.585304823582218,1.8109,0.6066666666666667,-0.004491165280342102,0.0893961563706398,Indo-European,Latn,-2.7916369172104756,-0.33428078945190576,0.4144802947415429,-8.063113313952322e-05
SmolLM2-1.7B,afr_Latn,0.31333333333333335,Latn,Indo-European,9.04883387717687,1.7021,0.46,-0.03384236991405487,0.0674077719449997,Indo-European,Latn,-2.38343718962314,0.5024333738152618,0.21330312239464258,0.00023543862348033114
SmolLM2-1.7B,fra_Latn,0.33,Latn,Indo-European,11.504243358607456,1.5494,0.8466666666666667,-0.005531704518944025,0.11152391135692596,Indo-European,Latn,-2.12525107771113,0.042141758533191354,0.14429804104477606,2.9184439233555194e-05
SmolLM2-1.7B,por_Latn,0.32,Latn,Indo-European,11.136535917638877,1.6192,0.91,0.02271152287721634,0.13458997011184692,Indo-European,Latn,-2.2735975561207935,0.0062298436883980735,0.18007202881152456,3.457719681533372e-06
SmolLM2-1.7B,als_Latn,0.26666666666666666,Latn,Indo-European,9.562161153905935,2.1651,0.07,-0.08172900974750519,-0.0047149197198450565,Indo-European,Latn,-3.7841896339182615,-0.9974878657087114,2.4545454545454564,-4.063673895112112e-05
SmolLM2-1.7B,mar_Deva,0.2833333333333333,Deva,Indo-European,9.291197362643686,5.1509,0.023333333333333334,-0.08816377818584442,-0.03533488139510155,Indo-European,Deva,-3.0680529351336174,0.2865978727000429,0.6671511627906979,4.295202297549486e-05
SmolLM2-1.7B,dan_Latn,0.3,Latn,Indo-European,10.360245901721395,1.724,0.6566666666666666,-0.009977076202630997,0.09088071435689926,Indo-European,Latn,-2.639057329615259,-0.12625099011224838,0.3214285714285716,-3.9265869757424385e-05
SmolLM2-1.7B,ron_Latn,0.3,Latn,Indo-European,10.598220789235436,1.935,0.47,-0.028488148003816605,0.05489659681916237,Indo-European,Latn,-2.639057329615259,-0.17260065651826872,0.3214285714285716,-5.368128117796654e-05
SmolLM2-1.7B,urd_Arab,0.27666666666666667,Arab,Indo-European,9.431854501264098,5.3802,0.02,-0.07649042457342148,-0.03213217109441757,Indo-European,Arab,-3.3004558118606235,0.04443255790519762,1.0085145449308752,4.405306090236088e-06
SmolLM2-1.7B,ben_Beng,0.25,Beng,Indo-European,9.981044874347496,8.3417,0.013333333333333334,-0.07369758188724518,-0.03281068429350853,Indo-European,other,-4.304065093204169,-1.1776121286751695,6.587837837837826,-1.787527686519125e-05
SmolLM2-1.7B,deu_Latn,0.31,Latn,Indo-European,11.552705133249123,1.705,0.7766666666666666,0.0024418910034000874,0.09525442868471146,Indo-European,Latn,-2.4423470353692043,-0.2727785206106339,0.23399758454106281,-0.00011652342382312191
SmolLM2-1.7B,hye_Armn,0.31,Armn,Indo-European,9.379338026785135,8.1973,0.006666666666666667,-0.08213865756988525,-0.04503313824534416,Indo-European,other,-2.4423470353692043,0.8414224068041993,0.23399758454106281,0.00035943233180723677
SmolLM2-1.7B,ell_Grek,0.29,Grek,Indo-European,10.634956550916772,3.706,0.07,-0.05104602873325348,0.0037458189763128757,Indo-European,other,-2.876385515921425,-0.415108709572269,0.478653169014085,-8.670620612163509e-05
SmolLM2-1.7B,guj_Gujr,0.25333333333333335,Gujr,Indo-European,9.053743034427566,11.9871,0.01,-0.09119895845651627,-0.048511505126953125,Indo-European,other,-4.304065093204169,-0.5363111320077607,6.587837837837826,-8.140804372386354e-06
SmolLM2-1.7B,pan_Guru,0.27,Guru,Indo-European,8.861860543889303,7.9751,0.006666666666666667,-0.09198026359081268,-0.04825248941779137,Indo-European,other,-3.5973122605884447,-0.1883552069957215,1.7337328767123257,-1.086351570591653e-05
SmolLM2-1.7B,spa_Latn,0.3233333333333333,Latn,Indo-European,11.572692346038526,1.5328,0.95,0.03442950174212456,0.14951130747795105,Indo-European,Latn,-2.222163525683472,-0.07607237636340969,0.1665996620933926,-4.563439145382609e-05
SmolLM2-1.7B,eng_Latn,0.47333333333333333,Latn,Indo-European,12.454382979077453,1.0,,,,Indo-European,Latn,-0.857902413636001,0.9809095257216469,0.03378511748831883,0.002894809280393162
SmolLM2-1.7B,pbt_Arab,0.27,Arab,Indo-European,8.559915920992061,5.0026,0.013333333333333334,-0.10969174653291702,-0.057262104004621506,Indo-European,Arab,-3.5973122605884447,-0.041815166317501706,1.7337328767123257,-2.411718381823368e-06
SmolLM2-1.7B,nld_Latn,0.35333333333333333,Latn,Indo-European,10.903264809073452,1.6266,0.6233333333333333,-0.00680163037031889,0.08828224986791611,Indo-European,Latn,-1.833870954578182,0.5134810774932079,0.09594548204726606,0.0005346228334271246
SmolLM2-1.7B,pes_Arab,0.28,Arab,Indo-European,10.662263375070816,4.551,0.06,-0.06006225198507309,-0.011247538030147552,Indo-European,Arab,-3.178053830347945,-0.2708113267744996,0.8101851851851838,-3.342172998715947e-05
SmolLM2-1.7B,sin_Sinh,0.2633333333333333,Sinh,Indo-European,8.94462532284678,11.6228,,,,Indo-European,other,-4.011868340397864,-0.25045141561876116,3.7701498868778427,-6.642833310069794e-06
SmolLM2-1.7B,cat_Latn,0.30333333333333334,Latn,Indo-European,10.097961053275002,1.561,0.6,-0.029972346499562263,0.07293408364057541,Indo-European,Latn,-2.56974552972503,0.0013176290825800407,0.2870112514952153,4.5892632056021625e-07
SmolLM2-1.7B,isl_Latn,0.27666666666666667,Latn,Indo-European,9.371177412080815,2.2748,0.10666666666666667,-0.07102266699075699,0.013310167007148266,Indo-European,Latn,-3.3004558118606235,-0.4477828732653246,1.0085145449308752,-4.4395837383681985e-05
SmolLM2-1.7B,nob_Latn,0.2866666666666667,Latn,Indo-European,10.265445888776227,1.7384,0.6,-0.028202803805470467,0.07941771298646927,Indo-European,Latn,-2.9680807422234805,-0.426657986136469,0.5604580211632034,-7.611308196293634e-05
Falcon3-7B-Base,hin_Deva,0.37,Deva,Indo-European,10.225085947081105,4.546,0.20666666666666667,-0.055911798030138016,-0.0011072313645854592,Indo-European,Deva,-1.6582280766035322,0.5315863090662094,0.07647156084656088,0.0006942346521272019
Falcon3-7B-Base,ita_Latn,0.58,Latn,Indo-European,11.218657350111846,1.2913,0.97,0.04878542572259903,0.1799490749835968,Indo-European,Latn,-0.24116205681688824,1.1461662899701217,0.02377672832218287,0.004800349003037023
Falcon3-7B-Base,npi_Deva,0.29333333333333333,Deva,Indo-European,9.314204818644845,4.8086,0.03666666666666667,-0.06827075034379959,-0.014588160440325737,Indo-European,Deva,-2.7916369172104756,-0.314051816893238,0.4144802947415429,-7.575174721229799e-05
Falcon3-7B-Base,swe_Latn,0.4166666666666667,Latn,Indo-European,10.585304823582218,1.6779,0.7166666666666667,-0.029879862442612648,0.0970616266131401,Indo-European,Latn,-1.2527629684953678,0.35569491485352267,0.04821428571428569,0.000736210645771132
Falcon3-7B-Base,afr_Latn,0.35,Latn,Indo-European,9.04883387717687,1.6107,0.5233333333333333,-0.06147933006286621,0.07262401282787323,Indo-European,Latn,-1.8718021769015918,0.16945988965174452,0.10096153846153849,0.00016767990299614257
Falcon3-7B-Base,fra_Latn,0.7333333333333333,Latn,Indo-European,11.504243358607456,1.1582,0.9566666666666667,0.01622917875647545,0.18922945857048035,Indo-European,Latn,0.5947071077466926,1.8865763916280724,0.022071938168846613,0.008508847432564064
Falcon3-7B-Base,por_Latn,0.7166666666666667,Latn,Indo-European,11.136535917638877,1.1616,0.99,0.0675881877541542,0.2324129045009613,Indo-European,Latn,0.4989911661189879,1.8964479165547943,0.02177746098439376,0.008668500965030291
Falcon3-7B-Base,als_Latn,0.31,Latn,Indo-European,9.562161153905935,2.0329,0.19333333333333333,-0.09672985970973969,0.003793539945036173,Indo-European,Latn,-2.4423470353692043,-0.5044610164246306,0.23399758454106281,-0.0002154917648541493
Falcon3-7B-Base,mar_Deva,0.2833333333333333,Deva,Indo-European,9.291197362643686,4.9844,0.043333333333333335,-0.0677790492773056,-0.019644422456622124,Indo-European,Deva,-3.0680529351336174,-0.5657548558941223,0.6671511627906979,-8.478889021067364e-05
Falcon3-7B-Base,dan_Latn,0.3933333333333333,Latn,Indo-European,10.360245901721395,1.6146,0.72,-0.018202828243374825,0.09667511284351349,Indo-European,Latn,-1.442806571383233,0.2235351304788693,0.0591721690964525,0.0003771333728637486
Falcon3-7B-Base,ron_Latn,0.41333333333333333,Latn,Indo-European,10.598220789235436,1.7222,0.6766666666666666,-0.03085564821958542,0.09077781438827515,Indo-European,Latn,-1.2786636969275254,0.3306658410755472,0.04951771988944001,0.0006664269172702182
Falcon3-7B-Base,urd_Arab,0.36,Arab,Indo-European,9.431854501264098,4.4813,0.08,-0.06890448927879333,-0.018714390695095062,Indo-European,Arab,-1.7609878105613017,0.6560235256337132,0.08716425619834708,0.0007517665928975844
Falcon3-7B-Base,ben_Beng,0.32666666666666666,Beng,Indo-European,9.981044874347496,6.6116,0.023333333333333334,-0.07674381136894226,-0.02967405878007412,Indo-European,other,-2.172773481472055,-0.05991000586146278,0.15476145913268075,-3.868619486495064e-05
Falcon3-7B-Base,deu_Latn,0.44333333333333336,Latn,Indo-European,11.552705133249123,1.5468,0.9,0.01765361987054348,0.13682016730308533,Indo-European,Latn,-1.0575508018703355,0.26052087142037506,0.039950568541869895,0.0006504798331408926
Falcon3-7B-Base,hye_Armn,0.28,Armn,Indo-European,9.379338026785135,7.83,0.006666666666666667,-0.11157640814781189,-0.06568840146064758,Indo-European,other,-3.178053830347945,-0.7673433980894462,0.8101851851851838,-9.470041067801628e-05
Falcon3-7B-Base,ell_Grek,0.2966666666666667,Grek,Indo-European,10.634956550916772,4.0475,0.2733333333333333,-0.08097238838672638,0.00029155914671719074,Indo-European,other,-2.7128008038608074,-1.051492309218688,0.3631577038398295,-0.00028946180578657204
Falcon3-7B-Base,guj_Gujr,0.3,Gujr,Indo-European,9.053743034427566,9.406,0.013333333333333334,-0.08449258655309677,-0.03641573712229729,Indo-European,other,-2.639057329615259,0.02735293248371473,0.3214285714285716,8.507154553756195e-06
Falcon3-7B-Base,pan_Guru,0.31333333333333335,Guru,Indo-European,8.861860543889303,8.2654,0.02,-0.07287577539682388,-0.029922543093562126,Indo-European,other,-2.38343718962314,0.22027186300148127,0.21330312239464258,0.00010321866922306199
Falcon3-7B-Base,spa_Latn,0.7266666666666667,Latn,Indo-European,11.572692346038526,1.14,0.98,0.05034082010388374,0.23358973860740662,Indo-European,Latn,0.5561253829956542,1.8265279896633673,0.02193887470196527,0.008287755225097794
Falcon3-7B-Base,eng_Latn,0.7666666666666667,Latn,Indo-European,12.454382979077453,1.0,,,,Indo-European,Latn,0.7949298748698881,1.7985583876249198,0.023078638323175266,0.007759551542888595
Falcon3-7B-Base,pbt_Arab,0.2966666666666667,Arab,Indo-European,8.559915920992061,4.1994,0.01,-0.09316854178905487,-0.04542498290538788,Indo-European,Arab,-2.7128008038608074,-0.07531226147543757,0.3631577038398295,-2.0732460909780117e-05
Falcon3-7B-Base,nld_Latn,0.4033333333333333,Latn,Indo-European,10.903264809073452,1.4967,0.7633333333333333,-0.007395551539957523,0.1099780797958374,Indo-European,Latn,-1.35874440935166,0.14002904699577967,0.0539088984169562,0.00025927032600898275
Falcon3-7B-Base,pes_Arab,0.3,Arab,Indo-European,10.662263375070816,3.7501,0.3566666666666667,-0.04344572126865387,0.011907228268682957,Indo-European,Arab,-2.639057329615259,-0.6495862043863623,0.3214285714285716,-0.0002020306318278378
Falcon3-7B-Base,sin_Sinh,0.29,Sinh,Indo-European,8.94462532284678,11.1584,,,,Indo-European,other,-2.876385515921425,0.0019595507543090918,0.478653169014085,4.093029381718413e-07
Falcon3-7B-Base,cat_Latn,0.5633333333333334,Latn,Indo-European,10.097961053275002,1.3955,0.8566666666666667,0.005257466807961464,0.14446476101875305,Indo-European,Latn,-0.3319025409311475,1.3869110082131775,0.024637888374761125,0.0056064243932391475
Falcon3-7B-Base,isl_Latn,0.3333333333333333,Latn,Indo-European,9.371177412080815,2.1189,0.22666666666666666,-0.06531764566898346,0.020032072439789772,Indo-European,Latn,-2.079441541679836,-0.07802827101137355,0.13500000000000006,-5.7755937085159346e-05
Falcon3-7B-Base,nob_Latn,0.37333333333333335,Latn,Indo-European,10.265445888776227,1.5996,0.6566666666666666,-0.03306758031249046,0.08921805769205093,Indo-European,Latn,-1.6255240501857244,0.06640237169250174,0.07343456164617751,9.030090097915877e-05
salamandra-2b,hin_Deva,0.2733333333333333,Deva,Indo-European,10.225085947081105,10.5921,0.006666666666666667,-0.3968225419521332,-0.216508686542511,Indo-European,Deva,-3.4385849137337767,1.1024461987950844,1.2954034824939167,8.509789543462098e-05
salamandra-2b,ita_Latn,0.24333333333333335,Latn,Indo-European,11.218657350111846,0.9546,0.9833333333333333,0.05945347249507904,0.23397089540958405,Indo-European,Latn,-4.304065093204169,-1.2237075315800188,6.587837837837826,-1.8574970821623265e-05
salamandra-2b,npi_Deva,0.20666666666666667,Deva,Indo-European,9.314204818644845,10.7609,0.006666666666666667,-0.3699496388435364,-0.20505787432193756,Indo-European,Deva,-4.304065093204169,0.515064178255626,6.587837837837826,7.818291419696138e-06
salamandra-2b,swe_Latn,0.24666666666666667,Latn,Indo-European,10.585304823582218,1.019,0.96,0.0030548761133104563,0.21076077222824097,Indo-European,Latn,-4.304065093204169,-1.0358029145477308,6.587837837837826,-1.5722718392144383e-05
salamandra-2b,afr_Latn,0.23666666666666666,Latn,Indo-European,9.04883387717687,1.1984,0.6733333333333333,-0.05261407047510147,0.10977040976285934,Indo-European,Latn,-4.304065093204169,-0.5775696029882322,6.587837837837826,-8.767077297177835e-06
salamandra-2b,fra_Latn,0.2966666666666667,Latn,Indo-European,11.504243358607456,1.0887,0.8833333333333333,-0.018910851329565048,0.18817375600337982,Indo-European,Latn,-2.7128008038608074,0.2996510731888966,0.3631577038398295,8.248994310279001e-05
salamandra-2b,por_Latn,0.27,Latn,Indo-European,11.136535917638877,0.9898,0.9566666666666667,0.03205432742834091,0.22842630743980408,Indo-European,Latn,-3.5973122605884447,-0.48982198361335616,1.7337328767123257,-2.825081875379001e-05
salamandra-2b,als_Latn,0.2633333333333333,Latn,Indo-European,9.562161153905935,1.6762,0.09666666666666666,-0.1705092489719391,-0.026494238525629044,Indo-European,Latn,-4.011868340397864,-0.3830154852337526,3.7701498868778427,-1.0158888574108758e-05
salamandra-2b,mar_Deva,0.2,Deva,Indo-European,9.291197362643686,11.2092,0.006666666666666667,-0.3600665330886841,-0.19993284344673157,Indo-European,Deva,-4.304065093204169,0.5678770658427323,6.587837837837826,8.619951800942838e-06
salamandra-2b,dan_Latn,0.2833333333333333,Latn,Indo-European,10.360245901721395,1.0255,0.9766666666666667,0.03504103422164917,0.22742192447185516,Indo-European,Latn,-3.0680529351336174,0.2652907634114703,0.6671511627906979,3.975875626023607e-05
salamandra-2b,ron_Latn,0.17666666666666667,Latn,Indo-European,10.598220789235436,1.0331,0.9433333333333334,0.007473192643374205,0.19575561583042145,Indo-European,Latn,-4.304065093204169,-1.0380454516061297,6.587837837837826,-1.5756758437961434e-05
salamandra-2b,urd_Arab,0.21,Arab,Indo-European,9.431854501264098,7.0461,0.0,-0.3648827373981476,-0.21578943729400635,Indo-European,Arab,-4.304065093204169,0.10517503577681353,6.587837837837826,1.5964788803516721e-06
salamandra-2b,ben_Beng,0.22333333333333333,Beng,Indo-European,9.981044874347496,11.3257,0.0033333333333333335,-0.38091355562210083,-0.2152257263660431,Indo-European,other,-4.304065093204169,0.02266069333314924,6.587837837837826,3.4397248950895484e-07
salamandra-2b,deu_Latn,0.25333333333333335,Latn,Indo-European,11.552705133249123,0.9779,0.9633333333333334,0.010467893444001675,0.20759287476539612,Indo-European,Latn,-4.304065093204169,-1.316908420826695,6.587837837837826,-1.998969105033242e-05
salamandra-2b,hye_Armn,0.29333333333333333,Armn,Indo-European,9.379338026785135,7.6473,0.006666666666666667,-0.3854929506778717,-0.2217581421136856,Indo-European,other,-2.7916369172104756,1.3279830452407118,0.4144802947415429,0.00032031986616663143
salamandra-2b,ell_Grek,0.28,Grek,Indo-European,10.634956550916772,1.0844,0.93,0.011635085567831993,0.19181378185749054,Indo-European,other,-3.178053830347945,-0.09454768093237575,0.8101851851851838,-1.1668444962968851e-05
salamandra-2b,guj_Gujr,0.24666666666666667,Gujr,Indo-European,9.053743034427566,11.1886,0.01,-0.36258336901664734,-0.19805407524108887,Indo-European,other,-4.304065093204169,0.2739143339462995,6.587837837837826,4.157816013806875e-06
salamandra-2b,pan_Guru,0.2,Guru,Indo-European,8.861860543889303,10.8518,0.0033333333333333335,-0.35698479413986206,-0.2038075178861618,Indo-European,other,-4.304065093204169,0.29410012111343065,6.587837837837826,4.46422126024369e-06
salamandra-2b,spa_Latn,0.25333333333333335,Latn,Indo-European,11.572692346038526,0.9846,0.9666666666666667,0.021924089640378952,0.23086649179458618,Indo-European,Latn,-4.304065093204169,-1.32193780953074,6.587837837837826,-2.006603343284791e-05
salamandra-2b,eng_Latn,0.24333333333333335,Latn,Indo-European,12.454382979077453,1.0,,,,Indo-European,Latn,-4.304065093204169,-1.5726872215846424,6.587837837837826,-2.387222314237618e-05
salamandra-2b,pbt_Arab,0.2633333333333333,Arab,Indo-European,8.559915920992061,7.1641,0.006666666666666667,-0.31689849495887756,-0.17092743515968323,Indo-European,Arab,-4.011868340397864,0.6590862552324541,3.7701498868778427,1.7481235336329838e-05
salamandra-2b,nld_Latn,0.26666666666666666,Latn,Indo-European,10.903264809073452,0.9794,0.9633333333333334,0.034599147737026215,0.21169719099998474,Indo-European,Latn,-3.7841896339182615,-0.6110102416506416,2.4545454545454564,-2.4891995719775857e-05
salamandra-2b,pes_Arab,0.20666666666666667,Arab,Indo-European,10.662263375070816,6.877,0.006666666666666667,-0.36728981137275696,-0.18816779553890228,Indo-European,Arab,-4.304065093204169,-0.26440202414156033,6.587837837837826,-4.013426207029507e-06
salamandra-2b,sin_Sinh,0.2733333333333333,Sinh,Indo-European,8.94462532284678,10.873,,,,Indo-European,other,-3.4385849137337767,1.138079368933251,1.2954034824939167,8.784842220816317e-05
salamandra-2b,cat_Latn,0.24,Latn,Indo-European,10.097961053275002,1.046,0.9433333333333334,0.03039044328033924,0.2180282324552536,Indo-European,Latn,-4.304065093204169,-0.8935422515379701,6.587837837837826,-1.3563307260595958e-05
salamandra-2b,isl_Latn,0.20333333333333334,Latn,Indo-European,9.371177412080815,1.681,0.16666666666666666,-0.137404665350914,-0.0043860916048288345,Indo-European,Latn,-4.304065093204169,-0.6200582435036388,6.587837837837826,-9.412023281205994e-06
salamandra-2b,nob_Latn,0.2633333333333333,Latn,Indo-European,10.265445888776227,1.011,0.96,-0.0006355295772664249,0.20402279496192932,Indo-European,Latn,-4.011868340397864,-0.6528883623712125,3.7701498868778427,-1.7316845877595146e-05
salamandra-7b,hin_Deva,0.29,Deva,Indo-European,10.225085947081105,10.5921,0.09666666666666666,-0.05695541203022003,-0.014863522723317146,Indo-European,Deva,-2.876385515921425,0.3495175639648074,0.478653169014085,7.300579643527768e-05
salamandra-7b,ita_Latn,0.37666666666666665,Latn,Indo-European,11.218657350111846,0.9546,0.9933333333333333,0.10180914402008057,0.2876988649368286,Indo-European,Latn,-1.593522457128201,0.17170707185332135,0.07061767668538078,0.0002428064380877698
salamandra-7b,npi_Deva,0.23,Deva,Indo-European,9.314204818644845,10.7609,0.09666666666666666,-0.06315400451421738,-0.02069479040801525,Indo-European,Deva,-4.304065093204169,-0.8000638543870018,6.587837837837826,-1.2144374668152917e-05
salamandra-7b,swe_Latn,0.36,Latn,Indo-European,10.585304823582218,1.019,0.9933333333333333,0.10447392612695694,0.2796245813369751,Indo-European,Latn,-1.7609878105613017,0.1921463354525086,0.08716425619834708,0.00022018904856278119
salamandra-7b,afr_Latn,0.31333333333333335,Latn,Indo-European,9.04883387717687,1.1984,0.88,0.039907511323690414,0.17480291426181793,Indo-European,Latn,-2.38343718962314,0.02793026795016873,0.21330312239464258,1.3088031539317757e-05
salamandra-7b,fra_Latn,0.38333333333333336,Latn,Indo-European,11.504243358607456,1.0887,0.9666666666666667,0.024398110806941986,0.22489021718502045,Indo-European,Latn,-1.5314763709643884,0.16584747344268735,0.06556165540540541,0.000252578879443789
salamandra-7b,por_Latn,0.3933333333333333,Latn,Indo-European,11.136535917638877,0.9898,0.9933333333333333,0.07865773141384125,0.2785213589668274,Indo-European,Latn,-1.442806571383233,0.3495556729492273,0.0591721690964525,0.000589746719720158
salamandra-7b,als_Latn,0.25333333333333335,Latn,Indo-European,9.562161153905935,1.6762,0.3,-0.09784490615129471,0.015395018272101879,Indo-European,Latn,-4.304065093204169,-1.9903402706826858,6.587837837837826,-3.0211886013802395e-05
salamandra-7b,mar_Deva,0.26,Deva,Indo-European,9.291197362643686,11.2092,0.043333333333333335,-0.07094522565603256,-0.03139566630125046,Indo-European,Deva,-4.304065093204169,-0.7472509667998959,6.587837837837826,-1.1342714286906223e-05
salamandra-7b,dan_Latn,0.36333333333333334,Latn,Indo-European,10.360245901721395,1.0255,0.99,0.11173785477876663,0.28861960768699646,Indo-European,Latn,-1.7259129034304685,0.29230276247199094,0.08330653635029618,0.0003504554622075566
salamandra-7b,ron_Latn,0.35,Latn,Indo-European,10.598220789235436,1.0331,0.9833333333333333,0.05828307569026947,0.2501009702682495,Indo-European,Latn,-1.8718021769015918,0.07908943205381957,0.10096153846153849,7.825868600930865e-05
salamandra-7b,urd_Arab,0.23666666666666666,Arab,Indo-European,9.431854501264098,7.0461,0.12333333333333334,-0.05880996212363243,-0.017537688836455345,Indo-European,Arab,-4.304065093204169,-1.2099529968658147,6.587837837837826,-1.8366187207497388e-05
salamandra-7b,ben_Beng,0.28,Beng,Indo-European,9.981044874347496,11.3257,0.04666666666666667,-0.06469067186117172,-0.029135609045624733,Indo-European,other,-3.178053830347945,-0.16645607645325455,0.8101851851851838,-2.054290013450759e-05
salamandra-7b,deu_Latn,0.3933333333333333,Latn,Indo-European,11.552705133249123,0.9779,0.99,0.08485611528158188,0.26840007305145264,Indo-European,Latn,-1.442806571383233,0.22922206835161307,0.0591721690964525,0.0003867279903029881
salamandra-7b,hye_Armn,0.32,Armn,Indo-European,9.379338026785135,7.6473,0.01,-0.09348519146442413,-0.05418950319290161,Indo-European,other,-2.2735975561207935,0.5308943736877656,0.18007202881152456,0.00029465970783709315
salamandra-7b,ell_Grek,0.33666666666666667,Grek,Indo-European,10.634956550916772,1.0844,0.97,0.04187200218439102,0.2442418932914734,Indo-European,other,-2.03520828670301,-0.26683016993006925,0.12669672326127676,-0.0002104393260790268
salamandra-7b,guj_Gujr,0.2966666666666667,Gujr,Indo-European,9.053743034427566,11.1886,0.03333333333333333,-0.07047446072101593,-0.031567517668008804,Indo-European,other,-2.7128008038608074,0.5500505906470328,0.3631577038398295,0.00015142158992301666
salamandra-7b,pan_Guru,0.2866666666666667,Guru,Indo-European,8.861860543889303,10.8518,0.02666666666666667,-0.06700449436903,-0.030560029670596123,Indo-European,other,-2.9680807422234805,0.31495643945149165,0.5604580211632034,5.618623364565141e-05
salamandra-7b,spa_Latn,0.38666666666666666,Latn,Indo-European,11.572692346038526,0.9846,0.99,0.07796502113342285,0.2792394459247589,Indo-European,Latn,-1.501363690904678,0.16563556012612324,0.06328725137728576,0.000261307371011591
salamandra-7b,eng_Latn,0.4,Latn,Indo-European,12.454382979077453,1.0,,,,Indo-European,Latn,-1.3862943611198904,0.02995547785700836,0.05555555555555554,5.382297878770332e-05
salamandra-7b,pbt_Arab,0.27,Arab,Indo-European,8.559915920992061,7.1641,0.006666666666666667,-0.09101970493793488,-0.042301926761865616,Indo-European,Arab,-3.5973122605884447,-0.241485697600754,1.7337328767123257,-1.3927853181497103e-05
salamandra-7b,nld_Latn,0.33,Latn,Indo-European,10.903264809073452,0.9794,0.9933333333333333,0.08965615183115005,0.2686707675457001,Indo-European,Latn,-2.12525107771113,-0.2671997180861383,0.14429804104477606,-0.0001850438663453319
salamandra-7b,pes_Arab,0.26666666666666666,Arab,Indo-European,10.662263375070816,6.877,0.25333333333333335,-0.0435565710067749,0.0031005316413939,Indo-European,Arab,-3.7841896339182615,-1.0596545974982803,2.4545454545454564,-4.3169354473026736e-05
salamandra-7b,sin_Sinh,0.29,Sinh,Indo-European,8.94462532284678,10.873,,,,Indo-European,other,-2.876385515921425,0.3851507341029743,0.478653169014085,8.044870698802612e-05
salamandra-7b,cat_Latn,0.37,Latn,Indo-European,10.097961053275002,1.046,0.9933333333333333,0.07209455221891403,0.2612573206424713,Indo-European,Latn,-1.6582280766035322,0.4371667324200388,0.07647156084656088,0.0005709257165350768
salamandra-7b,isl_Latn,0.29333333333333333,Latn,Indo-European,9.371177412080815,1.681,0.53,-0.04626336321234703,0.0632893443107605,Indo-European,Latn,-2.7916369172104756,-0.4227581001525733,0.4144802947415429,-0.00010197255042898362
salamandra-7b,nob_Latn,0.3566666666666667,Latn,Indo-European,10.265445888776227,1.011,0.9866666666666667,0.07251617312431335,0.26631245017051697,Indo-European,Latn,-1.7969542861051588,0.24689765927886476,0.09136298777525904,0.00026994270063847704
granite-3.1-8b-base,hin_Deva,0.29333333333333333,Deva,Indo-European,10.225085947081105,4.2796,0.26666666666666666,-0.053657371550798416,0.005144922994077206,Indo-European,Deva,-2.7916369172104756,-0.7025888426448232,0.4144802947415429,-0.00016946990764580495
granite-3.1-8b-base,ita_Latn,0.57,Latn,Indo-European,11.218657350111846,1.2933,0.9566666666666667,0.053805604577064514,0.18081115186214447,Indo-European,Latn,-0.29546421289383634,1.018774943837324,0.02427212027616278,0.004180083358752401
granite-3.1-8b-base,npi_Deva,0.32666666666666666,Deva,Indo-European,9.314204818644845,4.3408,0.08666666666666667,-0.06689992547035217,-0.00853435043245554,Indo-European,Deva,-2.172773481472055,0.1832771550618264,0.15476145913268075,0.0001183491077114855
granite-3.1-8b-base,swe_Latn,0.44666666666666666,Latn,Indo-European,10.585304823582218,1.4425,0.55,-0.03374844789505005,0.09555859863758087,Indo-European,Latn,-1.034450344450824,0.47643791465126206,0.039132398597550196,0.0012143991488802702
granite-3.1-8b-base,afr_Latn,0.45666666666666667,Latn,Indo-European,9.04883387717687,1.4448,0.6033333333333334,-0.0026500720996409655,0.11442727595567703,Indo-European,Latn,-0.9666158157616709,0.9842433922410347,0.0368971961721877,0.0026603188729838905
granite-3.1-8b-base,fra_Latn,0.6733333333333333,Latn,Indo-European,11.504243358607456,1.34,0.8766666666666667,0.017877740785479546,0.14679406583309174,Indo-European,Latn,0.25921960778801917,1.496540485385805,0.021565604355698504,0.0069074486029450325
granite-3.1-8b-base,por_Latn,0.6466666666666666,Latn,Indo-European,11.136535917638877,1.2916,0.9333333333333333,0.0483427569270134,0.18230046331882477,Indo-European,Latn,0.11568439899946212,1.4532511825320815,0.021809500714825337,0.006632972615164285
granite-3.1-8b-base,als_Latn,0.29,Latn,Indo-European,9.562161153905935,1.8249,0.056666666666666664,-0.2544378936290741,-0.15743426978588104,Indo-European,Latn,-2.876385515921425,-1.0332436625175379,0.478653169014085,-0.0002158197019587944
granite-3.1-8b-base,mar_Deva,0.3333333333333333,Deva,Indo-European,9.291197362643686,4.511,0.12666666666666668,-0.0720294788479805,-0.016730263829231262,Indo-European,Deva,-2.079441541679836,0.3007446077633742,0.13500000000000006,0.00022260888806269237
granite-3.1-8b-base,dan_Latn,0.45,Latn,Indo-European,10.360245901721395,1.4501,0.56,-0.015345168299973011,0.10235504060983658,Indo-European,Latn,-1.01160091167848,0.5644822981362234,0.038352272727272714,0.0014680076315450312
granite-3.1-8b-base,ron_Latn,0.49,Latn,Indo-European,10.598220789235436,1.6711,0.37,-0.02945452556014061,0.058359578251838684,Indo-European,Latn,-0.7537718023763801,0.7769929303411048,0.03127553104575164,0.002476429575678759
granite-3.1-8b-base,urd_Arab,0.36333333333333334,Arab,Indo-European,9.431854501264098,3.543,0.19,-0.042804792523384094,0.0032217195257544518,Indo-European,Arab,-1.7259129034304685,0.5210465120020678,0.08330653635029618,0.0006247070491208221
granite-3.1-8b-base,ben_Beng,0.32,Beng,Indo-European,9.981044874347496,3.5987,0.25333333333333335,-0.04370874539017677,0.004931839182972908,Indo-European,other,-2.2735975561207935,-0.5447165352766903,0.18007202881152456,-0.00030233135457117746
granite-3.1-8b-base,deu_Latn,0.52,Latn,Indo-European,11.552705133249123,1.3487,0.93,0.04710432514548302,0.16451576352119446,Indo-European,Latn,-0.5753641449035617,0.6489842402621754,0.027863511659807966,0.002320825253134736
granite-3.1-8b-base,hye_Armn,0.28,Armn,Indo-European,9.379338026785135,4.4952,0.02,-0.10043380409479141,-0.04987337812781334,Indo-European,other,-3.178053830347945,-1.1845198367062642,0.8101851851851838,-0.0001461855477932254
granite-3.1-8b-base,ell_Grek,0.37,Grek,Indo-European,10.634956550916772,3.3495,0.05,-0.19938905537128448,-0.11164174228906631,Indo-European,other,-1.6582280766035322,-0.1421920236333869,0.07647156084656088,-0.0001856982175314924
granite-3.1-8b-base,guj_Gujr,0.30333333333333334,Gujr,Indo-European,9.053743034427566,10.1093,0.03666666666666667,-0.11570191383361816,-0.046353116631507874,Indo-European,other,-2.56974552972503,0.09589284854436064,0.2870112514952153,3.339919563054116e-05
granite-3.1-8b-base,pan_Guru,0.28,Guru,Indo-European,8.861860543889303,9.7885,0.043333333333333335,-0.11696355789899826,-0.04715786129236221,Indo-European,other,-3.178053830347945,-0.49057976201734066,0.8101851851851838,-6.054408632057989e-05
granite-3.1-8b-base,spa_Latn,0.56,Latn,Indo-European,11.572692346038526,1.2649,0.9466666666666667,0.03995952755212784,0.18257072567939758,Indo-European,Latn,-0.35020242943311486,0.8597843037839222,0.024832087787342718,0.003448505039446092
granite-3.1-8b-base,eng_Latn,0.7533333333333333,Latn,Indo-European,12.454382979077453,1.0,,,,Indo-European,Latn,0.7132147436107544,1.6435478284481757,0.022603027131337293,0.007239333411098847
granite-3.1-8b-base,pbt_Arab,0.23333333333333334,Arab,Indo-European,8.559915920992061,3.3274,0.006666666666666667,-0.09807658195495605,-0.0558793880045414,Indo-European,Arab,-4.304065093204169,-1.8297916864639223,6.587837837837826,-2.7774877830503324e-05
granite-3.1-8b-base,nld_Latn,0.49,Latn,Indo-European,10.903264809073452,1.3414,0.88,0.04305634647607803,0.16019877791404724,Indo-European,Latn,-0.7537718023763801,0.6556918560877579,0.03127553104575164,0.002089819149622651
granite-3.1-8b-base,pes_Arab,0.31333333333333335,Arab,Indo-European,10.662263375070816,2.7787,0.23333333333333334,-0.027091631665825844,0.02391345426440239,Indo-European,Arab,-2.38343718962314,-0.5674312217688557,0.21330312239464258,-0.00026589640085246006
granite-3.1-8b-base,sin_Sinh,0.3,Sinh,Indo-European,8.94462532284678,6.7614,,,,Indo-European,other,-2.639057329615259,-0.28742162993726383,0.3214285714285716,-8.939225171748602e-05
granite-3.1-8b-base,cat_Latn,0.5866666666666667,Latn,Indo-European,10.097961053275002,1.3397,0.84,-0.008231917396187782,0.12427841126918793,Indo-European,Latn,-0.20516104876377736,1.4346030361198232,0.023479671505956094,0.006084067098895217
granite-3.1-8b-base,isl_Latn,0.3233333333333333,Latn,Indo-European,9.371177412080815,1.7876,0.08333333333333333,-0.07444357126951218,-0.014817320741713047,Indo-European,Latn,-2.222163525683472,-0.3282089847332208,0.1665996620933926,-0.00019688641272580258
granite-3.1-8b-base,nob_Latn,0.47,Latn,Indo-European,10.265445888776227,1.4347,0.51,-0.0374419279396534,0.09639809280633926,Indo-European,Latn,-0.8792494601938063,0.7223772220646696,0.034354046468111646,0.002096639716137917
Yi-1.5-9B,hin_Deva,0.4766666666666667,Deva,Indo-European,10.225085947081105,9.5672,0.16,-0.051580511033535004,-0.006648106500506401,Indo-European,Deva,-0.8367381001722014,0.32883539223760505,0.033240101492076776,0.0009863059124701461
Yi-1.5-9B,ita_Latn,0.7766666666666666,Latn,Indo-European,11.218657350111846,1.4999,0.94,0.04786398261785507,0.19085179269313812,Indo-European,Latn,0.8579024136360006,0.7247197004091465,0.023507731730707145,0.0030698404602256205
Yi-1.5-9B,npi_Deva,0.3933333333333333,Deva,Indo-European,9.314204818644845,9.2829,0.06666666666666667,-0.057697001844644547,-0.01476781815290451,Indo-European,Deva,-1.442806571383233,-0.04585810762429943,0.0591721690964525,-7.736870156647865e-05
Yi-1.5-9B,swe_Latn,0.7366666666666667,Latn,Indo-European,10.585304823582218,1.7452,0.8766666666666667,0.03765006735920906,0.16727317869663239,Indo-European,Latn,0.6141587692413152,0.6875348876429722,0.022146405742640585,0.003090543684217158
Yi-1.5-9B,afr_Latn,0.63,Latn,Indo-European,9.04883387717687,1.6493,0.7,-0.0019080141792073846,0.11081746220588684,Indo-European,Latn,0.02666824708216149,0.5298890353720054,0.02210919368121585,0.0023858994746923353
Yi-1.5-9B,fra_Latn,0.7933333333333333,Latn,Indo-European,11.504243358607456,1.5021,0.9233333333333333,0.006235258653759956,0.15612736344337463,Indo-European,Latn,0.9666158157616708,0.7519260309772752,0.024381130568125103,0.003071451413922774
Yi-1.5-9B,por_Latn,0.8,Latn,Indo-European,11.136535917638877,1.5679,0.95,0.03525668755173683,0.18419966101646423,Indo-European,Latn,1.0116009116784803,0.9089332147354336,0.02479338842975207,0.0036513037078182878
Yi-1.5-9B,als_Latn,0.44,Latn,Indo-European,9.562161153905935,2.0924,0.3233333333333333,-0.07247384637594223,0.02674354799091816,Indo-European,Latn,-1.0809127115687085,-0.6789127852322325,0.04080925999208549,-0.0016595577269321422
Yi-1.5-9B,mar_Deva,0.44333333333333336,Deva,Indo-European,9.291197362643686,9.6865,0.07666666666666666,-0.05696519836783409,-0.017163267359137535,Indo-European,Deva,-1.0575508018703355,0.3876011332653606,0.039950568541869895,0.0009677793534014666
Yi-1.5-9B,dan_Latn,0.6966666666666667,Latn,Indo-European,10.360245901721395,1.684,0.9,0.04170569032430649,0.15807421505451202,Indo-European,Latn,0.3869802934340611,0.5184567801037792,0.02158435516366013,0.002390925513773769
Yi-1.5-9B,ron_Latn,0.73,Latn,Indo-European,10.598220789235436,2.0221,0.81,0.007498083170503378,0.12438298761844635,Indo-European,Latn,0.5753641449035619,0.6735973812821298,0.022002797067901245,0.003047566238853453
Yi-1.5-9B,urd_Arab,0.47,Arab,Indo-European,9.431854501264098,5.6704,0.16,-0.053652696311473846,-0.006055799312889576,Indo-European,Arab,-0.8792494601938063,0.11835892771535583,0.034354046468111646,0.0003435269289117417
Yi-1.5-9B,ben_Beng,0.44,Beng,Indo-European,9.981044874347496,11.6184,0.06,-0.05508003756403923,-0.019801193848252296,Indo-European,other,-1.0809127115687085,0.006224958177273976,0.04080925999208549,1.5216501548296458e-05
Yi-1.5-9B,deu_Latn,0.75,Latn,Indo-European,11.552705133249123,1.6763,0.9466666666666667,0.03210083395242691,0.16461385786533356,Indo-European,Latn,0.6931471805599452,0.4825510864041689,0.022499999999999996,0.002135181798255411
Yi-1.5-9B,hye_Armn,0.3433333333333333,Armn,Indo-European,9.379338026785135,7.8509,0.006666666666666667,-0.07444438338279724,-0.04294801875948906,Indo-European,other,-1.9509992185627847,-1.0801552696443584,0.11253787682585727,-0.0009589627397776241
Yi-1.5-9B,ell_Grek,0.5433333333333333,Grek,Indo-European,10.634956550916772,4.721,0.34,-0.03870745375752449,0.02092844992876053,Indo-European,other,-0.44264411134991827,-0.2539066857554709,0.025926594453157994,-0.0009755663047297838
Yi-1.5-9B,guj_Gujr,0.38,Gujr,Indo-European,9.053743034427566,11.4761,0.04,-0.06660986691713333,-0.027498619630932808,Indo-European,other,-1.5621850275835547,-0.22432993566499992,0.0679996182477572,-0.0003294143806271512
Yi-1.5-9B,pan_Guru,0.3333333333333333,Guru,Indo-European,8.861860543889303,11.1279,0.05333333333333334,-0.07205771654844284,-0.03492586687207222,Indo-European,other,-2.079441541679836,-0.7225762184061839,0.13500000000000006,-0.0005348454614336494
Yi-1.5-9B,spa_Latn,0.8,Latn,Indo-European,11.572692346038526,1.5139,0.9466666666666667,0.037215638905763626,0.1994895488023758,Indo-European,Latn,1.0116009116784803,0.7785380176068224,0.02479338842975207,0.003127489131523943
Yi-1.5-9B,eng_Latn,0.87,Latn,Indo-European,12.454382979077453,1.0,,,,Indo-European,Latn,1.5621850275835547,1.023791871343118,0.03264328023693268,0.0031267236023304395
Yi-1.5-9B,pbt_Arab,0.2833333333333333,Arab,Indo-European,8.559915920992061,5.2051,0.013333333333333334,-0.07778403908014297,-0.033694375306367874,Indo-European,Arab,-3.0680529351336174,-1.8688793529575252,0.6671511627906979,-0.0002800863388675244
Yi-1.5-9B,nld_Latn,0.77,Latn,Indo-European,10.903264809073452,1.5941,0.85,0.026041304692626,0.15001383423805237,Indo-European,Latn,0.8157495026522777,0.7825450738719771,0.02321440056598919,0.0033564880712187353
Yi-1.5-9B,pes_Arab,0.56,Arab,Indo-European,10.662263375070816,5.03,0.48,-0.03129362687468529,0.029567232355475426,Indo-European,Arab,-0.35020242943311486,0.22922894643384895,0.024832087787342718,0.0009194133615714953
Yi-1.5-9B,sin_Sinh,0.32666666666666666,Sinh,Indo-European,8.94462532284678,11.096,,,,Indo-European,other,-2.172773481472055,-0.8428847050787112,0.15476145913268075,-0.0005442830706805263
Yi-1.5-9B,cat_Latn,0.7433333333333333,Latn,Indo-European,10.097961053275002,1.544,0.83,0.01113818772137165,0.14209933578968048,Indo-European,Latn,0.6534068519104307,0.8455118932949929,0.022311793848956003,0.0037726203399640846
Yi-1.5-9B,isl_Latn,0.49333333333333335,Latn,Indo-European,9.371177412080815,2.4091,0.3566666666666667,-0.04456149786710739,0.04241711646318436,Indo-European,Latn,-0.7334210796978851,-0.2441043642834635,0.030833028809592013,-0.0007891382566638282
Yi-1.5-9B,nob_Latn,0.7266666666666667,Latn,Indo-European,10.265445888776227,1.6866,0.82,0.01996595412492752,0.14372363686561584,Indo-European,Latn,0.5561253829956542,0.7150014828649877,0.02193887470196527,0.0032442740046194104
Llama-3.1-8B,hin_Deva,0.5933333333333334,Deva,Indo-European,10.225085947081105,2.4225,0.86,0.0063644470646977425,0.1252841055393219,Indo-European,Deva,-0.16929205650362059,0.21044481663399436,0.02320756116443045,0.0009029036335073782
Llama-3.1-8B,ita_Latn,0.71,Latn,Indo-European,11.218657350111846,1.314,0.98,0.09007665514945984,0.2692524194717407,Indo-European,Latn,0.4613455665026207,0.2599102502125341,0.02169431588553549,0.0011925598012761222
Llama-3.1-8B,npi_Deva,0.47,Deva,Indo-European,9.314204818644845,2.5177,0.69,-0.015351922251284122,0.08522505313158035,Indo-European,Deva,-0.8792494601938063,-0.22900398143803624,0.034354046468111646,-0.0006646649810715685
Llama-3.1-8B,swe_Latn,0.7066666666666667,Latn,Indo-European,10.585304823582218,1.5013,0.98,0.076381154358387,0.2514845132827759,Indo-European,Latn,0.4426441113499186,0.4417867286972927,0.021659869514043955,0.00203028206770108
Llama-3.1-8B,afr_Latn,0.61,Latn,Indo-European,9.04883387717687,1.4947,0.9233333333333333,0.0562884658575058,0.22180452942848206,Indo-European,Latn,-0.0800427076735365,0.35815310008962375,0.022628798670465335,0.0015757678409839774
Llama-3.1-8B,fra_Latn,0.7566666666666667,Latn,Indo-European,11.504243358607456,1.3131,0.9633333333333334,0.027283988893032074,0.2145661860704422,Indo-European,Latn,0.7334210796978854,0.45015902316452905,0.022712220857207904,0.0019733239739517174
Llama-3.1-8B,por_Latn,0.7633333333333333,Latn,Indo-European,11.136535917638877,1.3098,0.9833333333333333,0.07698111981153488,0.26442086696624756,Indo-European,Latn,0.7742727253723136,0.5959072385564861,0.02294983003095313,0.0025852999252395344
Llama-3.1-8B,als_Latn,0.5066666666666667,Latn,Indo-European,9.562161153905935,1.863,0.88,0.018886040896177292,0.17978695034980774,Indo-European,Latn,-0.6534068519104311,-0.32414520213047526,0.02923103572454221,-0.0011051270237185452
Llama-3.1-8B,mar_Deva,0.5333333333333333,Deva,Indo-European,9.291197362643686,2.6778,0.8,-0.009018504060804844,0.10245230048894882,Indo-European,Deva,-0.4989911661189879,0.17434832434421982,0.02669303015323777,0.0006507226817904148
Llama-3.1-8B,dan_Latn,0.6866666666666666,Latn,Indo-European,10.360245901721395,1.492,0.98,0.06975249201059341,0.24795891344547272,Indo-European,Latn,0.3319025409311476,0.3944973990592649,0.02154966667369233,0.0018221869417515244
Llama-3.1-8B,ron_Latn,0.6033333333333334,Latn,Indo-European,10.598220789235436,1.5947,0.9766666666666667,0.04617082327604294,0.22497797012329102,Indo-European,Latn,-0.11568439899946181,-0.11060698749168862,0.022843553583768862,-0.00048208307002782085
Llama-3.1-8B,urd_Arab,0.5166666666666667,Arab,Indo-European,9.431854501264098,3.0088,0.8266666666666667,-0.00017464632401242852,0.11176696419715881,Indo-European,Arab,-0.5947071077466924,0.07935713991918825,0.028185614224137928,0.00028055653765303153
Llama-3.1-8B,ben_Beng,0.4766666666666667,Beng,Indo-European,9.981044874347496,5.5695,0.7466666666666667,-0.011272718198597431,0.07945006340742111,Indo-European,other,-0.8367381001722014,-0.422439325239915,0.033240101492076776,-0.001267060705673051
Llama-3.1-8B,deu_Latn,0.6166666666666667,Latn,Indo-European,11.552705133249123,1.3142,0.98,0.07540812343358994,0.24308212101459503,Indo-European,Latn,-0.04445176257083369,-0.34147001541092925,0.022435321595400647,-0.0015152657749471492
Llama-3.1-8B,hye_Armn,0.48,Armn,Indo-European,9.379338026785135,7.3931,0.65,-0.03660249710083008,0.06168944761157036,Indo-European,other,-0.8157495026522779,-0.04119619410340469,0.0327177548349571,-0.00012553020250265093
Llama-3.1-8B,ell_Grek,0.66,Grek,Indo-European,10.634956550916772,1.7842,0.9733333333333334,0.04519661143422127,0.20940884947776794,Indo-European,other,0.18721154208814672,0.02402649766109055,0.02165202785456836,0.00011045635755537074
Llama-3.1-8B,guj_Gujr,0.37333333333333335,Gujr,Indo-European,9.053743034427566,7.7405,0.4533333333333333,-0.04679754003882408,0.024251867085695267,Indo-European,other,-1.6255240501857244,-0.721962830275757,0.07343456164617751,-0.0009818006854307735
Llama-3.1-8B,pan_Guru,0.39666666666666667,Guru,Indo-European,8.861860543889303,7.3799,0.48333333333333334,-0.037734851241111755,0.03219170123338699,Indo-European,other,-1.4143073973475646,-0.4930146208254147,0.057306886671841466,-0.0008588074522133675
Llama-3.1-8B,spa_Latn,0.73,Latn,Indo-European,11.572692346038526,1.2502,0.97,0.07236731797456741,0.264089971780777,Indo-European,Latn,0.5753641449035619,0.26602599494619417,0.022002797067901245,0.0012035852029517549
Llama-3.1-8B,eng_Latn,0.8566666666666667,Latn,Indo-European,12.454382979077453,1.0,,,,Indo-European,Latn,1.4428065713832328,0.8553306213301877,0.030448483920883607,0.002799911850118257
Llama-3.1-8B,pbt_Arab,0.41333333333333333,Arab,Indo-European,8.559915920992061,2.8539,0.62,-0.04009489715099335,0.06363333016633987,Indo-European,Arab,-1.2786636969275254,-0.3710261388495075,0.04951771988944001,-0.0007477694252634372
Llama-3.1-8B,nld_Latn,0.68,Latn,Indo-European,10.903264809073452,1.35,0.98,0.07108268141746521,0.24632011353969574,Indo-European,Latn,0.29546421289383606,0.18800565927307678,0.021548810167658188,0.0008684341440410075
Llama-3.1-8B,pes_Arab,0.7,Arab,Indo-European,10.662263375070816,1.4924,0.91,0.012463529594242573,0.1611335724592209,Indo-European,Arab,0.4054651081081642,0.5710201602808147,0.02160493827160494,0.0026308306116186136
Llama-3.1-8B,sin_Sinh,0.39,Sinh,Indo-European,8.94462532284678,8.1477,,,,Indo-European,other,-1.4718165345580525,-0.495036095891336,0.06116175978588154,-0.0008080670513177107
Llama-3.1-8B,cat_Latn,0.7233333333333334,Latn,Indo-European,10.097961053275002,1.4378,0.9766666666666667,0.06911187618970871,0.2323920726776123,Indo-European,Latn,0.536986449804663,0.6690574669171427,0.021880071366601105,0.0030439276368105523
Llama-3.1-8B,isl_Latn,0.4533333333333333,Latn,Indo-European,9.371177412080815,2.0214,0.8,0.007039373274892569,0.14648443460464478,Indo-European,Latn,-0.9889925636508873,-0.5887378515513179,0.037607907656609485,-0.0015613113750837509
Llama-3.1-8B,nob_Latn,0.6866666666666666,Latn,Indo-European,10.265445888776227,1.4819,0.9466666666666667,0.05430484935641289,0.23540614545345306,Indo-European,Latn,0.3319025409311476,0.42058740183670135,0.02154966667369233,0.0019426968931086038
Qwen3-0.6B-Base,zho_Hans,0.6366666666666667,Hans,Sino-Tibetan,11.356131798505956,2.9106,0.9533333333333334,0.0088835833594203,0.1524597704410553,Sino-Tibetan,other,0.06224230887722142,0.7971459084761195,0.021975292901635232,0.0036110320802261826
Qwen3-0.6B-Base,zho_Hant,0.6066666666666667,Hant,Sino-Tibetan,11.356131798505956,2.9106,,,,Sino-Tibetan,other,-0.09785579000375869,0.6370478095951395,0.022733463510246615,0.002789974500869237
Qwen3-0.6B-Base,mya_Mymr,0.29333333333333333,Mymr,Sino-Tibetan,8.94576714414124,7.053,0.006666666666666667,-0.10729511827230453,-0.05447131395339966,Sino-Tibetan,other,-2.7916369172104756,-0.9397336979808619,0.4144802947415429,-0.00022667109599526465
Qwen3-1.7B-Base,zho_Hans,0.78,Hans,Sino-Tibetan,11.356131798505956,2.9106,0.9566666666666667,0.008658993057906628,0.18215444684028625,Sino-Tibetan,other,0.879249460193806,0.6198315907909203,0.023665814427651376,0.0026080805801294987
Qwen3-1.7B-Base,zho_Hant,0.6866666666666666,Hant,Sino-Tibetan,11.356131798505956,2.9106,,,,Sino-Tibetan,other,0.3319025409311476,0.07248467152826193,0.02154966667369233,0.0003348073327246701
Qwen3-1.7B-Base,mya_Mymr,0.37333333333333335,Mymr,Sino-Tibetan,8.94576714414124,7.053,0.11333333333333333,-0.09592616558074951,-0.030819587409496307,Sino-Tibetan,other,-1.6255240501857244,-0.7679422999578946,0.07343456164617751,-0.0010443283848396464
Qwen3-4B-Base,zho_Hans,0.8766666666666667,Hans,Sino-Tibetan,11.356131798505956,2.9106,0.9566666666666667,0.023198192939162254,0.19153469800949097,Sino-Tibetan,other,1.625524050185725,0.3159035578061309,0.03393767664223754,0.0009280996500892647
Qwen3-4B-Base,zho_Hant,0.83,Hant,Sino-Tibetan,11.356131798505956,2.9106,,,,Sino-Tibetan,other,1.2272296664902032,-0.08239082588939106,0.027212876827306436,-0.00030165561249047984
Qwen3-4B-Base,mya_Mymr,0.5966666666666667,Mymr,Sino-Tibetan,8.94576714414124,7.053,0.15,-0.08102711290121078,-0.02067449875175953,Sino-Tibetan,other,-0.15139964645536813,-0.34402051920424687,0.023080476123526823,-0.001484096001155781
Qwen3-8B-Base,zho_Hans,0.8933333333333333,Hans,Sino-Tibetan,11.356131798505956,2.9106,0.9466666666666667,0.021827656775712967,0.20014572143554688,Sino-Tibetan,other,1.7969542861051586,0.1672236324063303,0.03794145480415581,0.0004395826428754609
Qwen3-8B-Base,zho_Hant,0.8466666666666667,Hant,Sino-Tibetan,11.356131798505956,2.9106,,,,Sino-Tibetan,other,1.35874440935166,-0.2709862443471682,0.029081285798223198,-0.0009286302399874499
Qwen3-8B-Base,mya_Mymr,0.61,Mymr,Sino-Tibetan,8.94576714414124,7.053,0.22666666666666666,-0.1101464331150055,-0.017023807391524315,Sino-Tibetan,other,-0.0800427076735365,-0.5927737417416493,0.022628798670465335,-0.0026080293566325924
OLMo-2-0425-1B,zho_Hans,0.2966666666666667,Hans,Sino-Tibetan,11.356131798505956,4.8381,0.3933333333333333,-0.018006501719355583,0.04943781718611717,Sino-Tibetan,other,-2.7128008038608074,0.1877863160022164,0.3631577038398295,5.169506774761422e-05
OLMo-2-0425-1B,zho_Hant,0.26,Hant,Sino-Tibetan,11.356131798505956,4.8381,,,,Sino-Tibetan,other,-4.304065093204169,-1.4034779733411455,6.587837837837826,-2.1303752496493745e-05
OLMo-2-0425-1B,mya_Mymr,0.23,Mymr,Sino-Tibetan,8.94576714414124,9.2193,0.0033333333333333335,-0.0798148363828659,-0.04707970470190048,Sino-Tibetan,other,-4.304065093204169,-0.2618535530162429,6.587837837837826,-3.974742289870634e-06
OLMo-2-1124-7B,zho_Hans,0.5733333333333334,Hans,Sino-Tibetan,11.356131798505956,4.8381,0.8566666666666667,0.009966868907213211,0.09906961768865585,Sino-Tibetan,other,-0.2773192854162341,1.3630483910612647,0.024100096981613355,0.0056324087961435055
OLMo-2-1124-7B,zho_Hant,0.48,Hant,Sino-Tibetan,11.356131798505956,4.8381,,,,Sino-Tibetan,other,-0.8157495026522779,0.824618173825221,0.0327177548349571,0.002512719648193346
OLMo-2-1124-7B,mya_Mymr,0.25333333333333335,Mymr,Sino-Tibetan,8.94576714414124,9.2193,0.0033333333333333335,-0.0682447999715805,-0.040176767855882645,Sino-Tibetan,other,-4.304065093204169,-1.5220729964017683,6.587837837837826,-2.310393680271886e-05
Mistral-7B-v0.3,zho_Hans,0.64,Hans,Sino-Tibetan,11.356131798505956,4.1507,0.9033333333333333,0.023075111210346222,0.13760918378829956,Sino-Tibetan,other,0.08004270767353656,1.0679145027696537,0.021915406530791146,0.004850759858928134
Mistral-7B-v0.3,zho_Hant,0.5733333333333334,Hant,Sino-Tibetan,11.356131798505956,4.1507,,,,Sino-Tibetan,other,-0.2773192854162341,0.710552509679883,0.024100096981613355,0.002936155628740366
Mistral-7B-v0.3,mya_Mymr,0.28,Mymr,Sino-Tibetan,8.94576714414124,7.485,0.006666666666666667,-0.06708408147096634,-0.03625428304076195,Sino-Tibetan,other,-3.178053830347945,-1.15651282366538,0.8101851851851838,-0.00014272910878734957
bloom-1b7,zho_Hans,0.24666666666666667,Hans,Sino-Tibetan,11.356131798505956,2.5662,0.8633333333333333,-0.018377089872956276,0.07969923317432404,Sino-Tibetan,other,-4.304065093204169,-1.13843417221736,6.587837837837826,-1.728058458495842e-05
bloom-1b7,zho_Hant,0.23333333333333334,Hant,Sino-Tibetan,11.356131798505956,2.5662,,,,Sino-Tibetan,other,-4.304065093204169,-1.13843417221736,6.587837837837826,-1.728058458495842e-05
bloom-1b7,mya_Mymr,0.26666666666666666,Mymr,Sino-Tibetan,8.94576714414124,8.5236,0.0033333333333333335,-0.09777308255434036,-0.062344346195459366,Sino-Tibetan,other,-3.7841896339182615,0.6856017662467799,2.4545454545454564,2.7930785915639268e-05
bloom-7b1,zho_Hans,0.24666666666666667,Hans,Sino-Tibetan,11.356131798505956,2.5662,0.97,0.028527135029435158,0.17154482007026672,Sino-Tibetan,other,-4.304065093204169,-0.8976472724675424,6.587837837837826,-1.3625618407729819e-05
bloom-7b1,zho_Hant,0.24333333333333335,Hant,Sino-Tibetan,11.356131798505956,2.5662,,,,Sino-Tibetan,other,-4.304065093204169,-0.8976472724675424,6.587837837837826,-1.3625618407729819e-05
bloom-7b1,mya_Mymr,0.25666666666666665,Mymr,Sino-Tibetan,8.94576714414124,8.5236,0.0033333333333333335,-0.07854180037975311,-0.04600725322961807,Sino-Tibetan,other,-4.304065093204169,0.4065132067106916,6.587837837837826,6.170568369986683e-06
EuroLLM-1.7B,zho_Hans,0.28,Hans,Sino-Tibetan,11.356131798505956,3.3334,0.9666666666666667,0.02182934246957302,0.16275322437286377,Sino-Tibetan,other,-3.178053830347945,-0.07946914189012766,0.8101851851851838,-9.80755209751534e-06
EuroLLM-1.7B,zho_Hant,0.2966666666666667,Hant,Sino-Tibetan,11.356131798505956,3.3334,,,,Sino-Tibetan,other,-2.7128008038608074,0.38578388459700985,0.3631577038398295,0.00010620115708910722
EuroLLM-1.7B,mya_Mymr,0.2633333333333333,Mymr,Sino-Tibetan,8.94576714414124,11.58,0.0033333333333333335,-0.1445668339729309,-0.0972275659441948,Sino-Tibetan,other,-4.011868340397864,0.6269366838090811,3.7701498868778427,1.6628518098758544e-05
SmolLM2-1.7B,zho_Hans,0.3433333333333333,Hans,Sino-Tibetan,11.356131798505956,6.9495,0.6666666666666666,-0.012457681819796562,0.06320067495107651,Sino-Tibetan,other,-1.9509992185627847,0.547887909761009,0.11253787682585727,0.000486415338454826
SmolLM2-1.7B,zho_Hant,0.3333333333333333,Hant,Sino-Tibetan,11.356131798505956,6.9495,,,,Sino-Tibetan,other,-2.079441541679836,0.4194455866439575,0.13500000000000006,0.00031047045646167496
SmolLM2-1.7B,mya_Mymr,0.26,Mymr,Sino-Tibetan,8.94576714414124,12.6398,0.0033333333333333335,-0.09882350265979767,-0.06542685627937317,Sino-Tibetan,other,-4.304065093204169,-0.5285605521402368,6.587837837837826,-8.023156310904074e-06
Falcon3-7B-Base,zho_Hans,0.64,Hans,Sino-Tibetan,11.356131798505956,5.2566,0.8133333333333334,-0.019744493067264557,0.09580755978822708,Sino-Tibetan,other,0.08004270767353656,1.569176371307665,0.021915406530791146,0.007127628413850967
Falcon3-7B-Base,zho_Hant,0.52,Hant,Sino-Tibetan,11.356131798505956,5.2566,,,,Sino-Tibetan,other,-0.5753641449035617,0.9137695187305667,0.027863511659807966,0.0032677209137910676
Falcon3-7B-Base,mya_Mymr,0.27666666666666667,Mymr,Sino-Tibetan,8.94576714414124,9.1527,0.0033333333333333335,-0.11548911035060883,-0.071195587515831,Sino-Tibetan,other,-3.3004558118606235,-0.7197207212715644,1.0085145449308752,-7.135736090874088e-05
salamandra-2b,zho_Hans,0.2733333333333333,Hans,Sino-Tibetan,11.356131798505956,9.5686,0.16,-0.3345893919467926,-0.12038964778184891,Sino-Tibetan,other,-3.4385849137337767,0.22294693872016103,1.2954034824939167,1.720928905834869e-05
salamandra-2b,zho_Hant,0.23666666666666666,Hant,Sino-Tibetan,11.356131798505956,9.5686,,,,Sino-Tibetan,other,-4.304065093204169,-0.6425332407502315,6.587837837837826,-9.75317701564407e-06
salamandra-2b,mya_Mymr,0.22333333333333333,Mymr,Sino-Tibetan,8.94576714414124,12.0769,0.0033333333333333335,-0.3183928430080414,-0.20051898062229156,Sino-Tibetan,other,-4.304065093204169,0.30595973392919174,6.587837837837826,4.644241387907846e-06
salamandra-7b,zho_Hans,0.3433333333333333,Hans,Sino-Tibetan,11.356131798505956,9.5686,0.8066666666666666,6.343200948322192e-05,0.09132401645183563,Sino-Tibetan,other,-1.9509992185627847,0.39540460124852483,0.11253787682585727,0.00035104053132113905
salamandra-7b,zho_Hant,0.3466666666666667,Hant,Sino-Tibetan,11.356131798505956,9.5686,,,,Sino-Tibetan,other,-1.9108188292440431,0.4355849905672664,0.10646946055473316,0.0004087334104236745
salamandra-7b,mya_Mymr,0.2733333333333333,Mymr,Sino-Tibetan,8.94576714414124,12.0769,0.0033333333333333335,-0.08923695236444473,-0.05658799409866333,Sino-Tibetan,other,-3.4385849137337767,-0.14368811924304392,1.2954034824939167,-1.1091295457056234e-05
granite-3.1-8b-base,zho_Hans,0.5533333333333333,Hans,Sino-Tibetan,11.356131798505956,3.382,0.78,0.009133812040090561,0.10156407207250595,Sino-Tibetan,other,-0.3869802934340614,0.8355511944544829,0.025244355447734155,0.003296794018629782
granite-3.1-8b-base,zho_Hant,0.54,Hant,Sino-Tibetan,11.356131798505956,3.382,,,,Sino-Tibetan,other,-0.46134556650262076,0.7611859213859236,0.026172258698237087,0.002897299125042242
granite-3.1-8b-base,mya_Mymr,0.2633333333333333,Mymr,Sino-Tibetan,8.94576714414124,7.5669,0.0033333333333333335,-0.12391532212495804,-0.07415501773357391,Sino-Tibetan,other,-4.011868340397864,-1.6679546783161965,3.7701498868778427,-4.423989728433122e-05
Yi-1.5-9B,zho_Hans,0.83,Hans,Sino-Tibetan,11.356131798505956,2.6945,0.9533333333333334,0.005960994865745306,0.1684410274028778,Sino-Tibetan,other,1.2272296664902032,0.9101406483207681,0.027212876827306436,0.0033322767648483356
Yi-1.5-9B,zho_Hant,0.76,Hant,Sino-Tibetan,11.356131798505956,2.6945,,,,Sino-Tibetan,other,0.7537718023763803,0.4366827842069453,0.02282775855440216,0.0019046030303260908
Yi-1.5-9B,mya_Mymr,0.2866666666666667,Mymr,Sino-Tibetan,8.94576714414124,12.3864,0.0033333333333333335,-0.08160670101642609,-0.051229432225227356,Sino-Tibetan,other,-2.9680807422234805,-1.5959116338426709,0.5604580211632034,-0.00028470052580507947
Llama-3.1-8B,zho_Hans,0.78,Hans,Sino-Tibetan,11.356131798505956,3.4817,0.92,0.03177774325013161,0.166011244058609,Sino-Tibetan,other,0.879249460193806,0.594252870600637,0.023665814427651376,0.0025004523721076327
Llama-3.1-8B,zho_Hant,0.7266666666666667,Hant,Sino-Tibetan,11.356131798505956,3.4817,,,,Sino-Tibetan,other,0.5561253829956542,0.2711287934024852,0.02193887470196527,0.0012302297511774508
Llama-3.1-8B,mya_Mymr,0.36666666666666664,Mymr,Sino-Tibetan,8.94576714414124,9.2138,0.04666666666666667,-0.08081763237714767,-0.03693636134266853,Sino-Tibetan,other,-1.6916760106710726,-0.6957448162133115,0.07975295381310421,-0.0008712825048658475
Qwen3-0.6B-Base,lao_Laoo,0.22,Laoo,Tai-Kadai,8.225972821174405,5.355,0.056666666666666664,-0.10114993900060654,-0.037621382623910904,Tai-Kadai,other,-4.304065093204169,-1.975281034203758,6.587837837837826,-2.9983297978738202e-05
Qwen3-0.6B-Base,tha_Thai,0.51,Thai,Tai-Kadai,10.196379987855126,2.5147,0.7566666666666667,-0.01842774823307991,0.09982535243034363,Tai-Kadai,other,-0.6337237600891445,0.8382464667940466,0.028868796039125715,0.0028936185876314775
Qwen3-1.7B-Base,lao_Laoo,0.3233333333333333,Laoo,Tai-Kadai,8.225972821174405,5.355,0.17,-0.09357128292322159,-0.004720219410955906,Tai-Kadai,other,-2.222163525683472,-0.8877009356848449,0.1665996620933926,-0.000532515138000864
Qwen3-1.7B-Base,tha_Thai,0.6633333333333333,Thai,Tai-Kadai,10.196379987855126,2.5147,0.9066666666666666,0.0003098229644820094,0.14324790239334106,Tai-Kadai,other,0.2051610487637774,0.6828098066451842,0.02162380487528462,0.0031431409486989844
Qwen3-4B-Base,lao_Laoo,0.49,Laoo,Tai-Kadai,8.225972821174405,5.355,0.32,-0.051103927195072174,0.02666369080543518,Tai-Kadai,other,-0.7537718023763801,-0.46951183535446106,0.03127553104575164,-0.0014964267366887882
Qwen3-4B-Base,tha_Thai,0.8233333333333334,Thai,Tai-Kadai,10.196379987855126,2.5147,0.9266666666666666,0.01810649409890175,0.1622183918952942,Tai-Kadai,other,1.1772025632613314,0.6046486981660302,0.026583243619702646,0.00226602397665831
Qwen3-8B-Base,lao_Laoo,0.6133333333333333,Laoo,Tai-Kadai,8.225972821174405,5.355,0.52,-0.022857356816530228,0.05563977733254433,Tai-Kadai,other,-0.062242308877221014,-0.09809250317453608,0.02252945154390232,-0.00043347273785515476
Qwen3-8B-Base,tha_Thai,0.8533333333333334,Thai,Tai-Kadai,10.196379987855126,2.5147,0.93,0.026377936825156212,0.16993431746959686,Tai-Kadai,other,1.414307397347565,0.5216433709330297,0.029969115161874848,0.001734814503626795
OLMo-2-0425-1B,lao_Laoo,0.22666666666666666,Laoo,Tai-Kadai,8.225972821174405,8.8648,0.006666666666666667,-0.10126733034849167,-0.05478176102042198,Tai-Kadai,other,-4.304065093204169,0.35356757039206865,6.587837837837826,5.366892959920676e-06
OLMo-2-0425-1B,tha_Thai,0.26666666666666666,Thai,Tai-Kadai,10.196379987855126,4.0847,0.03333333333333333,-0.06300508230924606,-0.009679997339844704,Tai-Kadai,other,-3.7841896339182615,-0.18340090456060665,2.4545454545454564,-7.471584281688155e-06
OLMo-2-1124-7B,lao_Laoo,0.26,Laoo,Tai-Kadai,8.225972821174405,8.8648,0.056666666666666664,-0.061740998178720474,-0.026031358167529106,Tai-Kadai,other,-4.304065093204169,-0.9066518729934563,6.587837837837826,-1.3762301552927544e-05
OLMo-2-1124-7B,tha_Thai,0.2966666666666667,Thai,Tai-Kadai,10.196379987855126,4.0847,0.4266666666666667,-0.010076524689793587,0.03955300524830818,Tai-Kadai,other,-2.7128008038608074,-0.3722315178886775,0.3631577038398295,-0.00010247037127198993
Mistral-7B-v0.3,lao_Laoo,0.29,Laoo,Tai-Kadai,8.225972821174405,9.7567,0.02666666666666667,-0.08351873606443405,-0.05025247856974602,Tai-Kadai,other,-2.876385515921425,0.03138755044696451,0.478653169014085,6.556102935065956e-06
Mistral-7B-v0.3,tha_Thai,0.3433333333333333,Thai,Tai-Kadai,10.196379987855126,3.9367,0.5833333333333334,-0.018338222056627274,0.04842091724276543,Tai-Kadai,other,-1.9509992185627847,-0.20730346265527144,0.11253787682585727,-0.0001840441851970564
bloom-1b7,lao_Laoo,0.26,Laoo,Tai-Kadai,8.225972821174405,7.986,0.03333333333333333,-0.10081138461828232,-0.0571402981877327,Tai-Kadai,other,-4.304065093204169,0.7622663541250247,6.587837837837826,1.157063673821795e-05
bloom-1b7,tha_Thai,0.26,Thai,Tai-Kadai,10.196379987855126,4.3353,0.056666666666666664,-0.129385843873024,-0.07324983924627304,Tai-Kadai,other,-4.304065093204169,-0.17811505957748874,6.587837837837826,-2.7036541984911386e-06
bloom-7b1,lao_Laoo,0.24333333333333335,Laoo,Tai-Kadai,8.225972821174405,7.986,0.03666666666666667,-0.061159491539001465,-0.029232753440737724,Tai-Kadai,other,-4.304065093204169,1.0030532538748433,6.587837837837826,1.5225602915446566e-05
bloom-7b1,tha_Thai,0.24,Thai,Tai-Kadai,10.196379987855126,4.3353,0.05,-0.05939837172627449,-0.015936322510242462,Tai-Kadai,other,-4.304065093204169,0.06267184017232896,6.587837837837826,9.51311978737462e-07
EuroLLM-1.7B,lao_Laoo,0.26,Laoo,Tai-Kadai,8.225972821174405,11.1009,0.006666666666666667,-0.11826788634061813,-0.07580891996622086,Tai-Kadai,other,-4.304065093204169,0.9373124356234177,6.587837837837826,1.422770615519113e-05
EuroLLM-1.7B,tha_Thai,0.3,Thai,Tai-Kadai,10.196379987855126,4.6693,0.02666666666666667,-0.12558513879776,-0.054869093000888824,Tai-Kadai,other,-2.639057329615259,1.3751753506251374,0.3214285714285716,0.0004276992693354485
SmolLM2-1.7B,lao_Laoo,0.25,Laoo,Tai-Kadai,8.225972821174405,11.7937,0.013333333333333334,-0.07630455493927002,-0.03875725343823433,Tai-Kadai,other,-4.304065093204169,0.036167304847380066,6.587837837837826,5.489928315724709e-07
SmolLM2-1.7B,tha_Thai,0.27666666666666667,Thai,Tai-Kadai,10.196379987855126,7.6953,0.02666666666666667,-0.06438726931810379,-0.024129729717969894,Tai-Kadai,other,-3.3004558118606235,0.05322882713335808,1.0085145449308752,5.277420165169334e-06
Falcon3-7B-Base,lao_Laoo,0.26,Laoo,Tai-Kadai,8.225972821174405,8.826,0.013333333333333334,-0.11990159004926682,-0.07229790836572647,Tai-Kadai,other,-4.304065093204169,-1.1050421729283295,6.587837837837826,-1.6773718855553236e-05
Falcon3-7B-Base,tha_Thai,0.2966666666666667,Thai,Tai-Kadai,10.196379987855126,6.2534,0.04,-0.12251856923103333,-0.052164219319820404,Tai-Kadai,other,-2.7128008038608074,-0.3429867779055651,0.3631577038398295,-9.441968448022206e-05
salamandra-2b,lao_Laoo,0.25333333333333335,Laoo,Tai-Kadai,8.225972821174405,10.9973,0.006666666666666667,-0.330161452293396,-0.17884056270122528,Tai-Kadai,other,-4.304065093204169,0.8466093205562881,6.587837837837826,1.2850900282097182e-05
salamandra-2b,tha_Thai,0.26666666666666666,Thai,Tai-Kadai,10.196379987855126,11.2672,0.0033333333333333335,-0.3872867524623871,-0.20089419186115265,Tai-Kadai,other,-3.7841896339182615,0.8303914465484947,2.4545454545454564,3.382938442773519e-05
salamandra-7b,lao_Laoo,0.2966666666666667,Laoo,Tai-Kadai,8.225972821174405,10.9973,0.08333333333333333,-0.06733585894107819,-0.027889538556337357,Tai-Kadai,other,-2.7128008038608074,1.1227455772570214,0.3631577038398295,0.00030907687998875047
salamandra-7b,tha_Thai,0.2833333333333333,Thai,Tai-Kadai,10.196379987855126,11.2672,0.17333333333333334,-0.05667578801512718,-0.011729215271770954,Tai-Kadai,other,-3.0680529351336174,0.23140011269051008,0.6671511627906979,3.467961178034643e-05
granite-3.1-8b-base,lao_Laoo,0.24,Laoo,Tai-Kadai,8.225972821174405,6.7752,0.11666666666666667,-0.10768911242485046,-0.03681112453341484,Tai-Kadai,other,-4.304065093204169,-1.3898139042950035,6.587837837837826,-2.1096342085710134e-05
granite-3.1-8b-base,tha_Thai,0.2733333333333333,Thai,Tai-Kadai,10.196379987855126,3.4482,0.22,-0.04292396456003189,0.019666319712996483,Tai-Kadai,other,-3.4385849137337767,-1.431335540601212,1.2954034824939167,-0.00011048488557708372
Yi-1.5-9B,lao_Laoo,0.4766666666666667,Laoo,Tai-Kadai,8.225972821174405,11.297,0.1,-0.05581914260983467,-0.01670576073229313,Tai-Kadai,other,-0.8367381001722014,1.0750700293130813,0.033240101492076776,0.0032245553588875504
Yi-1.5-9B,tha_Thai,0.48,Thai,Tai-Kadai,10.196379987855126,10.1904,0.18,-0.043187305331230164,-0.003021379467099905,Tai-Kadai,other,-0.8157495026522779,0.41802208518274186,0.0327177548349571,0.0012737680785693745
Llama-3.1-8B,lao_Laoo,0.25,Laoo,Tai-Kadai,8.225972821174405,8.182,0.12666666666666668,-0.07539812475442886,-0.020102690905332565,Tai-Kadai,other,-4.304065093204169,-2.762555227223239,6.587837837837826,-4.1933535099947384e-05
Llama-3.1-8B,tha_Thai,0.6566666666666666,Thai,Tai-Kadai,10.196379987855126,2.1378,0.91,0.03310971334576607,0.16619764268398285,Tai-Kadai,other,0.16929205650362053,0.5236053477203392,0.02168468519006531,0.0024035479198225556
Qwen3-0.6B-Base,tur_Latn,0.4166666666666667,Latn,Turkic,10.808162253319553,1.4769,0.6266666666666667,-0.03787246719002724,0.0652763694524765,Turkic,Latn,-1.2527629684953678,0.07051421532186564,0.04821428571428569,0.00014594899682797037
Qwen3-0.6B-Base,azj_Latn,0.36666666666666664,Latn,Turkic,9.545721659518483,2.1428,0.21666666666666667,-0.07288909703493118,0.01950826495885849,Turkic,Latn,-1.6916760106710726,0.06157510843021363,0.07975295381310421,7.711062082794346e-05
Qwen3-0.6B-Base,kir_Cyrl,0.36,Cyrl,Turkic,8.70022124395045,2.5432,0.04666666666666667,-0.14463604986667633,-0.034989312291145325,Turkic,Cyrl,-1.7609878105613017,0.3783010316230575,0.08716425619834708,0.0004335120106543294
Qwen3-0.6B-Base,uzn_Latn,0.4066666666666667,Latn,Turkic,7.876511046298704,1.8354,0.08,-0.13557949662208557,-0.02553943172097206,Turkic,Latn,-1.3316359485820264,0.8676399154989356,0.05235858413741537,0.0016539522172941607
Qwen3-0.6B-Base,kaz_Cyrl,0.3333333333333333,Cyrl,Turkic,9.447543326977344,2.7857,0.18,-0.09550729393959045,0.0015906483167782426,Turkic,Cyrl,-2.079441541679836,-0.12902789146537685,0.13500000000000006,-9.550547110120084e-05
Qwen3-1.7B-Base,tur_Latn,0.5966666666666667,Latn,Turkic,10.808162253319553,1.4769,0.8633333333333333,-0.011816502548754215,0.1095878854393959,Turkic,Latn,-0.15139964645536813,0.17755606836008103,0.023080476123526823,0.0007659724822527727
Qwen3-1.7B-Base,azj_Latn,0.5666666666666667,Latn,Turkic,9.545721659518483,2.1428,0.6,-0.05097807198762894,0.06393351405858994,Turkic,Latn,-0.3136575588550415,0.44527209124446004,0.024451310462390803,0.0018136387950775234
Qwen3-1.7B-Base,kir_Cyrl,0.45666666666666667,Cyrl,Turkic,8.70022124395045,2.5432,0.17333333333333334,-0.10419835895299911,0.00179840880446136,Turkic,Cyrl,-0.9666158157616709,0.17835155742090492,0.0368971961721877,0.00048206776695438106
Qwen3-1.7B-Base,uzn_Latn,0.5,Latn,Turkic,7.876511046298704,1.8354,0.37333333333333335,-0.07839245349168777,0.026653224602341652,Turkic,Latn,-0.6931471805599454,0.5118072145192327,0.029999999999999995,0.0017003561944217071
Qwen3-1.7B-Base,kaz_Cyrl,0.44,Cyrl,Turkic,9.447543326977344,2.7857,0.46,-0.05888768658041954,0.04372655227780342,Turkic,Cyrl,-1.0809127115687085,-0.12482053035603258,0.04080925999208549,-0.00030511559089034393
Qwen3-4B-Base,tur_Latn,0.81,Latn,Turkic,10.808162253319553,1.4769,0.8733333333333333,-0.006418351549655199,0.12944087386131287,Turkic,Latn,1.080912711568709,0.35966580340745047,0.025489225295381304,0.0014055361163036583
Qwen3-4B-Base,azj_Latn,0.6866666666666666,Latn,Turkic,9.545721659518483,2.1428,0.6866666666666666,-0.03137231990695,0.08738282322883606,Turkic,Latn,0.3319025409311476,0.04062956805394197,0.02154966667369233,0.00018766833073016777
Qwen3-4B-Base,kir_Cyrl,0.6,Cyrl,Turkic,8.70022124395045,2.5432,0.35333333333333333,-0.08772659301757812,0.03359440341591835,Turkic,Cyrl,-0.13353139262452288,-0.038766642418656044,0.022959183673469375,-0.00016811801738652625
Qwen3-4B-Base,uzn_Latn,0.6766666666666666,Latn,Turkic,7.876511046298704,1.8354,0.52,-0.06123223528265953,0.05594509094953537,Turkic,Latn,0.27731928541623435,0.4320710575187044,0.021555005889577962,0.001995247933540725
Qwen3-4B-Base,kaz_Cyrl,0.64,Cyrl,Turkic,9.447543326977344,2.7857,0.61,-0.044563762843608856,0.0680386871099472,Turkic,Cyrl,0.08004270767353656,-0.014067734090496484,0.021915406530791146,-6.389949724334412e-05
Qwen3-8B-Base,tur_Latn,0.8666666666666667,Latn,Turkic,10.808162253319553,1.4769,0.9,0.003644347656518221,0.13873066008090973,Turkic,Latn,1.531476370964389,0.49011930148389604,0.03204894083272463,0.0015245270568503995
Qwen3-8B-Base,azj_Latn,0.76,Latn,Turkic,9.545721659518483,2.1428,0.7633333333333333,-0.022411106154322624,0.09901481866836548,Turkic,Latn,0.7537718023763803,0.14238866817994011,0.02282775855440216,0.0006210317848706394
Qwen3-8B-Base,kir_Cyrl,0.66,Cyrl,Turkic,8.70022124395045,2.5432,0.52,-0.054603636264801025,0.0557602196931839,Turkic,Cyrl,0.18721154208814672,-0.038133869025220535,0.02165202785456836,-0.00017531178830291908
Qwen3-8B-Base,uzn_Latn,0.7533333333333333,Latn,Turkic,7.876511046298704,1.8354,0.6733333333333333,-0.04495624825358391,0.07422757148742676,Turkic,Latn,0.7132147436107544,0.5478563543939899,0.022603027131337293,0.0024131423145729238
Qwen3-8B-Base,kaz_Cyrl,0.73,Cyrl,Turkic,9.447543326977344,2.7857,0.7133333333333334,-0.025925222784280777,0.08200035989284515,Turkic,Cyrl,0.5753641449035619,0.16114354182029478,0.022002797067901245,0.0007290640244603377
OLMo-2-0425-1B,tur_Latn,0.25333333333333335,Latn,Turkic,10.808162253319553,1.7281,0.07333333333333333,-0.08405037969350815,-0.010162139311432838,Turkic,Latn,-4.304065093204169,-0.9879626529572461,6.587837837837826,-1.499653877893858e-05
OLMo-2-0425-1B,azj_Latn,0.24333333333333335,Latn,Turkic,9.545721659518483,2.2624,0.016666666666666666,-0.10372653603553772,-0.0347779281437397,Turkic,Latn,-4.304065093204169,-0.5715591689770245,6.587837837837826,-8.675843377281816e-06
OLMo-2-0425-1B,kir_Cyrl,0.23333333333333334,Cyrl,Turkic,8.70022124395045,3.2266,0.016666666666666666,-0.11254911124706268,-0.04767981171607971,Turkic,Cyrl,-4.304065093204169,-0.12738299266370845,6.587837837837826,-1.9335791476136193e-06
OLMo-2-0425-1B,uzn_Latn,0.2733333333333333,Latn,Turkic,7.876511046298704,1.8888,0.02,-0.11723706126213074,-0.04343146085739136,Turkic,Latn,-3.4385849137337767,0.7331192822487762,1.2954034824939167,5.65895261748683e-05
OLMo-2-0425-1B,kaz_Cyrl,0.25333333333333335,Cyrl,Turkic,9.447543326977344,3.4673,0.006666666666666667,-0.10291523486375809,-0.04851605370640755,Turkic,Cyrl,-4.304065093204169,-0.3164437987091926,6.587837837837826,-4.803381666994013e-06
OLMo-2-1124-7B,tur_Latn,0.3433333333333333,Latn,Turkic,10.808162253319553,1.7281,0.4533333333333333,-0.03941661864519119,0.042020734399557114,Turkic,Latn,-1.9509992185627847,0.10488377829861362,0.11253787682585727,9.311590493413603e-05
OLMo-2-1124-7B,azj_Latn,0.24666666666666667,Latn,Turkic,9.545721659518483,2.2624,0.09666666666666666,-0.08274247497320175,-0.011788836680352688,Turkic,Latn,-4.304065093204169,-1.8317786123625495,6.587837837837826,-2.7805037890130038e-05
OLMo-2-1124-7B,kir_Cyrl,0.33,Cyrl,Turkic,8.70022124395045,3.2266,0.02666666666666667,-0.08918394893407822,-0.03139427304267883,Turkic,Cyrl,-2.12525107771113,0.7912115794438059,0.14429804104477606,0.0005479378901038156
OLMo-2-1124-7B,uzn_Latn,0.34,Latn,Turkic,7.876511046298704,1.8888,0.02,-0.08886578679084778,-0.02857530675828457,Turkic,Latn,-1.9924301646902058,0.9190545879068226,0.11924803591470251,0.0007700625995809668
OLMo-2-1124-7B,kaz_Cyrl,0.2733333333333333,Cyrl,Turkic,9.447543326977344,3.4673,0.023333333333333334,-0.0818396583199501,-0.030464401468634605,Turkic,Cyrl,-3.4385849137337767,-0.711183062624325,1.2954034824939167,-5.489626791136128e-05
Mistral-7B-v0.3,tur_Latn,0.41333333333333333,Latn,Turkic,10.808162253319553,1.988,0.6166666666666667,-0.01717386022210121,0.06829269230365753,Turkic,Latn,-1.2786636969275254,0.2224079817752811,0.04951771988944001,0.0004482430516228199
Mistral-7B-v0.3,azj_Latn,0.31333333333333335,Latn,Turkic,9.545721659518483,2.3203,0.24333333333333335,-0.03915642946958542,0.027087440714240074,Turkic,Latn,-2.38343718962314,-0.48679205097790845,0.21330312239464258,-0.00022810915112366463
Mistral-7B-v0.3,kir_Cyrl,0.31333333333333335,Cyrl,Turkic,8.70022124395045,2.4157,0.07333333333333333,-0.06476160883903503,-0.004970625042915344,Turkic,Cyrl,-2.38343718962314,-0.132205601813288,0.21330312239464258,-6.195110939225543e-05
Mistral-7B-v0.3,uzn_Latn,0.36666666666666664,Latn,Turkic,7.876511046298704,1.778,0.09333333333333334,-0.05921768769621849,0.00017774227308109403,Turkic,Latn,-1.6916760106710726,0.6267712360900828,0.07975295381310421,0.0007849067644530251
Mistral-7B-v0.3,kaz_Cyrl,0.31666666666666665,Cyrl,Turkic,9.447543326977344,2.4568,0.10666666666666667,-0.0579078309237957,-0.001803071703761816,Turkic,Cyrl,-2.3272777055844176,-0.2856894624237323,0.19550304878048794,-0.00014605573082516587
bloom-1b7,tur_Latn,0.27,Latn,Turkic,10.808162253319553,1.7719,0.22333333333333333,-0.13717885315418243,-0.030439075082540512,Turkic,Latn,-3.5973122605884447,0.22262648902148374,1.7337328767123257,1.284013540808661e-05
bloom-1b7,azj_Latn,0.26666666666666666,Latn,Turkic,9.545721659518483,1.9969,0.11,-0.11184274405241013,-0.039955757558345795,Turkic,Latn,-3.7841896339182615,0.4202579143506515,2.4545454545454564,1.7120921219461637e-05
bloom-1b7,kir_Cyrl,0.24,Cyrl,Turkic,8.70022124395045,2.7978,0.03,-0.1166495606303215,-0.0647839829325676,Turkic,Cyrl,-4.304065093204169,0.3277193099653264,6.587837837837826,4.974535558860301e-06
bloom-1b7,uzn_Latn,0.25666666666666665,Latn,Turkic,7.876511046298704,1.7097,0.09333333333333334,-0.15142522752285004,-0.062326863408088684,Turkic,Latn,-4.304065093204169,0.3484902024481986,6.587837837837826,5.289822269119991e-06
bloom-1b7,kaz_Cyrl,0.22666666666666666,Cyrl,Turkic,9.447543326977344,2.9647,0.02666666666666667,-0.1173853650689125,-0.06639362126588821,Turkic,Cyrl,-4.304065093204169,0.13104832682088485,6.587837837837826,1.9892162072589303e-06
bloom-7b1,tur_Latn,0.23666666666666666,Latn,Turkic,10.808162253319553,1.7719,0.1,-0.08432502299547195,-0.004761781543493271,Turkic,Latn,-4.304065093204169,-0.2433394438444223,6.587837837837826,-3.693711893777645e-06
bloom-7b1,azj_Latn,0.25333333333333335,Latn,Turkic,9.545721659518483,1.9969,0.04,-0.09495549649000168,-0.031844209879636765,Turkic,Latn,-4.304065093204169,0.1411693548145614,6.587837837837826,2.142845889912376e-06
bloom-7b1,kir_Cyrl,0.24666666666666667,Cyrl,Turkic,8.70022124395045,2.7978,0.01,-0.10617641359567642,-0.050488121807575226,Turkic,Cyrl,-4.304065093204169,0.5685062097151441,6.587837837837826,8.629501736088903e-06
bloom-7b1,uzn_Latn,0.27,Latn,Turkic,7.876511046298704,1.7097,0.04,-0.1332220435142517,-0.05732148513197899,Turkic,Latn,-3.5973122605884447,1.2960299348137427,1.7337328767123257,7.474941514372263e-05
bloom-7b1,kaz_Cyrl,0.2633333333333333,Cyrl,Turkic,9.447543326977344,2.9647,0.02,-0.09788522124290466,-0.04639744386076927,Turkic,Cyrl,-4.011868340397864,0.6640319793770075,3.7701498868778427,1.761241295708018e-05
EuroLLM-1.7B,tur_Latn,0.24,Latn,Turkic,10.808162253319553,1.1797,0.9333333333333333,0.01099095307290554,0.1504562944173813,Turkic,Latn,-4.304065093204169,-0.6913524507617419,6.587837837837826,-1.0494216360352247e-05
EuroLLM-1.7B,azj_Latn,0.2633333333333333,Latn,Turkic,9.545721659518483,1.8967,0.20666666666666667,-0.05336794629693031,0.03053482621908188,Turkic,Latn,-4.011868340397864,0.036087614696592496,3.7701498868778427,9.57167720791136e-07
EuroLLM-1.7B,kir_Cyrl,0.25666666666666665,Cyrl,Turkic,8.70022124395045,2.1535,0.02666666666666667,-0.13326217234134674,-0.043474964797496796,Turkic,Cyrl,-4.304065093204169,0.11512070649896788,6.587837837837826,1.7474467687187443e-06
EuroLLM-1.7B,uzn_Latn,0.24666666666666667,Latn,Turkic,7.876511046298704,1.6324,0.04666666666666667,-0.17074473202228546,-0.060729485005140305,Turkic,Latn,-4.304065093204169,0.19436003279089853,6.587837837837826,2.950240848480996e-06
EuroLLM-1.7B,kaz_Cyrl,0.22666666666666666,Cyrl,Turkic,9.447543326977344,2.2464,0.023333333333333334,-0.10988312214612961,-0.03747505322098732,Turkic,Cyrl,-4.304065093204169,-0.08918107753060589,6.587837837837826,-1.3537024688494418e-06
SmolLM2-1.7B,tur_Latn,0.29333333333333333,Latn,Turkic,10.808162253319553,2.1623,0.11666666666666667,-0.04987383261322975,0.015444161370396614,Turkic,Latn,-2.7916369172104756,-0.05018553937501169,0.4144802947415429,-1.2105143439776213e-05
SmolLM2-1.7B,azj_Latn,0.2633333333333333,Latn,Turkic,9.545721659518483,2.5151,0.03,-0.08434609323740005,-0.02013261243700981,Turkic,Latn,-4.011868340397864,-0.8727295645369311,3.7701498868778427,-2.31477910087778e-05
SmolLM2-1.7B,kir_Cyrl,0.27666666666666667,Cyrl,Turkic,8.70022124395045,3.9591,0.023333333333333334,-0.10394201427698135,-0.04687492921948433,Turkic,Cyrl,-3.3004558118606235,0.3323356033499332,1.0085145449308752,3.2949713552851076e-05
SmolLM2-1.7B,uzn_Latn,0.2866666666666667,Latn,Turkic,7.876511046298704,1.9031,0.03333333333333333,-0.11436737328767776,-0.03480871766805649,Turkic,Latn,-2.9680807422234805,0.5856727522710279,0.5604580211632034,0.00010448030894063154
SmolLM2-1.7B,kaz_Cyrl,0.29333333333333333,Cyrl,Turkic,9.447543326977344,4.0549,0.01,-0.10362828522920609,-0.04689152538776398,Turkic,Cyrl,-2.7916369172104756,0.6371517588700599,0.4144802947415429,0.00015368597277175782
Falcon3-7B-Base,tur_Latn,0.33666666666666667,Latn,Turkic,10.808162253319553,2.0344,0.36666666666666664,-0.03700794279575348,0.03864904120564461,Turkic,Latn,-2.03520828670301,-0.14212924672973726,0.12669672326127676,-0.00011209220795846807
Falcon3-7B-Base,azj_Latn,0.26,Latn,Turkic,9.545721659518483,2.4599,0.06,-0.08370058238506317,-0.006547951605170965,Turkic,Latn,-4.304065093204169,-2.005801908930437,6.587837837837826,-3.044658219202652e-05
Falcon3-7B-Base,kir_Cyrl,0.32666666666666666,Cyrl,Turkic,8.70022124395045,4.2624,0.016666666666666666,-0.10156113654375076,-0.04161903262138367,Turkic,Cyrl,-2.172773481472055,0.6561104788718422,0.15476145913268075,0.0004236757696558193
Falcon3-7B-Base,uzn_Latn,0.27,Latn,Turkic,7.876511046298704,1.8301,0.03,-0.13772593438625336,-0.040359508246183395,Turkic,Latn,-3.5973122605884447,-0.8862698746508051,1.7337328767123257,-5.111622270267696e-05
Falcon3-7B-Base,kaz_Cyrl,0.30666666666666664,Cyrl,Turkic,9.447543326977344,4.3596,0.016666666666666666,-0.10757976025342941,-0.04790614917874336,Turkic,Cyrl,-2.5043247356451026,0.12070085207200609,0.2582678999201492,4.671665950915476e-05
salamandra-2b,tur_Latn,0.26,Latn,Turkic,10.808162253319553,1.9058,0.14666666666666667,-0.1409473419189453,-0.0058927289210259914,Turkic,Latn,-4.304065093204169,-0.6964977888775912,6.587837837837826,-1.05723187687614e-05
salamandra-2b,azj_Latn,0.26,Latn,Turkic,9.545721659518483,2.5803,0.04666666666666667,-0.1863989233970642,-0.059604156762361526,Turkic,Latn,-4.304065093204169,-0.2656370307879694,6.587837837837826,-4.032172691259384e-06
salamandra-2b,kir_Cyrl,0.2833333333333333,Cyrl,Turkic,8.70022124395045,2.2448,0.02666666666666667,-0.27624228596687317,-0.07692261040210724,Turkic,Cyrl,-3.0680529351336174,1.280527629130936,0.6671511627906979,0.00019191088762035425
salamandra-2b,uzn_Latn,0.25,Latn,Turkic,7.876511046298704,1.5979,0.03,-0.21437712013721466,-0.06669512391090393,Turkic,Latn,-4.304065093204169,0.11078243584758951,6.587837837837826,1.681595044580403e-06
salamandra-2b,kaz_Cyrl,0.22666666666666666,Cyrl,Turkic,9.447543326977344,2.3945,0.02666666666666667,-0.1734098494052887,-0.06461146473884583,Turkic,Cyrl,-4.304065093204169,-0.1539291576951971,6.587837837837826,-2.3365302027832773e-06
salamandra-7b,tur_Latn,0.30333333333333334,Latn,Turkic,10.808162253319553,1.9058,0.6766666666666666,-0.007550546899437904,0.08082345873117447,Turkic,Latn,-2.56974552972503,-0.2773062580410799,0.2870112514952153,-9.658494976447405e-05
salamandra-7b,azj_Latn,0.26,Latn,Turkic,9.545721659518483,2.5803,0.2966666666666667,-0.04671565070748329,0.02732967399060726,Turkic,Latn,-4.304065093204169,-1.5807650634305976,6.587837837837826,-2.3994838779108447e-05
salamandra-7b,kir_Cyrl,0.26666666666666666,Cyrl,Turkic,8.70022124395045,2.2448,0.08333333333333333,-0.06874296814203262,-0.005386475473642349,Turkic,Cyrl,-3.7841896339182615,-0.7507371022963367,2.4545454545454564,-3.058433961478904e-05
salamandra-7b,uzn_Latn,0.2833333333333333,Latn,Turkic,7.876511046298704,1.5979,0.05333333333333334,-0.09460070729255676,-0.015801165252923965,Turkic,Latn,-3.0680529351336174,0.03166656127551315,0.6671511627906979,4.7458233239937504e-06
salamandra-7b,kaz_Cyrl,0.2633333333333333,Cyrl,Turkic,9.447543326977344,2.3945,0.11333333333333333,-0.051663439720869064,0.004765514750033617,Turkic,Cyrl,-4.011868340397864,-1.17686043753152,3.7701498868778427,-3.121438824025311e-05
granite-3.1-8b-base,tur_Latn,0.37,Latn,Turkic,10.808162253319553,1.5808,0.2,-0.07402242720127106,0.017573347315192223,Turkic,Latn,-1.6582280766035322,0.1147807884048837,0.07647156084656088,0.00014990002442189326
granite-3.1-8b-base,azj_Latn,0.29333333333333333,Latn,Turkic,9.545721659518483,1.9498,0.04,-0.09651434421539307,-0.022882748395204544,Turkic,Latn,-2.7916369172104756,-0.619270127496331,0.4144802947415429,-0.0001493727838316326
granite-3.1-8b-base,kir_Cyrl,0.33666666666666667,Cyrl,Turkic,8.70022124395045,2.7184,0.04,-0.07460393011569977,-0.01822296343743801,Turkic,Cyrl,-2.03520828670301,0.5611646164442878,0.12669672326127676,0.00044257028258935235
granite-3.1-8b-base,uzn_Latn,0.3,Latn,Turkic,7.876511046298704,1.6623,0.016666666666666666,-0.14369192719459534,-0.046114519238471985,Turkic,Latn,-2.639057329615259,-0.018613728196922974,0.3214285714285716,-5.789136590877786e-06
granite-3.1-8b-base,kaz_Cyrl,0.29333333333333333,Cyrl,Turkic,9.447543326977344,2.8969,0.04,-0.06060827523469925,-0.01906597800552845,Turkic,Cyrl,-2.7916369172104756,-0.3907388176094089,0.4144802947415429,-9.424924979357783e-05
Yi-1.5-9B,tur_Latn,0.5533333333333333,Latn,Turkic,10.808162253319553,2.1069,0.6133333333333333,-0.016919545829296112,0.06605430692434311,Turkic,Latn,-0.3869802934340614,-0.028446799967444036,0.025244355447734155,-0.00011224116559080181
Yi-1.5-9B,azj_Latn,0.42,Latn,Turkic,9.545721659518483,2.4469,0.17333333333333334,-0.05186199024319649,0.018875423818826675,Turkic,Latn,-1.2272296664902034,-0.4723286973133827,0.046981267151891194,-0.0010032200190936153
Yi-1.5-9B,kir_Cyrl,0.37666666666666665,Cyrl,Turkic,8.70022124395045,2.9145,0.04,-0.08187753707170486,-0.025182634592056274,Turkic,Cyrl,-1.593522457128201,-0.4456541727131593,0.07061767668538078,-0.0006301878025374721
Yi-1.5-9B,uzn_Latn,0.43333333333333335,Latn,Turkic,7.876511046298704,1.8952,0.07,-0.07515338808298111,-0.009497089311480522,Turkic,Latn,-1.128465251817791,0.04726850752467904,0.04265921244530871,0.00011054578609827466
Yi-1.5-9B,kaz_Cyrl,0.3566666666666667,Cyrl,Turkic,9.447543326977344,3.2025,0.05333333333333334,-0.07581953704357147,-0.021009840071201324,Turkic,Cyrl,-1.7969542861051588,-0.8332692823049686,0.09136298777525904,-0.0009110453338210209
Llama-3.1-8B,tur_Latn,0.66,Latn,Turkic,10.808162253319553,1.2728,0.8666666666666667,0.015739494934678078,0.1413479894399643,Turkic,Latn,0.18721154208814672,0.41065074149500214,0.02165202785456836,0.0018878733708957852
Llama-3.1-8B,azj_Latn,0.5333333333333333,Latn,Turkic,9.545721659518483,2.0719,0.7433333333333333,-0.018845243379473686,0.10047996789216995,Turkic,Latn,-0.4989911661189879,0.16815741016515923,0.02669303015323777,0.0006276162464824903
Llama-3.1-8B,kir_Cyrl,0.5166666666666667,Cyrl,Turkic,8.70022124395045,2.6772,0.5133333333333333,-0.051348231732845306,0.05661483854055405,Turkic,Cyrl,-0.5947071077466924,0.4796082605578761,0.028185614224137928,0.0016955907577576794
Llama-3.1-8B,uzn_Latn,0.5,Latn,Turkic,7.876511046298704,1.8478,0.6366666666666667,-0.044311437755823135,0.07226187735795975,Turkic,Latn,-0.6931471805599454,0.42861594764619637,0.029999999999999995,0.0014239732479996595
Llama-3.1-8B,kaz_Cyrl,0.44,Cyrl,Turkic,9.447543326977344,2.8164,0.6133333333333333,-0.0340682752430439,0.07473206520080566,Turkic,Cyrl,-1.0809127115687085,-0.20612472079396227,0.04080925999208549,-0.0005038583460847894
Qwen3-0.6B-Base,fin_Latn,0.39,Latn,Uralic,10.461273505456898,1.7471,0.41333333333333333,-0.06295087188482285,0.05018266290426254,Uralic,Latn,-1.4718165345580525,-0.027783213237040805,0.06116175978588154,-4.5351640777978584e-05
Qwen3-0.6B-Base,hun_Latn,0.45666666666666667,Latn,Uralic,10.637669631397417,1.8957,0.6,-0.04228502884507179,0.06647687405347824,Uralic,Latn,-0.9666158157616709,0.4422568907201174,0.0368971961721877,0.0011953794786627723
Qwen3-0.6B-Base,est_Latn,0.44333333333333336,Latn,Uralic,9.944761723531126,1.7888,0.21,-0.13379818201065063,0.00526660680770874,Uralic,Latn,-1.0575508018703355,0.5386068357573945,0.039950568541869895,0.0013448169535905034
Qwen3-1.7B-Base,fin_Latn,0.5566666666666666,Latn,Uralic,10.461273505456898,1.7471,0.79,-0.01383679173886776,0.11049748957157135,Uralic,Latn,-0.3685605511727135,0.08115130114651387,0.025034156160723176,0.00032287259070683824
Qwen3-1.7B-Base,hun_Latn,0.5666666666666667,Latn,Uralic,10.637669631397417,1.8957,0.8833333333333333,-0.008708914741873741,0.12393001466989517,Uralic,Latn,-0.3136575588550415,0.10089367862496251,0.024451310462390803,0.0004109502781181007
Qwen3-1.7B-Base,est_Latn,0.5366666666666666,Latn,Uralic,9.944761723531126,1.7888,0.6766666666666666,-0.05618230253458023,0.08000124990940094,Uralic,Latn,-0.48012663687718415,0.12170953174876153,0.026427613993175402,0.0004588031617999835
Qwen3-4B-Base,fin_Latn,0.79,Latn,Uralic,10.461273505456898,1.7471,0.89,0.010810759849846363,0.1461743712425232,Uralic,Latn,0.9444616088408518,0.3439708381833707,0.024189202429943178,0.0014161471097181109
Qwen3-4B-Base,hun_Latn,0.74,Latn,Uralic,10.637669631397417,1.8957,0.8833333333333333,0.004822515416890383,0.1426439732313156,Uralic,Latn,0.6337237600891445,-0.0019276254075599741,0.022226315958094385,-8.633871389607904e-06
Qwen3-4B-Base,est_Latn,0.6866666666666666,Latn,Uralic,9.944761723531126,1.7888,0.8,-0.026365185156464577,0.12580576539039612,Uralic,Latn,0.3319025409311476,-0.1164639134196152,0.02154966667369233,-0.0005379478362107438
Qwen3-8B-Base,fin_Latn,0.81,Latn,Uralic,10.461273505456898,1.7471,0.91,0.02420012466609478,0.15992538630962372,Uralic,Latn,1.080912711568709,0.16031177959199328,0.025489225295381304,0.00062648156692293
Qwen3-8B-Base,hun_Latn,0.81,Latn,Uralic,10.637669631397417,1.8957,0.93,0.01669265702366829,0.15333661437034607,Uralic,Latn,1.080912711568709,0.12515116475276988,0.025489225295381304,0.0004890775836707692
Qwen3-8B-Base,est_Latn,0.76,Latn,Uralic,9.944761723531126,1.7888,0.8733333333333333,0.0038366992957890034,0.14810150861740112,Uralic,Latn,0.7537718023763803,-0.014704813293617058,0.02282775855440216,-6.413541584093094e-05
OLMo-2-0425-1B,fin_Latn,0.25333333333333335,Latn,Uralic,10.461273505456898,1.7611,0.19333333333333333,-0.04078289493918419,0.030483700335025787,Uralic,Latn,-4.304065093204169,-0.8916663258582451,6.587837837837826,-1.3534832102284035e-05
OLMo-2-0425-1B,hun_Latn,0.26666666666666666,Latn,Uralic,10.637669631397417,1.9194,0.03666666666666667,-0.1013810783624649,-0.019813362509012222,Uralic,Latn,-3.7841896339182615,-0.4059512277820234,2.4545454545454564,-1.653807994317419e-05
OLMo-2-0425-1B,est_Latn,0.2633333333333333,Latn,Uralic,9.944761723531126,1.8058,0.06333333333333334,-0.10546481609344482,-0.015973085537552834,Uralic,Latn,-4.011868340397864,-0.4470358999525814,3.7701498868778427,-1.1856930258654775e-05
OLMo-2-1124-7B,fin_Latn,0.33666666666666667,Latn,Uralic,10.461273505456898,1.7611,0.7466666666666667,-0.014415428973734379,0.08610338717699051,Uralic,Latn,-2.03520828670301,0.11697103725738911,0.12669672326127676,9.225083602992883e-05
OLMo-2-1124-7B,hun_Latn,0.34,Latn,Uralic,10.637669631397417,1.9194,0.31333333333333335,-0.051807157695293427,0.030258020386099815,Uralic,Latn,-1.9924301646902058,0.12558879806050727,0.11924803591470251,0.0001052290447070189
OLMo-2-1124-7B,est_Latn,0.3333333333333333,Latn,Uralic,9.944761723531126,1.8058,0.22333333333333333,-0.10051015019416809,0.010740390047430992,Uralic,Latn,-2.079441541679836,0.2251714553799209,0.13500000000000006,0.0001666702112437084
Mistral-7B-v0.3,fin_Latn,0.4266666666666667,Latn,Uralic,10.461273505456898,1.7698,0.6766666666666666,-0.003621713723987341,0.08462882041931152,Uralic,Latn,-1.1772025632613308,0.3942619671033767,0.04470679791699437,0.0008799155160276722
Mistral-7B-v0.3,hun_Latn,0.4866666666666667,Latn,Uralic,10.637669631397417,1.7772,0.8666666666666667,0.020031984895467758,0.12377610802650452,Uralic,Latn,-0.7742727253723135,0.747470797112889,0.03173651383332002,0.0023478412273049074
Mistral-7B-v0.3,est_Latn,0.37,Latn,Uralic,9.944761723531126,1.7697,0.37,-0.045225221663713455,0.051743652671575546,Uralic,Latn,-1.6582280766035322,0.061050398757102275,0.07647156084656088,7.972986065321318e-05
bloom-1b7,fin_Latn,0.27,Latn,Uralic,10.461273505456898,1.6705,0.22666666666666666,-0.1460060179233551,-0.029795849695801735,Uralic,Latn,-3.5973122605884447,0.3050636318101896,1.7337328767123257,1.7594754145007372e-05
bloom-1b7,hun_Latn,0.2,Latn,Uralic,10.637669631397417,1.8404,0.2,-0.12577177584171295,-0.026909980922937393,Uralic,Latn,-4.304065093204169,-0.4346533824170109,6.587837837837826,-6.597715288333848e-06
bloom-1b7,est_Latn,0.21,Latn,Uralic,9.944761723531126,1.7028,0.23666666666666666,-0.14693674445152283,-0.02857949025928974,Uralic,Latn,-4.304065093204169,-0.2505342024490904,6.587837837837826,-3.8029229800271135e-06
bloom-7b1,fin_Latn,0.25,Latn,Uralic,10.461273505456898,1.6705,0.10333333333333333,-0.10996551066637039,-0.021657533943653107,Uralic,Latn,-4.304065093204169,-0.16090230105571734,6.587837837837826,-2.4423773343385314e-06
bloom-7b1,hun_Latn,0.2,Latn,Uralic,10.637669631397417,1.8404,0.06666666666666667,-0.0775984451174736,-0.012134883552789688,Uralic,Latn,-4.304065093204169,-0.1938664826671932,6.587837837837826,-2.9427491111052466e-06
bloom-7b1,est_Latn,0.23666666666666666,Latn,Uralic,9.944761723531126,1.7028,0.1,-0.11317381262779236,-0.024382028728723526,Uralic,Latn,-4.304065093204169,-0.009747302699272709,6.587837837837826,-1.4795680279851292e-07
EuroLLM-1.7B,fin_Latn,0.23333333333333334,Latn,Uralic,10.461273505456898,1.2058,0.9766666666666667,0.06259673088788986,0.1798183172941208,Uralic,Latn,-4.304065093204169,-0.5957676442858144,6.587837837837826,-9.043310037929747e-06
EuroLLM-1.7B,hun_Latn,0.24333333333333335,Latn,Uralic,10.637669631397417,1.2629,0.9566666666666667,0.025569109246134758,0.15942472219467163,Uralic,Latn,-4.304065093204169,-0.6403636413005742,6.587837837837826,-9.72024412735941e-06
EuroLLM-1.7B,est_Latn,0.25,Latn,Uralic,9.944761723531126,1.2586,0.96,0.04497520998120308,0.17623834311962128,Uralic,Latn,-4.304065093204169,-0.44249870784632606,6.587837837837826,-6.716801497439458e-06
SmolLM2-1.7B,fin_Latn,0.30666666666666664,Latn,Uralic,10.461273505456898,1.9839,0.06666666666666667,-0.0720469132065773,0.0019349964568391442,Uralic,Latn,-2.5043247356451026,0.31162362730129356,0.2582678999201492,0.00012061236222354414
SmolLM2-1.7B,hun_Latn,0.29333333333333333,Latn,Uralic,10.637669631397417,2.2792,0.07666666666666666,-0.06157214567065239,0.0015970991225913167,Uralic,Latn,-2.7916369172104756,0.004278378056817633,0.4144802947415429,1.0319781578615383e-06
SmolLM2-1.7B,est_Latn,0.31333333333333335,Latn,Uralic,9.944761723531126,1.961,0.08,-0.0974799171090126,-0.01309230923652649,Uralic,Latn,-2.38343718962314,0.5779740066951149,0.21330312239464258,0.0002708367151454318
Falcon3-7B-Base,fin_Latn,0.31,Latn,Uralic,10.461273505456898,1.8271,0.24333333333333335,-0.07684404402971268,0.020292969420552254,Uralic,Latn,-2.4423470353692043,-0.47775114738743696,0.23399758454106281,-0.0002040820490763036
Falcon3-7B-Base,hun_Latn,0.33666666666666667,Latn,Uralic,10.637669631397417,2.0912,0.14666666666666667,-0.08434709161520004,0.0102420374751091,Uralic,Latn,-2.03520828670301,-0.0938627770438063,0.12669672326127676,-7.40261850779055e-05
Falcon3-7B-Base,est_Latn,0.31333333333333335,Latn,Uralic,9.944761723531126,1.8547,0.1,-0.13696633279323578,-0.012391027063131332,Uralic,Latn,-2.38343718962314,-0.268170962260065,0.21330312239464258,-0.00012566402929560738
salamandra-2b,fin_Latn,0.2733333333333333,Latn,Uralic,10.461273505456898,0.995,0.8733333333333333,-0.026018118485808372,0.1511579155921936,Uralic,Latn,-3.4385849137337767,0.1679550707270936,1.2954034824939167,1.2964463090665393e-05
salamandra-2b,hun_Latn,0.20333333333333334,Latn,Uralic,10.637669631397417,1.1512,0.84,-0.02621551603078842,0.1435299813747406,Uralic,Latn,-4.304065093204169,-0.7319020197078339,6.587837837837826,-1.1109728677160549e-05
salamandra-2b,est_Latn,0.17,Latn,Uralic,9.944761723531126,1.0506,0.8633333333333333,-0.044441428035497665,0.14640535414218903,Uralic,Latn,-4.304065093204169,-0.5439674392973468,6.587837837837826,-8.2570214258704e-06
salamandra-7b,fin_Latn,0.33666666666666667,Latn,Uralic,10.461273505456898,0.995,0.9866666666666667,0.06901856511831284,0.2237118035554886,Uralic,Latn,-2.03520828670301,0.25620366511523196,0.12669672326127676,0.0002020585852183213
salamandra-7b,hun_Latn,0.31666666666666665,Latn,Uralic,10.637669631397417,1.1512,0.9666666666666667,0.02554495260119438,0.1976880133152008,Uralic,Latn,-2.3272777055844176,-0.07024266473071039,0.19550304878048794,-3.5910823043755565e-05
salamandra-7b,est_Latn,0.3433333333333333,Latn,Uralic,9.944761723531126,1.0506,0.9833333333333333,0.05454577878117561,0.2234039306640625,Uralic,Latn,-1.9509992185627847,0.49397040270140957,0.11253787682585727,0.0004385473311732593
granite-3.1-8b-base,fin_Latn,0.3333333333333333,Latn,Uralic,10.461273505456898,1.6693,0.1,-0.06949520856142044,0.01304151862859726,Uralic,Latn,-2.079441541679836,-0.20441324890856993,0.13500000000000006,-0.0001513051435220138
granite-3.1-8b-base,hun_Latn,0.39,Latn,Uralic,10.637669631397417,1.6974,0.08666666666666667,-0.06178934499621391,0.009350821375846863,Uralic,Latn,-1.4718165345580525,0.35562531220292914,0.06116175978588154,0.000580501300404313
granite-3.1-8b-base,est_Latn,0.37,Latn,Uralic,9.944761723531126,1.6449,0.07,-0.1220431849360466,-0.019636688753962517,Uralic,Latn,-1.6582280766035322,0.3621083711432722,0.07647156084656088,0.00047290190659001944
Yi-1.5-9B,fin_Latn,0.64,Latn,Uralic,10.461273505456898,1.9509,0.64,-0.01078925933688879,0.07405722141265869,Uralic,Latn,0.08004270767353656,0.5153830503028021,0.021915406530791146,0.002341010826139662
Yi-1.5-9B,hun_Latn,0.58,Latn,Uralic,10.637669631397417,2.1683,0.3933333333333333,-0.0344143882393837,0.046723995357751846,Uralic,Latn,-0.24116205681688824,0.16611225341770902,0.02377672832218287,0.0006957077669020521
Yi-1.5-9B,est_Latn,0.5066666666666667,Latn,Uralic,9.944761723531126,1.9054,0.2733333333333333,-0.0664374902844429,0.03250094875693321,Uralic,Latn,-0.6534068519104311,-0.0749341637471993,0.02923103572454221,-0.00025547738732684084
Llama-3.1-8B,fin_Latn,0.5533333333333333,Latn,Uralic,10.461273505456898,1.7486,0.91,0.03132752329111099,0.1639823615550995,Uralic,Latn,-0.3869802934340614,-0.021583704334463327,0.025244355447734155,-8.516178040922104e-05
Llama-3.1-8B,hun_Latn,0.6,Latn,Uralic,10.637669631397417,1.8827,0.91,0.027118150144815445,0.16699986159801483,Uralic,Latn,-0.13353139262452288,0.19520935713808893,0.022959183673469375,0.0008465579697187752
Llama-3.1-8B,est_Latn,0.5,Latn,Uralic,9.944761723531126,1.7927,0.8266666666666667,-0.01560406293720007,0.1398501843214035,Uralic,Latn,-0.6931471805599454,-0.1753787897195167,0.029999999999999995,-0.0005826537864359513
Qwen3-0.6B-Base,khm_Khmr,0.30666666666666664,Khmr,Austroasiatic,8.873125289337338,5.2412,0.06,-0.09396259486675262,-0.02210882119834423,other,other,-2.5043247356451026,-0.3971538520730724,0.2582678999201492,-0.000153716406776373
Qwen3-0.6B-Base,jpn_Jpan,0.5,Jpan,Japonic,11.032916144087627,3.1242,0.74,-0.045859694480895996,0.06718887388706207,other,other,-0.6931471805599454,0.5775947009334397,0.029999999999999995,0.0019189192722242803
Qwen3-0.6B-Base,kor_Hang,0.49333333333333335,Hang,Koreanic,10.39384619552899,3.2567,0.7466666666666667,-0.026503106579184532,0.07176259160041809,other,other,-0.7334210796978851,0.7338841285412889,0.030833028809592013,0.002372493599204085
Qwen3-0.6B-Base,kat_Geor,0.31666666666666665,Geor,kartvelian,9.417907523376437,4.4992,0.09,-0.10031989961862564,-0.018107863143086433,other,other,-2.3272777055844176,-0.45253625155617616,0.19550304878048794,-0.0002313543957203243
Qwen3-0.6B-Base,vie_Latn,0.55,Latn,Austroasiatic,10.743353922054286,1.2567,0.92,0.01713200844824314,0.14625781774520874,other,Latn,-0.40546510810816394,0.9328639035819151,0.02546296296296296,0.003649279251934335
Qwen3-0.6B-Base,eus_Latn,0.35333333333333333,Latn,isolate,9.101082328203272,1.6796,0.08,-0.15483827888965607,-0.034503497183322906,other,Latn,-1.833870954578182,0.018080683775418827,0.09594548204726606,1.8825126814324507e-05
Qwen3-0.6B-Base,khk_Cyrl,0.27666666666666667,Cyrl,Mongolic-Khitan,9.267328434893145,2.8953,0.03333333333333333,-0.1254350244998932,-0.050474971532821655,other,Cyrl,-3.3004558118606235,-1.267952668844429,1.0085145449308752,-0.00012571231249964977
Qwen3-1.7B-Base,khm_Khmr,0.3933333333333333,Khmr,Austroasiatic,8.873125289337338,5.2412,0.23,-0.07316529005765915,0.009703433141112328,other,other,-1.442806571383233,-0.32995715681298665,0.0591721690964525,-0.0005566814271029694
Qwen3-1.7B-Base,jpn_Jpan,0.6466666666666666,Jpan,Japonic,11.032916144087627,3.1242,0.8666666666666667,-0.015068183653056622,0.11640719324350357,other,other,0.11568439899946212,0.3921048114910629,0.021809500714825337,0.0017896565357610002
Qwen3-1.7B-Base,kor_Hang,0.6666666666666666,Hang,Koreanic,10.39384619552899,3.2567,0.8833333333333333,-0.0013083691010251641,0.12144684046506882,other,other,0.2231435513142094,0.696127290551599,0.021599999999999998,0.0032079598643132193
Qwen3-1.7B-Base,kat_Geor,0.45666666666666667,Geor,kartvelian,9.417907523376437,4.4992,0.38666666666666666,-0.05220772325992584,0.038552168756723404,other,other,-0.9666158157616709,-0.0861958307352142,0.0368971961721877,-0.00023297935964279202
Qwen3-1.7B-Base,vie_Latn,0.6833333333333333,Latn,Austroasiatic,10.743353922054286,1.2567,0.97,0.039276137948036194,0.19877594709396362,other,Latn,0.31365755885504176,0.6576651015433365,0.021547025848645287,0.00303813145577619
Qwen3-1.7B-Base,eus_Latn,0.42,Latn,isolate,9.101082328203272,1.6796,0.21666666666666667,-0.10625199973583221,0.001805309671908617,other,Latn,-1.2272296664902034,-0.3695994971383869,0.046981267151891194,-0.0007850245320214092
Qwen3-1.7B-Base,khk_Cyrl,0.36,Cyrl,Mongolic-Khitan,9.267328434893145,2.8953,0.09,-0.10264541208744049,-0.016621742397546768,other,Cyrl,-1.7609878105613017,-0.7228061365468914,0.08716425619834708,-0.0008282957627993286
Qwen3-4B-Base,khm_Khmr,0.55,Khmr,Austroasiatic,8.873125289337338,5.2412,0.4033333333333333,-0.040590185672044754,0.031643662601709366,other,other,-0.40546510810816394,-0.3428183165146266,0.02546296296296296,-0.0013410742604688273
Qwen3-4B-Base,jpn_Jpan,0.7766666666666666,Jpan,Japonic,11.032916144087627,3.1242,0.86,-0.023223508149385452,0.12556599080562592,other,other,0.8579024136360006,0.08412020315089286,0.023507731730707145,0.0003563248011931233
Qwen3-4B-Base,kor_Hang,0.7966666666666666,Hang,Koreanic,10.39384619552899,3.2567,0.9033333333333333,0.0037741533014923334,0.14377444982528687,other,other,0.9889925636508868,0.411773679911568,0.02458239265269501,0.0016682891553934504
Qwen3-4B-Base,kat_Geor,0.63,Geor,kartvelian,9.417907523376437,4.4992,0.5433333333333333,-0.025997256860136986,0.0659031793475151,other,other,0.02666824708216149,-0.1431143908680899,0.02210919368121585,-0.0006443925561541716
Qwen3-4B-Base,vie_Latn,0.8,Latn,Austroasiatic,10.743353922054286,1.2567,0.95,0.03690669685602188,0.21546605229377747,other,Latn,1.0116009116784803,0.3054058313900674,0.02479338842975207,0.0012268552039708179
Qwen3-4B-Base,eus_Latn,0.5933333333333334,Latn,isolate,9.101082328203272,1.6796,0.45666666666666667,-0.09446728229522705,0.045620404183864594,other,Latn,-0.16929205650362059,-0.36186451012851173,0.02320756116443045,-0.0015525627394944127
Qwen3-4B-Base,khk_Cyrl,0.6,Cyrl,Mongolic-Khitan,9.267328434893145,2.8953,0.25666666666666665,-0.08360335230827332,0.012763443402945995,other,Cyrl,-0.13353139262452288,-0.14555234158682065,0.022959183673469375,-0.0006312120309342992
Qwen3-8B-Base,khm_Khmr,0.6066666666666667,Khmr,Austroasiatic,8.873125289337338,5.2412,0.5666666666666667,-0.022191615775227547,0.049149289727211,other,other,-0.09785579000375869,-0.3553191597294554,0.022733463510246615,-0.0015561334335695755
Qwen3-8B-Base,jpn_Jpan,0.83,Jpan,Japonic,11.032916144087627,3.1242,0.88,-0.014592085964977741,0.13530932366847992,other,other,1.2272296664902032,0.1333372946858613,0.027212876827306436,0.00048818473255098565
Qwen3-8B-Base,kor_Hang,0.83,Hang,Koreanic,10.39384619552899,3.2567,0.9033333333333333,0.00781711284071207,0.15502427518367767,other,other,1.2272296664902032,0.3299006214316502,0.027212876827306436,0.0012078574641662505
Qwen3-8B-Base,kat_Geor,0.7433333333333333,Geor,kartvelian,9.417907523376437,4.4992,0.6933333333333334,-0.014661310240626335,0.08240927010774612,other,other,0.6534068519104307,0.1635140526409452,0.022311793848956003,0.0007295893124283553
Qwen3-8B-Base,vie_Latn,0.8166666666666667,Latn,Austroasiatic,10.743353922054286,1.2567,0.96,0.04234727844595909,0.22333358228206635,other,Latn,1.1284652518177907,0.1021600102101432,0.026010537905001574,0.00039125969211011773
Qwen3-8B-Base,eus_Latn,0.7133333333333334,Latn,isolate,9.101082328203272,1.6796,0.5933333333333334,-0.04078483581542969,0.06868516653776169,other,Latn,0.48012663687718443,-0.03255597806694127,0.021733491573814736,-0.00014911026920490282
Qwen3-8B-Base,khk_Cyrl,0.61,Cyrl,Mongolic-Khitan,9.267328434893145,2.8953,0.39,-0.07366181164979935,0.028794199228286743,other,Cyrl,-0.0800427076735365,-0.41217381795506836,0.022628798670465335,-0.001813443041695315
OLMo-2-0425-1B,khm_Khmr,0.27,Khmr,Austroasiatic,8.873125289337338,7.0834,0.01,-0.0968485102057457,-0.043950989842414856,other,other,-3.5973122605884447,0.6667460984436326,1.7337328767123257,3.845503841515662e-05
OLMo-2-0425-1B,jpn_Jpan,0.24666666666666667,Jpan,Japonic,11.032916144087627,4.7947,0.23333333333333334,-0.059260956943035126,0.0033249235711991787,other,other,-4.304065093204169,-0.8941412566828637,6.587837837837826,-1.3572399700172416e-05
OLMo-2-0425-1B,kor_Hang,0.2866666666666667,Hang,Koreanic,10.39384619552899,4.6943,0.06666666666666667,-0.07981856167316437,-0.011051569133996964,other,other,-2.9680807422234805,0.6143900220416221,0.5604580211632034,0.00010960328796653107
OLMo-2-0425-1B,kat_Geor,0.24333333333333335,Geor,kartvelian,9.417907523376437,8.3474,0.01,-0.09620897471904755,-0.060056328773498535,other,other,-4.304065093204169,-0.06557958837024991,6.587837837837826,-9.954493902625496e-07
OLMo-2-0425-1B,vie_Latn,0.27,Latn,Austroasiatic,10.743353922054286,2.1646,0.08666666666666667,-0.0703086331486702,0.011547085829079151,other,Latn,-3.5973122605884447,-0.19843979055966532,1.7337328767123257,-1.1445150964332696e-05
OLMo-2-0425-1B,eus_Latn,0.24666666666666667,Latn,isolate,9.101082328203272,1.6898,0.07666666666666666,-0.10548904538154602,-0.02781340293586254,other,Latn,-4.304065093204169,-0.4841398607630003,6.587837837837826,-7.3488832370233545e-06
OLMo-2-0425-1B,khk_Cyrl,0.21,Cyrl,Mongolic-Khitan,9.267328434893145,3.5425,0.016666666666666666,-0.11952424049377441,-0.061984531581401825,other,Cyrl,-4.304065093204169,-0.23790159712973669,6.587837837837826,-3.611169407682192e-06
OLMo-2-1124-7B,khm_Khmr,0.2966666666666667,Khmr,Austroasiatic,8.873125289337338,7.0834,0.12333333333333334,-0.04358508065342903,-0.004873345606029034,other,other,-2.7128008038608074,0.29103811178574546,0.3631577038398295,8.011890973894763e-05
OLMo-2-1124-7B,jpn_Jpan,0.37333333333333335,Jpan,Japonic,11.032916144087627,4.7947,0.73,-0.016475114971399307,0.05547958239912987,other,other,-1.6255240501857244,0.5241803429500562,0.07343456164617751,0.0007128353405941041
OLMo-2-1124-7B,kor_Hang,0.3433333333333333,Hang,Koreanic,10.39384619552899,4.6943,0.59,-0.025489360094070435,0.041728366166353226,other,other,-1.9509992185627847,0.37125210231679295,0.11253787682585727,0.0003295979228315254
OLMo-2-1124-7B,kat_Geor,0.29,Geor,kartvelian,9.417907523376437,8.3474,0.013333333333333334,-0.06691066920757294,-0.034315962344408035,other,other,-2.876385515921425,0.1018805455269689,0.478653169014085,2.1280390860618132e-05
OLMo-2-1124-7B,vie_Latn,0.3566666666666667,Latn,Austroasiatic,10.743353922054286,2.1646,0.6666666666666666,-0.008048963733017445,0.0763564258813858,other,Latn,-1.7969542861051588,0.34169874053809557,0.09136298777525904,0.0003735923665605501
OLMo-2-1124-7B,eus_Latn,0.30333333333333334,Latn,isolate,9.101082328203272,1.6898,0.10666666666666667,-0.09595220535993576,-0.016139384359121323,other,Latn,-2.56974552972503,-0.010039740669385733,0.2870112514952153,-3.4968119706361e-06
OLMo-2-1124-7B,khk_Cyrl,0.24666666666666667,Cyrl,Mongolic-Khitan,9.267328434893145,3.5425,0.013333333333333334,-0.09196874499320984,-0.040536172688007355,other,Cyrl,-4.304065093204169,-1.4981210405152616,6.587837837837826,-2.2740363920530408e-05
Mistral-7B-v0.3,khm_Khmr,0.25,Khmr,Austroasiatic,8.873125289337338,4.8562,0.12666666666666668,-0.05898706242442131,-0.00944297295063734,other,other,-4.304065093204169,-2.111504588708291,6.587837837837826,-3.205107029468684e-05
Mistral-7B-v0.3,jpn_Jpan,0.42333333333333334,Jpan,Japonic,11.032916144087627,4.4367,0.7566666666666667,0.004695198033004999,0.08191297203302383,other,other,-1.2020478759163515,0.32912801166997663,0.045813630844477884,0.0007168416124485805
Mistral-7B-v0.3,kor_Hang,0.53,Hang,Koreanic,10.39384619552899,4.7549,0.78,0.004305766895413399,0.08451244235038757,other,other,-0.5179430915348547,1.2289453082617112,0.026968899261832387,0.004540063843674651
Mistral-7B-v0.3,kat_Geor,0.29,Geor,kartvelian,9.417907523376437,4.1277,0.19666666666666666,-0.047436296939849854,0.009338853880763054,other,other,-2.876385515921425,-0.9148623354024532,0.478653169014085,-0.0001910926954676124
Mistral-7B-v0.3,vie_Latn,0.4766666666666667,Latn,Austroasiatic,10.743353922054286,2.5754,0.7766666666666666,0.012555976398289204,0.09658204764127731,other,Latn,-0.8367381001722014,0.7626642549822791,0.033240101492076776,0.0022875282943282255
Mistral-7B-v0.3,eus_Latn,0.29,Latn,isolate,9.101082328203272,1.6714,0.12666666666666668,-0.07006118446588516,-0.004690304398536682,other,Latn,-2.876385515921425,-0.9001890434883255,0.478653169014085,-0.0001880277983841435
Mistral-7B-v0.3,khk_Cyrl,0.26,Cyrl,Mongolic-Khitan,9.267328434893145,2.733,0.056666666666666664,-0.0753147155046463,-0.025238435715436935,other,Cyrl,-4.304065093204169,-2.1632077433571126,6.587837837837826,-3.283588575472146e-05
bloom-1b7,khm_Khmr,0.26,Khmr,Austroasiatic,8.873125289337338,5.0014,0.04,-0.10806183516979218,-0.06340628117322922,other,other,-4.304065093204169,0.24461935192583972,6.587837837837826,3.7131399730805864e-06
bloom-1b7,jpn_Jpan,0.24666666666666667,Jpan,Japonic,11.032916144087627,3.9055,0.14,-0.09304199367761612,-0.02691802941262722,other,other,-4.304065093204169,-0.4865149098310608,6.587837837837826,-7.3849347166596595e-06
bloom-1b7,kor_Hang,0.25333333333333335,Hang,Koreanic,10.39384619552899,5.3954,0.03,-0.10588279366493225,-0.055258940905332565,other,other,-4.304065093204169,-0.1499779463085229,6.587837837837826,-2.2765537360493446e-06
bloom-1b7,kat_Geor,0.27,Geor,kartvelian,9.417907523376437,4.2148,0.016666666666666666,-0.11144013702869415,-0.06942438334226608,other,other,-3.5973122605884447,0.7143436506805196,1.7337328767123257,4.1200259876589566e-05
bloom-1b7,vie_Latn,0.22333333333333333,Latn,Austroasiatic,10.743353922054286,1.1413,0.81,-0.028724610805511475,0.07613347470760345,other,Latn,-4.304065093204169,-0.5113945249546186,6.587837837837826,-7.762588782863225e-06
bloom-1b7,eus_Latn,0.22666666666666666,Latn,isolate,9.101082328203272,1.0313,0.5233333333333333,-0.04995445907115936,0.04437519237399101,other,Latn,-4.304065093204169,-0.05272397655714123,6.587837837837826,-8.003107576653736e-07
bloom-1b7,khk_Cyrl,0.26,Cyrl,Mongolic-Khitan,9.267328434893145,3.1115,0.02,-0.11578533053398132,-0.06708872318267822,other,Cyrl,-4.304065093204169,0.21697384385136242,6.587837837837826,3.2935017075873194e-06
bloom-7b1,khm_Khmr,0.22333333333333333,Khmr,Austroasiatic,8.873125289337338,5.0014,0.023333333333333334,-0.05832524225115776,-0.026103783398866653,other,other,-4.304065093204169,0.48540625167565743,6.587837837837826,7.368106150309188e-06
bloom-7b1,jpn_Jpan,0.22333333333333333,Jpan,Japonic,11.032916144087627,3.9055,0.65,-0.015664102509617805,0.05901860445737839,other,other,-4.304065093204169,-0.24572801008124312,6.587837837837826,-3.7299685394310595e-06
bloom-7b1,kor_Hang,0.24,Hang,Koreanic,10.39384619552899,5.3954,0.12,-0.06047346815466881,0.0007727242191322148,other,other,-4.304065093204169,0.0908089534412948,6.587837837837826,1.3784124411792565e-06
bloom-7b1,kat_Geor,0.25,Geor,kartvelian,9.417907523376437,4.2148,0.006666666666666667,-0.07416076213121414,-0.037328965961933136,other,other,-4.304065093204169,0.2483777178146127,6.587837837837826,3.770189173927425e-06
bloom-7b1,vie_Latn,0.22666666666666666,Latn,Austroasiatic,10.743353922054286,1.1413,0.9766666666666667,0.03790435567498207,0.1976580023765564,other,Latn,-4.304065093204169,-0.2706076252048,6.587837837837826,-4.10762260563461e-06
bloom-7b1,eus_Latn,0.25666666666666665,Latn,isolate,9.101082328203272,1.0313,0.88,0.01244477927684784,0.12014956027269363,other,Latn,-4.304065093204169,0.18806292319267737,6.587837837837826,2.85465541956324e-06
bloom-7b1,khk_Cyrl,0.22,Cyrl,Mongolic-Khitan,9.267328434893145,3.1115,0.013333333333333334,-0.09992445260286331,-0.048653893172740936,other,Cyrl,-4.304065093204169,0.45776074360118013,6.587837837837826,6.948467884815921e-06
EuroLLM-1.7B,khm_Khmr,0.26,Khmr,Austroasiatic,8.873125289337338,9.8175,0.0033333333333333335,-0.1414404809474945,-0.09378018230199814,other,other,-4.304065093204169,0.5950913586375854,6.587837837837826,9.033044552307329e-06
EuroLLM-1.7B,jpn_Jpan,0.32,Jpan,Japonic,11.032916144087627,2.7131,0.93,0.011539241299033165,0.1343425214290619,other,other,-2.2735975561207935,1.2748345377705332,0.18007202881152456,0.0007075651787995049
EuroLLM-1.7B,kor_Hang,0.25666666666666665,Hang,Koreanic,10.39384619552899,2.4424,0.9733333333333334,0.03332936018705368,0.14573971927165985,other,other,-4.304065093204169,-0.6006472254979398,6.587837837837826,-9.117378441482927e-06
EuroLLM-1.7B,kat_Geor,0.29,Geor,kartvelian,9.417907523376437,4.753,0.01,-0.1258040815591812,-0.06636357307434082,other,other,-2.876385515921425,1.3446099276469874,0.478653169014085,0.0002808566114586393
EuroLLM-1.7B,vie_Latn,0.24666666666666667,Latn,Austroasiatic,10.743353922054286,2.7007,0.04666666666666667,-0.09670940041542053,-0.024136852473020554,other,Latn,-4.304065093204169,-0.4967499404403366,6.587837837837826,-7.5402948742872995e-06
EuroLLM-1.7B,eus_Latn,0.26666666666666666,Latn,isolate,9.101082328203272,1.4877,0.09,-0.13494911789894104,-0.03590238094329834,other,Latn,-3.7841896339182615,0.36805588648221566,2.4545454545454564,1.4994258592301983e-05
EuroLLM-1.7B,khk_Cyrl,0.2633333333333333,Cyrl,Mongolic-Khitan,9.267328434893145,2.4459,0.016666666666666666,-0.1227453425526619,-0.057560041546821594,other,Cyrl,-4.011868340397864,0.29437555996356135,3.7701498868778427,7.80785278320047e-06
SmolLM2-1.7B,khm_Khmr,0.2833333333333333,Khmr,Austroasiatic,8.873125289337338,9.1233,0.006666666666666667,-0.08597206324338913,-0.04954814910888672,other,other,-3.0680529351336174,0.7869324288012964,0.6671511627906979,0.00011793646423110008
SmolLM2-1.7B,jpn_Jpan,0.31666666666666665,Jpan,Japonic,11.032916144087627,7.574,0.27,-0.035697732120752335,0.019743090495467186,other,other,-2.3272777055844176,0.7498192733325255,0.19550304878048794,0.0003833372117903665
SmolLM2-1.7B,kor_Hang,0.30333333333333334,Hang,Koreanic,10.39384619552899,9.2384,0.13,-0.04400112107396126,-0.00343077233992517,other,other,-2.56974552972503,0.861882666153043,0.2870112514952153,0.00030019118433102034
SmolLM2-1.7B,kat_Geor,0.27666666666666667,Geor,kartvelian,9.417907523376437,8.148,0.006666666666666667,-0.0857628807425499,-0.04891449585556984,other,other,-3.3004558118606235,0.2980424759561573,1.0085145449308752,2.9549690479685714e-05
SmolLM2-1.7B,vie_Latn,0.2866666666666667,Latn,Austroasiatic,10.743353922054286,3.3841,0.10666666666666667,-0.0588926263153553,0.004591328091919422,other,Latn,-2.9680807422234805,-0.06288003818596,0.5604580211632034,-1.1217400465005718e-05
SmolLM2-1.7B,eus_Latn,0.25333333333333335,Latn,isolate,9.101082328203272,1.8232,0.056666666666666664,-0.1360582560300827,-0.04014371335506439,other,Latn,-4.304065093204169,-1.0898090975832169,6.587837837837826,-1.6542492098077794e-05
SmolLM2-1.7B,khk_Cyrl,0.26,Cyrl,Mongolic-Khitan,9.267328434893145,4.4845,0.01,-0.10456213355064392,-0.053541433066129684,other,Cyrl,-4.304065093204169,-0.7601888664402434,6.587837837837826,-1.1539101974239658e-05
Falcon3-7B-Base,khm_Khmr,0.29333333333333333,Khmr,Austroasiatic,8.873125289337338,9.3076,0.006666666666666667,-0.12147621810436249,-0.0788385421037674,other,other,-2.7916369172104756,0.24716983908303902,0.4144802947415429,5.961929264413598e-05
Falcon3-7B-Base,jpn_Jpan,0.39666666666666667,Jpan,Japonic,11.032916144087627,6.0826,0.48,-0.031518373638391495,0.035749148577451706,other,other,-1.4143073973475646,0.6738145814520697,0.057306886671841466,0.0011737521759635388
Falcon3-7B-Base,kor_Hang,0.39,Hang,Koreanic,10.39384619552899,7.2379,0.25333333333333335,-0.0528903566300869,0.00735044339671731,other,other,-1.4718165345580525,0.9183388134916148,0.06116175978588154,0.0014990408645029298
Falcon3-7B-Base,kat_Geor,0.2866666666666667,Geor,kartvelian,9.417907523376437,8.3223,0.01,-0.09874729812145233,-0.057336170226335526,other,other,-2.9680807422234805,-0.18679225135690158,0.5604580211632034,-3.332255434609972e-05
Falcon3-7B-Base,vie_Latn,0.35,Latn,Austroasiatic,10.743353922054286,2.907,0.16333333333333333,-0.04411821812391281,0.02364516630768776,other,Latn,-1.8718021769015918,0.14901705861038117,0.10096153846153849,0.00014745180105042266
Falcon3-7B-Base,eus_Latn,0.25666666666666665,Latn,isolate,9.101082328203272,1.6635,0.08666666666666667,-0.11676537990570068,-0.011921441182494164,other,Latn,-4.304065093204169,-1.9414606174473965,6.587837837837826,-2.946992919338125e-05
Falcon3-7B-Base,khk_Cyrl,0.2733333333333333,Cyrl,Mongolic-Khitan,9.267328434893145,4.7379,0.01,-0.11232371628284454,-0.057405587285757065,other,Cyrl,-3.4385849137337767,-0.7037617764874313,1.2954034824939167,-5.4323418326179294e-05
salamandra-2b,khm_Khmr,0.21333333333333335,Khmr,Austroasiatic,8.873125289337338,11.439,0.0033333333333333335,-0.3319966495037079,-0.19035594165325165,other,other,-4.304065093204169,0.6822787112318442,6.587837837837826,1.0356483764096763e-05
salamandra-2b,jpn_Jpan,0.27666666666666667,Jpan,Japonic,11.032916144087627,11.6856,0.04666666666666667,-0.35292813181877136,-0.17071622610092163,other,other,-3.3004558118606235,1.093190895525125,1.0085145449308752,0.00010838539868608114
salamandra-2b,kor_Hang,0.26,Hang,Koreanic,10.39384619552899,10.2019,0.043333333333333335,-0.2744768261909485,-0.12271471321582794,other,other,-4.304065093204169,0.11948412483882898,6.587837837837826,1.813680230635895e-06
salamandra-2b,kat_Geor,0.2733333333333333,Geor,kartvelian,9.417907523376437,11.0643,0.013333333333333334,-0.4283484220504761,-0.21414580941200256,other,other,-3.4385849137337767,1.353205044470736,1.2954034824939167,0.00010445398742794429
salamandra-2b,vie_Latn,0.26,Latn,Austroasiatic,10.743353922054286,3.2591,0.12333333333333334,-0.23084041476249695,-0.05367877334356308,other,Latn,-4.304065093204169,-0.5191883232647911,6.587837837837826,-7.880892848596949e-06
salamandra-2b,eus_Latn,0.24333333333333335,Latn,isolate,9.101082328203272,0.9308,0.77,-0.059448253363370895,0.10926239937543869,other,Latn,-4.304065093204169,-0.28926649923880454,6.587837837837826,-4.390850445564084e-06
salamandra-2b,khk_Cyrl,0.26,Cyrl,Mongolic-Khitan,9.267328434893145,2.5557,0.02,-0.22482649981975555,-0.08515749126672745,other,Cyrl,-4.304065093204169,-0.06651872806004455,6.587837837837826,-1.0097048327532283e-06
salamandra-7b,khm_Khmr,0.21666666666666667,Khmr,Austroasiatic,8.873125289337338,11.439,0.043333333333333335,-0.07400684803724289,-0.04037058353424072,other,other,-4.304065093204169,-0.632849321410784,6.587837837837826,-9.606182323752298e-06
salamandra-7b,jpn_Jpan,0.32666666666666666,Jpan,Japonic,11.032916144087627,11.6856,0.55,-0.02123357728123665,0.03726783022284508,other,other,-2.172773481472055,0.9057451932710658,0.15476145913268075,0.0005848745054935561
salamandra-7b,kor_Hang,0.36666666666666664,Hang,Koreanic,10.39384619552899,10.2019,0.55,-0.024346498772501945,0.034376680850982666,other,other,-1.6916760106710726,1.4167451747292978,0.07975295381310421,0.0017741925715876734
salamandra-7b,kat_Geor,0.2633333333333333,Geor,kartvelian,9.417907523376437,11.0643,0.53,-0.05587810277938843,0.03753264248371124,other,other,-4.011868340397864,-0.5352064148359799,3.7701498868778427,-1.4195515685474717e-05
salamandra-7b,vie_Latn,0.31,Latn,Austroasiatic,10.743353922054286,3.2591,0.63,-0.007716883905231953,0.06771447509527206,other,Latn,-2.4423470353692043,0.027401701927545652,0.23399758454106281,1.1705247633630853e-05
salamandra-7b,eus_Latn,0.30666666666666664,Latn,isolate,9.101082328203272,0.9308,0.93,0.02415383607149124,0.17262397706508636,other,Latn,-2.5043247356451026,0.19534582567763348,0.2582678999201492,7.560762222793558e-05
salamandra-7b,khk_Cyrl,0.23,Cyrl,Mongolic-Khitan,9.267328434893145,2.5557,0.03,-0.09124432504177094,-0.04003613069653511,other,Cyrl,-4.304065093204169,-1.3816467607026732,6.587837837837826,-2.0972370920602293e-05
granite-3.1-8b-base,khm_Khmr,0.2633333333333333,Khmr,Austroasiatic,8.873125289337338,7.0021,0.08333333333333333,-0.13209590315818787,-0.05195960775017738,other,other,-4.011868340397864,-1.2840977071662034,3.7701498868778427,-3.405868960762509e-05
granite-3.1-8b-base,jpn_Jpan,0.42,Jpan,Japonic,11.032916144087627,3.4027,0.5666666666666667,-0.019613437354564667,0.07068279385566711,other,other,-1.2272296664902034,0.511248461526042,0.046981267151891194,0.0010858850928675767
granite-3.1-8b-base,kor_Hang,0.4766666666666667,Hang,Koreanic,10.39384619552899,3.3708,0.44333333333333336,-0.031053666025400162,0.03869376331567764,other,other,-0.8367381001722014,1.0813506023531316,0.033240101492076776,0.003243393253067442
granite-3.1-8b-base,kat_Geor,0.26,Geor,kartvelian,9.417907523376437,4.5717,0.02,-0.09901787340641022,-0.05232807621359825,other,other,-4.304065093204169,-1.9828298924143835,6.587837837837826,-3.0097884040334762e-05
granite-3.1-8b-base,vie_Latn,0.38666666666666666,Latn,Austroasiatic,10.743353922054286,1.9595,0.29333333333333333,-0.013736761175096035,0.04527495056390762,other,Latn,-1.501363690904678,0.34845492968071845,0.06328725137728576,0.0005497239935827004
granite-3.1-8b-base,eus_Latn,0.3433333333333333,Latn,isolate,9.101082328203272,1.5331,0.14333333333333334,-0.08969160169363022,-0.017915137112140656,other,Latn,-1.9509992185627847,0.32486312068960244,0.11253787682585727,0.0002884137466605649
granite-3.1-8b-base,khk_Cyrl,0.22666666666666666,Cyrl,Mongolic-Khitan,9.267328434893145,2.9543,0.013333333333333334,-0.08250638097524643,-0.04265905171632767,other,Cyrl,-4.304065093204169,-1.8264603089933136,6.587837837837826,-2.7724309983169847e-05
Yi-1.5-9B,khm_Khmr,0.38666666666666666,Khmr,Austroasiatic,8.873125289337338,11.745,0.07,-0.06626923382282257,-0.02957187034189701,other,other,-1.501363690904678,0.24676347852070446,0.06328725137728576,0.00038929512350165086
Yi-1.5-9B,jpn_Jpan,0.73,Jpan,Japonic,11.032916144087627,5.3467,0.67,-0.018696265295147896,0.0730946958065033,other,other,0.5753641449035619,1.0455792334730085,0.022002797067901245,0.004730529037865078
Yi-1.5-9B,kor_Hang,0.66,Hang,Koreanic,10.39384619552899,8.1136,0.57,-0.03838111832737923,0.032498735934495926,other,other,0.18721154208814672,1.125646468914114,0.02165202785456836,0.005174903583447212
Yi-1.5-9B,kat_Geor,0.31333333333333335,Geor,kartvelian,9.417907523376437,11.3617,0.02,-0.06988968700170517,-0.0349133275449276,other,other,-2.38343718962314,-0.8307506892348266,0.21330312239464258,-0.0003892870356673537
Yi-1.5-9B,vie_Latn,0.6466666666666666,Latn,Austroasiatic,10.743353922054286,3.827,0.45666666666666667,-0.012270435690879822,0.0571269616484642,other,Latn,0.11568439899946212,0.6893513819257272,0.021809500714825337,0.003146358243863042
Yi-1.5-9B,eus_Latn,0.42,Latn,isolate,9.101082328203272,1.8079,0.13666666666666666,-0.09725472331047058,-0.01551269181072712,other,Latn,-1.2272296664902034,-0.39175648610980174,0.046981267151891194,-0.0008320856888503727
Yi-1.5-9B,khk_Cyrl,0.2966666666666667,Cyrl,Mongolic-Khitan,9.267328434893145,3.2498,0.02666666666666667,-0.08450086414813995,-0.035018209367990494,other,Cyrl,-2.7128008038608074,-1.6734506166527177,0.3631577038398295,-0.000460678630870036
Llama-3.1-8B,khm_Khmr,0.38333333333333336,Khmr,Austroasiatic,8.873125289337338,7.0812,0.43,-0.03813423216342926,0.01987992227077484,other,other,-1.5314763709643884,-0.3133580651905714,0.06556165540540541,-0.00047723144237315856
Llama-3.1-8B,jpn_Jpan,0.6533333333333333,Jpan,Japonic,11.032916144087627,3.2394,0.85,0.0041504413820803165,0.12122174352407455,other,other,0.1513996464553685,0.3552294181684147,0.021721798111730497,0.0016278650198942683
Llama-3.1-8B,kor_Hang,0.6633333333333333,Hang,Koreanic,10.39384619552899,2.902,0.8566666666666667,0.019970420747995377,0.13057734072208405,other,other,0.2051610487637774,0.557098561602019,0.02162380487528462,0.0025644612663604325
Llama-3.1-8B,kat_Geor,0.42333333333333334,Geor,kartvelian,9.417907523376437,8.3436,0.5266666666666666,-0.03251414746046066,0.04018493741750717,other,other,-1.2020478759163515,-0.009667414630101012,0.045813630844477884,-2.105565263087082e-05
Llama-3.1-8B,vie_Latn,0.7266666666666667,Latn,Austroasiatic,10.743353922054286,1.219,0.96,0.054055921733379364,0.2161172479391098,other,Latn,0.5561253829956542,0.8117754003738163,0.02193887470196527,0.003683379534372805
Llama-3.1-8B,eus_Latn,0.47333333333333333,Latn,isolate,9.101082328203272,1.6724,0.6466666666666666,-0.03599407523870468,0.09209314733743668,other,Latn,-0.857902413636001,-0.08548464220247154,0.03378511748831883,-0.00025227783915787315
Llama-3.1-8B,khk_Cyrl,0.38,Cyrl,Mongolic-Khitan,9.267328434893145,3.0739,0.47,-0.05760040506720543,0.03229698911309242,other,Cyrl,-1.5621850275835547,-0.5900562541298957,0.0679996182477572,-0.0008664604432427539
