model,flores_code,acc,script,macro_family,log_tokens,fertility,mexa,aar10,margin_mean,macro_family_g,script_g,y
Qwen3-0.6B-Base,acm_Arab,0.4066666666666667,Arab,Afro-Asiatic,,,,,,Afro-Asiatic,Arab,-1.3316359485820264
Qwen3-0.6B-Base,arz_Arab,0.3233333333333333,Arab,Afro-Asiatic,,,,,,Afro-Asiatic,Arab,-2.222163525683472
Qwen3-0.6B-Base,ceb_Latn,0.33666666666666667,Latn,Austronesian,,,,,,Austronesian,Latn,-2.03520828670301
Qwen3-0.6B-Base,fin_Latn,0.39,Latn,Uralic,10.461273505456898,1.7471,0.41333333333333333,-0.06295087188482285,0.05018266290426254,Uralic,Latn,-1.4718165345580525
Qwen3-0.6B-Base,hin_Deva,0.36666666666666664,Deva,Indo-European,10.225085947081105,4.2175,0.38,-0.07424554973840714,0.01901366002857685,Indo-European,Deva,-1.6916760106710726
Qwen3-0.6B-Base,ita_Latn,0.58,Latn,Indo-European,11.218657350111846,1.3051,0.97,0.03823678940534592,0.1947302222251892,Indo-European,Latn,-0.24116205681688824
Qwen3-0.6B-Base,khm_Khmr,0.30666666666666664,Khmr,Austroasiatic,8.873125289337338,5.2412,0.06,-0.09396259486675262,-0.02210882119834423,other,other,-2.5043247356451026
Qwen3-0.6B-Base,lvs_Latn,0.42,Latn,Balto-Slavic,9.894602930159628,2.1688,0.48,-0.06584028899669647,0.05783069506287575,Balto-Slavic,Latn,-1.2272296664902034
Qwen3-0.6B-Base,npi_Deva,0.31666666666666665,Deva,Indo-European,9.314204818644845,4.2745,0.09666666666666666,-0.08946482092142105,-0.006353830453008413,Indo-European,Deva,-2.3272777055844176
Qwen3-0.6B-Base,pol_Latn,0.5,Latn,Balto-Slavic,11.069183544489329,1.7446,0.7733333333333333,-0.024338997900485992,0.10378936678171158,Balto-Slavic,Latn,-0.6931471805599454
Qwen3-0.6B-Base,slv_Latn,0.4633333333333333,Latn,Balto-Slavic,9.903501694149961,1.791,0.6866666666666666,-0.03430616110563278,0.08687815070152283,Balto-Slavic,Latn,-0.9225212816247911
Qwen3-0.6B-Base,swe_Latn,0.4766666666666667,Latn,Indo-European,10.585304823582218,1.4982,0.89,0.025871360674500465,0.15311791002750397,Indo-European,Latn,-0.8367381001722014
Qwen3-0.6B-Base,tso_Latn,0.2733333333333333,Latn,Afro-Asiatic,,,,,,Afro-Asiatic,Latn,-3.4385849137337767
Qwen3-0.6B-Base,xho_Latn,0.27,Latn,Atlantic-Congo,,1.8378,0.04666666666666667,-0.1747792512178421,-0.06787436455488205,Atlantic-Congo,Latn,-3.5973122605884447
Qwen3-0.6B-Base,afr_Latn,0.4633333333333333,Latn,Indo-European,9.04883387717687,1.4949,0.6666666666666666,-0.047154609113931656,0.10458170622587204,Indo-European,Latn,-0.9225212816247911
Qwen3-0.6B-Base,asm_Beng,0.31333333333333335,Beng,Indo-European,7.923181284977745,,,,,Indo-European,other,-2.38343718962314
Qwen3-0.6B-Base,ces_Latn,0.49,Latn,Balto-Slavic,10.755192300065602,2.0635,0.8533333333333334,-0.005069301463663578,0.11969370394945145,Balto-Slavic,Latn,-0.7537718023763801
Qwen3-0.6B-Base,fra_Latn,0.54,Latn,Indo-European,11.504243358607456,1.2989,0.9233333333333333,-0.01114707998931408,0.15303577482700348,Indo-European,Latn,-0.46134556650262076
Qwen3-0.6B-Base,hin_Latn,0.29333333333333333,,,,,,,,other,other,-2.7916369172104756
Qwen3-0.6B-Base,jav_Latn,0.3466666666666667,Latn,Austronesian,,,,,,Austronesian,Latn,-1.9108188292440431
Qwen3-0.6B-Base,kin_Latn,0.26,Latn,Atlantic-Congo,,1.7992,0.04666666666666667,-0.18660826981067657,-0.07064895331859589,Atlantic-Congo,Latn,-4.304065093204169
Qwen3-0.6B-Base,mal_Mlym,0.2966666666666667,Mlym,Dravidian,9.322334431411548,6.2127,0.07,-0.10812380164861679,-0.04147893935441971,Dravidian,other,-2.7128008038608074
Qwen3-0.6B-Base,npi_Latn,0.26666666666666666,,,,,,,,other,other,-3.7841896339182615
Qwen3-0.6B-Base,por_Latn,0.5366666666666666,Latn,Indo-European,11.136535917638877,1.286,0.9766666666666667,0.04391641169786453,0.1991398185491562,Indo-European,Latn,-0.48012663687718415
Qwen3-0.6B-Base,sna_Latn,0.24666666666666667,Latn,Atlantic-Congo,,,,,,Atlantic-Congo,Latn,-4.304065093204169
Qwen3-0.6B-Base,swh_Latn,0.2833333333333333,Latn,Atlantic-Congo,7.487255902011655,1.7453,0.06,-0.17150601744651794,-0.06133789196610451,Atlantic-Congo,Latn,-3.0680529351336174
Qwen3-0.6B-Base,tur_Latn,0.4166666666666667,Latn,Turkic,10.808162253319553,1.4769,0.6266666666666667,-0.03787246719002724,0.0652763694524765,Turkic,Latn,-1.2527629684953678
Qwen3-0.6B-Base,yor_Latn,0.2633333333333333,Latn,Atlantic-Congo,4.632892380992985,2.3489,0.023333333333333334,-0.14436855912208557,-0.073703333735466,Atlantic-Congo,Latn,-4.011868340397864
Qwen3-0.6B-Base,als_Latn,0.37333333333333335,Latn,Indo-European,9.562161153905935,1.8695,0.29333333333333333,-0.07481084764003754,0.03795547038316727,Indo-European,Latn,-1.6255240501857244
Qwen3-0.6B-Base,azj_Latn,0.36666666666666664,Latn,Turkic,9.545721659518483,2.1428,0.21666666666666667,-0.07288909703493118,0.01950826495885849,Turkic,Latn,-1.6916760106710726
Qwen3-0.6B-Base,ckb_Arab,0.30333333333333334,Arab,Indo-European,8.481429599472412,,,,,Indo-European,Arab,-2.56974552972503
Qwen3-0.6B-Base,fuv_Latn,0.26666666666666666,Latn,Atlantic-Congo,,,,,,Atlantic-Congo,Latn,-3.7841896339182615
Qwen3-0.6B-Base,hrv_Latn,0.49666666666666665,Latn,Balto-Slavic,7.610626216540094,1.7484,0.8,-0.014406293630599976,0.10542848706245422,Balto-Slavic,Latn,-0.7132147436107549
Qwen3-0.6B-Base,jpn_Jpan,0.5,Jpan,Japonic,11.032916144087627,3.1242,0.74,-0.045859694480895996,0.06718887388706207,other,other,-0.6931471805599454
Qwen3-0.6B-Base,kir_Cyrl,0.36,Cyrl,Turkic,8.70022124395045,2.5432,0.04666666666666667,-0.14463604986667633,-0.034989312291145325,Turkic,Cyrl,-1.7609878105613017
Qwen3-0.6B-Base,mar_Deva,0.35,Deva,Indo-European,9.291197362643686,4.3906,0.20333333333333334,-0.08779828250408173,-0.00027285446412861347,Indo-European,Deva,-1.8718021769015918
Qwen3-0.6B-Base,nso_Latn,0.24333333333333335,Latn,Atlantic-Congo,,1.7231,0.06,-0.16880559921264648,-0.05986066162586212,Atlantic-Congo,Latn,-4.304065093204169
Qwen3-0.6B-Base,snd_Arab,0.2866666666666667,Arab,Indo-European,8.168753912613957,,,,,Indo-European,Arab,-2.9680807422234805
Qwen3-0.6B-Base,tam_Taml,0.35,Taml,Dravidian,9.641283555217916,4.9487,0.1,-0.10473975539207458,-0.027406593784689903,Dravidian,other,-1.8718021769015918
Qwen3-0.6B-Base,ukr_Cyrl,0.45,Cyrl,Balto-Slavic,10.582360317494818,2.3475,0.8666666666666667,0.005302960053086281,0.12075744569301605,Balto-Slavic,Cyrl,-1.01160091167848
Qwen3-0.6B-Base,zho_Hans,0.6366666666666667,Hans,Sino-Tibetan,11.356131798505956,2.9106,0.9533333333333334,0.0088835833594203,0.1524597704410553,Sino-Tibetan,other,0.06224230887722142
Qwen3-0.6B-Base,amh_Ethi,0.2966666666666667,Ethi,Afro-Asiatic,8.5541337799261,5.9294,0.016666666666666666,-0.1204712763428688,-0.06042369082570076,Afro-Asiatic,other,-2.7128008038608074
Qwen3-0.6B-Base,bam_Latn,0.31,Latn,Mande,,,,,,other,Latn,-2.4423470353692043
Qwen3-0.6B-Base,dan_Latn,0.46,Latn,Indo-European,10.360245901721395,1.4893,0.89,0.014134780503809452,0.1517961472272873,Indo-European,Latn,-0.9444616088408512
Qwen3-0.6B-Base,gaz_Latn,0.26666666666666666,Latn,Afro-Asiatic,,1.8212,0.03,-0.19471821188926697,-0.09305915981531143,Afro-Asiatic,Latn,-3.7841896339182615
Qwen3-0.6B-Base,hun_Latn,0.45666666666666667,Latn,Uralic,10.637669631397417,1.8957,0.6,-0.04228502884507179,0.06647687405347824,Uralic,Latn,-0.9666158157616709
Qwen3-0.6B-Base,kac_Latn,0.26666666666666666,Latn,Sino-Tibetan,,,,,,Sino-Tibetan,Latn,-3.7841896339182615
Qwen3-0.6B-Base,kor_Hang,0.49333333333333335,Hang,Koreanic,10.39384619552899,3.2567,0.7466666666666667,-0.026503106579184532,0.07176259160041809,other,other,-0.7334210796978851
Qwen3-0.6B-Base,mkd_Cyrl,0.41333333333333333,Cyrl,Balto-Slavic,9.301746425904852,2.0778,0.79,0.002816525986418128,0.10782373696565628,Balto-Slavic,Cyrl,-1.2786636969275254
Qwen3-0.6B-Base,nya_Latn,0.25333333333333335,Latn,Afro-Asiatic,,1.767,0.05,-0.1848187893629074,-0.06903982162475586,Afro-Asiatic,Latn,-4.304065093204169
Qwen3-0.6B-Base,ron_Latn,0.52,Latn,Indo-European,10.598220789235436,1.5856,0.8766666666666667,-0.012872067280113697,0.1388208270072937,Indo-European,Latn,-0.5753641449035617
Qwen3-0.6B-Base,som_Latn,0.26666666666666666,Latn,Afro-Asiatic,3.781970673912552,1.7642,0.06,-0.18230745196342468,-0.07067234069108963,Afro-Asiatic,Latn,-3.7841896339182615
Qwen3-0.6B-Base,tel_Telu,0.2733333333333333,Telu,Dravidian,9.195061276656201,6.8005,0.07666666666666666,-0.10751907527446747,-0.03385637700557709,Dravidian,other,-3.4385849137337767
Qwen3-0.6B-Base,urd_Arab,0.39,Arab,Indo-European,9.431854501264098,3.0968,0.37,-0.0685688704252243,0.015520642511546612,Indo-European,Arab,-1.4718165345580525
Qwen3-0.6B-Base,zho_Hant,0.6066666666666667,Hant,Sino-Tibetan,11.356131798505956,2.9106,,,,Sino-Tibetan,other,-0.09785579000375869
Qwen3-0.6B-Base,apc_Arab,0.35,Arab,Afro-Asiatic,,,,,,Afro-Asiatic,Arab,-1.8718021769015918
Qwen3-0.6B-Base,ben_Beng,0.4166666666666667,Beng,Indo-European,9.981044874347496,4.9675,0.26666666666666666,-0.06589237600564957,0.0076485793106257915,Indo-European,other,-1.2527629684953678
Qwen3-0.6B-Base,deu_Latn,0.55,Latn,Indo-European,11.552705133249123,1.291,0.9533333333333334,0.03826803341507912,0.16852660477161407,Indo-European,Latn,-0.40546510810816394
Qwen3-0.6B-Base,grn_Latn,0.31666666666666665,Latn,Tupian,4.10407720615511,,,,,other,Latn,-2.3272777055844176
Qwen3-0.6B-Base,hye_Armn,0.31,Armn,Indo-European,9.379338026785135,4.5443,0.10333333333333333,-0.08523587137460709,-0.006842705421149731,Indo-European,other,-2.4423470353692043
Qwen3-0.6B-Base,kan_Knda,0.30333333333333334,Knda,Dravidian,9.094221311622814,6.3937,0.07,-0.0972069725394249,-0.028620760887861252,Dravidian,other,-2.56974552972503
Qwen3-0.6B-Base,lao_Laoo,0.22,Laoo,Tai-Kadai,8.225972821174405,5.355,0.056666666666666664,-0.10114993900060654,-0.037621382623910904,Tai-Kadai,other,-4.304065093204169
Qwen3-0.6B-Base,mlt_Latn,0.32666666666666666,Latn,Afro-Asiatic,,1.9275,0.09333333333333334,-0.14372630417346954,-0.0254238098859787,Afro-Asiatic,Latn,-2.172773481472055
Qwen3-0.6B-Base,ory_Orya,0.2833333333333333,Orya,Indo-European,8.00140143263562,,,,,Indo-European,other,-3.0680529351336174
Qwen3-0.6B-Base,rus_Cyrl,0.5633333333333334,Cyrl,Balto-Slavic,11.867586387163913,1.6852,0.8466666666666667,-0.0291950274258852,0.10832023620605469,Balto-Slavic,Cyrl,-0.3319025409311475
Qwen3-0.6B-Base,sot_Latn,0.29333333333333333,Latn,Atlantic-Congo,,,,,,Atlantic-Congo,Latn,-2.7916369172104756
Qwen3-0.6B-Base,tgk_Cyrl,0.2833333333333333,Cyrl,Indo-European,,,,,,Indo-European,Cyrl,-3.0680529351336174
Qwen3-0.6B-Base,urd_Latn,0.31333333333333335,,,,,,,,other,other,-2.38343718962314
Qwen3-0.6B-Base,zsm_Latn,0.5466666666666666,Latn,Austronesian,7.287263587861631,1.3675,0.9133333333333333,0.03689232096076012,0.16131934523582458,Austronesian,Latn,-0.4240185160039125
Qwen3-0.6B-Base,arb_Arab,0.51,Arab,Afro-Asiatic,10.841073612355865,1.7374,0.7966666666666666,-0.03227681294083595,0.08795904368162155,Afro-Asiatic,Arab,-0.6337237600891445
Qwen3-0.6B-Base,ben_Latn,0.35333333333333333,,,,,,,,other,other,-1.833870954578182
Qwen3-0.6B-Base,ell_Grek,0.4066666666666667,Grek,Indo-European,10.634956550916772,3.8961,0.5533333333333333,-0.05219387635588646,0.04509495571255684,Indo-European,other,-1.3316359485820264
Qwen3-0.6B-Base,guj_Gujr,0.2866666666666667,Gujr,Indo-European,9.053743034427566,6.8984,0.07,-0.09434757381677628,-0.027191638946533203,Indo-European,other,-2.9680807422234805
Qwen3-0.6B-Base,ibo_Latn,0.2833333333333333,Latn,Atlantic-Congo,,2.177,0.04666666666666667,-0.15126417577266693,-0.058226075023412704,Atlantic-Congo,Latn,-3.0680529351336174
Qwen3-0.6B-Base,kat_Geor,0.31666666666666665,Geor,kartvelian,9.417907523376437,4.4992,0.09,-0.10031989961862564,-0.018107863143086433,other,other,-2.3272777055844176
Qwen3-0.6B-Base,lin_Latn,0.29333333333333333,Latn,Atlantic-Congo,,,,,,Atlantic-Congo,Latn,-2.7916369172104756
Qwen3-0.6B-Base,mri_Latn,0.30333333333333334,Latn,Austronesian,,2.0077,0.06,-0.17991767823696136,-0.07770616561174393,Austronesian,Latn,-2.56974552972503
Qwen3-0.6B-Base,pan_Guru,0.25666666666666665,Guru,Indo-European,8.861860543889303,6.8486,0.09,-0.08960369229316711,-0.027567122131586075,Indo-European,other,-4.304065093204169
Qwen3-0.6B-Base,shn_Mymr,0.2966666666666667,Mymr,Tai-Kadai,,,,,,Tai-Kadai,other,-2.7128008038608074
Qwen3-0.6B-Base,spa_Latn,0.49333333333333335,Latn,Indo-European,11.572692346038526,1.2347,0.9733333333333334,0.03847680985927582,0.20013532042503357,Indo-European,Latn,-0.7334210796978851
Qwen3-0.6B-Base,tgl_Latn,0.35333333333333333,Latn,Austronesian,8.383970492667663,,,,,Austronesian,Latn,-1.833870954578182
Qwen3-0.6B-Base,uzn_Latn,0.4066666666666667,Latn,Turkic,7.876511046298704,1.8354,0.08,-0.13557949662208557,-0.02553943172097206,Turkic,Latn,-1.3316359485820264
Qwen3-0.6B-Base,zul_Latn,0.30333333333333334,Latn,Atlantic-Congo,,1.8048,0.04666666666666667,-0.20635481178760529,-0.08264904469251633,Atlantic-Congo,Latn,-2.56974552972503
Qwen3-0.6B-Base,arb_Latn,0.25666666666666665,Latn,Afro-Asiatic,10.841073612355865,1.7374,,,,Afro-Asiatic,Latn,-4.304065093204169
Qwen3-0.6B-Base,bod_Tibt,0.2633333333333333,Tibt,Sino-Tibetan,,6.0659,0.0033333333333333335,-0.13077516853809357,-0.07831123471260071,Sino-Tibetan,other,-4.011868340397864
Qwen3-0.6B-Base,eng_Latn,0.54,Latn,Indo-European,12.454382979077453,1.0,,,,Indo-European,Latn,-0.46134556650262076
Qwen3-0.6B-Base,hat_Latn,0.32666666666666666,Latn,Atlantic-Congo,4.418019405728941,,,,,Atlantic-Congo,Latn,-2.172773481472055
Qwen3-0.6B-Base,ilo_Latn,0.30333333333333334,Latn,Austronesian,,,,,,Austronesian,Latn,-2.56974552972503
Qwen3-0.6B-Base,kaz_Cyrl,0.3333333333333333,Cyrl,Turkic,9.447543326977344,2.7857,0.18,-0.09550729393959045,0.0015906483167782426,Turkic,Cyrl,-2.079441541679836
Qwen3-0.6B-Base,lit_Latn,0.3566666666666667,Latn,Balto-Slavic,10.153726802927073,1.9958,0.4266666666666667,-0.07508765906095505,0.05340270325541496,Balto-Slavic,Latn,-1.7969542861051588
Qwen3-0.6B-Base,mya_Mymr,0.29333333333333333,Mymr,Sino-Tibetan,8.94576714414124,7.053,0.006666666666666667,-0.10729511827230453,-0.05447131395339966,Sino-Tibetan,other,-2.7916369172104756
Qwen3-0.6B-Base,pbt_Arab,0.2633333333333333,Arab,Indo-European,8.559915920992061,2.9847,0.02666666666666667,-0.14798352122306824,-0.06027734652161598,Indo-European,Arab,-4.011868340397864
Qwen3-0.6B-Base,sin_Latn,0.29333333333333333,,,,,,,,other,other,-2.7916369172104756
Qwen3-0.6B-Base,srp_Cyrl,0.4766666666666667,Cyrl,Balto-Slavic,9.664593347362308,2.2577,0.72,-0.026186112314462662,0.09004762768745422,Balto-Slavic,Cyrl,-0.8367381001722014
Qwen3-0.6B-Base,tha_Thai,0.51,Thai,Tai-Kadai,10.196379987855126,2.5147,0.7566666666666667,-0.01842774823307991,0.09982535243034363,Tai-Kadai,other,-0.6337237600891445
Qwen3-0.6B-Base,vie_Latn,0.55,Latn,Austroasiatic,10.743353922054286,1.2567,0.92,0.01713200844824314,0.14625781774520874,other,Latn,-0.40546510810816394
Qwen3-0.6B-Base,ars_Arab,0.37,Arab,Afro-Asiatic,,,,,,Afro-Asiatic,Arab,-1.6582280766035322
Qwen3-0.6B-Base,bul_Cyrl,0.51,Cyrl,Balto-Slavic,10.360175858097726,2.0365,0.8866666666666667,0.0014377802144736052,0.12112275511026382,Balto-Slavic,Cyrl,-0.6337237600891445
Qwen3-0.6B-Base,est_Latn,0.44333333333333336,Latn,Uralic,9.944761723531126,1.7888,0.21,-0.13379818201065063,0.00526660680770874,Uralic,Latn,-1.0575508018703355
Qwen3-0.6B-Base,hau_Latn,0.2866666666666667,Latn,Afro-Asiatic,,1.7729,0.04666666666666667,-0.1862364113330841,-0.06861002743244171,Afro-Asiatic,Latn,-2.9680807422234805
Qwen3-0.6B-Base,ind_Latn,0.5366666666666666,Latn,Austronesian,10.081454105942349,1.3162,0.9566666666666667,0.05160006508231163,0.17475995421409607,Austronesian,Latn,-0.48012663687718415
Qwen3-0.6B-Base,kea_Latn,0.31333333333333335,Latn,Portuguese Creole,,,,,,other,Latn,-2.38343718962314
Qwen3-0.6B-Base,lug_Latn,0.30666666666666664,Latn,Atlantic-Congo,,,,,,Atlantic-Congo,Latn,-2.5043247356451026
Qwen3-0.6B-Base,nld_Latn,0.55,Latn,Indo-European,10.903264809073452,1.3473,0.9033333333333333,0.019673127681016922,0.1568935066461563,Indo-European,Latn,-0.40546510810816394
Qwen3-0.6B-Base,pes_Arab,0.5033333333333333,Arab,Indo-European,10.662263375070816,2.6158,0.61,-0.04521923512220383,0.05207803100347519,Indo-European,Arab,-0.6732129656591282
Qwen3-0.6B-Base,sin_Sinh,0.31666666666666665,Sinh,Indo-European,8.94462532284678,6.5211,,,,Indo-European,other,-2.3272777055844176
Qwen3-0.6B-Base,ssw_Latn,0.29,Latn,Atlantic-Congo,,1.8211,0.03666666666666667,-0.1795465499162674,-0.06573782861232758,Atlantic-Congo,Latn,-2.876385515921425
Qwen3-0.6B-Base,tir_Ethi,0.25333333333333335,Ethi,Afro-Asiatic,,5.7956,0.016666666666666666,-0.12936872243881226,-0.06874490529298782,Afro-Asiatic,other,-4.304065093204169
Qwen3-0.6B-Base,war_Latn,0.33,Latn,Austronesian,,,,,,Austronesian,Latn,-2.12525107771113
Qwen3-0.6B-Base,ary_Arab,0.31,,,,,,,,other,other,-2.4423470353692043
Qwen3-0.6B-Base,cat_Latn,0.5333333333333333,Latn,Indo-European,10.097961053275002,1.4294,0.8966666666666666,0.005247698165476322,0.14993037283420563,Indo-European,Latn,-0.4989911661189879
Qwen3-0.6B-Base,eus_Latn,0.35333333333333333,Latn,isolate,9.101082328203272,1.6796,0.08,-0.15483827888965607,-0.034503497183322906,other,Latn,-1.833870954578182
Qwen3-0.6B-Base,heb_Hebr,0.39,Hebr,Afro-Asiatic,9.693476506485494,1.8212,0.6566666666666666,-0.029699407517910004,0.09066983312368393,Afro-Asiatic,other,-1.4718165345580525
Qwen3-0.6B-Base,isl_Latn,0.38,Latn,Indo-European,9.371177412080815,2.027,0.12666666666666668,-0.13743183016777039,-0.010036712512373924,Indo-European,Latn,-1.5621850275835547
Qwen3-0.6B-Base,khk_Cyrl,0.27666666666666667,Cyrl,Mongolic-Khitan,9.267328434893145,2.8953,0.03333333333333333,-0.1254350244998932,-0.050474971532821655,other,Cyrl,-3.3004558118606235
Qwen3-0.6B-Base,luo_Latn,0.24,Latn,Nilotic,,,,,,other,Latn,-4.304065093204169
Qwen3-0.6B-Base,nob_Latn,0.43666666666666665,Latn,Indo-European,10.265445888776227,1.4828,0.8366666666666667,-0.008836079388856888,0.13636963069438934,Indo-European,Latn,-1.1045470241879245
Qwen3-0.6B-Base,plt_Latn,0.29333333333333333,Latn,Austronesian,8.15437957359287,1.752,0.04666666666666667,-0.15278568863868713,-0.05295144021511078,Austronesian,Latn,-2.7916369172104756
Qwen3-0.6B-Base,slk_Latn,0.43666666666666665,Latn,Balto-Slavic,10.215972316299656,1.9416,0.8233333333333334,-0.009552129544317722,0.10915753990411758,Balto-Slavic,Latn,-1.1045470241879245
Qwen3-0.6B-Base,sun_Latn,0.2966666666666667,Latn,Austronesian,6.11676045067112,,,,,Austronesian,Latn,-2.7128008038608074
Qwen3-0.6B-Base,tsn_Latn,0.2833333333333333,Latn,Atlantic-Congo,,1.7082,0.03666666666666667,-0.1481827348470688,-0.05814789980649948,Atlantic-Congo,Latn,-3.0680529351336174
Qwen3-0.6B-Base,wol_Latn,0.2866666666666667,Latn,Atlantic-Congo,,1.8405,0.03666666666666667,-0.18640170991420746,-0.07976922392845154,Atlantic-Congo,Latn,-2.9680807422234805
Qwen3-1.7B-Base,acm_Arab,0.4866666666666667,Arab,Afro-Asiatic,,,,,,Afro-Asiatic,Arab,-0.7742727253723135
Qwen3-1.7B-Base,arz_Arab,0.48,Arab,Afro-Asiatic,,,,,,Afro-Asiatic,Arab,-0.8157495026522779
Qwen3-1.7B-Base,ceb_Latn,0.43666666666666665,Latn,Austronesian,,,,,,Austronesian,Latn,-1.1045470241879245
Qwen3-1.7B-Base,fin_Latn,0.5566666666666666,Latn,Uralic,10.461273505456898,1.7471,0.79,-0.01383679173886776,0.11049748957157135,Uralic,Latn,-0.3685605511727135
Qwen3-1.7B-Base,hin_Deva,0.52,Deva,Indo-European,10.225085947081105,4.2175,0.7366666666666667,-0.03209879249334335,0.06547960638999939,Indo-European,Deva,-0.5753641449035617
Qwen3-1.7B-Base,ita_Latn,0.6933333333333334,Latn,Indo-European,11.218657350111846,1.3051,0.99,0.06272805482149124,0.2500622868537903,Indo-European,Latn,0.3685605511727136
Qwen3-1.7B-Base,khm_Khmr,0.3933333333333333,Khmr,Austroasiatic,8.873125289337338,5.2412,0.23,-0.07316529005765915,0.009703433141112328,other,other,-1.442806571383233
Qwen3-1.7B-Base,lvs_Latn,0.6133333333333333,Latn,Balto-Slavic,9.894602930159628,2.1688,0.8066666666666666,-0.013917270116508007,0.11928968131542206,Balto-Slavic,Latn,-0.062242308877221014
Qwen3-1.7B-Base,npi_Deva,0.45666666666666667,Deva,Indo-European,9.314204818644845,4.2745,0.4766666666666667,-0.049032632261514664,0.039212584495544434,Indo-European,Deva,-0.9666158157616709
Qwen3-1.7B-Base,pol_Latn,0.67,Latn,Balto-Slavic,11.069183544489329,1.7446,0.9233333333333333,0.010860166512429714,0.15836448967456818,Balto-Slavic,Latn,0.24116205681688824
Qwen3-1.7B-Base,slv_Latn,0.6566666666666666,Latn,Balto-Slavic,9.903501694149961,1.791,0.88,0.008535080589354038,0.14530883729457855,Balto-Slavic,Latn,0.16929205650362053
Qwen3-1.7B-Base,swe_Latn,0.6866666666666666,Latn,Indo-European,10.585304823582218,1.4982,0.9533333333333334,0.045762479305267334,0.21515512466430664,Indo-European,Latn,0.3319025409311476
Qwen3-1.7B-Base,tso_Latn,0.28,Latn,Afro-Asiatic,,,,,,Afro-Asiatic,Latn,-3.178053830347945
Qwen3-1.7B-Base,xho_Latn,0.3,Latn,Atlantic-Congo,,1.8378,0.04,-0.12161539494991302,-0.048008088022470474,Atlantic-Congo,Latn,-2.639057329615259
Qwen3-1.7B-Base,afr_Latn,0.6133333333333333,Latn,Indo-European,9.04883387717687,1.4949,0.8933333333333333,0.022263210266828537,0.17741785943508148,Indo-European,Latn,-0.062242308877221014
Qwen3-1.7B-Base,asm_Beng,0.44666666666666666,Beng,Indo-European,7.923181284977745,,,,,Indo-European,other,-1.034450344450824
Qwen3-1.7B-Base,ces_Latn,0.67,Latn,Balto-Slavic,10.755192300065602,2.0635,0.9466666666666667,0.029957711696624756,0.17838267982006073,Balto-Slavic,Latn,0.24116205681688824
Qwen3-1.7B-Base,fra_Latn,0.7433333333333333,Latn,Indo-European,11.504243358607456,1.2989,0.9566666666666667,0.008363707922399044,0.20048856735229492,Indo-European,Latn,0.6534068519104307
Qwen3-1.7B-Base,hin_Latn,0.4166666666666667,,,,,,,,other,other,-1.2527629684953678
Qwen3-1.7B-Base,jav_Latn,0.5033333333333333,Latn,Austronesian,,,,,,Austronesian,Latn,-0.6732129656591282
Qwen3-1.7B-Base,kin_Latn,0.29,Latn,Atlantic-Congo,,1.7992,0.02666666666666667,-0.12115278840065002,-0.04878772050142288,Atlantic-Congo,Latn,-2.876385515921425
Qwen3-1.7B-Base,mal_Mlym,0.44333333333333336,Mlym,Dravidian,9.322334431411548,6.2127,0.2833333333333333,-0.0834883525967598,0.0004993053153157234,Dravidian,other,-1.0575508018703355
Qwen3-1.7B-Base,npi_Latn,0.31666666666666665,,,,,,,,other,other,-2.3272777055844176
Qwen3-1.7B-Base,por_Latn,0.7166666666666667,Latn,Indo-European,11.136535917638877,1.286,0.9866666666666667,0.07070963829755783,0.2479192614555359,Indo-European,Latn,0.4989911661189879
Qwen3-1.7B-Base,sna_Latn,0.31333333333333335,Latn,Atlantic-Congo,,,,,,Atlantic-Congo,Latn,-2.38343718962314
Qwen3-1.7B-Base,swh_Latn,0.29333333333333333,Latn,Atlantic-Congo,7.487255902011655,1.7453,0.04666666666666667,-0.10169243812561035,-0.023116597905755043,Atlantic-Congo,Latn,-2.7916369172104756
Qwen3-1.7B-Base,tur_Latn,0.5966666666666667,Latn,Turkic,10.808162253319553,1.4769,0.8633333333333333,-0.011816502548754215,0.1095878854393959,Turkic,Latn,-0.15139964645536813
Qwen3-1.7B-Base,yor_Latn,0.25333333333333335,Latn,Atlantic-Congo,4.632892380992985,2.3489,0.013333333333333334,-0.13096532225608826,-0.06801558285951614,Atlantic-Congo,Latn,-4.304065093204169
Qwen3-1.7B-Base,als_Latn,0.52,Latn,Indo-European,9.562161153905935,1.8695,0.74,-0.016268732026219368,0.10085391998291016,Indo-European,Latn,-0.5753641449035617
Qwen3-1.7B-Base,azj_Latn,0.5666666666666667,Latn,Turkic,9.545721659518483,2.1428,0.6,-0.05097807198762894,0.06393351405858994,Turkic,Latn,-0.3136575588550415
Qwen3-1.7B-Base,ckb_Arab,0.3333333333333333,Arab,Indo-European,8.481429599472412,,,,,Indo-European,Arab,-2.079441541679836
Qwen3-1.7B-Base,fuv_Latn,0.21666666666666667,Latn,Atlantic-Congo,,,,,,Atlantic-Congo,Latn,-4.304065093204169
Qwen3-1.7B-Base,hrv_Latn,0.6,Latn,Balto-Slavic,7.610626216540094,1.7484,0.94,0.0337589755654335,0.1700277179479599,Balto-Slavic,Latn,-0.13353139262452288
Qwen3-1.7B-Base,jpn_Jpan,0.6466666666666666,Jpan,Japonic,11.032916144087627,3.1242,0.8666666666666667,-0.015068183653056622,0.11640719324350357,other,other,0.11568439899946212
Qwen3-1.7B-Base,kir_Cyrl,0.45666666666666667,Cyrl,Turkic,8.70022124395045,2.5432,0.17333333333333334,-0.10419835895299911,0.00179840880446136,Turkic,Cyrl,-0.9666158157616709
Qwen3-1.7B-Base,mar_Deva,0.52,Deva,Indo-European,9.291197362643686,4.3906,0.6266666666666667,-0.03754352033138275,0.05148706212639809,Indo-European,Deva,-0.5753641449035617
Qwen3-1.7B-Base,nso_Latn,0.27,Latn,Atlantic-Congo,,1.7231,0.04666666666666667,-0.12308584153652191,-0.044054023921489716,Atlantic-Congo,Latn,-3.5973122605884447
Qwen3-1.7B-Base,snd_Arab,0.4066666666666667,Arab,Indo-European,8.168753912613957,,,,,Indo-European,Arab,-1.3316359485820264
Qwen3-1.7B-Base,tam_Taml,0.53,Taml,Dravidian,9.641283555217916,4.9487,0.4266666666666667,-0.0673057958483696,0.02158348821103573,Dravidian,other,-0.5179430915348547
Qwen3-1.7B-Base,ukr_Cyrl,0.62,Cyrl,Balto-Slavic,10.582360317494818,2.3475,0.9566666666666667,0.03444088250398636,0.1800375133752823,Balto-Slavic,Cyrl,-0.02666824708216118
Qwen3-1.7B-Base,zho_Hans,0.78,Hans,Sino-Tibetan,11.356131798505956,2.9106,0.9566666666666667,0.008658993057906628,0.18215444684028625,Sino-Tibetan,other,0.879249460193806
Qwen3-1.7B-Base,amh_Ethi,0.31666666666666665,Ethi,Afro-Asiatic,8.5541337799261,5.9294,0.013333333333333334,-0.12843753397464752,-0.057646509259939194,Afro-Asiatic,other,-2.3272777055844176
Qwen3-1.7B-Base,bam_Latn,0.2966666666666667,Latn,Mande,,,,,,other,Latn,-2.7128008038608074
Qwen3-1.7B-Base,dan_Latn,0.6566666666666666,Latn,Indo-European,10.360245901721395,1.4893,0.9633333333333334,0.04903310537338257,0.2161979228258133,Indo-European,Latn,0.16929205650362053
Qwen3-1.7B-Base,gaz_Latn,0.28,Latn,Afro-Asiatic,,1.8212,0.03,-0.14205247163772583,-0.06728866696357727,Afro-Asiatic,Latn,-3.178053830347945
Qwen3-1.7B-Base,hun_Latn,0.5666666666666667,Latn,Uralic,10.637669631397417,1.8957,0.8833333333333333,-0.008708914741873741,0.12393001466989517,Uralic,Latn,-0.3136575588550415
Qwen3-1.7B-Base,kac_Latn,0.2866666666666667,Latn,Sino-Tibetan,,,,,,Sino-Tibetan,Latn,-2.9680807422234805
Qwen3-1.7B-Base,kor_Hang,0.6666666666666666,Hang,Koreanic,10.39384619552899,3.2567,0.8833333333333333,-0.0013083691010251641,0.12144684046506882,other,other,0.2231435513142094
Qwen3-1.7B-Base,mkd_Cyrl,0.5333333333333333,Cyrl,Balto-Slavic,9.301746425904852,2.0778,0.9133333333333333,0.028184739872813225,0.16675275564193726,Balto-Slavic,Cyrl,-0.4989911661189879
Qwen3-1.7B-Base,nya_Latn,0.25666666666666665,Latn,Afro-Asiatic,,1.767,0.03333333333333333,-0.11718369275331497,-0.04214504733681679,Afro-Asiatic,Latn,-4.304065093204169
Qwen3-1.7B-Base,ron_Latn,0.63,Latn,Indo-European,10.598220789235436,1.5856,0.9466666666666667,0.019983215257525444,0.19035081565380096,Indo-European,Latn,0.02666824708216149
Qwen3-1.7B-Base,som_Latn,0.25666666666666665,Latn,Afro-Asiatic,3.781970673912552,1.7642,0.07,-0.1368151158094406,-0.049203962087631226,Afro-Asiatic,Latn,-4.304065093204169
Qwen3-1.7B-Base,tel_Telu,0.39666666666666667,Telu,Dravidian,9.195061276656201,6.8005,0.32666666666666666,-0.07880593091249466,0.003976040054112673,Dravidian,other,-1.4143073973475646
Qwen3-1.7B-Base,urd_Arab,0.5266666666666666,Arab,Indo-European,9.431854501264098,3.0968,0.7766666666666666,-0.025426944717764854,0.07247770577669144,Indo-European,Arab,-0.5369864498046631
Qwen3-1.7B-Base,zho_Hant,0.6866666666666666,Hant,Sino-Tibetan,11.356131798505956,2.9106,,,,Sino-Tibetan,other,0.3319025409311476
Qwen3-1.7B-Base,apc_Arab,0.4533333333333333,Arab,Afro-Asiatic,,,,,,Afro-Asiatic,Arab,-0.9889925636508873
Qwen3-1.7B-Base,ben_Beng,0.5033333333333333,Beng,Indo-European,9.981044874347496,4.9675,0.6966666666666667,-0.03916250169277191,0.05939510464668274,Indo-European,other,-0.6732129656591282
Qwen3-1.7B-Base,deu_Latn,0.6533333333333333,Latn,Indo-European,11.552705133249123,1.291,0.9833333333333333,0.05588911473751068,0.22865615785121918,Indo-European,Latn,0.1513996464553685
Qwen3-1.7B-Base,grn_Latn,0.32,Latn,Tupian,4.10407720615511,,,,,other,Latn,-2.2735975561207935
Qwen3-1.7B-Base,hye_Armn,0.4533333333333333,Armn,Indo-European,9.379338026785135,4.5443,0.5033333333333333,-0.040093861520290375,0.05237771198153496,Indo-European,other,-0.9889925636508873
Qwen3-1.7B-Base,kan_Knda,0.42,Knda,Dravidian,9.094221311622814,6.3937,0.3566666666666667,-0.0747489407658577,0.009237243793904781,Dravidian,other,-1.2272296664902034
Qwen3-1.7B-Base,lao_Laoo,0.3233333333333333,Laoo,Tai-Kadai,8.225972821174405,5.355,0.17,-0.09357128292322159,-0.004720219410955906,Tai-Kadai,other,-2.222163525683472
Qwen3-1.7B-Base,mlt_Latn,0.37,Latn,Afro-Asiatic,,1.9275,0.21,-0.09357629716396332,0.027309125289320946,Afro-Asiatic,Latn,-1.6582280766035322
Qwen3-1.7B-Base,ory_Orya,0.48333333333333334,Orya,Indo-European,8.00140143263562,,,,,Indo-European,other,-0.7949298748698876
Qwen3-1.7B-Base,rus_Cyrl,0.69,Cyrl,Balto-Slavic,11.867586387163913,1.6852,0.9033333333333333,-0.013004420325160027,0.15418802201747894,Balto-Slavic,Cyrl,0.35020242943311447
Qwen3-1.7B-Base,sot_Latn,0.31666666666666665,Latn,Atlantic-Congo,,,,,,Atlantic-Congo,Latn,-2.3272777055844176
Qwen3-1.7B-Base,tgk_Cyrl,0.3466666666666667,Cyrl,Indo-European,,,,,,Indo-European,Cyrl,-1.9108188292440431
Qwen3-1.7B-Base,urd_Latn,0.33666666666666667,,,,,,,,other,other,-2.03520828670301
Qwen3-1.7B-Base,zsm_Latn,0.71,Latn,Austronesian,7.287263587861631,1.3675,0.9633333333333334,0.0654899999499321,0.20255638659000397,Austronesian,Latn,0.4613455665026207
Qwen3-1.7B-Base,arb_Arab,0.65,Arab,Afro-Asiatic,10.841073612355865,1.7374,0.9466666666666667,-8.318424079334363e-05,0.15253020823001862,Afro-Asiatic,Arab,0.13353139262452257
Qwen3-1.7B-Base,ben_Latn,0.3566666666666667,,,,,,,,other,other,-1.7969542861051588
Qwen3-1.7B-Base,ell_Grek,0.6066666666666667,Grek,Indo-European,10.634956550916772,3.8961,0.88,-0.02322268672287464,0.11024767905473709,Indo-European,other,-0.09785579000375869
Qwen3-1.7B-Base,guj_Gujr,0.45,Gujr,Indo-European,9.053743034427566,6.8984,0.44333333333333336,-0.06283803284168243,0.018593208864331245,Indo-European,other,-1.01160091167848
Qwen3-1.7B-Base,ibo_Latn,0.28,Latn,Atlantic-Congo,,2.177,0.05,-0.14021022617816925,-0.054170239716768265,Atlantic-Congo,Latn,-3.178053830347945
Qwen3-1.7B-Base,kat_Geor,0.45666666666666667,Geor,kartvelian,9.417907523376437,4.4992,0.38666666666666666,-0.05220772325992584,0.038552168756723404,other,other,-0.9666158157616709
Qwen3-1.7B-Base,lin_Latn,0.26666666666666666,Latn,Atlantic-Congo,,,,,,Atlantic-Congo,Latn,-3.7841896339182615
Qwen3-1.7B-Base,mri_Latn,0.32,Latn,Austronesian,,2.0077,0.07333333333333333,-0.11822270601987839,-0.03230041638016701,Austronesian,Latn,-2.2735975561207935
Qwen3-1.7B-Base,pan_Guru,0.4,Guru,Indo-European,8.861860543889303,6.8486,0.4066666666666667,-0.06536173820495605,0.014107516966760159,Indo-European,other,-1.3862943611198904
Qwen3-1.7B-Base,shn_Mymr,0.27666666666666667,Mymr,Tai-Kadai,,,,,,Tai-Kadai,other,-3.3004558118606235
Qwen3-1.7B-Base,spa_Latn,0.7266666666666667,Latn,Indo-European,11.572692346038526,1.2347,0.99,0.06160302087664604,0.24945348501205444,Indo-European,Latn,0.5561253829956542
Qwen3-1.7B-Base,tgl_Latn,0.5666666666666667,Latn,Austronesian,8.383970492667663,,,,,Austronesian,Latn,-0.3136575588550415
Qwen3-1.7B-Base,uzn_Latn,0.5,Latn,Turkic,7.876511046298704,1.8354,0.37333333333333335,-0.07839245349168777,0.026653224602341652,Turkic,Latn,-0.6931471805599454
Qwen3-1.7B-Base,zul_Latn,0.29333333333333333,Latn,Atlantic-Congo,,1.8048,0.03333333333333333,-0.13131506741046906,-0.05482271686196327,Atlantic-Congo,Latn,-2.7916369172104756
Qwen3-1.7B-Base,arb_Latn,0.28,Latn,Afro-Asiatic,10.841073612355865,1.7374,,,,Afro-Asiatic,Latn,-3.178053830347945
Qwen3-1.7B-Base,bod_Tibt,0.2733333333333333,Tibt,Sino-Tibetan,,6.0659,0.006666666666666667,-0.13120627403259277,-0.08120522648096085,Sino-Tibetan,other,-3.4385849137337767
Qwen3-1.7B-Base,eng_Latn,0.81,Latn,Indo-European,12.454382979077453,1.0,,,,Indo-European,Latn,1.080912711568709
Qwen3-1.7B-Base,hat_Latn,0.38,Latn,Atlantic-Congo,4.418019405728941,,,,,Atlantic-Congo,Latn,-1.5621850275835547
Qwen3-1.7B-Base,ilo_Latn,0.3566666666666667,Latn,Austronesian,,,,,,Austronesian,Latn,-1.7969542861051588
Qwen3-1.7B-Base,kaz_Cyrl,0.44,Cyrl,Turkic,9.447543326977344,2.7857,0.46,-0.05888768658041954,0.04372655227780342,Turkic,Cyrl,-1.0809127115687085
Qwen3-1.7B-Base,lit_Latn,0.5466666666666666,Latn,Balto-Slavic,10.153726802927073,1.9958,0.78,-0.01685241609811783,0.11493533849716187,Balto-Slavic,Latn,-0.4240185160039125
Qwen3-1.7B-Base,mya_Mymr,0.37333333333333335,Mymr,Sino-Tibetan,8.94576714414124,7.053,0.11333333333333333,-0.09592616558074951,-0.030819587409496307,Sino-Tibetan,other,-1.6255240501857244
Qwen3-1.7B-Base,pbt_Arab,0.3433333333333333,Arab,Indo-European,8.559915920992061,2.9847,0.13,-0.1079959124326706,-0.012503368780016899,Indo-European,Arab,-1.9509992185627847
Qwen3-1.7B-Base,sin_Latn,0.3,,,,,,,,other,other,-2.639057329615259
Qwen3-1.7B-Base,srp_Cyrl,0.6366666666666667,Cyrl,Balto-Slavic,9.664593347362308,2.2577,0.9033333333333333,0.007922942750155926,0.14857278764247894,Balto-Slavic,Cyrl,0.06224230887722142
Qwen3-1.7B-Base,tha_Thai,0.6633333333333333,Thai,Tai-Kadai,10.196379987855126,2.5147,0.9066666666666666,0.0003098229644820094,0.14324790239334106,Tai-Kadai,other,0.2051610487637774
Qwen3-1.7B-Base,vie_Latn,0.6833333333333333,Latn,Austroasiatic,10.743353922054286,1.2567,0.97,0.039276137948036194,0.19877594709396362,other,Latn,0.31365755885504176
Qwen3-1.7B-Base,ars_Arab,0.5033333333333333,Arab,Afro-Asiatic,,,,,,Afro-Asiatic,Arab,-0.6732129656591282
Qwen3-1.7B-Base,bul_Cyrl,0.65,Cyrl,Balto-Slavic,10.360175858097726,2.0365,0.9333333333333333,0.0199466310441494,0.17635618150234222,Balto-Slavic,Cyrl,0.13353139262452257
Qwen3-1.7B-Base,est_Latn,0.5366666666666666,Latn,Uralic,9.944761723531126,1.7888,0.6766666666666666,-0.05618230253458023,0.08000124990940094,Uralic,Latn,-0.48012663687718415
Qwen3-1.7B-Base,hau_Latn,0.2733333333333333,Latn,Afro-Asiatic,,1.7729,0.03666666666666667,-0.13588114082813263,-0.049769580364227295,Afro-Asiatic,Latn,-3.4385849137337767
Qwen3-1.7B-Base,ind_Latn,0.6733333333333333,Latn,Austronesian,10.081454105942349,1.3162,0.9866666666666667,0.08647732436656952,0.22445480525493622,Austronesian,Latn,0.25921960778801917
Qwen3-1.7B-Base,kea_Latn,0.33666666666666667,Latn,Portuguese Creole,,,,,,other,Latn,-2.03520828670301
Qwen3-1.7B-Base,lug_Latn,0.33666666666666667,Latn,Atlantic-Congo,,,,,,Atlantic-Congo,Latn,-2.03520828670301
Qwen3-1.7B-Base,nld_Latn,0.66,Latn,Indo-European,10.903264809073452,1.3473,0.97,0.05930209532380104,0.21830525994300842,Indo-European,Latn,0.18721154208814672
Qwen3-1.7B-Base,pes_Arab,0.6166666666666667,Arab,Indo-European,10.662263375070816,2.6158,0.8666666666666667,-0.008190362714231014,0.1121315136551857,Indo-European,Arab,-0.04445176257083369
Qwen3-1.7B-Base,sin_Sinh,0.35,Sinh,Indo-European,8.94462532284678,6.5211,,,,Indo-European,other,-1.8718021769015918
Qwen3-1.7B-Base,ssw_Latn,0.30333333333333334,Latn,Atlantic-Congo,,1.8211,0.03666666666666667,-0.11996748298406601,-0.049570485949516296,Atlantic-Congo,Latn,-2.56974552972503
Qwen3-1.7B-Base,tir_Ethi,0.3333333333333333,Ethi,Afro-Asiatic,,5.7956,0.01,-0.13471780717372894,-0.07411456108093262,Afro-Asiatic,other,-2.079441541679836
Qwen3-1.7B-Base,war_Latn,0.43,Latn,Austronesian,,,,,,Austronesian,Latn,-1.1526795099383855
Qwen3-1.7B-Base,ary_Arab,0.39,,,,,,,,other,other,-1.4718165345580525
Qwen3-1.7B-Base,cat_Latn,0.67,Latn,Indo-European,10.097961053275002,1.4294,0.96,0.04188263416290283,0.21042612195014954,Indo-European,Latn,0.24116205681688824
Qwen3-1.7B-Base,eus_Latn,0.42,Latn,isolate,9.101082328203272,1.6796,0.21666666666666667,-0.10625199973583221,0.001805309671908617,other,Latn,-1.2272296664902034
Qwen3-1.7B-Base,heb_Hebr,0.6066666666666667,Hebr,Afro-Asiatic,9.693476506485494,1.8212,0.8833333333333333,0.015099437907338142,0.16331788897514343,Afro-Asiatic,other,-0.09785579000375869
Qwen3-1.7B-Base,isl_Latn,0.44666666666666666,Latn,Indo-European,9.371177412080815,2.027,0.43666666666666665,-0.07135668396949768,0.054013218730688095,Indo-European,Latn,-1.034450344450824
Qwen3-1.7B-Base,khk_Cyrl,0.36,Cyrl,Mongolic-Khitan,9.267328434893145,2.8953,0.09,-0.10264541208744049,-0.016621742397546768,other,Cyrl,-1.7609878105613017
Qwen3-1.7B-Base,luo_Latn,0.25,Latn,Nilotic,,,,,,other,Latn,-4.304065093204169
Qwen3-1.7B-Base,nob_Latn,0.69,Latn,Indo-European,10.265445888776227,1.4828,0.95,0.036695484071969986,0.19837027788162231,Indo-European,Latn,0.35020242943311447
Qwen3-1.7B-Base,plt_Latn,0.2966666666666667,Latn,Austronesian,8.15437957359287,1.752,0.03333333333333333,-0.11987032741308212,-0.04710569977760315,Austronesian,Latn,-2.7128008038608074
Qwen3-1.7B-Base,slk_Latn,0.6633333333333333,Latn,Balto-Slavic,10.215972316299656,1.9416,0.9433333333333334,0.03035113401710987,0.16566532850265503,Balto-Slavic,Latn,0.2051610487637774
Qwen3-1.7B-Base,sun_Latn,0.4766666666666667,Latn,Austronesian,6.11676045067112,,,,,Austronesian,Latn,-0.8367381001722014
Qwen3-1.7B-Base,tsn_Latn,0.28,Latn,Atlantic-Congo,,1.7082,0.03333333333333333,-0.12003479152917862,-0.046721719205379486,Atlantic-Congo,Latn,-3.178053830347945
Qwen3-1.7B-Base,wol_Latn,0.3,Latn,Atlantic-Congo,,1.8405,0.05,-0.14906896650791168,-0.06189337372779846,Atlantic-Congo,Latn,-2.639057329615259
Qwen3-4B-Base,acm_Arab,0.6033333333333334,Arab,Afro-Asiatic,,,,,,Afro-Asiatic,Arab,-0.11568439899946181
Qwen3-4B-Base,arz_Arab,0.7333333333333333,Arab,Afro-Asiatic,,,,,,Afro-Asiatic,Arab,0.5947071077466926
Qwen3-4B-Base,ceb_Latn,0.6666666666666666,Latn,Austronesian,,,,,,Austronesian,Latn,0.2231435513142094
Qwen3-4B-Base,fin_Latn,0.79,Latn,Uralic,10.461273505456898,1.7471,0.89,0.010810759849846363,0.1461743712425232,Uralic,Latn,0.9444616088408518
Qwen3-4B-Base,hin_Deva,0.7266666666666667,Deva,Indo-European,10.225085947081105,4.2175,0.8066666666666666,-0.025353435426950455,0.08243623375892639,Indo-European,Deva,0.5561253829956542
Qwen3-4B-Base,ita_Latn,0.8666666666666667,Latn,Indo-European,11.218657350111846,1.3051,0.9833333333333333,0.06038462370634079,0.26256832480430603,Indo-European,Latn,1.531476370964389
Qwen3-4B-Base,khm_Khmr,0.55,Khmr,Austroasiatic,8.873125289337338,5.2412,0.4033333333333333,-0.040590185672044754,0.031643662601709366,other,other,-0.40546510810816394
Qwen3-4B-Base,lvs_Latn,0.8133333333333334,Latn,Balto-Slavic,9.894602930159628,2.1688,0.9,0.01818087510764599,0.1595466285943985,Balto-Slavic,Latn,1.1045470241879245
Qwen3-4B-Base,npi_Deva,0.6466666666666666,Deva,Indo-European,9.314204818644845,4.2745,0.5933333333333334,-0.037671349942684174,0.06499619781970978,Indo-European,Deva,0.11568439899946212
Qwen3-4B-Base,pol_Latn,0.83,Latn,Balto-Slavic,11.069183544489329,1.7446,0.9066666666666666,0.0010914281010627747,0.17196503281593323,Balto-Slavic,Latn,1.2272296664902032
Qwen3-4B-Base,slv_Latn,0.8066666666666666,Latn,Balto-Slavic,9.903501694149961,1.791,0.9,0.01350053958594799,0.17413437366485596,Balto-Slavic,Latn,1.057550801870336
Qwen3-4B-Base,swe_Latn,0.8233333333333334,Latn,Indo-European,10.585304823582218,1.4982,0.9633333333333334,0.059864889830350876,0.23393020033836365,Indo-European,Latn,1.1772025632613314
Qwen3-4B-Base,tso_Latn,0.3433333333333333,Latn,Afro-Asiatic,,,,,,Afro-Asiatic,Latn,-1.9509992185627847
Qwen3-4B-Base,xho_Latn,0.31333333333333335,Latn,Atlantic-Congo,,1.8378,0.06,-0.15027457475662231,-0.04341735690832138,Atlantic-Congo,Latn,-2.38343718962314
Qwen3-4B-Base,afr_Latn,0.8133333333333334,Latn,Indo-European,9.04883387717687,1.4949,0.92,0.049401089549064636,0.20690259337425232,Indo-European,Latn,1.1045470241879245
Qwen3-4B-Base,asm_Beng,0.5766666666666667,Beng,Indo-European,7.923181284977745,,,,,Indo-European,other,-0.25921960778801956
Qwen3-4B-Base,ces_Latn,0.85,Latn,Balto-Slavic,10.755192300065602,2.0635,0.9466666666666667,0.02889784425497055,0.19483986496925354,Balto-Slavic,Latn,1.3862943611198901
Qwen3-4B-Base,fra_Latn,0.9133333333333333,Latn,Indo-European,11.504243358607456,1.2989,0.9433333333333334,0.019898317754268646,0.21276235580444336,Indo-European,Latn,2.0352082867030106
Qwen3-4B-Base,hin_Latn,0.6033333333333334,,,,,,,,other,other,-0.11568439899946181
Qwen3-4B-Base,jav_Latn,0.6666666666666666,Latn,Austronesian,,,,,,Austronesian,Latn,0.2231435513142094
Qwen3-4B-Base,kin_Latn,0.35333333333333333,Latn,Atlantic-Congo,,1.7992,0.05333333333333334,-0.14149905741214752,-0.047437623143196106,Atlantic-Congo,Latn,-1.833870954578182
Qwen3-4B-Base,mal_Mlym,0.6833333333333333,Mlym,Dravidian,9.322334431411548,6.2127,0.44,-0.07059049606323242,0.018268728628754616,Dravidian,other,0.31365755885504176
Qwen3-4B-Base,npi_Latn,0.41333333333333333,,,,,,,,other,other,-1.2786636969275254
Qwen3-4B-Base,por_Latn,0.8633333333333333,Latn,Indo-European,11.136535917638877,1.286,0.99,0.07042224705219269,0.26229676604270935,Indo-European,Latn,1.5013636909046773
Qwen3-4B-Base,sna_Latn,0.3933333333333333,Latn,Atlantic-Congo,,,,,,Atlantic-Congo,Latn,-1.442806571383233
Qwen3-4B-Base,swh_Latn,0.47,Latn,Atlantic-Congo,7.487255902011655,1.7453,0.2733333333333333,-0.09753690659999847,0.024508409202098846,Atlantic-Congo,Latn,-0.8792494601938063
Qwen3-4B-Base,tur_Latn,0.81,Latn,Turkic,10.808162253319553,1.4769,0.8733333333333333,-0.006418351549655199,0.12944087386131287,Turkic,Latn,1.080912711568709
Qwen3-4B-Base,yor_Latn,0.2966666666666667,Latn,Atlantic-Congo,4.632892380992985,2.3489,0.03666666666666667,-0.10196622461080551,-0.042389024049043655,Atlantic-Congo,Latn,-2.7128008038608074
Qwen3-4B-Base,als_Latn,0.69,Latn,Indo-European,9.562161153905935,1.8695,0.84,-0.013622093014419079,0.14838890731334686,Indo-European,Latn,0.35020242943311447
Qwen3-4B-Base,azj_Latn,0.6866666666666666,Latn,Turkic,9.545721659518483,2.1428,0.6866666666666666,-0.03137231990695,0.08738282322883606,Turkic,Latn,0.3319025409311476
Qwen3-4B-Base,ckb_Arab,0.44,Arab,Indo-European,8.481429599472412,,,,,Indo-European,Arab,-1.0809127115687085
Qwen3-4B-Base,fuv_Latn,0.2633333333333333,Latn,Atlantic-Congo,,,,,,Atlantic-Congo,Latn,-4.011868340397864
Qwen3-4B-Base,hrv_Latn,0.7766666666666666,Latn,Balto-Slavic,7.610626216540094,1.7484,0.95,0.04266534000635147,0.19635413587093353,Balto-Slavic,Latn,0.8579024136360006
Qwen3-4B-Base,jpn_Jpan,0.7766666666666666,Jpan,Japonic,11.032916144087627,3.1242,0.86,-0.023223508149385452,0.12556599080562592,other,other,0.8579024136360006
Qwen3-4B-Base,kir_Cyrl,0.6,Cyrl,Turkic,8.70022124395045,2.5432,0.35333333333333333,-0.08772659301757812,0.03359440341591835,Turkic,Cyrl,-0.13353139262452288
Qwen3-4B-Base,mar_Deva,0.6633333333333333,Deva,Indo-European,9.291197362643686,4.3906,0.76,-0.025678852573037148,0.08044297248125076,Indo-European,Deva,0.2051610487637774
Qwen3-4B-Base,nso_Latn,0.3233333333333333,Latn,Atlantic-Congo,,1.7231,0.06333333333333334,-0.15684062242507935,-0.04416462779045105,Atlantic-Congo,Latn,-2.222163525683472
Qwen3-4B-Base,snd_Arab,0.5933333333333334,Arab,Indo-European,8.168753912613957,,,,,Indo-European,Arab,-0.16929205650362059
Qwen3-4B-Base,tam_Taml,0.6866666666666666,Taml,Dravidian,9.641283555217916,4.9487,0.52,-0.06411981582641602,0.03778199478983879,Dravidian,other,0.3319025409311476
Qwen3-4B-Base,ukr_Cyrl,0.8466666666666667,Cyrl,Balto-Slavic,10.582360317494818,2.3475,0.95,0.032736897468566895,0.1938168704509735,Balto-Slavic,Cyrl,1.35874440935166
Qwen3-4B-Base,zho_Hans,0.8766666666666667,Hans,Sino-Tibetan,11.356131798505956,2.9106,0.9566666666666667,0.023198192939162254,0.19153469800949097,Sino-Tibetan,other,1.625524050185725
Qwen3-4B-Base,amh_Ethi,0.4066666666666667,Ethi,Afro-Asiatic,8.5541337799261,5.9294,0.056666666666666664,-0.09911583364009857,-0.027485745027661324,Afro-Asiatic,other,-1.3316359485820264
Qwen3-4B-Base,bam_Latn,0.30333333333333334,Latn,Mande,,,,,,other,Latn,-2.56974552972503
Qwen3-4B-Base,dan_Latn,0.82,Latn,Indo-European,10.360245901721395,1.4893,0.9766666666666667,0.06192278861999512,0.23666982352733612,Indo-European,Latn,1.1526795099383849
Qwen3-4B-Base,gaz_Latn,0.23666666666666666,Latn,Afro-Asiatic,,1.8212,0.043333333333333335,-0.17500677704811096,-0.07100395113229752,Afro-Asiatic,Latn,-4.304065093204169
Qwen3-4B-Base,hun_Latn,0.74,Latn,Uralic,10.637669631397417,1.8957,0.8833333333333333,0.004822515416890383,0.1426439732313156,Uralic,Latn,0.6337237600891445
Qwen3-4B-Base,kac_Latn,0.33,Latn,Sino-Tibetan,,,,,,Sino-Tibetan,Latn,-2.12525107771113
Qwen3-4B-Base,kor_Hang,0.7966666666666666,Hang,Koreanic,10.39384619552899,3.2567,0.9033333333333333,0.0037741533014923334,0.14377444982528687,other,other,0.9889925636508868
Qwen3-4B-Base,mkd_Cyrl,0.77,Cyrl,Balto-Slavic,9.301746425904852,2.0778,0.9333333333333333,0.03173815831542015,0.18982969224452972,Balto-Slavic,Cyrl,0.8157495026522777
Qwen3-4B-Base,nya_Latn,0.3,Latn,Afro-Asiatic,,1.767,0.08,-0.1360524445772171,-0.04059716686606407,Afro-Asiatic,Latn,-2.639057329615259
Qwen3-4B-Base,ron_Latn,0.8166666666666667,Latn,Indo-European,10.598220789235436,1.5856,0.9533333333333334,0.02187989093363285,0.21142296493053436,Indo-European,Latn,1.1284652518177907
Qwen3-4B-Base,som_Latn,0.25333333333333335,Latn,Afro-Asiatic,3.781970673912552,1.7642,0.08333333333333333,-0.13764311373233795,-0.03935088962316513,Afro-Asiatic,Latn,-4.304065093204169
Qwen3-4B-Base,tel_Telu,0.6233333333333333,Telu,Dravidian,9.195061276656201,6.8005,0.36333333333333334,-0.062789186835289,0.01724240742623806,Dravidian,other,-0.008888947417246376
Qwen3-4B-Base,urd_Arab,0.6933333333333334,Arab,Indo-European,9.431854501264098,3.0968,0.83,-0.013906666077673435,0.09826172143220901,Indo-European,Arab,0.3685605511727136
Qwen3-4B-Base,zho_Hant,0.83,Hant,Sino-Tibetan,11.356131798505956,2.9106,,,,Sino-Tibetan,other,1.2272296664902032
Qwen3-4B-Base,apc_Arab,0.6333333333333333,Arab,Afro-Asiatic,,,,,,Afro-Asiatic,Arab,0.04445176257083359
Qwen3-4B-Base,ben_Beng,0.6633333333333333,Beng,Indo-European,9.981044874347496,4.9675,0.7833333333333333,-0.023771144449710846,0.0833997130393982,Indo-European,other,0.2051610487637774
Qwen3-4B-Base,deu_Latn,0.8633333333333333,Latn,Indo-European,11.552705133249123,1.291,0.98,0.0561213418841362,0.23934651911258698,Indo-European,Latn,1.5013636909046773
Qwen3-4B-Base,grn_Latn,0.3566666666666667,Latn,Tupian,4.10407720615511,,,,,other,Latn,-1.7969542861051588
Qwen3-4B-Base,hye_Armn,0.68,Armn,Indo-European,9.379338026785135,4.5443,0.6533333333333333,-0.032379504293203354,0.07620818167924881,Indo-European,other,0.29546421289383606
Qwen3-4B-Base,kan_Knda,0.6666666666666666,Knda,Dravidian,9.094221311622814,6.3937,0.4166666666666667,-0.06692145019769669,0.02428380399942398,Dravidian,other,0.2231435513142094
Qwen3-4B-Base,lao_Laoo,0.49,Laoo,Tai-Kadai,8.225972821174405,5.355,0.32,-0.051103927195072174,0.02666369080543518,Tai-Kadai,other,-0.7537718023763801
Qwen3-4B-Base,mlt_Latn,0.5633333333333334,Latn,Afro-Asiatic,,1.9275,0.4266666666666667,-0.07316626608371735,0.05858989804983139,Afro-Asiatic,Latn,-0.3319025409311475
Qwen3-4B-Base,ory_Orya,0.6666666666666666,Orya,Indo-European,8.00140143263562,,,,,Indo-European,other,0.2231435513142094
Qwen3-4B-Base,rus_Cyrl,0.8266666666666667,Cyrl,Balto-Slavic,11.867586387163913,1.6852,0.8966666666666666,-0.01245713047683239,0.16510863602161407,Balto-Slavic,Cyrl,1.2020478759163513
Qwen3-4B-Base,sot_Latn,0.3233333333333333,Latn,Atlantic-Congo,,,,,,Atlantic-Congo,Latn,-2.222163525683472
Qwen3-4B-Base,tgk_Cyrl,0.5233333333333333,Cyrl,Indo-European,,,,,,Indo-European,Cyrl,-0.5561253829956544
Qwen3-4B-Base,urd_Latn,0.45666666666666667,,,,,,,,other,other,-0.9666158157616709
Qwen3-4B-Base,zsm_Latn,0.8233333333333334,Latn,Austronesian,7.287263587861631,1.3675,0.9566666666666667,0.05737253651022911,0.21225014328956604,Austronesian,Latn,1.1772025632613314
Qwen3-4B-Base,arb_Arab,0.82,Arab,Afro-Asiatic,10.841073612355865,1.7374,0.9066666666666666,-0.0022843957412987947,0.14847064018249512,Afro-Asiatic,Arab,1.1526795099383849
Qwen3-4B-Base,ben_Latn,0.4033333333333333,,,,,,,,other,other,-1.35874440935166
Qwen3-4B-Base,ell_Grek,0.7866666666666666,Grek,Indo-European,10.634956550916772,3.8961,0.8966666666666666,-0.016111033037304878,0.1327574998140335,Indo-European,other,0.9225212816247907
Qwen3-4B-Base,guj_Gujr,0.6366666666666667,Gujr,Indo-European,9.053743034427566,6.8984,0.49333333333333335,-0.04871094971895218,0.03601522371172905,Indo-European,other,0.06224230887722142
Qwen3-4B-Base,ibo_Latn,0.35333333333333333,Latn,Atlantic-Congo,,2.177,0.06333333333333334,-0.14422884583473206,-0.04014016315340996,Atlantic-Congo,Latn,-1.833870954578182
Qwen3-4B-Base,kat_Geor,0.63,Geor,kartvelian,9.417907523376437,4.4992,0.5433333333333333,-0.025997256860136986,0.0659031793475151,other,other,0.02666824708216149
Qwen3-4B-Base,lin_Latn,0.32,Latn,Atlantic-Congo,,,,,,Atlantic-Congo,Latn,-2.2735975561207935
Qwen3-4B-Base,mri_Latn,0.3333333333333333,Latn,Austronesian,,2.0077,0.17333333333333334,-0.10394192487001419,-0.005044502206146717,Austronesian,Latn,-2.079441541679836
Qwen3-4B-Base,pan_Guru,0.6666666666666666,Guru,Indo-European,8.861860543889303,6.8486,0.54,-0.03531874343752861,0.035457029938697815,Indo-European,other,0.2231435513142094
Qwen3-4B-Base,shn_Mymr,0.25333333333333335,Mymr,Tai-Kadai,,,,,,Tai-Kadai,other,-4.304065093204169
Qwen3-4B-Base,spa_Latn,0.8533333333333334,Latn,Indo-European,11.572692346038526,1.2347,0.9833333333333333,0.04454951360821724,0.25706183910369873,Indo-European,Latn,1.414307397347565
Qwen3-4B-Base,tgl_Latn,0.76,Latn,Austronesian,8.383970492667663,,,,,Austronesian,Latn,0.7537718023763803
Qwen3-4B-Base,uzn_Latn,0.6766666666666666,Latn,Turkic,7.876511046298704,1.8354,0.52,-0.06123223528265953,0.05594509094953537,Turkic,Latn,0.27731928541623435
Qwen3-4B-Base,zul_Latn,0.3233333333333333,Latn,Atlantic-Congo,,1.8048,0.06333333333333334,-0.1748499721288681,-0.05533088743686676,Atlantic-Congo,Latn,-2.222163525683472
Qwen3-4B-Base,arb_Latn,0.2966666666666667,Latn,Afro-Asiatic,10.841073612355865,1.7374,,,,Afro-Asiatic,Latn,-2.7128008038608074
Qwen3-4B-Base,bod_Tibt,0.2633333333333333,Tibt,Sino-Tibetan,,6.0659,0.016666666666666666,-0.11268112808465958,-0.06543383002281189,Sino-Tibetan,other,-4.011868340397864
Qwen3-4B-Base,eng_Latn,0.9333333333333333,Latn,Indo-European,12.454382979077453,1.0,,,,Indo-European,Latn,2.327277705584417
Qwen3-4B-Base,hat_Latn,0.5366666666666666,Latn,Atlantic-Congo,4.418019405728941,,,,,Atlantic-Congo,Latn,-0.48012663687718415
Qwen3-4B-Base,ilo_Latn,0.5066666666666667,Latn,Austronesian,,,,,,Austronesian,Latn,-0.6534068519104311
Qwen3-4B-Base,kaz_Cyrl,0.64,Cyrl,Turkic,9.447543326977344,2.7857,0.61,-0.044563762843608856,0.0680386871099472,Turkic,Cyrl,0.08004270767353656
Qwen3-4B-Base,lit_Latn,0.7333333333333333,Latn,Balto-Slavic,10.153726802927073,1.9958,0.85,-0.002559035550802946,0.1520758420228958,Balto-Slavic,Latn,0.5947071077466926
Qwen3-4B-Base,mya_Mymr,0.5966666666666667,Mymr,Sino-Tibetan,8.94576714414124,7.053,0.15,-0.08102711290121078,-0.02067449875175953,Sino-Tibetan,other,-0.15139964645536813
Qwen3-4B-Base,pbt_Arab,0.46,Arab,Indo-European,8.559915920992061,2.9847,0.29333333333333333,-0.08942406624555588,0.016660861670970917,Indo-European,Arab,-0.9444616088408512
Qwen3-4B-Base,sin_Latn,0.32666666666666666,,,,,,,,other,other,-2.172773481472055
Qwen3-4B-Base,srp_Cyrl,0.8133333333333334,Cyrl,Balto-Slavic,9.664593347362308,2.2577,0.9333333333333333,0.008326264098286629,0.17719033360481262,Balto-Slavic,Cyrl,1.1045470241879245
Qwen3-4B-Base,tha_Thai,0.8233333333333334,Thai,Tai-Kadai,10.196379987855126,2.5147,0.9266666666666666,0.01810649409890175,0.1622183918952942,Tai-Kadai,other,1.1772025632613314
Qwen3-4B-Base,vie_Latn,0.8,Latn,Austroasiatic,10.743353922054286,1.2567,0.95,0.03690669685602188,0.21546605229377747,other,Latn,1.0116009116784803
Qwen3-4B-Base,ars_Arab,0.68,Arab,Afro-Asiatic,,,,,,Afro-Asiatic,Arab,0.29546421289383606
Qwen3-4B-Base,bul_Cyrl,0.8566666666666667,Cyrl,Balto-Slavic,10.360175858097726,2.0365,0.9466666666666667,0.021994423121213913,0.1933748573064804,Balto-Slavic,Cyrl,1.4428065713832328
Qwen3-4B-Base,est_Latn,0.6866666666666666,Latn,Uralic,9.944761723531126,1.7888,0.8,-0.026365185156464577,0.12580576539039612,Uralic,Latn,0.3319025409311476
Qwen3-4B-Base,hau_Latn,0.26666666666666666,Latn,Afro-Asiatic,,1.7729,0.056666666666666664,-0.14821307361125946,-0.046355947852134705,Afro-Asiatic,Latn,-3.7841896339182615
Qwen3-4B-Base,ind_Latn,0.8233333333333334,Latn,Austronesian,10.081454105942349,1.3162,0.98,0.06753718107938766,0.233271986246109,Austronesian,Latn,1.1772025632613314
Qwen3-4B-Base,kea_Latn,0.47333333333333333,Latn,Portuguese Creole,,,,,,other,Latn,-0.857902413636001
Qwen3-4B-Base,lug_Latn,0.26,Latn,Atlantic-Congo,,,,,,Atlantic-Congo,Latn,-4.304065093204169
Qwen3-4B-Base,nld_Latn,0.8266666666666667,Latn,Indo-European,10.903264809073452,1.3473,0.97,0.05601485073566437,0.23498834669589996,Indo-European,Latn,1.2020478759163513
Qwen3-4B-Base,pes_Arab,0.79,Arab,Indo-European,10.662263375070816,2.6158,0.88,-0.0006301020621322095,0.13297022879123688,Indo-European,Arab,0.9444616088408518
Qwen3-4B-Base,sin_Sinh,0.5433333333333333,Sinh,Indo-European,8.94462532284678,6.5211,,,,Indo-European,other,-0.44264411134991827
Qwen3-4B-Base,ssw_Latn,0.3466666666666667,Latn,Atlantic-Congo,,1.8211,0.07333333333333333,-0.13376210629940033,-0.044631555676460266,Atlantic-Congo,Latn,-1.9108188292440431
Qwen3-4B-Base,tir_Ethi,0.2866666666666667,Ethi,Afro-Asiatic,,5.7956,0.016666666666666666,-0.12459579855203629,-0.05713260546326637,Afro-Asiatic,other,-2.9680807422234805
Qwen3-4B-Base,war_Latn,0.6733333333333333,Latn,Austronesian,,,,,,Austronesian,Latn,0.25921960778801917
Qwen3-4B-Base,ary_Arab,0.51,,,,,,,,other,other,-0.6337237600891445
Qwen3-4B-Base,cat_Latn,0.83,Latn,Indo-European,10.097961053275002,1.4294,0.9733333333333334,0.04316375404596329,0.22879765927791595,Indo-European,Latn,1.2272296664902032
Qwen3-4B-Base,eus_Latn,0.5933333333333334,Latn,isolate,9.101082328203272,1.6796,0.45666666666666667,-0.09446728229522705,0.045620404183864594,other,Latn,-0.16929205650362059
Qwen3-4B-Base,heb_Hebr,0.7233333333333334,Hebr,Afro-Asiatic,9.693476506485494,1.8212,0.8766666666666667,0.008319278247654438,0.16484703123569489,Afro-Asiatic,other,0.536986449804663
Qwen3-4B-Base,isl_Latn,0.58,Latn,Indo-European,9.371177412080815,2.027,0.6566666666666666,-0.04103840887546539,0.09500876069068909,Indo-European,Latn,-0.24116205681688824
Qwen3-4B-Base,khk_Cyrl,0.6,Cyrl,Mongolic-Khitan,9.267328434893145,2.8953,0.25666666666666665,-0.08360335230827332,0.012763443402945995,other,Cyrl,-0.13353139262452288
Qwen3-4B-Base,luo_Latn,0.32,Latn,Nilotic,,,,,,other,Latn,-2.2735975561207935
Qwen3-4B-Base,nob_Latn,0.8566666666666667,Latn,Indo-European,10.265445888776227,1.4828,0.9666666666666667,0.04649024084210396,0.22055816650390625,Indo-European,Latn,1.4428065713832328
Qwen3-4B-Base,plt_Latn,0.35,Latn,Austronesian,8.15437957359287,1.752,0.06333333333333334,-0.12441827356815338,-0.03542903810739517,Austronesian,Latn,-1.8718021769015918
Qwen3-4B-Base,slk_Latn,0.8133333333333334,Latn,Balto-Slavic,10.215972316299656,1.9416,0.9566666666666667,0.03627843037247658,0.1876922845840454,Balto-Slavic,Latn,1.1045470241879245
Qwen3-4B-Base,sun_Latn,0.67,Latn,Austronesian,6.11676045067112,,,,,Austronesian,Latn,0.24116205681688824
Qwen3-4B-Base,tsn_Latn,0.37666666666666665,Latn,Atlantic-Congo,,1.7082,0.07,-0.13653327524662018,-0.04146231338381767,Atlantic-Congo,Latn,-1.593522457128201
Qwen3-4B-Base,wol_Latn,0.3,Latn,Atlantic-Congo,,1.8405,0.05,-0.1630101203918457,-0.06303121149539948,Atlantic-Congo,Latn,-2.639057329615259
Qwen3-8B-Base,acm_Arab,0.67,Arab,Afro-Asiatic,,,,,,Afro-Asiatic,Arab,0.24116205681688824
Qwen3-8B-Base,arz_Arab,0.78,Arab,Afro-Asiatic,,,,,,Afro-Asiatic,Arab,0.879249460193806
Qwen3-8B-Base,ceb_Latn,0.68,Latn,Austronesian,,,,,,Austronesian,Latn,0.29546421289383606
Qwen3-8B-Base,fin_Latn,0.81,Latn,Uralic,10.461273505456898,1.7471,0.91,0.02420012466609478,0.15992538630962372,Uralic,Latn,1.080912711568709
Qwen3-8B-Base,hin_Deva,0.7533333333333333,Deva,Indo-European,10.225085947081105,4.2175,0.8466666666666667,-0.009285169653594494,0.09723662585020065,Indo-European,Deva,0.7132147436107544
Qwen3-8B-Base,ita_Latn,0.8733333333333333,Latn,Indo-European,11.218657350111846,1.3051,0.9933333333333333,0.0744018480181694,0.276179701089859,Indo-European,Latn,1.5935224571282003
Qwen3-8B-Base,khm_Khmr,0.6066666666666667,Khmr,Austroasiatic,8.873125289337338,5.2412,0.5666666666666667,-0.022191615775227547,0.049149289727211,other,other,-0.09785579000375869
Qwen3-8B-Base,lvs_Latn,0.83,Latn,Balto-Slavic,9.894602930159628,2.1688,0.9066666666666666,0.02305016666650772,0.1717744618654251,Balto-Slavic,Latn,1.2272296664902032
Qwen3-8B-Base,npi_Deva,0.67,Deva,Indo-European,9.314204818644845,4.2745,0.69,-0.013241895474493504,0.07925089448690414,Indo-European,Deva,0.24116205681688824
Qwen3-8B-Base,pol_Latn,0.8633333333333333,Latn,Balto-Slavic,11.069183544489329,1.7446,0.9333333333333333,0.01297077164053917,0.178328275680542,Balto-Slavic,Latn,1.5013636909046773
Qwen3-8B-Base,slv_Latn,0.8333333333333334,Latn,Balto-Slavic,9.903501694149961,1.791,0.9233333333333333,0.023826241493225098,0.18915019929409027,Balto-Slavic,Latn,1.252762968495368
Qwen3-8B-Base,swe_Latn,0.8533333333333334,Latn,Indo-European,10.585304823582218,1.4982,0.98,0.06601716578006744,0.24448920786380768,Indo-European,Latn,1.414307397347565
Qwen3-8B-Base,tso_Latn,0.38,Latn,Afro-Asiatic,,,,,,Afro-Asiatic,Latn,-1.5621850275835547
Qwen3-8B-Base,xho_Latn,0.37666666666666665,Latn,Atlantic-Congo,,1.8378,0.08666666666666667,-0.10427351295948029,-0.0213778056204319,Atlantic-Congo,Latn,-1.593522457128201
Qwen3-8B-Base,afr_Latn,0.8233333333333334,Latn,Indo-European,9.04883387717687,1.4949,0.93,0.06174129620194435,0.2289915531873703,Indo-European,Latn,1.1772025632613314
Qwen3-8B-Base,asm_Beng,0.6566666666666666,Beng,Indo-European,7.923181284977745,,,,,Indo-European,other,0.16929205650362053
Qwen3-8B-Base,ces_Latn,0.85,Latn,Balto-Slavic,10.755192300065602,2.0635,0.9433333333333334,0.04403560236096382,0.20433220267295837,Balto-Slavic,Latn,1.3862943611198901
Qwen3-8B-Base,fra_Latn,0.9033333333333333,Latn,Indo-European,11.504243358607456,1.2989,0.9633333333333334,0.03519750386476517,0.22134119272232056,Indo-European,Latn,1.9108188292440427
Qwen3-8B-Base,hin_Latn,0.62,,,,,,,,other,other,-0.02666824708216118
Qwen3-8B-Base,jav_Latn,0.7433333333333333,Latn,Austronesian,,,,,,Austronesian,Latn,0.6534068519104307
Qwen3-8B-Base,kin_Latn,0.39666666666666667,Latn,Atlantic-Congo,,1.7992,0.07,-0.09739843010902405,-0.024650681763887405,Atlantic-Congo,Latn,-1.4143073973475646
Qwen3-8B-Base,mal_Mlym,0.7633333333333333,Mlym,Dravidian,9.322334431411548,6.2127,0.5566666666666666,-0.050555888563394547,0.037885308265686035,Dravidian,other,0.7742727253723136
Qwen3-8B-Base,npi_Latn,0.42333333333333334,,,,,,,,other,other,-1.2020478759163515
Qwen3-8B-Base,por_Latn,0.8833333333333333,Latn,Indo-European,11.136535917638877,1.286,0.99,0.0754576250910759,0.27222320437431335,Indo-European,Latn,1.6916760106710724
Qwen3-8B-Base,sna_Latn,0.37666666666666665,Latn,Atlantic-Congo,,,,,,Atlantic-Congo,Latn,-1.593522457128201
Qwen3-8B-Base,swh_Latn,0.5733333333333334,Latn,Atlantic-Congo,7.487255902011655,1.7453,0.44333333333333336,-0.052445072680711746,0.054981816560029984,Atlantic-Congo,Latn,-0.2773192854162341
Qwen3-8B-Base,tur_Latn,0.8666666666666667,Latn,Turkic,10.808162253319553,1.4769,0.9,0.003644347656518221,0.13873066008090973,Turkic,Latn,1.531476370964389
Qwen3-8B-Base,yor_Latn,0.30333333333333334,Latn,Atlantic-Congo,4.632892380992985,2.3489,0.05333333333333334,-0.0946744829416275,-0.0345095656812191,Atlantic-Congo,Latn,-2.56974552972503
Qwen3-8B-Base,als_Latn,0.79,Latn,Indo-European,9.562161153905935,1.8695,0.8933333333333333,0.012241655960679054,0.16563379764556885,Indo-European,Latn,0.9444616088408518
Qwen3-8B-Base,azj_Latn,0.76,Latn,Turkic,9.545721659518483,2.1428,0.7633333333333333,-0.022411106154322624,0.09901481866836548,Turkic,Latn,0.7537718023763803
Qwen3-8B-Base,ckb_Arab,0.54,Arab,Indo-European,8.481429599472412,,,,,Indo-European,Arab,-0.46134556650262076
Qwen3-8B-Base,fuv_Latn,0.22666666666666666,Latn,Atlantic-Congo,,,,,,Atlantic-Congo,Latn,-4.304065093204169
Qwen3-8B-Base,hrv_Latn,0.8066666666666666,Latn,Balto-Slavic,7.610626216540094,1.7484,0.97,0.06135351210832596,0.20939505100250244,Balto-Slavic,Latn,1.057550801870336
Qwen3-8B-Base,jpn_Jpan,0.83,Jpan,Japonic,11.032916144087627,3.1242,0.88,-0.014592085964977741,0.13530932366847992,other,other,1.2272296664902032
Qwen3-8B-Base,kir_Cyrl,0.66,Cyrl,Turkic,8.70022124395045,2.5432,0.52,-0.054603636264801025,0.0557602196931839,Turkic,Cyrl,0.18721154208814672
Qwen3-8B-Base,mar_Deva,0.77,Deva,Indo-European,9.291197362643686,4.3906,0.7933333333333333,-0.01570254936814308,0.0937589630484581,Indo-European,Deva,0.8157495026522777
Qwen3-8B-Base,nso_Latn,0.3566666666666667,Latn,Atlantic-Congo,,1.7231,0.07,-0.11596941202878952,-0.028309129178524017,Atlantic-Congo,Latn,-1.7969542861051588
Qwen3-8B-Base,snd_Arab,0.6166666666666667,Arab,Indo-European,8.168753912613957,,,,,Indo-European,Arab,-0.04445176257083369
Qwen3-8B-Base,tam_Taml,0.73,Taml,Dravidian,9.641283555217916,4.9487,0.65,-0.04847867041826248,0.05516073852777481,Dravidian,other,0.5753641449035619
Qwen3-8B-Base,ukr_Cyrl,0.88,Cyrl,Balto-Slavic,10.582360317494818,2.3475,0.9433333333333334,0.04320630058646202,0.20878741145133972,Balto-Slavic,Cyrl,1.6582280766035322
Qwen3-8B-Base,zho_Hans,0.8933333333333333,Hans,Sino-Tibetan,11.356131798505956,2.9106,0.9466666666666667,0.021827656775712967,0.20014572143554688,Sino-Tibetan,other,1.7969542861051586
Qwen3-8B-Base,amh_Ethi,0.4766666666666667,Ethi,Afro-Asiatic,8.5541337799261,5.9294,0.12666666666666668,-0.08498737961053848,-0.011823076754808426,Afro-Asiatic,other,-0.8367381001722014
Qwen3-8B-Base,bam_Latn,0.31333333333333335,Latn,Mande,,,,,,other,Latn,-2.38343718962314
Qwen3-8B-Base,dan_Latn,0.8833333333333333,Latn,Indo-European,10.360245901721395,1.4893,0.9866666666666667,0.08159567415714264,0.2519357204437256,Indo-European,Latn,1.6916760106710724
Qwen3-8B-Base,gaz_Latn,0.2733333333333333,Latn,Afro-Asiatic,,1.8212,0.056666666666666664,-0.13714848458766937,-0.0551813580095768,Afro-Asiatic,Latn,-3.4385849137337767
Qwen3-8B-Base,hun_Latn,0.81,Latn,Uralic,10.637669631397417,1.8957,0.93,0.01669265702366829,0.15333661437034607,Uralic,Latn,1.080912711568709
Qwen3-8B-Base,kac_Latn,0.29,Latn,Sino-Tibetan,,,,,,Sino-Tibetan,Latn,-2.876385515921425
Qwen3-8B-Base,kor_Hang,0.83,Hang,Koreanic,10.39384619552899,3.2567,0.9033333333333333,0.00781711284071207,0.15502427518367767,other,other,1.2272296664902032
Qwen3-8B-Base,mkd_Cyrl,0.7866666666666666,Cyrl,Balto-Slavic,9.301746425904852,2.0778,0.96,0.05104919523000717,0.20021390914916992,Balto-Slavic,Cyrl,0.9225212816247907
Qwen3-8B-Base,nya_Latn,0.27666666666666667,Latn,Afro-Asiatic,,1.767,0.08666666666666667,-0.09490059316158295,-0.015326949767768383,Afro-Asiatic,Latn,-3.3004558118606235
Qwen3-8B-Base,ron_Latn,0.82,Latn,Indo-European,10.598220789235436,1.5856,0.9566666666666667,0.03626490756869316,0.22063276171684265,Indo-European,Latn,1.1526795099383849
Qwen3-8B-Base,som_Latn,0.25333333333333335,Latn,Afro-Asiatic,3.781970673912552,1.7642,0.09,-0.11860663443803787,-0.03176070377230644,Afro-Asiatic,Latn,-4.304065093204169
Qwen3-8B-Base,tel_Telu,0.7133333333333334,Telu,Dravidian,9.195061276656201,6.8005,0.5133333333333333,-0.04458918049931526,0.033855922520160675,Dravidian,other,0.48012663687718443
Qwen3-8B-Base,urd_Arab,0.7633333333333333,Arab,Indo-European,9.431854501264098,3.0968,0.88,0.0022122717928141356,0.11847246438264847,Indo-European,Arab,0.7742727253723136
Qwen3-8B-Base,zho_Hant,0.8466666666666667,Hant,Sino-Tibetan,11.356131798505956,2.9106,,,,Sino-Tibetan,other,1.35874440935166
Qwen3-8B-Base,apc_Arab,0.7033333333333334,Arab,Afro-Asiatic,,,,,,Afro-Asiatic,Arab,0.42401851600391216
Qwen3-8B-Base,ben_Beng,0.76,Beng,Indo-European,9.981044874347496,4.9675,0.8166666666666667,-0.016652027145028114,0.10332612693309784,Indo-European,other,0.7537718023763803
Qwen3-8B-Base,deu_Latn,0.8866666666666667,Latn,Indo-European,11.552705133249123,1.291,0.98,0.08013667166233063,0.2545408606529236,Indo-European,Latn,1.7259129034304688
Qwen3-8B-Base,grn_Latn,0.35,Latn,Tupian,4.10407720615511,,,,,other,Latn,-1.8718021769015918
Qwen3-8B-Base,hye_Armn,0.74,Armn,Indo-European,9.379338026785135,4.5443,0.7333333333333333,-0.010259512811899185,0.09363433718681335,Indo-European,other,0.6337237600891445
Qwen3-8B-Base,kan_Knda,0.7233333333333334,Knda,Dravidian,9.094221311622814,6.3937,0.59,-0.04624808952212334,0.04563926160335541,Dravidian,other,0.536986449804663
Qwen3-8B-Base,lao_Laoo,0.6133333333333333,Laoo,Tai-Kadai,8.225972821174405,5.355,0.52,-0.022857356816530228,0.05563977733254433,Tai-Kadai,other,-0.062242308877221014
Qwen3-8B-Base,mlt_Latn,0.67,Latn,Afro-Asiatic,,1.9275,0.5166666666666667,-0.05801142379641533,0.07821453362703323,Afro-Asiatic,Latn,0.24116205681688824
Qwen3-8B-Base,ory_Orya,0.76,Orya,Indo-European,8.00140143263562,,,,,Indo-European,other,0.7537718023763803
Qwen3-8B-Base,rus_Cyrl,0.8333333333333334,Cyrl,Balto-Slavic,11.867586387163913,1.6852,0.9266666666666666,0.0027931095100939274,0.17923131585121155,Balto-Slavic,Cyrl,1.252762968495368
Qwen3-8B-Base,sot_Latn,0.36333333333333334,Latn,Atlantic-Congo,,,,,,Atlantic-Congo,Latn,-1.7259129034304685
Qwen3-8B-Base,tgk_Cyrl,0.63,Cyrl,Indo-European,,,,,,Indo-European,Cyrl,0.02666824708216149
Qwen3-8B-Base,urd_Latn,0.5266666666666666,,,,,,,,other,other,-0.5369864498046631
Qwen3-8B-Base,zsm_Latn,0.8966666666666666,Latn,Austronesian,7.287263587861631,1.3675,0.9733333333333334,0.06703749299049377,0.22606368362903595,Austronesian,Latn,1.833870954578181
Qwen3-8B-Base,arb_Arab,0.87,Arab,Afro-Asiatic,10.841073612355865,1.7374,0.9466666666666667,0.02242252044379711,0.16670022904872894,Afro-Asiatic,Arab,1.5621850275835547
Qwen3-8B-Base,ben_Latn,0.5,,,,,,,,other,other,-0.6931471805599454
Qwen3-8B-Base,ell_Grek,0.8366666666666667,Grek,Indo-European,10.634956550916772,3.8961,0.92,-0.000515743566211313,0.14246980845928192,Indo-European,other,1.2786636969275254
Qwen3-8B-Base,guj_Gujr,0.7033333333333334,Gujr,Indo-European,9.053743034427566,6.8984,0.6,-0.03908919543027878,0.05168214812874794,Indo-European,other,0.42401851600391216
Qwen3-8B-Base,ibo_Latn,0.37333333333333335,Latn,Atlantic-Congo,,2.177,0.06333333333333334,-0.09614763408899307,-0.019186753779649734,Atlantic-Congo,Latn,-1.6255240501857244
Qwen3-8B-Base,kat_Geor,0.7433333333333333,Geor,kartvelian,9.417907523376437,4.4992,0.6933333333333334,-0.014661310240626335,0.08240927010774612,other,other,0.6534068519104307
Qwen3-8B-Base,lin_Latn,0.3566666666666667,Latn,Atlantic-Congo,,,,,,Atlantic-Congo,Latn,-1.7969542861051588
Qwen3-8B-Base,mri_Latn,0.39666666666666667,Latn,Austronesian,,2.0077,0.2966666666666667,-0.07251359522342682,0.017313607037067413,Austronesian,Latn,-1.4143073973475646
Qwen3-8B-Base,pan_Guru,0.7466666666666667,Guru,Indo-European,8.861860543889303,6.8486,0.62,-0.029171984642744064,0.0497974269092083,Indo-European,other,0.6732129656591282
Qwen3-8B-Base,shn_Mymr,0.2866666666666667,Mymr,Tai-Kadai,,,,,,Tai-Kadai,other,-2.9680807422234805
Qwen3-8B-Base,spa_Latn,0.89,Latn,Indo-European,11.572692346038526,1.2347,0.9833333333333333,0.055433616042137146,0.2714470326900482,Indo-European,Latn,1.7609878105613017
Qwen3-8B-Base,tgl_Latn,0.7933333333333333,Latn,Austronesian,8.383970492667663,,,,,Austronesian,Latn,0.9666158157616708
Qwen3-8B-Base,uzn_Latn,0.7533333333333333,Latn,Turkic,7.876511046298704,1.8354,0.6733333333333333,-0.04495624825358391,0.07422757148742676,Turkic,Latn,0.7132147436107544
Qwen3-8B-Base,zul_Latn,0.3433333333333333,Latn,Atlantic-Congo,,1.8048,0.07333333333333333,-0.12526549398899078,-0.027866674587130547,Atlantic-Congo,Latn,-1.9509992185627847
Qwen3-8B-Base,arb_Latn,0.3566666666666667,Latn,Afro-Asiatic,10.841073612355865,1.7374,,,,Afro-Asiatic,Latn,-1.7969542861051588
Qwen3-8B-Base,bod_Tibt,0.32666666666666666,Tibt,Sino-Tibetan,,6.0659,0.03,-0.09357795864343643,-0.04217851161956787,Sino-Tibetan,other,-2.172773481472055
Qwen3-8B-Base,eng_Latn,0.9533333333333334,Latn,Indo-European,12.454382979077453,1.0,,,,Indo-European,Latn,2.7128008038608087
Qwen3-8B-Base,hat_Latn,0.6,Latn,Atlantic-Congo,4.418019405728941,,,,,Atlantic-Congo,Latn,-0.13353139262452288
Qwen3-8B-Base,ilo_Latn,0.5733333333333334,Latn,Austronesian,,,,,,Austronesian,Latn,-0.2773192854162341
Qwen3-8B-Base,kaz_Cyrl,0.73,Cyrl,Turkic,9.447543326977344,2.7857,0.7133333333333334,-0.025925222784280777,0.08200035989284515,Turkic,Cyrl,0.5753641449035619
Qwen3-8B-Base,lit_Latn,0.78,Latn,Balto-Slavic,10.153726802927073,1.9958,0.9,0.011521601118147373,0.167491152882576,Balto-Slavic,Latn,0.879249460193806
Qwen3-8B-Base,mya_Mymr,0.61,Mymr,Sino-Tibetan,8.94576714414124,7.053,0.22666666666666666,-0.1101464331150055,-0.017023807391524315,Sino-Tibetan,other,-0.0800427076735365
Qwen3-8B-Base,pbt_Arab,0.5433333333333333,Arab,Indo-European,8.559915920992061,2.9847,0.48333333333333334,-0.06891082227230072,0.037044551223516464,Indo-European,Arab,-0.44264411134991827
Qwen3-8B-Base,sin_Latn,0.32666666666666666,,,,,,,,other,other,-2.172773481472055
Qwen3-8B-Base,srp_Cyrl,0.86,Cyrl,Balto-Slavic,9.664593347362308,2.2577,0.9433333333333334,0.02519342117011547,0.19115769863128662,Balto-Slavic,Cyrl,1.4718165345580527
Qwen3-8B-Base,tha_Thai,0.8533333333333334,Thai,Tai-Kadai,10.196379987855126,2.5147,0.93,0.026377936825156212,0.16993431746959686,Tai-Kadai,other,1.414307397347565
Qwen3-8B-Base,vie_Latn,0.8166666666666667,Latn,Austroasiatic,10.743353922054286,1.2567,0.96,0.04234727844595909,0.22333358228206635,other,Latn,1.1284652518177907
Qwen3-8B-Base,ars_Arab,0.75,Arab,Afro-Asiatic,,,,,,Afro-Asiatic,Arab,0.6931471805599452
Qwen3-8B-Base,bul_Cyrl,0.8733333333333333,Cyrl,Balto-Slavic,10.360175858097726,2.0365,0.9566666666666667,0.04237264022231102,0.20763380825519562,Balto-Slavic,Cyrl,1.5935224571282003
Qwen3-8B-Base,est_Latn,0.76,Latn,Uralic,9.944761723531126,1.7888,0.8733333333333333,0.0038366992957890034,0.14810150861740112,Uralic,Latn,0.7537718023763803
Qwen3-8B-Base,hau_Latn,0.30666666666666664,Latn,Afro-Asiatic,,1.7729,0.06333333333333334,-0.10566939413547516,-0.032948438078165054,Afro-Asiatic,Latn,-2.5043247356451026
Qwen3-8B-Base,ind_Latn,0.8766666666666667,Latn,Austronesian,10.081454105942349,1.3162,0.9833333333333333,0.07110629230737686,0.24976716935634613,Austronesian,Latn,1.625524050185725
Qwen3-8B-Base,kea_Latn,0.5466666666666666,Latn,Portuguese Creole,,,,,,other,Latn,-0.4240185160039125
Qwen3-8B-Base,lug_Latn,0.32,Latn,Atlantic-Congo,,,,,,Atlantic-Congo,Latn,-2.2735975561207935
Qwen3-8B-Base,nld_Latn,0.84,Latn,Indo-European,10.903264809073452,1.3473,0.9866666666666667,0.07599630951881409,0.25084641575813293,Indo-European,Latn,1.304948721665938
Qwen3-8B-Base,pes_Arab,0.8333333333333334,Arab,Indo-European,10.662263375070816,2.6158,0.9033333333333333,0.01068192534148693,0.14446671307086945,Indo-European,Arab,1.252762968495368
Qwen3-8B-Base,sin_Sinh,0.65,Sinh,Indo-European,8.94462532284678,6.5211,,,,Indo-European,other,0.13353139262452257
Qwen3-8B-Base,ssw_Latn,0.32666666666666666,Latn,Atlantic-Congo,,1.8211,0.07666666666666666,-0.09839721024036407,-0.024632766842842102,Atlantic-Congo,Latn,-2.172773481472055
Qwen3-8B-Base,tir_Ethi,0.33666666666666667,Ethi,Afro-Asiatic,,5.7956,0.04,-0.0970991775393486,-0.03283350542187691,Afro-Asiatic,other,-2.03520828670301
Qwen3-8B-Base,war_Latn,0.7,Latn,Austronesian,,,,,,Austronesian,Latn,0.4054651081081642
Qwen3-8B-Base,ary_Arab,0.6333333333333333,,,,,,,,other,other,0.04445176257083359
Qwen3-8B-Base,cat_Latn,0.8533333333333334,Latn,Indo-European,10.097961053275002,1.4294,0.96,0.053816087543964386,0.24194878339767456,Indo-European,Latn,1.414307397347565
Qwen3-8B-Base,eus_Latn,0.7133333333333334,Latn,isolate,9.101082328203272,1.6796,0.5933333333333334,-0.04078483581542969,0.06868516653776169,other,Latn,0.48012663687718443
Qwen3-8B-Base,heb_Hebr,0.7966666666666666,Hebr,Afro-Asiatic,9.693476506485494,1.8212,0.9166666666666666,0.03481314331293106,0.1889142096042633,Afro-Asiatic,other,0.9889925636508868
Qwen3-8B-Base,isl_Latn,0.6666666666666666,Latn,Indo-European,9.371177412080815,2.027,0.8066666666666666,-0.0017550498014315963,0.12177244573831558,Indo-European,Latn,0.2231435513142094
Qwen3-8B-Base,khk_Cyrl,0.61,Cyrl,Mongolic-Khitan,9.267328434893145,2.8953,0.39,-0.07366181164979935,0.028794199228286743,other,Cyrl,-0.0800427076735365
Qwen3-8B-Base,luo_Latn,0.33,Latn,Nilotic,,,,,,other,Latn,-2.12525107771113
Qwen3-8B-Base,nob_Latn,0.8866666666666667,Latn,Indo-European,10.265445888776227,1.4828,0.9733333333333334,0.058672547340393066,0.2324201464653015,Indo-European,Latn,1.7259129034304688
Qwen3-8B-Base,plt_Latn,0.38,Latn,Austronesian,8.15437957359287,1.752,0.08666666666666667,-0.10295911878347397,-0.024247271940112114,Austronesian,Latn,-1.5621850275835547
Qwen3-8B-Base,slk_Latn,0.8466666666666667,Latn,Balto-Slavic,10.215972316299656,1.9416,0.9633333333333334,0.04641832783818245,0.20029392838478088,Balto-Slavic,Latn,1.35874440935166
Qwen3-8B-Base,sun_Latn,0.7033333333333334,Latn,Austronesian,6.11676045067112,,,,,Austronesian,Latn,0.42401851600391216
Qwen3-8B-Base,tsn_Latn,0.3466666666666667,Latn,Atlantic-Congo,,1.7082,0.07666666666666666,-0.1045956239104271,-0.029853785410523415,Atlantic-Congo,Latn,-1.9108188292440431
Qwen3-8B-Base,wol_Latn,0.2966666666666667,Latn,Atlantic-Congo,,1.8405,0.07,-0.12246339023113251,-0.046608589589595795,Atlantic-Congo,Latn,-2.7128008038608074
OLMo-2-0425-1B,acm_Arab,0.2633333333333333,Arab,Afro-Asiatic,,,,,,Afro-Asiatic,Arab,-4.011868340397864
OLMo-2-0425-1B,arz_Arab,0.26,Arab,Afro-Asiatic,,,,,,Afro-Asiatic,Arab,-4.304065093204169
OLMo-2-0425-1B,ceb_Latn,0.27666666666666667,Latn,Austronesian,,,,,,Austronesian,Latn,-3.3004558118606235
OLMo-2-0425-1B,fin_Latn,0.25333333333333335,Latn,Uralic,10.461273505456898,1.7611,0.19333333333333333,-0.04078289493918419,0.030483700335025787,Uralic,Latn,-4.304065093204169
OLMo-2-0425-1B,hin_Deva,0.24,Deva,Indo-European,10.225085947081105,4.461,0.06,-0.10506045818328857,-0.029791247099637985,Indo-European,Deva,-4.304065093204169
OLMo-2-0425-1B,ita_Latn,0.28,Latn,Indo-European,11.218657350111846,1.3157,0.7466666666666667,0.012060781009495258,0.10025354474782944,Indo-European,Latn,-3.178053830347945
OLMo-2-0425-1B,khm_Khmr,0.27,Khmr,Austroasiatic,8.873125289337338,7.0834,0.01,-0.0968485102057457,-0.043950989842414856,other,other,-3.5973122605884447
OLMo-2-0425-1B,lvs_Latn,0.26666666666666666,Latn,Balto-Slavic,9.894602930159628,2.2351,0.02666666666666667,-0.10183785855770111,-0.024860143661499023,Balto-Slavic,Latn,-3.7841896339182615
OLMo-2-0425-1B,npi_Deva,0.22333333333333333,Deva,Indo-European,9.314204818644845,4.5657,0.03,-0.10825268179178238,-0.03895089030265808,Indo-European,Deva,-4.304065093204169
OLMo-2-0425-1B,pol_Latn,0.28,Latn,Balto-Slavic,11.069183544489329,1.8515,0.05333333333333334,-0.08402238041162491,0.0022758501581847668,Balto-Slavic,Latn,-3.178053830347945
OLMo-2-0425-1B,slv_Latn,0.2733333333333333,Latn,Balto-Slavic,9.903501694149961,1.803,0.11,-0.08999624103307724,-0.006485849153250456,Balto-Slavic,Latn,-3.4385849137337767
OLMo-2-0425-1B,swe_Latn,0.2833333333333333,Latn,Indo-European,10.585304823582218,1.5056,0.3466666666666667,-0.04407878592610359,0.059433434158563614,Indo-European,Latn,-3.0680529351336174
OLMo-2-0425-1B,tso_Latn,0.2633333333333333,Latn,Afro-Asiatic,,,,,,Afro-Asiatic,Latn,-4.011868340397864
OLMo-2-0425-1B,xho_Latn,0.28,Latn,Atlantic-Congo,,1.8546,0.05,-0.10136803984642029,-0.029193159192800522,Atlantic-Congo,Latn,-3.178053830347945
OLMo-2-0425-1B,afr_Latn,0.25666666666666665,Latn,Indo-European,9.04883387717687,1.503,0.26,-0.037356939166784286,0.048864319920539856,Indo-European,Latn,-4.304065093204169
OLMo-2-0425-1B,asm_Beng,0.24666666666666667,Beng,Indo-European,7.923181284977745,,,,,Indo-European,other,-4.304065093204169
OLMo-2-0425-1B,ces_Latn,0.2633333333333333,Latn,Balto-Slavic,10.755192300065602,2.0947,0.07666666666666666,-0.09144256263971329,0.000520222180057317,Balto-Slavic,Latn,-4.011868340397864
OLMo-2-0425-1B,fra_Latn,0.27666666666666667,Latn,Indo-European,11.504243358607456,1.3148,0.87,-0.002582724904641509,0.09417235851287842,Indo-European,Latn,-3.3004558118606235
OLMo-2-0425-1B,hin_Latn,0.24666666666666667,,,,,,,,other,other,-4.304065093204169
OLMo-2-0425-1B,jav_Latn,0.27666666666666667,Latn,Austronesian,,,,,,Austronesian,Latn,-3.3004558118606235
OLMo-2-0425-1B,kin_Latn,0.28,Latn,Atlantic-Congo,,1.8158,0.043333333333333335,-0.11331989616155624,-0.035328421741724014,Atlantic-Congo,Latn,-3.178053830347945
OLMo-2-0425-1B,mal_Mlym,0.2633333333333333,Mlym,Dravidian,9.322334431411548,7.615,0.0,-0.10965985804796219,-0.05553175508975983,Dravidian,other,-4.011868340397864
OLMo-2-0425-1B,npi_Latn,0.24333333333333335,,,,,,,,other,other,-4.304065093204169
OLMo-2-0425-1B,por_Latn,0.2833333333333333,Latn,Indo-European,11.136535917638877,1.3109,0.8633333333333333,0.014394341967999935,0.1084979996085167,Indo-European,Latn,-3.0680529351336174
OLMo-2-0425-1B,sna_Latn,0.26666666666666666,Latn,Atlantic-Congo,,,,,,Atlantic-Congo,Latn,-3.7841896339182615
OLMo-2-0425-1B,swh_Latn,0.27666666666666667,Latn,Atlantic-Congo,7.487255902011655,1.7574,0.056666666666666664,-0.09393688291311264,-0.015576472505927086,Atlantic-Congo,Latn,-3.3004558118606235
OLMo-2-0425-1B,tur_Latn,0.25333333333333335,Latn,Turkic,10.808162253319553,1.7281,0.07333333333333333,-0.08405037969350815,-0.010162139311432838,Turkic,Latn,-4.304065093204169
OLMo-2-0425-1B,yor_Latn,0.24666666666666667,Latn,Atlantic-Congo,4.632892380992985,3.0247,0.013333333333333334,-0.08075033873319626,-0.036625735461711884,Atlantic-Congo,Latn,-4.304065093204169
OLMo-2-0425-1B,als_Latn,0.25333333333333335,Latn,Indo-European,9.562161153905935,1.8829,0.056666666666666664,-0.10620535165071487,-0.010598748922348022,Indo-European,Latn,-4.304065093204169
OLMo-2-0425-1B,azj_Latn,0.24333333333333335,Latn,Turkic,9.545721659518483,2.2624,0.016666666666666666,-0.10372653603553772,-0.0347779281437397,Turkic,Latn,-4.304065093204169
OLMo-2-0425-1B,ckb_Arab,0.22333333333333333,Arab,Indo-European,8.481429599472412,,,,,Indo-European,Arab,-4.304065093204169
OLMo-2-0425-1B,fuv_Latn,0.2733333333333333,Latn,Atlantic-Congo,,,,,,Atlantic-Congo,Latn,-3.4385849137337767
OLMo-2-0425-1B,hrv_Latn,0.29,Latn,Balto-Slavic,7.610626216540094,1.7596,0.09333333333333334,-0.08664588630199432,-0.003478609025478363,Balto-Slavic,Latn,-2.876385515921425
OLMo-2-0425-1B,jpn_Jpan,0.24666666666666667,Jpan,Japonic,11.032916144087627,4.7947,0.23333333333333334,-0.059260956943035126,0.0033249235711991787,other,other,-4.304065093204169
OLMo-2-0425-1B,kir_Cyrl,0.23333333333333334,Cyrl,Turkic,8.70022124395045,3.2266,0.016666666666666666,-0.11254911124706268,-0.04767981171607971,Turkic,Cyrl,-4.304065093204169
OLMo-2-0425-1B,mar_Deva,0.22333333333333333,Deva,Indo-European,9.291197362643686,4.7653,0.023333333333333334,-0.09875212609767914,-0.03592550754547119,Indo-European,Deva,-4.304065093204169
OLMo-2-0425-1B,nso_Latn,0.29333333333333333,Latn,Atlantic-Congo,,1.7333,0.05333333333333334,-0.1100802794098854,-0.02612118236720562,Atlantic-Congo,Latn,-2.7916369172104756
OLMo-2-0425-1B,snd_Arab,0.23666666666666666,Arab,Indo-European,8.168753912613957,,,,,Indo-European,Arab,-4.304065093204169
OLMo-2-0425-1B,tam_Taml,0.29,Taml,Dravidian,9.641283555217916,6.1222,0.02,-0.0981021299958229,-0.04823479428887367,Dravidian,other,-2.876385515921425
OLMo-2-0425-1B,ukr_Cyrl,0.2733333333333333,Cyrl,Balto-Slavic,10.582360317494818,2.7664,0.05,-0.06207176297903061,0.005233347415924072,Balto-Slavic,Cyrl,-3.4385849137337767
OLMo-2-0425-1B,zho_Hans,0.2966666666666667,Hans,Sino-Tibetan,11.356131798505956,4.8381,0.3933333333333333,-0.018006501719355583,0.04943781718611717,Sino-Tibetan,other,-2.7128008038608074
OLMo-2-0425-1B,amh_Ethi,0.2733333333333333,Ethi,Afro-Asiatic,8.5541337799261,11.1132,0.01,-0.10885105282068253,-0.06501533836126328,Afro-Asiatic,other,-3.4385849137337767
OLMo-2-0425-1B,bam_Latn,0.2733333333333333,Latn,Mande,,,,,,other,Latn,-3.4385849137337767
OLMo-2-0425-1B,dan_Latn,0.24666666666666667,Latn,Indo-European,10.360245901721395,1.4974,0.43,-0.027530988678336143,0.063559889793396,Indo-European,Latn,-4.304065093204169
OLMo-2-0425-1B,gaz_Latn,0.28,Latn,Afro-Asiatic,,1.8327,0.03,-0.12825721502304077,-0.046048957854509354,Afro-Asiatic,Latn,-3.178053830347945
OLMo-2-0425-1B,hun_Latn,0.26666666666666666,Latn,Uralic,10.637669631397417,1.9194,0.03666666666666667,-0.1013810783624649,-0.019813362509012222,Uralic,Latn,-3.7841896339182615
OLMo-2-0425-1B,kac_Latn,0.2633333333333333,Latn,Sino-Tibetan,,,,,,Sino-Tibetan,Latn,-4.011868340397864
OLMo-2-0425-1B,kor_Hang,0.2866666666666667,Hang,Koreanic,10.39384619552899,4.6943,0.06666666666666667,-0.07981856167316437,-0.011051569133996964,other,other,-2.9680807422234805
OLMo-2-0425-1B,mkd_Cyrl,0.2866666666666667,Cyrl,Balto-Slavic,9.301746425904852,2.5146,0.05,-0.07185110449790955,0.0016271552303805947,Balto-Slavic,Cyrl,-2.9680807422234805
OLMo-2-0425-1B,nya_Latn,0.2866666666666667,Latn,Afro-Asiatic,,1.7784,0.05,-0.10642295330762863,-0.024908069521188736,Afro-Asiatic,Latn,-2.9680807422234805
OLMo-2-0425-1B,ron_Latn,0.30333333333333334,Latn,Indo-European,10.598220789235436,1.6005,0.5133333333333333,-0.019941557198762894,0.06463877111673355,Indo-European,Latn,-2.56974552972503
OLMo-2-0425-1B,som_Latn,0.29333333333333333,Latn,Afro-Asiatic,3.781970673912552,1.7769,0.056666666666666664,-0.08685576915740967,-0.01929933950304985,Afro-Asiatic,Latn,-2.7916369172104756
OLMo-2-0425-1B,tel_Telu,0.2833333333333333,Telu,Dravidian,9.195061276656201,7.9996,0.006666666666666667,-0.10228554904460907,-0.04908522590994835,Dravidian,other,-3.0680529351336174
OLMo-2-0425-1B,urd_Arab,0.31,Arab,Indo-European,9.431854501264098,4.2191,0.013333333333333334,-0.08573760837316513,-0.0387413389980793,Indo-European,Arab,-2.4423470353692043
OLMo-2-0425-1B,zho_Hant,0.26,Hant,Sino-Tibetan,11.356131798505956,4.8381,,,,Sino-Tibetan,other,-4.304065093204169
OLMo-2-0425-1B,apc_Arab,0.2633333333333333,Arab,Afro-Asiatic,,,,,,Afro-Asiatic,Arab,-4.011868340397864
OLMo-2-0425-1B,ben_Beng,0.27666666666666667,Beng,Indo-European,9.981044874347496,5.6039,0.013333333333333334,-0.09345819056034088,-0.03859392926096916,Indo-European,other,-3.3004558118606235
OLMo-2-0425-1B,deu_Latn,0.26666666666666666,Latn,Indo-European,11.552705133249123,1.318,0.74,0.0021078402642160654,0.08355493098497391,Indo-European,Latn,-3.7841896339182615
OLMo-2-0425-1B,grn_Latn,0.2833333333333333,Latn,Tupian,4.10407720615511,,,,,other,Latn,-3.0680529351336174
OLMo-2-0425-1B,hye_Armn,0.23666666666666666,Armn,Indo-European,9.379338026785135,8.4067,0.0033333333333333335,-0.08596400916576385,-0.04762531444430351,Indo-European,other,-4.304065093204169
OLMo-2-0425-1B,kan_Knda,0.26,Knda,Dravidian,9.094221311622814,8.0789,0.01,-0.10968469083309174,-0.05223856121301651,Dravidian,other,-4.304065093204169
OLMo-2-0425-1B,lao_Laoo,0.22666666666666666,Laoo,Tai-Kadai,8.225972821174405,8.8648,0.006666666666666667,-0.10126733034849167,-0.05478176102042198,Tai-Kadai,other,-4.304065093204169
OLMo-2-0425-1B,mlt_Latn,0.26,Latn,Afro-Asiatic,,2.0819,0.05333333333333334,-0.10141174495220184,-0.014182545244693756,Afro-Asiatic,Latn,-4.304065093204169
OLMo-2-0425-1B,ory_Orya,0.27666666666666667,Orya,Indo-European,8.00140143263562,,,,,Indo-European,other,-3.3004558118606235
OLMo-2-0425-1B,rus_Cyrl,0.30666666666666664,Cyrl,Balto-Slavic,11.867586387163913,2.2871,0.36666666666666664,-0.03442291170358658,0.035428982228040695,Balto-Slavic,Cyrl,-2.5043247356451026
OLMo-2-0425-1B,sot_Latn,0.27,Latn,Atlantic-Congo,,,,,,Atlantic-Congo,Latn,-3.5973122605884447
OLMo-2-0425-1B,tgk_Cyrl,0.2733333333333333,Cyrl,Indo-European,,,,,,Indo-European,Cyrl,-3.4385849137337767
OLMo-2-0425-1B,urd_Latn,0.23666666666666666,,,,,,,,other,other,-4.304065093204169
OLMo-2-0425-1B,zsm_Latn,0.2966666666666667,Latn,Austronesian,7.287263587861631,1.3733,0.5533333333333333,-0.0019023458007723093,0.07278405129909515,Austronesian,Latn,-2.7128008038608074
OLMo-2-0425-1B,arb_Arab,0.25,Arab,Afro-Asiatic,10.841073612355865,3.274,0.12666666666666668,-0.07074402272701263,-0.005410997197031975,Afro-Asiatic,Arab,-4.304065093204169
OLMo-2-0425-1B,ben_Latn,0.24666666666666667,,,,,,,,other,other,-4.304065093204169
OLMo-2-0425-1B,ell_Grek,0.2966666666666667,Grek,Indo-European,10.634956550916772,4.0309,0.03,-0.08117412775754929,-0.017413053661584854,Indo-European,other,-2.7128008038608074
OLMo-2-0425-1B,guj_Gujr,0.22666666666666666,Gujr,Indo-European,9.053743034427566,7.7429,0.013333333333333334,-0.10848421603441238,-0.05026399716734886,Indo-European,other,-4.304065093204169
OLMo-2-0425-1B,ibo_Latn,0.25,Latn,Atlantic-Congo,,2.2544,0.05,-0.07928276062011719,-0.015045080333948135,Atlantic-Congo,Latn,-4.304065093204169
OLMo-2-0425-1B,kat_Geor,0.24333333333333335,Geor,kartvelian,9.417907523376437,8.3474,0.01,-0.09620897471904755,-0.060056328773498535,other,other,-4.304065093204169
OLMo-2-0425-1B,lin_Latn,0.27,Latn,Atlantic-Congo,,,,,,Atlantic-Congo,Latn,-3.5973122605884447
OLMo-2-0425-1B,mri_Latn,0.25,Latn,Austronesian,,2.0217,0.02666666666666667,-0.08506274223327637,-0.021344158798456192,Austronesian,Latn,-4.304065093204169
OLMo-2-0425-1B,pan_Guru,0.25333333333333335,Guru,Indo-European,8.861860543889303,7.3922,0.01,-0.10429980605840683,-0.0490846149623394,Indo-European,other,-4.304065093204169
OLMo-2-0425-1B,shn_Mymr,0.24666666666666667,Mymr,Tai-Kadai,,,,,,Tai-Kadai,other,-4.304065093204169
OLMo-2-0425-1B,spa_Latn,0.2966666666666667,Latn,Indo-European,11.572692346038526,1.2507,0.92,0.01988321542739868,0.1209525540471077,Indo-European,Latn,-2.7128008038608074
OLMo-2-0425-1B,tgl_Latn,0.2733333333333333,Latn,Austronesian,8.383970492667663,,,,,Austronesian,Latn,-3.4385849137337767
OLMo-2-0425-1B,uzn_Latn,0.2733333333333333,Latn,Turkic,7.876511046298704,1.8888,0.02,-0.11723706126213074,-0.04343146085739136,Turkic,Latn,-3.4385849137337767
OLMo-2-0425-1B,zul_Latn,0.2633333333333333,Latn,Atlantic-Congo,,1.8171,0.04,-0.12113110721111298,-0.039121080189943314,Atlantic-Congo,Latn,-4.011868340397864
OLMo-2-0425-1B,arb_Latn,0.25,Latn,Afro-Asiatic,10.841073612355865,3.274,,,,Afro-Asiatic,Latn,-4.304065093204169
OLMo-2-0425-1B,bod_Tibt,0.23,Tibt,Sino-Tibetan,,9.324,0.0033333333333333335,-0.09175935387611389,-0.057117193937301636,Sino-Tibetan,other,-4.304065093204169
OLMo-2-0425-1B,eng_Latn,0.39,Latn,Indo-European,12.454382979077453,1.0,,,,Indo-European,Latn,-1.4718165345580525
OLMo-2-0425-1B,hat_Latn,0.2733333333333333,Latn,Atlantic-Congo,4.418019405728941,,,,,Atlantic-Congo,Latn,-3.4385849137337767
OLMo-2-0425-1B,ilo_Latn,0.27666666666666667,Latn,Austronesian,,,,,,Austronesian,Latn,-3.3004558118606235
OLMo-2-0425-1B,kaz_Cyrl,0.25333333333333335,Cyrl,Turkic,9.447543326977344,3.4673,0.006666666666666667,-0.10291523486375809,-0.04851605370640755,Turkic,Cyrl,-4.304065093204169
OLMo-2-0425-1B,lit_Latn,0.2733333333333333,Latn,Balto-Slavic,10.153726802927073,2.157,0.04666666666666667,-0.1137094646692276,-0.03042580932378769,Balto-Slavic,Latn,-3.4385849137337767
OLMo-2-0425-1B,mya_Mymr,0.23,Mymr,Sino-Tibetan,8.94576714414124,9.2193,0.0033333333333333335,-0.0798148363828659,-0.04707970470190048,Sino-Tibetan,other,-4.304065093204169
OLMo-2-0425-1B,pbt_Arab,0.22333333333333333,Arab,Indo-European,8.559915920992061,3.9141,0.013333333333333334,-0.131637305021286,-0.06501848995685577,Indo-European,Arab,-4.304065093204169
OLMo-2-0425-1B,sin_Latn,0.25333333333333335,,,,,,,,other,other,-4.304065093204169
OLMo-2-0425-1B,srp_Cyrl,0.27666666666666667,Cyrl,Balto-Slavic,9.664593347362308,2.743,0.03666666666666667,-0.08726947754621506,-0.013884353451430798,Balto-Slavic,Cyrl,-3.3004558118606235
OLMo-2-0425-1B,tha_Thai,0.26666666666666666,Thai,Tai-Kadai,10.196379987855126,4.0847,0.03333333333333333,-0.06300508230924606,-0.009679997339844704,Tai-Kadai,other,-3.7841896339182615
OLMo-2-0425-1B,vie_Latn,0.27,Latn,Austroasiatic,10.743353922054286,2.1646,0.08666666666666667,-0.0703086331486702,0.011547085829079151,other,Latn,-3.5973122605884447
OLMo-2-0425-1B,ars_Arab,0.2733333333333333,Arab,Afro-Asiatic,,,,,,Afro-Asiatic,Arab,-3.4385849137337767
OLMo-2-0425-1B,bul_Cyrl,0.2866666666666667,Cyrl,Balto-Slavic,10.360175858097726,2.3968,0.05,-0.058126434683799744,0.01695421151816845,Balto-Slavic,Cyrl,-2.9680807422234805
OLMo-2-0425-1B,est_Latn,0.2633333333333333,Latn,Uralic,9.944761723531126,1.8058,0.06333333333333334,-0.10546481609344482,-0.015973085537552834,Uralic,Latn,-4.011868340397864
OLMo-2-0425-1B,hau_Latn,0.2833333333333333,Latn,Afro-Asiatic,,1.8391,0.03,-0.09796621650457382,-0.024977775290608406,Afro-Asiatic,Latn,-3.0680529351336174
OLMo-2-0425-1B,ind_Latn,0.2966666666666667,Latn,Austronesian,10.081454105942349,1.3219,0.61,0.0016260907286778092,0.07468614727258682,Austronesian,Latn,-2.7128008038608074
OLMo-2-0425-1B,kea_Latn,0.2866666666666667,Latn,Portuguese Creole,,,,,,other,Latn,-2.9680807422234805
OLMo-2-0425-1B,lug_Latn,0.27,Latn,Atlantic-Congo,,,,,,Atlantic-Congo,Latn,-3.5973122605884447
OLMo-2-0425-1B,nld_Latn,0.27,Latn,Indo-European,10.903264809073452,1.3539,0.48,-0.02568701282143593,0.07056872546672821,Indo-European,Latn,-3.5973122605884447
OLMo-2-0425-1B,pes_Arab,0.24,Arab,Indo-European,10.662263375070816,3.2702,0.10333333333333333,-0.06280485540628433,-0.004080385901033878,Indo-European,Arab,-4.304065093204169
OLMo-2-0425-1B,sin_Sinh,0.22333333333333333,Sinh,Indo-European,8.94462532284678,8.1866,,,,Indo-European,other,-4.304065093204169
OLMo-2-0425-1B,ssw_Latn,0.26666666666666666,Latn,Atlantic-Congo,,1.8344,0.04666666666666667,-0.11303221434354782,-0.03745678439736366,Atlantic-Congo,Latn,-3.7841896339182615
OLMo-2-0425-1B,tir_Ethi,0.29333333333333333,Ethi,Afro-Asiatic,,10.556,0.01,-0.09193561226129532,-0.052861202508211136,Afro-Asiatic,other,-2.7916369172104756
OLMo-2-0425-1B,war_Latn,0.29,Latn,Austronesian,,,,,,Austronesian,Latn,-2.876385515921425
OLMo-2-0425-1B,ary_Arab,0.25666666666666665,,,,,,,,other,other,-4.304065093204169
OLMo-2-0425-1B,cat_Latn,0.26666666666666666,Latn,Indo-European,10.097961053275002,1.4437,0.62,-0.0219756830483675,0.0637388750910759,Indo-European,Latn,-3.7841896339182615
OLMo-2-0425-1B,eus_Latn,0.24666666666666667,Latn,isolate,9.101082328203272,1.6898,0.07666666666666666,-0.10548904538154602,-0.02781340293586254,other,Latn,-4.304065093204169
OLMo-2-0425-1B,heb_Hebr,0.2833333333333333,Hebr,Afro-Asiatic,9.693476506485494,4.3273,0.02666666666666667,-0.07171106338500977,-0.008548700250685215,Afro-Asiatic,other,-3.0680529351336174
OLMo-2-0425-1B,isl_Latn,0.2966666666666667,Latn,Indo-European,9.371177412080815,2.054,0.07,-0.0965856984257698,-0.010678569786250591,Indo-European,Latn,-2.7128008038608074
OLMo-2-0425-1B,khk_Cyrl,0.21,Cyrl,Mongolic-Khitan,9.267328434893145,3.5425,0.016666666666666666,-0.11952424049377441,-0.061984531581401825,other,Cyrl,-4.304065093204169
OLMo-2-0425-1B,luo_Latn,0.27,Latn,Nilotic,,,,,,other,Latn,-3.5973122605884447
OLMo-2-0425-1B,nob_Latn,0.2966666666666667,Latn,Indo-European,10.265445888776227,1.4896,0.35,-0.04769318923354149,0.05020046606659889,Indo-European,Latn,-2.7128008038608074
OLMo-2-0425-1B,plt_Latn,0.23666666666666666,Latn,Austronesian,8.15437957359287,1.7663,0.043333333333333335,-0.10454972088336945,-0.03647124767303467,Austronesian,Latn,-4.304065093204169
OLMo-2-0425-1B,slk_Latn,0.29,Latn,Balto-Slavic,10.215972316299656,1.9858,0.06,-0.09621184319257736,-0.002394407521933317,Balto-Slavic,Latn,-2.876385515921425
OLMo-2-0425-1B,sun_Latn,0.23,Latn,Austronesian,6.11676045067112,,,,,Austronesian,Latn,-4.304065093204169
OLMo-2-0425-1B,tsn_Latn,0.26666666666666666,Latn,Atlantic-Congo,,1.7207,0.04,-0.09939265251159668,-0.026474375277757645,Atlantic-Congo,Latn,-3.7841896339182615
OLMo-2-0425-1B,wol_Latn,0.2633333333333333,Latn,Atlantic-Congo,,1.8578,0.03666666666666667,-0.1303422600030899,-0.042594630271196365,Atlantic-Congo,Latn,-4.011868340397864
OLMo-2-1124-7B,acm_Arab,0.2733333333333333,Arab,Afro-Asiatic,,,,,,Afro-Asiatic,Arab,-3.4385849137337767
OLMo-2-1124-7B,arz_Arab,0.30666666666666664,Arab,Afro-Asiatic,,,,,,Afro-Asiatic,Arab,-2.5043247356451026
OLMo-2-1124-7B,ceb_Latn,0.3233333333333333,Latn,Austronesian,,,,,,Austronesian,Latn,-2.222163525683472
OLMo-2-1124-7B,fin_Latn,0.33666666666666667,Latn,Uralic,10.461273505456898,1.7611,0.7466666666666667,-0.014415428973734379,0.08610338717699051,Uralic,Latn,-2.03520828670301
OLMo-2-1124-7B,hin_Deva,0.30666666666666664,Deva,Indo-European,10.225085947081105,4.461,0.6333333333333333,-0.019025083631277084,0.03612923249602318,Indo-European,Deva,-2.5043247356451026
OLMo-2-1124-7B,ita_Latn,0.43666666666666665,Latn,Indo-European,11.218657350111846,1.3157,0.93,0.04013264924287796,0.17618539929389954,Indo-European,Latn,-1.1045470241879245
OLMo-2-1124-7B,khm_Khmr,0.2966666666666667,Khmr,Austroasiatic,8.873125289337338,7.0834,0.12333333333333334,-0.04358508065342903,-0.004873345606029034,other,other,-2.7128008038608074
OLMo-2-1124-7B,lvs_Latn,0.31,Latn,Balto-Slavic,9.894602930159628,2.2351,0.22666666666666666,-0.06660932302474976,0.014966864138841629,Balto-Slavic,Latn,-2.4423470353692043
OLMo-2-1124-7B,npi_Deva,0.32666666666666666,Deva,Indo-European,9.314204818644845,4.5657,0.21333333333333335,-0.04039694368839264,0.01676434837281704,Indo-European,Deva,-2.172773481472055
OLMo-2-1124-7B,pol_Latn,0.31333333333333335,Latn,Balto-Slavic,11.069183544489329,1.8515,0.6533333333333333,-0.007162595633417368,0.07657858729362488,Balto-Slavic,Latn,-2.38343718962314
OLMo-2-1124-7B,slv_Latn,0.35,Latn,Balto-Slavic,9.903501694149961,1.803,0.56,-0.04017416387796402,0.05923740565776825,Balto-Slavic,Latn,-1.8718021769015918
OLMo-2-1124-7B,swe_Latn,0.38666666666666666,Latn,Indo-European,10.585304823582218,1.5056,0.8366666666666667,0.012850461527705193,0.13958489894866943,Indo-European,Latn,-1.501363690904678
OLMo-2-1124-7B,tso_Latn,0.26,Latn,Afro-Asiatic,,,,,,Afro-Asiatic,Latn,-4.304065093204169
OLMo-2-1124-7B,xho_Latn,0.26666666666666666,Latn,Atlantic-Congo,,1.8546,0.08,-0.07992910593748093,-0.012470008805394173,Atlantic-Congo,Latn,-3.7841896339182615
OLMo-2-1124-7B,afr_Latn,0.42333333333333334,Latn,Indo-European,9.04883387717687,1.503,0.77,-0.006309534423053265,0.11821340024471283,Indo-European,Latn,-1.2020478759163515
OLMo-2-1124-7B,asm_Beng,0.3466666666666667,Beng,Indo-European,7.923181284977745,,,,,Indo-European,other,-1.9108188292440431
OLMo-2-1124-7B,ces_Latn,0.33666666666666667,Latn,Balto-Slavic,10.755192300065602,2.0947,0.7,-0.012573322281241417,0.07954064011573792,Balto-Slavic,Latn,-2.03520828670301
OLMo-2-1124-7B,fra_Latn,0.5133333333333333,Latn,Indo-European,11.504243358607456,1.3148,0.9066666666666666,-0.0025322427973151207,0.1467912346124649,Indo-European,Latn,-0.6141587692413149
OLMo-2-1124-7B,hin_Latn,0.2833333333333333,,,,,,,,other,other,-3.0680529351336174
OLMo-2-1124-7B,jav_Latn,0.28,Latn,Austronesian,,,,,,Austronesian,Latn,-3.178053830347945
OLMo-2-1124-7B,kin_Latn,0.26,Latn,Atlantic-Congo,,1.8158,0.05,-0.07940296828746796,-0.017596136778593063,Atlantic-Congo,Latn,-4.304065093204169
OLMo-2-1124-7B,mal_Mlym,0.27666666666666667,Mlym,Dravidian,9.322334431411548,7.615,0.09333333333333334,-0.059642765671014786,-0.016873780637979507,Dravidian,other,-3.3004558118606235
OLMo-2-1124-7B,npi_Latn,0.2866666666666667,,,,,,,,other,other,-2.9680807422234805
OLMo-2-1124-7B,por_Latn,0.5066666666666667,Latn,Indo-European,11.136535917638877,1.3109,0.9333333333333333,0.04753978177905083,0.18293718993663788,Indo-European,Latn,-0.6534068519104311
OLMo-2-1124-7B,sna_Latn,0.25,Latn,Atlantic-Congo,,,,,,Atlantic-Congo,Latn,-4.304065093204169
OLMo-2-1124-7B,swh_Latn,0.29333333333333333,Latn,Atlantic-Congo,7.487255902011655,1.7574,0.30333333333333334,-0.05272548273205757,0.03064887970685959,Atlantic-Congo,Latn,-2.7916369172104756
OLMo-2-1124-7B,tur_Latn,0.3433333333333333,Latn,Turkic,10.808162253319553,1.7281,0.4533333333333333,-0.03941661864519119,0.042020734399557114,Turkic,Latn,-1.9509992185627847
OLMo-2-1124-7B,yor_Latn,0.23,Latn,Atlantic-Congo,4.632892380992985,3.0247,0.016666666666666666,-0.07164715975522995,-0.031695231795310974,Atlantic-Congo,Latn,-4.304065093204169
OLMo-2-1124-7B,als_Latn,0.2833333333333333,Latn,Indo-European,9.562161153905935,1.8829,0.31333333333333335,-0.07991877943277359,0.029693424701690674,Indo-European,Latn,-3.0680529351336174
OLMo-2-1124-7B,azj_Latn,0.24666666666666667,Latn,Turkic,9.545721659518483,2.2624,0.09666666666666666,-0.08274247497320175,-0.011788836680352688,Turkic,Latn,-4.304065093204169
OLMo-2-1124-7B,ckb_Arab,0.26666666666666666,Arab,Indo-European,8.481429599472412,,,,,Indo-European,Arab,-3.7841896339182615
OLMo-2-1124-7B,fuv_Latn,0.24333333333333335,Latn,Atlantic-Congo,,,,,,Atlantic-Congo,Latn,-4.304065093204169
OLMo-2-1124-7B,hrv_Latn,0.33666666666666667,Latn,Balto-Slavic,7.610626216540094,1.7596,0.68,-0.021242789924144745,0.0787530168890953,Balto-Slavic,Latn,-2.03520828670301
OLMo-2-1124-7B,jpn_Jpan,0.37333333333333335,Jpan,Japonic,11.032916144087627,4.7947,0.73,-0.016475114971399307,0.05547958239912987,other,other,-1.6255240501857244
OLMo-2-1124-7B,kir_Cyrl,0.33,Cyrl,Turkic,8.70022124395045,3.2266,0.02666666666666667,-0.08918394893407822,-0.03139427304267883,Turkic,Cyrl,-2.12525107771113
OLMo-2-1124-7B,mar_Deva,0.38666666666666666,Deva,Indo-European,9.291197362643686,4.7653,0.32,-0.035990022122859955,0.017364393919706345,Indo-European,Deva,-1.501363690904678
OLMo-2-1124-7B,nso_Latn,0.26666666666666666,Latn,Atlantic-Congo,,1.7333,0.06333333333333334,-0.10849867761135101,-0.019797565415501595,Atlantic-Congo,Latn,-3.7841896339182615
OLMo-2-1124-7B,snd_Arab,0.22,Arab,Indo-European,8.168753912613957,,,,,Indo-European,Arab,-4.304065093204169
OLMo-2-1124-7B,tam_Taml,0.25666666666666665,Taml,Dravidian,9.641283555217916,6.1222,0.09333333333333334,-0.055620841681957245,-0.01242439728230238,Dravidian,other,-4.304065093204169
OLMo-2-1124-7B,ukr_Cyrl,0.2966666666666667,Cyrl,Balto-Slavic,10.582360317494818,2.7664,0.6666666666666666,-0.012107155285775661,0.07080977410078049,Balto-Slavic,Cyrl,-2.7128008038608074
OLMo-2-1124-7B,zho_Hans,0.5733333333333334,Hans,Sino-Tibetan,11.356131798505956,4.8381,0.8566666666666667,0.009966868907213211,0.09906961768865585,Sino-Tibetan,other,-0.2773192854162341
OLMo-2-1124-7B,amh_Ethi,0.26,Ethi,Afro-Asiatic,8.5541337799261,11.1132,0.016666666666666666,-0.06798182427883148,-0.03393391892313957,Afro-Asiatic,other,-4.304065093204169
OLMo-2-1124-7B,bam_Latn,0.25666666666666665,Latn,Mande,,,,,,other,Latn,-4.304065093204169
OLMo-2-1124-7B,dan_Latn,0.4,Latn,Indo-European,10.360245901721395,1.4974,0.85,0.004649622365832329,0.13384078443050385,Indo-European,Latn,-1.3862943611198904
OLMo-2-1124-7B,gaz_Latn,0.23,Latn,Afro-Asiatic,,1.8327,0.05333333333333334,-0.11664421111345291,-0.04225623980164528,Afro-Asiatic,Latn,-4.304065093204169
OLMo-2-1124-7B,hun_Latn,0.34,Latn,Uralic,10.637669631397417,1.9194,0.31333333333333335,-0.051807157695293427,0.030258020386099815,Uralic,Latn,-1.9924301646902058
OLMo-2-1124-7B,kac_Latn,0.25,Latn,Sino-Tibetan,,,,,,Sino-Tibetan,Latn,-4.304065093204169
OLMo-2-1124-7B,kor_Hang,0.3433333333333333,Hang,Koreanic,10.39384619552899,4.6943,0.59,-0.025489360094070435,0.041728366166353226,other,other,-1.9509992185627847
OLMo-2-1124-7B,mkd_Cyrl,0.32666666666666666,Cyrl,Balto-Slavic,9.301746425904852,2.5146,0.5666666666666667,-0.03402721509337425,0.05655887722969055,Balto-Slavic,Cyrl,-2.172773481472055
OLMo-2-1124-7B,nya_Latn,0.25333333333333335,Latn,Afro-Asiatic,,1.7784,0.08333333333333333,-0.09165764600038528,-0.008355258032679558,Afro-Asiatic,Latn,-4.304065093204169
OLMo-2-1124-7B,ron_Latn,0.38666666666666666,Latn,Indo-European,10.598220789235436,1.6005,0.8833333333333333,0.00538775185123086,0.1269325166940689,Indo-European,Latn,-1.501363690904678
OLMo-2-1124-7B,som_Latn,0.2733333333333333,Latn,Afro-Asiatic,3.781970673912552,1.7769,0.11,-0.08592435717582703,-0.007307971362024546,Afro-Asiatic,Latn,-3.4385849137337767
OLMo-2-1124-7B,tel_Telu,0.24333333333333335,Telu,Dravidian,9.195061276656201,7.9996,0.07666666666666666,-0.045675717294216156,-0.010024880059063435,Dravidian,other,-4.304065093204169
OLMo-2-1124-7B,urd_Arab,0.34,Arab,Indo-European,9.431854501264098,4.2191,0.34,-0.03912317752838135,0.016379153355956078,Indo-European,Arab,-1.9924301646902058
OLMo-2-1124-7B,zho_Hant,0.48,Hant,Sino-Tibetan,11.356131798505956,4.8381,,,,Sino-Tibetan,other,-0.8157495026522779
OLMo-2-1124-7B,apc_Arab,0.33,Arab,Afro-Asiatic,,,,,,Afro-Asiatic,Arab,-2.12525107771113
OLMo-2-1124-7B,ben_Beng,0.3333333333333333,Beng,Indo-European,9.981044874347496,5.6039,0.4,-0.029895411804318428,0.014155182987451553,Indo-European,other,-2.079441541679836
OLMo-2-1124-7B,deu_Latn,0.5,Latn,Indo-European,11.552705133249123,1.318,0.9333333333333333,0.035060953348875046,0.16035424172878265,Indo-European,Latn,-0.6931471805599454
OLMo-2-1124-7B,grn_Latn,0.29333333333333333,Latn,Tupian,4.10407720615511,,,,,other,Latn,-2.7916369172104756
OLMo-2-1124-7B,hye_Armn,0.2733333333333333,Armn,Indo-European,9.379338026785135,8.4067,0.013333333333333334,-0.062123171985149384,-0.0310449730604887,Indo-European,other,-3.4385849137337767
OLMo-2-1124-7B,kan_Knda,0.27,Knda,Dravidian,9.094221311622814,8.0789,0.06666666666666667,-0.057207416743040085,-0.015831533819437027,Dravidian,other,-3.5973122605884447
OLMo-2-1124-7B,lao_Laoo,0.26,Laoo,Tai-Kadai,8.225972821174405,8.8648,0.056666666666666664,-0.061740998178720474,-0.026031358167529106,Tai-Kadai,other,-4.304065093204169
OLMo-2-1124-7B,mlt_Latn,0.31,Latn,Afro-Asiatic,,2.0819,0.15333333333333332,-0.08490750193595886,0.009099042043089867,Afro-Asiatic,Latn,-2.4423470353692043
OLMo-2-1124-7B,ory_Orya,0.27666666666666667,Orya,Indo-European,8.00140143263562,,,,,Indo-European,other,-3.3004558118606235
OLMo-2-1124-7B,rus_Cyrl,0.43333333333333335,Cyrl,Balto-Slavic,11.867586387163913,2.2871,0.86,-0.003340199589729309,0.09927795827388763,Balto-Slavic,Cyrl,-1.128465251817791
OLMo-2-1124-7B,sot_Latn,0.25333333333333335,Latn,Atlantic-Congo,,,,,,Atlantic-Congo,Latn,-4.304065093204169
OLMo-2-1124-7B,tgk_Cyrl,0.26,Cyrl,Indo-European,,,,,,Indo-European,Cyrl,-4.304065093204169
OLMo-2-1124-7B,urd_Latn,0.2966666666666667,,,,,,,,other,other,-2.7128008038608074
OLMo-2-1124-7B,zsm_Latn,0.42,Latn,Austronesian,7.287263587861631,1.3733,0.88,0.024190954864025116,0.1405378133058548,Austronesian,Latn,-1.2272296664902034
OLMo-2-1124-7B,arb_Arab,0.34,Arab,Afro-Asiatic,10.841073612355865,3.274,0.6933333333333334,-0.01950668916106224,0.05742685869336128,Afro-Asiatic,Arab,-1.9924301646902058
OLMo-2-1124-7B,ben_Latn,0.31,,,,,,,,other,other,-2.4423470353692043
OLMo-2-1124-7B,ell_Grek,0.31333333333333335,Grek,Indo-European,10.634956550916772,4.0309,0.5633333333333334,-0.017512710765004158,0.04722625017166138,Indo-European,other,-2.38343718962314
OLMo-2-1124-7B,guj_Gujr,0.30666666666666664,Gujr,Indo-European,9.053743034427566,7.7429,0.14,-0.04066593572497368,-0.001994890859350562,Indo-European,other,-2.5043247356451026
OLMo-2-1124-7B,ibo_Latn,0.21666666666666667,Latn,Atlantic-Congo,,2.2544,0.08333333333333333,-0.09078115969896317,-0.0017293207347393036,Atlantic-Congo,Latn,-4.304065093204169
OLMo-2-1124-7B,kat_Geor,0.29,Geor,kartvelian,9.417907523376437,8.3474,0.013333333333333334,-0.06691066920757294,-0.034315962344408035,other,other,-2.876385515921425
OLMo-2-1124-7B,lin_Latn,0.27,Latn,Atlantic-Congo,,,,,,Atlantic-Congo,Latn,-3.5973122605884447
OLMo-2-1124-7B,mri_Latn,0.29333333333333333,Latn,Austronesian,,2.0217,0.22333333333333333,-0.10097064822912216,0.000778745801653713,Austronesian,Latn,-2.7916369172104756
OLMo-2-1124-7B,pan_Guru,0.24,Guru,Indo-European,8.861860543889303,7.3922,0.20333333333333334,-0.03637085482478142,0.001988156232982874,Indo-European,other,-4.304065093204169
OLMo-2-1124-7B,shn_Mymr,0.2833333333333333,Mymr,Tai-Kadai,,,,,,Tai-Kadai,other,-3.0680529351336174
OLMo-2-1124-7B,spa_Latn,0.5333333333333333,Latn,Indo-European,11.572692346038526,1.2507,0.9666666666666667,0.04392942413687706,0.19141696393489838,Indo-European,Latn,-0.4989911661189879
OLMo-2-1124-7B,tgl_Latn,0.36666666666666664,Latn,Austronesian,8.383970492667663,,,,,Austronesian,Latn,-1.6916760106710726
OLMo-2-1124-7B,uzn_Latn,0.34,Latn,Turkic,7.876511046298704,1.8888,0.02,-0.08886578679084778,-0.02857530675828457,Turkic,Latn,-1.9924301646902058
OLMo-2-1124-7B,zul_Latn,0.2833333333333333,Latn,Atlantic-Congo,,1.8171,0.05,-0.08301401138305664,-0.017855621874332428,Atlantic-Congo,Latn,-3.0680529351336174
OLMo-2-1124-7B,arb_Latn,0.2633333333333333,Latn,Afro-Asiatic,10.841073612355865,3.274,,,,Afro-Asiatic,Latn,-4.011868340397864
OLMo-2-1124-7B,bod_Tibt,0.26,Tibt,Sino-Tibetan,,9.324,0.006666666666666667,-0.06628373265266418,-0.03655670955777168,Sino-Tibetan,other,-4.304065093204169
OLMo-2-1124-7B,eng_Latn,0.76,Latn,Indo-European,12.454382979077453,1.0,,,,Indo-European,Latn,0.7537718023763803
OLMo-2-1124-7B,hat_Latn,0.29333333333333333,Latn,Atlantic-Congo,4.418019405728941,,,,,Atlantic-Congo,Latn,-2.7916369172104756
OLMo-2-1124-7B,ilo_Latn,0.27,Latn,Austronesian,,,,,,Austronesian,Latn,-3.5973122605884447
OLMo-2-1124-7B,kaz_Cyrl,0.2733333333333333,Cyrl,Turkic,9.447543326977344,3.4673,0.023333333333333334,-0.0818396583199501,-0.030464401468634605,Turkic,Cyrl,-3.4385849137337767
OLMo-2-1124-7B,lit_Latn,0.32,Latn,Balto-Slavic,10.153726802927073,2.157,0.15666666666666668,-0.08655586838722229,0.008749243803322315,Balto-Slavic,Latn,-2.2735975561207935
OLMo-2-1124-7B,mya_Mymr,0.25333333333333335,Mymr,Sino-Tibetan,8.94576714414124,9.2193,0.0033333333333333335,-0.0682447999715805,-0.040176767855882645,Sino-Tibetan,other,-4.304065093204169
OLMo-2-1124-7B,pbt_Arab,0.2733333333333333,Arab,Indo-European,8.559915920992061,3.9141,0.02,-0.0872824639081955,-0.0296978447586298,Indo-European,Arab,-3.4385849137337767
OLMo-2-1124-7B,sin_Latn,0.26666666666666666,,,,,,,,other,other,-3.7841896339182615
OLMo-2-1124-7B,srp_Cyrl,0.27,Cyrl,Balto-Slavic,9.664593347362308,2.743,0.4033333333333333,-0.05481499060988426,0.031381554901599884,Balto-Slavic,Cyrl,-3.5973122605884447
OLMo-2-1124-7B,tha_Thai,0.2966666666666667,Thai,Tai-Kadai,10.196379987855126,4.0847,0.4266666666666667,-0.010076524689793587,0.03955300524830818,Tai-Kadai,other,-2.7128008038608074
OLMo-2-1124-7B,vie_Latn,0.3566666666666667,Latn,Austroasiatic,10.743353922054286,2.1646,0.6666666666666666,-0.008048963733017445,0.0763564258813858,other,Latn,-1.7969542861051588
OLMo-2-1124-7B,ars_Arab,0.2833333333333333,Arab,Afro-Asiatic,,,,,,Afro-Asiatic,Arab,-3.0680529351336174
OLMo-2-1124-7B,bul_Cyrl,0.30666666666666664,Cyrl,Balto-Slavic,10.360175858097726,2.3968,0.75,-0.0011760364286601543,0.08696892857551575,Balto-Slavic,Cyrl,-2.5043247356451026
OLMo-2-1124-7B,est_Latn,0.3333333333333333,Latn,Uralic,9.944761723531126,1.8058,0.22333333333333333,-0.10051015019416809,0.010740390047430992,Uralic,Latn,-2.079441541679836
OLMo-2-1124-7B,hau_Latn,0.25,Latn,Afro-Asiatic,,1.8391,0.06666666666666667,-0.11788738518953323,-0.020221251994371414,Afro-Asiatic,Latn,-4.304065093204169
OLMo-2-1124-7B,ind_Latn,0.44,Latn,Austronesian,10.081454105942349,1.3219,0.89,0.030909648165106773,0.14397387206554413,Austronesian,Latn,-1.0809127115687085
OLMo-2-1124-7B,kea_Latn,0.2966666666666667,Latn,Portuguese Creole,,,,,,other,Latn,-2.7128008038608074
OLMo-2-1124-7B,lug_Latn,0.31333333333333335,Latn,Atlantic-Congo,,,,,,Atlantic-Congo,Latn,-2.38343718962314
OLMo-2-1124-7B,nld_Latn,0.45,Latn,Indo-European,10.903264809073452,1.3539,0.85,0.026442648842930794,0.1427132934331894,Indo-European,Latn,-1.01160091167848
OLMo-2-1124-7B,pes_Arab,0.34,Arab,Indo-European,10.662263375070816,3.2702,0.6933333333333334,-0.023323098197579384,0.05568314716219902,Indo-European,Arab,-1.9924301646902058
OLMo-2-1124-7B,sin_Sinh,0.25,Sinh,Indo-European,8.94462532284678,8.1866,,,,Indo-European,other,-4.304065093204169
OLMo-2-1124-7B,ssw_Latn,0.27666666666666667,Latn,Atlantic-Congo,,1.8344,0.09,-0.08464551717042923,-0.017256705090403557,Atlantic-Congo,Latn,-3.3004558118606235
OLMo-2-1124-7B,tir_Ethi,0.25666666666666665,Ethi,Afro-Asiatic,,10.556,0.01,-0.08016117662191391,-0.0495498925447464,Afro-Asiatic,other,-4.304065093204169
OLMo-2-1124-7B,war_Latn,0.30666666666666664,Latn,Austronesian,,,,,,Austronesian,Latn,-2.5043247356451026
OLMo-2-1124-7B,ary_Arab,0.2733333333333333,,,,,,,,other,other,-3.4385849137337767
OLMo-2-1124-7B,cat_Latn,0.4033333333333333,Latn,Indo-European,10.097961053275002,1.4437,0.87,0.016454994678497314,0.13141489028930664,Indo-European,Latn,-1.35874440935166
OLMo-2-1124-7B,eus_Latn,0.30333333333333334,Latn,isolate,9.101082328203272,1.6898,0.10666666666666667,-0.09595220535993576,-0.016139384359121323,other,Latn,-2.56974552972503
OLMo-2-1124-7B,heb_Hebr,0.2966666666666667,Hebr,Afro-Asiatic,9.693476506485494,4.3273,0.6166666666666667,-0.01580836810171604,0.05199504271149635,Afro-Asiatic,other,-2.7128008038608074
OLMo-2-1124-7B,isl_Latn,0.31666666666666665,Latn,Indo-European,9.371177412080815,2.054,0.3433333333333333,-0.07201854884624481,0.04050630331039429,Indo-European,Latn,-2.3272777055844176
OLMo-2-1124-7B,khk_Cyrl,0.24666666666666667,Cyrl,Mongolic-Khitan,9.267328434893145,3.5425,0.013333333333333334,-0.09196874499320984,-0.040536172688007355,other,Cyrl,-4.304065093204169
OLMo-2-1124-7B,luo_Latn,0.2833333333333333,Latn,Nilotic,,,,,,other,Latn,-3.0680529351336174
OLMo-2-1124-7B,nob_Latn,0.39666666666666667,Latn,Indo-European,10.265445888776227,1.4896,0.7966666666666666,0.0009528656955808401,0.1219983920454979,Indo-European,Latn,-1.4143073973475646
OLMo-2-1124-7B,plt_Latn,0.2866666666666667,Latn,Austronesian,8.15437957359287,1.7663,0.056666666666666664,-0.10450505465269089,-0.025186913087964058,Austronesian,Latn,-2.9680807422234805
OLMo-2-1124-7B,slk_Latn,0.33666666666666667,Latn,Balto-Slavic,10.215972316299656,1.9858,0.5633333333333334,-0.045567017048597336,0.06516817957162857,Balto-Slavic,Latn,-2.03520828670301
OLMo-2-1124-7B,sun_Latn,0.2833333333333333,Latn,Austronesian,6.11676045067112,,,,,Austronesian,Latn,-3.0680529351336174
OLMo-2-1124-7B,tsn_Latn,0.25666666666666665,Latn,Atlantic-Congo,,1.7207,0.07333333333333333,-0.10324521362781525,-0.02096189558506012,Atlantic-Congo,Latn,-4.304065093204169
OLMo-2-1124-7B,wol_Latn,0.22666666666666666,Latn,Atlantic-Congo,,1.8578,0.056666666666666664,-0.11162082850933075,-0.03671234846115112,Atlantic-Congo,Latn,-4.304065093204169
Mistral-7B-v0.3,acm_Arab,0.37333333333333335,Arab,Afro-Asiatic,,,,,,Afro-Asiatic,Arab,-1.6255240501857244
Mistral-7B-v0.3,arz_Arab,0.31,Arab,Afro-Asiatic,,,,,,Afro-Asiatic,Arab,-2.4423470353692043
Mistral-7B-v0.3,ceb_Latn,0.35,Latn,Austronesian,,,,,,Austronesian,Latn,-1.8718021769015918
Mistral-7B-v0.3,fin_Latn,0.4266666666666667,Latn,Uralic,10.461273505456898,1.7698,0.6766666666666666,-0.003621713723987341,0.08462882041931152,Uralic,Latn,-1.1772025632613308
Mistral-7B-v0.3,hin_Deva,0.32666666666666666,Deva,Indo-European,10.225085947081105,4.2653,0.5566666666666666,-0.02677414007484913,0.037866465747356415,Indo-European,Deva,-2.172773481472055
Mistral-7B-v0.3,ita_Latn,0.61,Latn,Indo-European,11.218657350111846,1.275,0.9666666666666667,0.07792039960622787,0.23719319701194763,Indo-European,Latn,-0.0800427076735365
Mistral-7B-v0.3,khm_Khmr,0.25,Khmr,Austroasiatic,8.873125289337338,4.8562,0.12666666666666668,-0.05898706242442131,-0.00944297295063734,other,other,-4.304065093204169
Mistral-7B-v0.3,lvs_Latn,0.3433333333333333,Latn,Balto-Slavic,9.894602930159628,2.0704,0.37,-0.03349626064300537,0.051308490335941315,Balto-Slavic,Latn,-1.9509992185627847
Mistral-7B-v0.3,npi_Deva,0.36666666666666664,Deva,Indo-European,9.314204818644845,4.182,0.29,-0.04166208207607269,0.02273392677307129,Indo-European,Deva,-1.6916760106710726
Mistral-7B-v0.3,pol_Latn,0.5433333333333333,Latn,Balto-Slavic,11.069183544489329,1.7959,0.8933333333333333,0.02622956782579422,0.15562321245670319,Balto-Slavic,Latn,-0.44264411134991827
Mistral-7B-v0.3,slv_Latn,0.47,Latn,Balto-Slavic,9.903501694149961,1.7043,0.88,0.030533045530319214,0.1599482148885727,Balto-Slavic,Latn,-0.8792494601938063
Mistral-7B-v0.3,swe_Latn,0.5633333333333334,Latn,Indo-European,10.585304823582218,1.448,0.9466666666666667,0.06255754083395004,0.21360249817371368,Indo-European,Latn,-0.3319025409311475
Mistral-7B-v0.3,tso_Latn,0.25333333333333335,Latn,Afro-Asiatic,,,,,,Afro-Asiatic,Latn,-4.304065093204169
Mistral-7B-v0.3,xho_Latn,0.25,Latn,Atlantic-Congo,,1.8478,0.08666666666666667,-0.08167954534292221,-0.014126908034086227,Atlantic-Congo,Latn,-4.304065093204169
Mistral-7B-v0.3,afr_Latn,0.5,Latn,Indo-European,9.04883387717687,1.465,0.7966666666666666,0.033093877136707306,0.1559598594903946,Indo-European,Latn,-0.6931471805599454
Mistral-7B-v0.3,asm_Beng,0.31,Beng,Indo-European,7.923181284977745,,,,,Indo-European,other,-2.4423470353692043
Mistral-7B-v0.3,ces_Latn,0.5266666666666666,Latn,Balto-Slavic,10.755192300065602,1.8581,0.9166666666666666,0.04980366677045822,0.1773877739906311,Balto-Slavic,Latn,-0.5369864498046631
Mistral-7B-v0.3,fra_Latn,0.6233333333333333,Latn,Indo-European,11.504243358607456,1.3019,0.93,0.0348266139626503,0.1924188733100891,Indo-European,Latn,-0.008888947417246376
Mistral-7B-v0.3,hin_Latn,0.38,,,,,,,,other,other,-1.5621850275835547
Mistral-7B-v0.3,jav_Latn,0.30333333333333334,Latn,Austronesian,,,,,,Austronesian,Latn,-2.56974552972503
Mistral-7B-v0.3,kin_Latn,0.2733333333333333,Latn,Atlantic-Congo,,1.7929,0.043333333333333335,-0.08497384190559387,-0.018762098625302315,Atlantic-Congo,Latn,-3.4385849137337767
Mistral-7B-v0.3,mal_Mlym,0.2833333333333333,Mlym,Dravidian,9.322334431411548,9.1366,0.006666666666666667,-0.08196745812892914,-0.046109914779663086,Dravidian,other,-3.0680529351336174
Mistral-7B-v0.3,npi_Latn,0.3466666666666667,,,,,,,,other,other,-1.9108188292440431
Mistral-7B-v0.3,por_Latn,0.6333333333333333,Latn,Indo-European,11.136535917638877,1.3473,0.9666666666666667,0.07475947588682175,0.231452077627182,Indo-European,Latn,0.04445176257083359
Mistral-7B-v0.3,sna_Latn,0.2833333333333333,Latn,Atlantic-Congo,,,,,,Atlantic-Congo,Latn,-3.0680529351336174
Mistral-7B-v0.3,swh_Latn,0.2633333333333333,Latn,Atlantic-Congo,7.487255902011655,1.7241,0.2,-0.05221587046980858,0.018438460305333138,Atlantic-Congo,Latn,-4.011868340397864
Mistral-7B-v0.3,tur_Latn,0.41333333333333333,Latn,Turkic,10.808162253319553,1.988,0.6166666666666667,-0.01717386022210121,0.06829269230365753,Turkic,Latn,-1.2786636969275254
Mistral-7B-v0.3,yor_Latn,0.25666666666666665,Latn,Atlantic-Congo,4.632892380992985,2.6017,0.03,-0.08283316344022751,-0.04190318286418915,Atlantic-Congo,Latn,-4.304065093204169
Mistral-7B-v0.3,als_Latn,0.32,Latn,Indo-European,9.562161153905935,1.9624,0.41333333333333333,-0.027030643075704575,0.059336304664611816,Indo-European,Latn,-2.2735975561207935
Mistral-7B-v0.3,azj_Latn,0.31333333333333335,Latn,Turkic,9.545721659518483,2.3203,0.24333333333333335,-0.03915642946958542,0.027087440714240074,Turkic,Latn,-2.38343718962314
Mistral-7B-v0.3,ckb_Arab,0.29333333333333333,Arab,Indo-European,8.481429599472412,,,,,Indo-European,Arab,-2.7916369172104756
Mistral-7B-v0.3,fuv_Latn,0.25666666666666665,Latn,Atlantic-Congo,,,,,,Atlantic-Congo,Latn,-4.304065093204169
Mistral-7B-v0.3,hrv_Latn,0.5366666666666666,Latn,Balto-Slavic,7.610626216540094,1.7132,0.9433333333333334,0.05451662465929985,0.1750970184803009,Balto-Slavic,Latn,-0.48012663687718415
Mistral-7B-v0.3,jpn_Jpan,0.42333333333333334,Jpan,Japonic,11.032916144087627,4.4367,0.7566666666666667,0.004695198033004999,0.08191297203302383,other,other,-1.2020478759163515
Mistral-7B-v0.3,kir_Cyrl,0.31333333333333335,Cyrl,Turkic,8.70022124395045,2.4157,0.07333333333333333,-0.06476160883903503,-0.004970625042915344,Turkic,Cyrl,-2.38343718962314
Mistral-7B-v0.3,mar_Deva,0.31666666666666665,Deva,Indo-European,9.291197362643686,4.3281,0.18,-0.052597593516111374,0.002730282489210367,Indo-European,Deva,-2.3272777055844176
Mistral-7B-v0.3,nso_Latn,0.30666666666666664,Latn,Atlantic-Congo,,1.6827,0.07333333333333333,-0.07276249676942825,-0.013408832252025604,Atlantic-Congo,Latn,-2.5043247356451026
Mistral-7B-v0.3,snd_Arab,0.25333333333333335,Arab,Indo-European,8.168753912613957,,,,,Indo-European,Arab,-4.304065093204169
Mistral-7B-v0.3,tam_Taml,0.26666666666666666,Taml,Dravidian,9.641283555217916,4.6357,0.1,-0.06556020677089691,-0.01490724366158247,Dravidian,other,-3.7841896339182615
Mistral-7B-v0.3,ukr_Cyrl,0.53,Cyrl,Balto-Slavic,10.582360317494818,1.8431,0.9266666666666666,0.05581296235322952,0.18765150010585785,Balto-Slavic,Cyrl,-0.5179430915348547
Mistral-7B-v0.3,zho_Hans,0.64,Hans,Sino-Tibetan,11.356131798505956,4.1507,0.9033333333333333,0.023075111210346222,0.13760918378829956,Sino-Tibetan,other,0.08004270767353656
Mistral-7B-v0.3,amh_Ethi,0.2866666666666667,Ethi,Afro-Asiatic,8.5541337799261,9.2196,0.013333333333333334,-0.08501113951206207,-0.04929728806018829,Afro-Asiatic,other,-2.9680807422234805
Mistral-7B-v0.3,bam_Latn,0.27666666666666667,Latn,Mande,,,,,,other,Latn,-3.3004558118606235
Mistral-7B-v0.3,dan_Latn,0.5566666666666666,Latn,Indo-European,10.360245901721395,1.5,0.9633333333333334,0.07231201976537704,0.2154117375612259,Indo-European,Latn,-0.3685605511727135
Mistral-7B-v0.3,gaz_Latn,0.2733333333333333,Latn,Afro-Asiatic,,1.7989,0.04,-0.08737485110759735,-0.03648782894015312,Afro-Asiatic,Latn,-3.4385849137337767
Mistral-7B-v0.3,hun_Latn,0.4866666666666667,Latn,Uralic,10.637669631397417,1.7772,0.8666666666666667,0.020031984895467758,0.12377610802650452,Uralic,Latn,-0.7742727253723135
Mistral-7B-v0.3,kac_Latn,0.27,Latn,Sino-Tibetan,,,,,,Sino-Tibetan,Latn,-3.5973122605884447
Mistral-7B-v0.3,kor_Hang,0.53,Hang,Koreanic,10.39384619552899,4.7549,0.78,0.004305766895413399,0.08451244235038757,other,other,-0.5179430915348547
Mistral-7B-v0.3,mkd_Cyrl,0.45666666666666667,Cyrl,Balto-Slavic,9.301746425904852,1.8058,0.84,0.037268586456775665,0.14526814222335815,Balto-Slavic,Cyrl,-0.9666158157616709
Mistral-7B-v0.3,nya_Latn,0.23333333333333334,Latn,Afro-Asiatic,,1.7322,0.08333333333333333,-0.07092353701591492,-0.011822311207652092,Afro-Asiatic,Latn,-4.304065093204169
Mistral-7B-v0.3,ron_Latn,0.5466666666666666,Latn,Indo-European,10.598220789235436,1.5271,0.9166666666666666,0.03604505583643913,0.180439755320549,Indo-European,Latn,-0.4240185160039125
Mistral-7B-v0.3,som_Latn,0.3,Latn,Afro-Asiatic,3.781970673912552,1.7756,0.06333333333333334,-0.08031230419874191,-0.01794998161494732,Afro-Asiatic,Latn,-2.639057329615259
Mistral-7B-v0.3,tel_Telu,0.25666666666666665,Telu,Dravidian,9.195061276656201,6.8033,0.04,-0.07254345715045929,-0.02660020813345909,Dravidian,other,-4.304065093204169
Mistral-7B-v0.3,urd_Arab,0.35333333333333333,Arab,Indo-European,9.431854501264098,4.1239,0.47333333333333333,-0.026481950655579567,0.02787378989160061,Indo-European,Arab,-1.833870954578182
Mistral-7B-v0.3,zho_Hant,0.5733333333333334,Hant,Sino-Tibetan,11.356131798505956,4.1507,,,,Sino-Tibetan,other,-0.2773192854162341
Mistral-7B-v0.3,apc_Arab,0.3233333333333333,Arab,Afro-Asiatic,,,,,,Afro-Asiatic,Arab,-2.222163525683472
Mistral-7B-v0.3,ben_Beng,0.33666666666666667,Beng,Indo-European,9.981044874347496,4.7725,0.4633333333333333,-0.0293445847928524,0.027920857071876526,Indo-European,other,-2.03520828670301
Mistral-7B-v0.3,deu_Latn,0.5233333333333333,Latn,Indo-European,11.552705133249123,1.3,0.97,0.07118449360132217,0.21529103815555573,Indo-European,Latn,-0.5561253829956544
Mistral-7B-v0.3,grn_Latn,0.29,Latn,Tupian,4.10407720615511,,,,,other,Latn,-2.876385515921425
Mistral-7B-v0.3,hye_Armn,0.2633333333333333,Armn,Indo-European,9.379338026785135,4.4773,0.11,-0.059489838778972626,-0.004939306527376175,Indo-European,other,-4.011868340397864
Mistral-7B-v0.3,kan_Knda,0.2733333333333333,Knda,Dravidian,9.094221311622814,5.6977,0.09,-0.06432544440031052,-0.015897508710622787,Dravidian,other,-3.4385849137337767
Mistral-7B-v0.3,lao_Laoo,0.29,Laoo,Tai-Kadai,8.225972821174405,9.7567,0.02666666666666667,-0.08351873606443405,-0.05025247856974602,Tai-Kadai,other,-2.876385515921425
Mistral-7B-v0.3,mlt_Latn,0.3233333333333333,Latn,Afro-Asiatic,,1.9464,0.26666666666666666,-0.048861823976039886,0.040065325796604156,Afro-Asiatic,Latn,-2.222163525683472
Mistral-7B-v0.3,ory_Orya,0.25666666666666665,Orya,Indo-European,8.00140143263562,,,,,Indo-European,other,-4.304065093204169
Mistral-7B-v0.3,rus_Cyrl,0.6166666666666667,Cyrl,Balto-Slavic,11.867586387163913,1.7156,0.8866666666666667,0.01972879096865654,0.1500944048166275,Balto-Slavic,Cyrl,-0.04445176257083369
Mistral-7B-v0.3,sot_Latn,0.29333333333333333,Latn,Atlantic-Congo,,,,,,Atlantic-Congo,Latn,-2.7916369172104756
Mistral-7B-v0.3,tgk_Cyrl,0.2633333333333333,Cyrl,Indo-European,,,,,,Indo-European,Cyrl,-4.011868340397864
Mistral-7B-v0.3,urd_Latn,0.27,,,,,,,,other,other,-3.5973122605884447
Mistral-7B-v0.3,zsm_Latn,0.53,Latn,Austronesian,7.287263587861631,1.6127,0.8633333333333333,0.02237182855606079,0.14133208990097046,Austronesian,Latn,-0.5179430915348547
Mistral-7B-v0.3,arb_Arab,0.36,Arab,Afro-Asiatic,10.841073612355865,3.7678,0.7533333333333333,0.001574771129526198,0.06888771802186966,Afro-Asiatic,Arab,-1.7609878105613017
Mistral-7B-v0.3,ben_Latn,0.31333333333333335,,,,,,,,other,other,-2.38343718962314
Mistral-7B-v0.3,ell_Grek,0.35,Grek,Indo-European,10.634956550916772,4.0826,0.68,-0.04007808491587639,0.04909662529826164,Indo-European,other,-1.8718021769015918
Mistral-7B-v0.3,guj_Gujr,0.28,Gujr,Indo-European,9.053743034427566,8.6059,0.03333333333333333,-0.07843435555696487,-0.03730915114283562,Indo-European,other,-3.178053830347945
Mistral-7B-v0.3,ibo_Latn,0.29333333333333333,Latn,Atlantic-Congo,,2.1585,0.06666666666666667,-0.08811093866825104,-0.024215424433350563,Atlantic-Congo,Latn,-2.7916369172104756
Mistral-7B-v0.3,kat_Geor,0.29,Geor,kartvelian,9.417907523376437,4.1277,0.19666666666666666,-0.047436296939849854,0.009338853880763054,other,other,-2.876385515921425
Mistral-7B-v0.3,lin_Latn,0.2833333333333333,Latn,Atlantic-Congo,,,,,,Atlantic-Congo,Latn,-3.0680529351336174
Mistral-7B-v0.3,mri_Latn,0.27,Latn,Austronesian,,1.9446,0.19666666666666666,-0.08180762827396393,0.007151172962039709,Austronesian,Latn,-3.5973122605884447
Mistral-7B-v0.3,pan_Guru,0.26,Guru,Indo-European,8.861860543889303,9.7603,0.03666666666666667,-0.07936849445104599,-0.03977079316973686,Indo-European,other,-4.304065093204169
Mistral-7B-v0.3,shn_Mymr,0.31666666666666665,Mymr,Tai-Kadai,,,,,,Tai-Kadai,other,-2.3272777055844176
Mistral-7B-v0.3,spa_Latn,0.66,Latn,Indo-European,11.572692346038526,1.2834,0.9633333333333334,0.06648728996515274,0.23511022329330444,Indo-European,Latn,0.18721154208814672
Mistral-7B-v0.3,tgl_Latn,0.4166666666666667,Latn,Austronesian,8.383970492667663,,,,,Austronesian,Latn,-1.2527629684953678
Mistral-7B-v0.3,uzn_Latn,0.36666666666666664,Latn,Turkic,7.876511046298704,1.778,0.09333333333333334,-0.05921768769621849,0.00017774227308109403,Turkic,Latn,-1.6916760106710726
Mistral-7B-v0.3,zul_Latn,0.27666666666666667,Latn,Atlantic-Congo,,1.8138,0.056666666666666664,-0.09331055730581284,-0.01699063368141651,Atlantic-Congo,Latn,-3.3004558118606235
Mistral-7B-v0.3,arb_Latn,0.27666666666666667,Latn,Afro-Asiatic,10.841073612355865,3.7678,,,,Afro-Asiatic,Latn,-3.3004558118606235
Mistral-7B-v0.3,bod_Tibt,0.24333333333333335,Tibt,Sino-Tibetan,,5.8325,0.016666666666666666,-0.07410547137260437,-0.03773743286728859,Sino-Tibetan,other,-4.304065093204169
Mistral-7B-v0.3,eng_Latn,0.7666666666666667,Latn,Indo-European,12.454382979077453,1.0,,,,Indo-European,Latn,0.7949298748698881
Mistral-7B-v0.3,hat_Latn,0.3333333333333333,Latn,Atlantic-Congo,4.418019405728941,,,,,Atlantic-Congo,Latn,-2.079441541679836
Mistral-7B-v0.3,ilo_Latn,0.26,Latn,Austronesian,,,,,,Austronesian,Latn,-4.304065093204169
Mistral-7B-v0.3,kaz_Cyrl,0.31666666666666665,Cyrl,Turkic,9.447543326977344,2.4568,0.10666666666666667,-0.0579078309237957,-0.001803071703761816,Turkic,Cyrl,-2.3272777055844176
Mistral-7B-v0.3,lit_Latn,0.30666666666666664,Latn,Balto-Slavic,10.153726802927073,1.9341,0.42,-0.044182002544403076,0.055487316101789474,Balto-Slavic,Latn,-2.5043247356451026
Mistral-7B-v0.3,mya_Mymr,0.28,Mymr,Sino-Tibetan,8.94576714414124,7.485,0.006666666666666667,-0.06708408147096634,-0.03625428304076195,Sino-Tibetan,other,-3.178053830347945
Mistral-7B-v0.3,pbt_Arab,0.2833333333333333,Arab,Indo-European,8.559915920992061,4.4362,0.05333333333333334,-0.06197652593255043,-0.01758331060409546,Indo-European,Arab,-3.0680529351336174
Mistral-7B-v0.3,sin_Latn,0.31333333333333335,,,,,,,,other,other,-2.38343718962314
Mistral-7B-v0.3,srp_Cyrl,0.51,Cyrl,Balto-Slavic,9.664593347362308,1.8288,0.93,0.03574569150805473,0.17332936823368073,Balto-Slavic,Cyrl,-0.6337237600891445
Mistral-7B-v0.3,tha_Thai,0.3433333333333333,Thai,Tai-Kadai,10.196379987855126,3.9367,0.5833333333333334,-0.018338222056627274,0.04842091724276543,Tai-Kadai,other,-1.9509992185627847
Mistral-7B-v0.3,vie_Latn,0.4766666666666667,Latn,Austroasiatic,10.743353922054286,2.5754,0.7766666666666666,0.012555976398289204,0.09658204764127731,other,Latn,-0.8367381001722014
Mistral-7B-v0.3,ars_Arab,0.3933333333333333,Arab,Afro-Asiatic,,,,,,Afro-Asiatic,Arab,-1.442806571383233
Mistral-7B-v0.3,bul_Cyrl,0.5333333333333333,Cyrl,Balto-Slavic,10.360175858097726,1.7556,0.9233333333333333,0.0504753440618515,0.1846388429403305,Balto-Slavic,Cyrl,-0.4989911661189879
Mistral-7B-v0.3,est_Latn,0.37,Latn,Uralic,9.944761723531126,1.7697,0.37,-0.045225221663713455,0.051743652671575546,Uralic,Latn,-1.6582280766035322
Mistral-7B-v0.3,hau_Latn,0.2833333333333333,Latn,Afro-Asiatic,,1.7787,0.06666666666666667,-0.07766837626695633,-0.017137601971626282,Afro-Asiatic,Latn,-3.0680529351336174
Mistral-7B-v0.3,ind_Latn,0.54,Latn,Austronesian,10.081454105942349,1.6053,0.8966666666666666,0.03599586337804794,0.1488947868347168,Austronesian,Latn,-0.46134556650262076
Mistral-7B-v0.3,kea_Latn,0.32,Latn,Portuguese Creole,,,,,,other,Latn,-2.2735975561207935
Mistral-7B-v0.3,lug_Latn,0.32666666666666666,Latn,Atlantic-Congo,,,,,,Atlantic-Congo,Latn,-2.172773481472055
Mistral-7B-v0.3,nld_Latn,0.5666666666666667,Latn,Indo-European,10.903264809073452,1.3522,0.9433333333333334,0.06920809298753738,0.21146421134471893,Indo-European,Latn,-0.3136575588550415
Mistral-7B-v0.3,pes_Arab,0.37666666666666665,Arab,Indo-European,10.662263375070816,4.004,0.67,-0.01229304913431406,0.05257545784115791,Indo-European,Arab,-1.593522457128201
Mistral-7B-v0.3,sin_Sinh,0.2866666666666667,Sinh,Indo-European,8.94462532284678,6.9151,,,,Indo-European,other,-2.9680807422234805
Mistral-7B-v0.3,ssw_Latn,0.26,Latn,Atlantic-Congo,,1.8037,0.09,-0.06930162012577057,-0.013174561783671379,Atlantic-Congo,Latn,-4.304065093204169
Mistral-7B-v0.3,tir_Ethi,0.2966666666666667,Ethi,Afro-Asiatic,,9.0785,0.013333333333333334,-0.08992898464202881,-0.04973003640770912,Afro-Asiatic,other,-2.7128008038608074
Mistral-7B-v0.3,war_Latn,0.32666666666666666,Latn,Austronesian,,,,,,Austronesian,Latn,-2.172773481472055
Mistral-7B-v0.3,ary_Arab,0.31,,,,,,,,other,other,-2.4423470353692043
Mistral-7B-v0.3,cat_Latn,0.64,Latn,Indo-European,10.097961053275002,1.3663,0.9566666666666667,0.05380012467503548,0.20836926996707916,Indo-European,Latn,0.08004270767353656
Mistral-7B-v0.3,eus_Latn,0.29,Latn,isolate,9.101082328203272,1.6714,0.12666666666666668,-0.07006118446588516,-0.004690304398536682,other,Latn,-2.876385515921425
Mistral-7B-v0.3,heb_Hebr,0.29333333333333333,Hebr,Afro-Asiatic,9.693476506485494,4.0468,0.6666666666666666,-0.012825463898479939,0.06191374361515045,Afro-Asiatic,other,-2.7916369172104756
Mistral-7B-v0.3,isl_Latn,0.3433333333333333,Latn,Indo-European,9.371177412080815,1.9896,0.5266666666666666,-0.01735350675880909,0.07437526434659958,Indo-European,Latn,-1.9509992185627847
Mistral-7B-v0.3,khk_Cyrl,0.26,Cyrl,Mongolic-Khitan,9.267328434893145,2.733,0.056666666666666664,-0.0753147155046463,-0.025238435715436935,other,Cyrl,-4.304065093204169
Mistral-7B-v0.3,luo_Latn,0.26666666666666666,Latn,Nilotic,,,,,,other,Latn,-3.7841896339182615
Mistral-7B-v0.3,nob_Latn,0.53,Latn,Indo-European,10.265445888776227,1.5038,0.8966666666666666,0.05239890143275261,0.18970079720020294,Indo-European,Latn,-0.5179430915348547
Mistral-7B-v0.3,plt_Latn,0.2866666666666667,Latn,Austronesian,8.15437957359287,1.7082,0.06333333333333334,-0.07030455768108368,-0.017445694655179977,Austronesian,Latn,-2.9680807422234805
Mistral-7B-v0.3,slk_Latn,0.45666666666666667,Latn,Balto-Slavic,10.215972316299656,1.8175,0.8566666666666667,0.038070134818553925,0.1510515660047531,Balto-Slavic,Latn,-0.9666158157616709
Mistral-7B-v0.3,sun_Latn,0.2966666666666667,Latn,Austronesian,6.11676045067112,,,,,Austronesian,Latn,-2.7128008038608074
Mistral-7B-v0.3,tsn_Latn,0.2733333333333333,Latn,Atlantic-Congo,,1.6608,0.07333333333333333,-0.07227937877178192,-0.01533119659870863,Atlantic-Congo,Latn,-3.4385849137337767
Mistral-7B-v0.3,wol_Latn,0.2633333333333333,Latn,Atlantic-Congo,,1.7926,0.056666666666666664,-0.0886189267039299,-0.022945471107959747,Atlantic-Congo,Latn,-4.011868340397864
bloom-1b7,acm_Arab,0.21333333333333335,Arab,Afro-Asiatic,,,,,,Afro-Asiatic,Arab,-4.304065093204169
bloom-1b7,arz_Arab,0.27666666666666667,Arab,Afro-Asiatic,,,,,,Afro-Asiatic,Arab,-3.3004558118606235
bloom-1b7,ceb_Latn,0.23666666666666666,Latn,Austronesian,,,,,,Austronesian,Latn,-4.304065093204169
bloom-1b7,fin_Latn,0.27,Latn,Uralic,10.461273505456898,1.6705,0.22666666666666666,-0.1460060179233551,-0.029795849695801735,Uralic,Latn,-3.5973122605884447
bloom-1b7,hin_Deva,0.2733333333333333,Deva,Indo-European,10.225085947081105,1.2613,0.51,-0.04162348806858063,0.025683408603072166,Indo-European,Deva,-3.4385849137337767
bloom-1b7,ita_Latn,0.26666666666666666,Latn,Indo-European,11.218657350111846,1.2931,0.49333333333333335,-0.06498711556196213,0.05094943195581436,Indo-European,Latn,-3.7841896339182615
bloom-1b7,khm_Khmr,0.26,Khmr,Austroasiatic,8.873125289337338,5.0014,0.04,-0.10806183516979218,-0.06340628117322922,other,other,-4.304065093204169
bloom-1b7,lvs_Latn,0.25,Latn,Balto-Slavic,9.894602930159628,1.9751,0.16333333333333333,-0.1279388964176178,-0.041555386036634445,Balto-Slavic,Latn,-4.304065093204169
bloom-1b7,npi_Deva,0.23666666666666666,Deva,Indo-European,9.314204818644845,1.1422,0.46,-0.03135707601904869,0.0444665290415287,Indo-European,Deva,-4.304065093204169
bloom-1b7,pol_Latn,0.24666666666666667,Latn,Balto-Slavic,11.069183544489329,2.0183,0.12666666666666668,-0.1375196874141693,-0.04467932507395744,Balto-Slavic,Latn,-4.304065093204169
bloom-1b7,slv_Latn,0.27,Latn,Balto-Slavic,9.903501694149961,1.7412,0.23,-0.12211190909147263,-0.020136060193181038,Balto-Slavic,Latn,-3.5973122605884447
bloom-1b7,swe_Latn,0.2633333333333333,Latn,Indo-European,10.585304823582218,1.5766,0.3933333333333333,-0.09869448095560074,0.022948775440454483,Indo-European,Latn,-4.011868340397864
bloom-1b7,tso_Latn,0.26,Latn,Afro-Asiatic,,,,,,Afro-Asiatic,Latn,-4.304065093204169
bloom-1b7,xho_Latn,0.27,Latn,Atlantic-Congo,,1.5398,0.22666666666666666,-0.12292314320802689,-0.014553424902260303,Atlantic-Congo,Latn,-3.5973122605884447
bloom-1b7,afr_Latn,0.23666666666666666,Latn,Indo-European,9.04883387717687,1.5183,0.41,-0.110087551176548,0.02381564863026142,Indo-European,Latn,-4.304065093204169
bloom-1b7,asm_Beng,0.3,Beng,Indo-European,7.923181284977745,,,,,Indo-European,other,-2.639057329615259
bloom-1b7,ces_Latn,0.25666666666666665,Latn,Balto-Slavic,10.755192300065602,2.0292,0.21666666666666667,-0.12543626129627228,-0.028868675231933594,Balto-Slavic,Latn,-4.304065093204169
bloom-1b7,fra_Latn,0.2733333333333333,Latn,Indo-European,11.504243358607456,1.0153,0.87,-0.029651211574673653,0.0971163660287857,Indo-European,Latn,-3.4385849137337767
bloom-1b7,hin_Latn,0.26666666666666666,,,,,,,,other,other,-3.7841896339182615
bloom-1b7,jav_Latn,0.25666666666666665,Latn,Austronesian,,,,,,Austronesian,Latn,-4.304065093204169
bloom-1b7,kin_Latn,0.2733333333333333,Latn,Atlantic-Congo,,1.3223,0.2966666666666667,-0.09825029224157333,0.006868147756904364,Atlantic-Congo,Latn,-3.4385849137337767
bloom-1b7,mal_Mlym,0.27,Mlym,Dravidian,9.322334431411548,1.1939,0.14,-0.07523389905691147,-0.018841661512851715,Dravidian,other,-3.5973122605884447
bloom-1b7,npi_Latn,0.26666666666666666,,,,,,,,other,other,-3.7841896339182615
bloom-1b7,por_Latn,0.2633333333333333,Latn,Indo-European,11.136535917638877,1.0141,0.9233333333333333,-0.0021519477013498545,0.12458442896604538,Indo-European,Latn,-4.011868340397864
bloom-1b7,sna_Latn,0.2633333333333333,Latn,Atlantic-Congo,,,,,,Atlantic-Congo,Latn,-4.011868340397864
bloom-1b7,swh_Latn,0.2633333333333333,Latn,Atlantic-Congo,7.487255902011655,1.0901,0.48333333333333334,-0.053603969514369965,0.047268424183130264,Atlantic-Congo,Latn,-4.011868340397864
bloom-1b7,tur_Latn,0.27,Latn,Turkic,10.808162253319553,1.7719,0.22333333333333333,-0.13717885315418243,-0.030439075082540512,Turkic,Latn,-3.5973122605884447
bloom-1b7,yor_Latn,0.23,Latn,Atlantic-Congo,4.632892380992985,2.2114,0.13,-0.0832904577255249,-0.030615972355008125,Atlantic-Congo,Latn,-4.304065093204169
bloom-1b7,als_Latn,0.25,Latn,Indo-European,9.562161153905935,1.8128,0.20666666666666667,-0.10555281490087509,-0.015828583389520645,Indo-European,Latn,-4.304065093204169
bloom-1b7,azj_Latn,0.26666666666666666,Latn,Turkic,9.545721659518483,1.9969,0.11,-0.11184274405241013,-0.039955757558345795,Turkic,Latn,-3.7841896339182615
bloom-1b7,ckb_Arab,0.21666666666666667,Arab,Indo-European,8.481429599472412,,,,,Indo-European,Arab,-4.304065093204169
bloom-1b7,fuv_Latn,0.21333333333333335,Latn,Atlantic-Congo,,,,,,Atlantic-Congo,Latn,-4.304065093204169
bloom-1b7,hrv_Latn,0.21,Latn,Balto-Slavic,7.610626216540094,1.7581,0.24333333333333335,-0.12095198035240173,-0.019604256376624107,Balto-Slavic,Latn,-4.304065093204169
bloom-1b7,jpn_Jpan,0.24666666666666667,Jpan,Japonic,11.032916144087627,3.9055,0.14,-0.09304199367761612,-0.02691802941262722,other,other,-4.304065093204169
bloom-1b7,kir_Cyrl,0.24,Cyrl,Turkic,8.70022124395045,2.7978,0.03,-0.1166495606303215,-0.0647839829325676,Turkic,Cyrl,-4.304065093204169
bloom-1b7,mar_Deva,0.24666666666666667,Deva,Indo-European,9.291197362643686,1.1994,0.25333333333333335,-0.06392515450716019,0.003881641197949648,Indo-European,Deva,-4.304065093204169
bloom-1b7,nso_Latn,0.2633333333333333,Latn,Atlantic-Congo,,1.5519,0.27,-0.12855681777000427,-0.007202276960015297,Atlantic-Congo,Latn,-4.011868340397864
bloom-1b7,snd_Arab,0.26666666666666666,Arab,Indo-European,8.168753912613957,,,,,Indo-European,Arab,-3.7841896339182615
bloom-1b7,tam_Taml,0.26666666666666666,Taml,Dravidian,9.641283555217916,1.0547,0.2833333333333333,-0.05191344767808914,0.010714502073824406,Dravidian,other,-3.7841896339182615
bloom-1b7,ukr_Cyrl,0.2633333333333333,Cyrl,Balto-Slavic,10.582360317494818,2.5494,0.05333333333333334,-0.10956165194511414,-0.05633796751499176,Balto-Slavic,Cyrl,-4.011868340397864
bloom-1b7,zho_Hans,0.24666666666666667,Hans,Sino-Tibetan,11.356131798505956,2.5662,0.8633333333333333,-0.018377089872956276,0.07969923317432404,Sino-Tibetan,other,-4.304065093204169
bloom-1b7,amh_Ethi,0.2833333333333333,Ethi,Afro-Asiatic,8.5541337799261,7.2607,0.006666666666666667,-0.10007134079933167,-0.06266789883375168,Afro-Asiatic,other,-3.0680529351336174
bloom-1b7,bam_Latn,0.25,Latn,Mande,,,,,,other,Latn,-4.304065093204169
bloom-1b7,dan_Latn,0.25333333333333335,Latn,Indo-European,10.360245901721395,1.5482,0.37666666666666665,-0.11052104830741882,0.02272999845445156,Indo-European,Latn,-4.304065093204169
bloom-1b7,gaz_Latn,0.22666666666666666,Latn,Afro-Asiatic,,1.6932,0.15666666666666668,-0.14345648884773254,-0.04831128939986229,Afro-Asiatic,Latn,-4.304065093204169
bloom-1b7,hun_Latn,0.2,Latn,Uralic,10.637669631397417,1.8404,0.2,-0.12577177584171295,-0.026909980922937393,Uralic,Latn,-4.304065093204169
bloom-1b7,kac_Latn,0.26666666666666666,Latn,Sino-Tibetan,,,,,,Sino-Tibetan,Latn,-3.7841896339182615
bloom-1b7,kor_Hang,0.25333333333333335,Hang,Koreanic,10.39384619552899,5.3954,0.03,-0.10588279366493225,-0.055258940905332565,other,other,-4.304065093204169
bloom-1b7,mkd_Cyrl,0.21,Cyrl,Balto-Slavic,9.301746425904852,2.2529,0.05333333333333334,-0.1139543354511261,-0.05218653380870819,Balto-Slavic,Cyrl,-4.304065093204169
bloom-1b7,nya_Latn,0.19,Latn,Afro-Asiatic,,1.5101,0.29,-0.1275327354669571,-0.004430282860994339,Afro-Asiatic,Latn,-4.304065093204169
bloom-1b7,ron_Latn,0.21666666666666667,Latn,Indo-European,10.598220789235436,1.6284,0.37,-0.07575102895498276,0.02485043928027153,Indo-European,Latn,-4.304065093204169
bloom-1b7,som_Latn,0.19666666666666666,Latn,Afro-Asiatic,3.781970673912552,1.6694,0.25666666666666665,-0.1401718407869339,-0.018217017874121666,Afro-Asiatic,Latn,-4.304065093204169
bloom-1b7,tel_Telu,0.25,Telu,Dravidian,9.195061276656201,1.2417,0.19333333333333333,-0.07871915400028229,-0.010663170367479324,Dravidian,other,-4.304065093204169
bloom-1b7,urd_Arab,0.22333333333333333,Arab,Indo-European,9.431854501264098,1.3231,0.31,-0.057846881449222565,0.002311617834493518,Indo-European,Arab,-4.304065093204169
bloom-1b7,zho_Hant,0.23333333333333334,Hant,Sino-Tibetan,11.356131798505956,2.5662,,,,Sino-Tibetan,other,-4.304065093204169
bloom-1b7,apc_Arab,0.25666666666666665,Arab,Afro-Asiatic,,,,,,Afro-Asiatic,Arab,-4.304065093204169
bloom-1b7,ben_Beng,0.31,Beng,Indo-European,9.981044874347496,1.2106,0.49,-0.03691045194864273,0.02405027113854885,Indo-European,other,-2.4423470353692043
bloom-1b7,deu_Latn,0.20666666666666667,Latn,Indo-European,11.552705133249123,1.4099,0.41333333333333333,-0.11096253991127014,0.013110720552504063,Indo-European,Latn,-4.304065093204169
bloom-1b7,grn_Latn,0.2633333333333333,Latn,Tupian,4.10407720615511,,,,,other,Latn,-4.011868340397864
bloom-1b7,hye_Armn,0.27,Armn,Indo-European,9.379338026785135,3.7045,0.006666666666666667,-0.13581156730651855,-0.08939851820468903,Indo-European,other,-3.5973122605884447
bloom-1b7,kan_Knda,0.24666666666666667,Knda,Dravidian,9.094221311622814,1.197,0.16666666666666666,-0.08092183619737625,-0.008479365147650242,Dravidian,other,-4.304065093204169
bloom-1b7,lao_Laoo,0.26,Laoo,Tai-Kadai,8.225972821174405,7.986,0.03333333333333333,-0.10081138461828232,-0.0571402981877327,Tai-Kadai,other,-4.304065093204169
bloom-1b7,mlt_Latn,0.27,Latn,Afro-Asiatic,,1.9665,0.27,-0.15286679565906525,-0.02844780869781971,Afro-Asiatic,Latn,-3.5973122605884447
bloom-1b7,ory_Orya,0.27,Orya,Indo-European,8.00140143263562,,,,,Indo-European,other,-3.5973122605884447
bloom-1b7,rus_Cyrl,0.25,Cyrl,Balto-Slavic,11.867586387163913,2.2388,0.07333333333333333,-0.10468978434801102,-0.049864452332258224,Balto-Slavic,Cyrl,-4.304065093204169
bloom-1b7,sot_Latn,0.21666666666666667,Latn,Atlantic-Congo,,,,,,Atlantic-Congo,Latn,-4.304065093204169
bloom-1b7,tgk_Cyrl,0.24666666666666667,Cyrl,Indo-European,,,,,,Indo-European,Cyrl,-4.304065093204169
bloom-1b7,urd_Latn,0.2733333333333333,,,,,,,,other,other,-3.4385849137337767
bloom-1b7,zsm_Latn,0.25333333333333335,Latn,Austronesian,7.287263587861631,0.9466,0.8133333333333334,-0.012458483688533306,0.10888297855854034,Austronesian,Latn,-4.304065093204169
bloom-1b7,arb_Arab,0.26,Arab,Afro-Asiatic,10.841073612355865,1.2181,0.6566666666666666,-0.02078816294670105,0.04073580354452133,Afro-Asiatic,Arab,-4.304065093204169
bloom-1b7,ben_Latn,0.25666666666666665,,,,,,,,other,other,-4.304065093204169
bloom-1b7,ell_Grek,0.26,Grek,Indo-European,10.634956550916772,2.9728,0.03666666666666667,-0.094786137342453,-0.05230207368731499,Indo-European,other,-4.304065093204169
bloom-1b7,guj_Gujr,0.2633333333333333,Gujr,Indo-European,9.053743034427566,1.352,0.16,-0.0801072046160698,-0.014181863516569138,Indo-European,other,-4.011868340397864
bloom-1b7,ibo_Latn,0.2833333333333333,Latn,Atlantic-Congo,,1.5724,0.32666666666666666,-0.08359137177467346,0.022739598527550697,Atlantic-Congo,Latn,-3.0680529351336174
bloom-1b7,kat_Geor,0.27,Geor,kartvelian,9.417907523376437,4.2148,0.016666666666666666,-0.11144013702869415,-0.06942438334226608,other,other,-3.5973122605884447
bloom-1b7,lin_Latn,0.29333333333333333,Latn,Atlantic-Congo,,,,,,Atlantic-Congo,Latn,-2.7916369172104756
bloom-1b7,mri_Latn,0.2633333333333333,Latn,Austronesian,,1.8075,0.20333333333333334,-0.12443356961011887,-0.022959571331739426,Austronesian,Latn,-4.011868340397864
bloom-1b7,pan_Guru,0.27666666666666667,Guru,Indo-European,8.861860543889303,1.3677,0.18,-0.06401053071022034,-0.006010666489601135,Indo-European,other,-3.3004558118606235
bloom-1b7,shn_Mymr,0.26666666666666666,Mymr,Tai-Kadai,,,,,,Tai-Kadai,other,-3.7841896339182615
bloom-1b7,spa_Latn,0.29,Latn,Indo-European,11.572692346038526,0.9971,0.94,-0.003948690369725227,0.12170647829771042,Indo-European,Latn,-2.876385515921425
bloom-1b7,tgl_Latn,0.27,Latn,Austronesian,8.383970492667663,,,,,Austronesian,Latn,-3.5973122605884447
bloom-1b7,uzn_Latn,0.25666666666666665,Latn,Turkic,7.876511046298704,1.7097,0.09333333333333334,-0.15142522752285004,-0.062326863408088684,Turkic,Latn,-4.304065093204169
bloom-1b7,zul_Latn,0.2733333333333333,Latn,Atlantic-Congo,,1.5122,0.18666666666666668,-0.12133626639842987,-0.007144640199840069,Atlantic-Congo,Latn,-3.4385849137337767
bloom-1b7,arb_Latn,0.24666666666666667,Latn,Afro-Asiatic,10.841073612355865,1.2181,,,,Afro-Asiatic,Latn,-4.304065093204169
bloom-1b7,bod_Tibt,0.25666666666666665,Tibt,Sino-Tibetan,,5.452,0.01,-0.11366230994462967,-0.06886604428291321,Sino-Tibetan,other,-4.304065093204169
bloom-1b7,eng_Latn,0.31333333333333335,Latn,Indo-European,12.454382979077453,1.0,,,,Indo-European,Latn,-2.38343718962314
bloom-1b7,hat_Latn,0.25333333333333335,Latn,Atlantic-Congo,4.418019405728941,,,,,Atlantic-Congo,Latn,-4.304065093204169
bloom-1b7,ilo_Latn,0.25333333333333335,Latn,Austronesian,,,,,,Austronesian,Latn,-4.304065093204169
bloom-1b7,kaz_Cyrl,0.22666666666666666,Cyrl,Turkic,9.447543326977344,2.9647,0.02666666666666667,-0.1173853650689125,-0.06639362126588821,Turkic,Cyrl,-4.304065093204169
bloom-1b7,lit_Latn,0.23,Latn,Balto-Slavic,10.153726802927073,1.8931,0.15666666666666668,-0.15522360801696777,-0.0515126958489418,Balto-Slavic,Latn,-4.304065093204169
bloom-1b7,mya_Mymr,0.26666666666666666,Mymr,Sino-Tibetan,8.94576714414124,8.5236,0.0033333333333333335,-0.09777308255434036,-0.062344346195459366,Sino-Tibetan,other,-3.7841896339182615
bloom-1b7,pbt_Arab,0.2633333333333333,Arab,Indo-European,8.559915920992061,2.6877,0.03666666666666667,-0.0878925696015358,-0.04433542862534523,Indo-European,Arab,-4.011868340397864
bloom-1b7,sin_Latn,0.26,,,,,,,,other,other,-4.304065093204169
bloom-1b7,srp_Cyrl,0.2633333333333333,Cyrl,Balto-Slavic,9.664593347362308,2.4338,0.06333333333333334,-0.12141796201467514,-0.061342012137174606,Balto-Slavic,Cyrl,-4.011868340397864
bloom-1b7,tha_Thai,0.26,Thai,Tai-Kadai,10.196379987855126,4.3353,0.056666666666666664,-0.129385843873024,-0.07324983924627304,Tai-Kadai,other,-4.304065093204169
bloom-1b7,vie_Latn,0.22333333333333333,Latn,Austroasiatic,10.743353922054286,1.1413,0.81,-0.028724610805511475,0.07613347470760345,other,Latn,-4.304065093204169
bloom-1b7,ars_Arab,0.24666666666666667,Arab,Afro-Asiatic,,,,,,Afro-Asiatic,Arab,-4.304065093204169
bloom-1b7,bul_Cyrl,0.2733333333333333,Cyrl,Balto-Slavic,10.360175858097726,2.2848,0.05333333333333334,-0.10628519207239151,-0.05152720957994461,Balto-Slavic,Cyrl,-3.4385849137337767
bloom-1b7,est_Latn,0.21,Latn,Uralic,9.944761723531126,1.7028,0.23666666666666666,-0.14693674445152283,-0.02857949025928974,Uralic,Latn,-4.304065093204169
bloom-1b7,hau_Latn,0.23,Latn,Afro-Asiatic,,1.6313,0.24333333333333335,-0.11877425760030746,-0.008613407611846924,Afro-Asiatic,Latn,-4.304065093204169
bloom-1b7,ind_Latn,0.24333333333333335,Latn,Austronesian,10.081454105942349,0.8461,0.92,0.003962304443120956,0.11962025612592697,Austronesian,Latn,-4.304065093204169
bloom-1b7,kea_Latn,0.26666666666666666,Latn,Portuguese Creole,,,,,,other,Latn,-3.7841896339182615
bloom-1b7,lug_Latn,0.24666666666666667,Latn,Atlantic-Congo,,,,,,Atlantic-Congo,Latn,-4.304065093204169
bloom-1b7,nld_Latn,0.19666666666666666,Latn,Indo-European,10.903264809073452,1.4488,0.37333333333333335,-0.11559130251407623,0.016285626217722893,Indo-European,Latn,-4.304065093204169
bloom-1b7,pes_Arab,0.26,Arab,Indo-European,10.662263375070816,1.7821,0.09666666666666666,-0.0796007588505745,-0.027828283607959747,Indo-European,Arab,-4.304065093204169
bloom-1b7,sin_Sinh,0.26666666666666666,Sinh,Indo-European,8.94462532284678,7.5809,,,,Indo-European,other,-3.7841896339182615
bloom-1b7,ssw_Latn,0.27,Latn,Atlantic-Congo,,1.5602,0.25666666666666665,-0.13017812371253967,-0.024860771372914314,Atlantic-Congo,Latn,-3.5973122605884447
bloom-1b7,tir_Ethi,0.28,Ethi,Afro-Asiatic,,6.9418,0.016666666666666666,-0.09755046665668488,-0.058033619076013565,Afro-Asiatic,other,-3.178053830347945
bloom-1b7,war_Latn,0.2,Latn,Austronesian,,,,,,Austronesian,Latn,-4.304065093204169
bloom-1b7,ary_Arab,0.25,,,,,,,,other,other,-4.304065093204169
bloom-1b7,cat_Latn,0.2866666666666667,Latn,Indo-European,10.097961053275002,1.0421,0.83,-0.021048611029982567,0.09867533296346664,Indo-European,Latn,-2.9680807422234805
bloom-1b7,eus_Latn,0.22666666666666666,Latn,isolate,9.101082328203272,1.0313,0.5233333333333333,-0.04995445907115936,0.04437519237399101,other,Latn,-4.304065093204169
bloom-1b7,heb_Hebr,0.2733333333333333,Hebr,Afro-Asiatic,9.693476506485494,3.4849,0.043333333333333335,-0.09211020916700363,-0.045294102281332016,Afro-Asiatic,other,-3.4385849137337767
bloom-1b7,isl_Latn,0.23333333333333334,Latn,Indo-European,9.371177412080815,1.9114,0.22666666666666666,-0.12455873936414719,-0.021609079092741013,Indo-European,Latn,-4.304065093204169
bloom-1b7,khk_Cyrl,0.26,Cyrl,Mongolic-Khitan,9.267328434893145,3.1115,0.02,-0.11578533053398132,-0.06708872318267822,other,Cyrl,-4.304065093204169
bloom-1b7,luo_Latn,0.26666666666666666,Latn,Nilotic,,,,,,other,Latn,-3.7841896339182615
bloom-1b7,nob_Latn,0.27666666666666667,Latn,Indo-European,10.265445888776227,1.5488,0.3466666666666667,-0.1139669418334961,0.011915617622435093,Indo-European,Latn,-3.3004558118606235
bloom-1b7,plt_Latn,0.29,Latn,Austronesian,8.15437957359287,1.6069,0.23666666666666666,-0.13201726973056793,-0.028271036222577095,Austronesian,Latn,-2.876385515921425
bloom-1b7,slk_Latn,0.25666666666666665,Latn,Balto-Slavic,10.215972316299656,1.8798,0.21666666666666667,-0.13185442984104156,-0.026792412623763084,Balto-Slavic,Latn,-4.304065093204169
bloom-1b7,sun_Latn,0.26666666666666666,Latn,Austronesian,6.11676045067112,,,,,Austronesian,Latn,-3.7841896339182615
bloom-1b7,tsn_Latn,0.26,Latn,Atlantic-Congo,,1.5272,0.26,-0.14179357886314392,-0.01854332536458969,Atlantic-Congo,Latn,-4.304065093204169
bloom-1b7,wol_Latn,0.24,Latn,Atlantic-Congo,,1.6487,0.24333333333333335,-0.1311332881450653,-0.022230468690395355,Atlantic-Congo,Latn,-4.304065093204169
bloom-7b1,acm_Arab,0.25,Arab,Afro-Asiatic,,,,,,Afro-Asiatic,Arab,-4.304065093204169
bloom-7b1,arz_Arab,0.2866666666666667,Arab,Afro-Asiatic,,,,,,Afro-Asiatic,Arab,-2.9680807422234805
bloom-7b1,ceb_Latn,0.25,Latn,Austronesian,,,,,,Austronesian,Latn,-4.304065093204169
bloom-7b1,fin_Latn,0.25,Latn,Uralic,10.461273505456898,1.6705,0.10333333333333333,-0.10996551066637039,-0.021657533943653107,Uralic,Latn,-4.304065093204169
bloom-7b1,hin_Deva,0.22666666666666666,Deva,Indo-European,10.225085947081105,1.2613,0.92,0.00626127514988184,0.12266135960817337,Indo-European,Deva,-4.304065093204169
bloom-7b1,ita_Latn,0.24,Latn,Indo-European,11.218657350111846,1.2931,0.9166666666666666,0.05292217805981636,0.18147172033786774,Indo-European,Latn,-4.304065093204169
bloom-7b1,khm_Khmr,0.22333333333333333,Khmr,Austroasiatic,8.873125289337338,5.0014,0.023333333333333334,-0.05832524225115776,-0.026103783398866653,other,other,-4.304065093204169
bloom-7b1,lvs_Latn,0.26666666666666666,Latn,Balto-Slavic,9.894602930159628,1.9751,0.07333333333333333,-0.07446541637182236,-0.0051576257683336735,Balto-Slavic,Latn,-3.7841896339182615
bloom-7b1,npi_Deva,0.24333333333333335,Deva,Indo-European,9.314204818644845,1.1422,0.91,0.015559380874037743,0.11418691277503967,Indo-European,Deva,-4.304065093204169
bloom-7b1,pol_Latn,0.25666666666666665,Latn,Balto-Slavic,11.069183544489329,2.0183,0.2,-0.04775514453649521,0.0226731039583683,Balto-Slavic,Latn,-4.304065093204169
bloom-7b1,slv_Latn,0.22333333333333333,Latn,Balto-Slavic,9.903501694149961,1.7412,0.24,-0.059826504439115524,0.020225442945957184,Balto-Slavic,Latn,-4.304065093204169
bloom-7b1,swe_Latn,0.24,Latn,Indo-European,10.585304823582218,1.5766,0.45,-0.036337219178676605,0.0693444311618805,Indo-European,Latn,-4.304065093204169
bloom-7b1,tso_Latn,0.27,Latn,Afro-Asiatic,,,,,,Afro-Asiatic,Latn,-3.5973122605884447
bloom-7b1,xho_Latn,0.25666666666666665,Latn,Atlantic-Congo,,1.5398,0.1,-0.0897137001156807,-0.021031104028224945,Atlantic-Congo,Latn,-4.304065093204169
bloom-7b1,afr_Latn,0.27,Latn,Indo-European,9.04883387717687,1.5183,0.34,-0.05877820402383804,0.050941430032253265,Indo-European,Latn,-3.5973122605884447
bloom-7b1,asm_Beng,0.21666666666666667,Beng,Indo-European,7.923181284977745,,,,,Indo-European,other,-4.304065093204169
bloom-7b1,ces_Latn,0.20666666666666667,Latn,Balto-Slavic,10.755192300065602,2.0292,0.18,-0.05687753111124039,0.026128264144062996,Balto-Slavic,Latn,-4.304065093204169
bloom-7b1,fra_Latn,0.23333333333333334,Latn,Indo-European,11.504243358607456,1.0153,0.97,0.025823423638939857,0.20423287153244019,Indo-European,Latn,-4.304065093204169
bloom-7b1,hin_Latn,0.2633333333333333,,,,,,,,other,other,-4.011868340397864
bloom-7b1,jav_Latn,0.26,Latn,Austronesian,,,,,,Austronesian,Latn,-4.304065093204169
bloom-7b1,kin_Latn,0.23666666666666666,Latn,Atlantic-Congo,,1.3223,0.20666666666666667,-0.05835216864943504,0.019449040293693542,Atlantic-Congo,Latn,-4.304065093204169
bloom-7b1,mal_Mlym,0.23,Mlym,Dravidian,9.322334431411548,1.1939,0.85,-0.016403906047344208,0.07085434347391129,Dravidian,other,-4.304065093204169
bloom-7b1,npi_Latn,0.25666666666666665,,,,,,,,other,other,-4.304065093204169
bloom-7b1,por_Latn,0.24666666666666667,Latn,Indo-European,11.136535917638877,1.0141,0.9933333333333333,0.07543732970952988,0.255123496055603,Indo-European,Latn,-4.304065093204169
bloom-7b1,sna_Latn,0.25,Latn,Atlantic-Congo,,,,,,Atlantic-Congo,Latn,-4.304065093204169
bloom-7b1,swh_Latn,0.25333333333333335,Latn,Atlantic-Congo,7.487255902011655,1.0901,0.8433333333333334,-0.0008012220496311784,0.12962880730628967,Atlantic-Congo,Latn,-4.304065093204169
bloom-7b1,tur_Latn,0.23666666666666666,Latn,Turkic,10.808162253319553,1.7719,0.1,-0.08432502299547195,-0.004761781543493271,Turkic,Latn,-4.304065093204169
bloom-7b1,yor_Latn,0.24333333333333335,Latn,Atlantic-Congo,4.632892380992985,2.2114,0.08,-0.06329518556594849,-0.016860555857419968,Atlantic-Congo,Latn,-4.304065093204169
bloom-7b1,als_Latn,0.26,Latn,Indo-European,9.562161153905935,1.8128,0.12333333333333334,-0.06761794537305832,0.011775892227888107,Indo-European,Latn,-4.304065093204169
bloom-7b1,azj_Latn,0.25333333333333335,Latn,Turkic,9.545721659518483,1.9969,0.04,-0.09495549649000168,-0.031844209879636765,Turkic,Latn,-4.304065093204169
bloom-7b1,ckb_Arab,0.23666666666666666,Arab,Indo-European,8.481429599472412,,,,,Indo-European,Arab,-4.304065093204169
bloom-7b1,fuv_Latn,0.20666666666666667,Latn,Atlantic-Congo,,,,,,Atlantic-Congo,Latn,-4.304065093204169
bloom-7b1,hrv_Latn,0.23,Latn,Balto-Slavic,7.610626216540094,1.7581,0.24666666666666667,-0.06046098843216896,0.02394154481589794,Balto-Slavic,Latn,-4.304065093204169
bloom-7b1,jpn_Jpan,0.22333333333333333,Jpan,Japonic,11.032916144087627,3.9055,0.65,-0.015664102509617805,0.05901860445737839,other,other,-4.304065093204169
bloom-7b1,kir_Cyrl,0.24666666666666667,Cyrl,Turkic,8.70022124395045,2.7978,0.01,-0.10617641359567642,-0.050488121807575226,Turkic,Cyrl,-4.304065093204169
bloom-7b1,mar_Deva,0.24666666666666667,Deva,Indo-European,9.291197362643686,1.1994,0.8933333333333333,0.007767221890389919,0.09956523776054382,Indo-European,Deva,-4.304065093204169
bloom-7b1,nso_Latn,0.24,Latn,Atlantic-Congo,,1.5519,0.11,-0.08739292621612549,-0.010593072511255741,Atlantic-Congo,Latn,-4.304065093204169
bloom-7b1,snd_Arab,0.2733333333333333,Arab,Indo-European,8.168753912613957,,,,,Indo-European,Arab,-3.4385849137337767
bloom-7b1,tam_Taml,0.24,Taml,Dravidian,9.641283555217916,1.0547,0.83,-0.0031691615004092455,0.08728570491075516,Dravidian,other,-4.304065093204169
bloom-7b1,ukr_Cyrl,0.25333333333333335,Cyrl,Balto-Slavic,10.582360317494818,2.5494,0.19,-0.02289547584950924,0.030861975625157356,Balto-Slavic,Cyrl,-4.304065093204169
bloom-7b1,zho_Hans,0.24666666666666667,Hans,Sino-Tibetan,11.356131798505956,2.5662,0.97,0.028527135029435158,0.17154482007026672,Sino-Tibetan,other,-4.304065093204169
bloom-7b1,amh_Ethi,0.24,Ethi,Afro-Asiatic,8.5541337799261,7.2607,0.01,-0.08592202514410019,-0.05201044678688049,Afro-Asiatic,other,-4.304065093204169
bloom-7b1,bam_Latn,0.2633333333333333,Latn,Mande,,,,,,other,Latn,-4.011868340397864
bloom-7b1,dan_Latn,0.24,Latn,Indo-European,10.360245901721395,1.5482,0.44333333333333336,-0.02747303992509842,0.07186540216207504,Indo-European,Latn,-4.304065093204169
bloom-7b1,gaz_Latn,0.21666666666666667,Latn,Afro-Asiatic,,1.6932,0.05,-0.14499571919441223,-0.07357516884803772,Afro-Asiatic,Latn,-4.304065093204169
bloom-7b1,hun_Latn,0.2,Latn,Uralic,10.637669631397417,1.8404,0.06666666666666667,-0.0775984451174736,-0.012134883552789688,Uralic,Latn,-4.304065093204169
bloom-7b1,kac_Latn,0.27,Latn,Sino-Tibetan,,,,,,Sino-Tibetan,Latn,-3.5973122605884447
bloom-7b1,kor_Hang,0.24,Hang,Koreanic,10.39384619552899,5.3954,0.12,-0.06047346815466881,0.0007727242191322148,other,other,-4.304065093204169
bloom-7b1,mkd_Cyrl,0.25333333333333335,Cyrl,Balto-Slavic,9.301746425904852,2.2529,0.08,-0.03969847410917282,0.01667947508394718,Balto-Slavic,Cyrl,-4.304065093204169
bloom-7b1,nya_Latn,0.23333333333333334,Latn,Afro-Asiatic,,1.5101,0.13,-0.09425396472215652,-0.004998584743589163,Afro-Asiatic,Latn,-4.304065093204169
bloom-7b1,ron_Latn,0.23333333333333334,Latn,Indo-European,10.598220789235436,1.6284,0.49,-0.013217619620263577,0.07862021028995514,Indo-European,Latn,-4.304065093204169
bloom-7b1,som_Latn,0.20666666666666667,Latn,Afro-Asiatic,3.781970673912552,1.6694,0.09333333333333334,-0.12491628527641296,-0.037753619253635406,Afro-Asiatic,Latn,-4.304065093204169
bloom-7b1,tel_Telu,0.23333333333333334,Telu,Dravidian,9.195061276656201,1.2417,0.7933333333333333,-0.019342180341482162,0.07024133950471878,Dravidian,other,-4.304065093204169
bloom-7b1,urd_Arab,0.24333333333333335,Arab,Indo-European,9.431854501264098,1.3231,0.9066666666666666,0.01376928761601448,0.11151855438947678,Indo-European,Arab,-4.304065093204169
bloom-7b1,zho_Hant,0.24333333333333335,Hant,Sino-Tibetan,11.356131798505956,2.5662,,,,Sino-Tibetan,other,-4.304065093204169
bloom-7b1,apc_Arab,0.24333333333333335,Arab,Afro-Asiatic,,,,,,Afro-Asiatic,Arab,-4.304065093204169
bloom-7b1,ben_Beng,0.23333333333333334,Beng,Indo-European,9.981044874347496,1.2106,0.9233333333333333,0.008173095062375069,0.12995408475399017,Indo-European,other,-4.304065093204169
bloom-7b1,deu_Latn,0.20333333333333334,Latn,Indo-European,11.552705133249123,1.4099,0.76,0.017004072666168213,0.10671030730009079,Indo-European,Latn,-4.304065093204169
bloom-7b1,grn_Latn,0.23666666666666666,Latn,Tupian,4.10407720615511,,,,,other,Latn,-4.304065093204169
bloom-7b1,hye_Armn,0.23666666666666666,Armn,Indo-European,9.379338026785135,3.7045,0.006666666666666667,-0.07876677811145782,-0.04033336043357849,Indo-European,other,-4.304065093204169
bloom-7b1,kan_Knda,0.24,Knda,Dravidian,9.094221311622814,1.197,0.8233333333333334,-0.010453833267092705,0.07255183905363083,Dravidian,other,-4.304065093204169
bloom-7b1,lao_Laoo,0.24333333333333335,Laoo,Tai-Kadai,8.225972821174405,7.986,0.03666666666666667,-0.061159491539001465,-0.029232753440737724,Tai-Kadai,other,-4.304065093204169
bloom-7b1,mlt_Latn,0.26,Latn,Afro-Asiatic,,1.9665,0.08666666666666667,-0.09178366512060165,-0.0034044189378619194,Afro-Asiatic,Latn,-4.304065093204169
bloom-7b1,ory_Orya,0.24666666666666667,Orya,Indo-European,8.00140143263562,,,,,Indo-European,other,-4.304065093204169
bloom-7b1,rus_Cyrl,0.26666666666666666,Cyrl,Balto-Slavic,11.867586387163913,2.2388,0.55,-0.02216373197734356,0.04840394854545593,Balto-Slavic,Cyrl,-3.7841896339182615
bloom-7b1,sot_Latn,0.21,Latn,Atlantic-Congo,,,,,,Atlantic-Congo,Latn,-4.304065093204169
bloom-7b1,tgk_Cyrl,0.25,Cyrl,Indo-European,,,,,,Indo-European,Cyrl,-4.304065093204169
bloom-7b1,urd_Latn,0.24666666666666667,,,,,,,,other,other,-4.304065093204169
bloom-7b1,zsm_Latn,0.24666666666666667,Latn,Austronesian,7.287263587861631,0.9466,0.97,0.07388541847467422,0.21229679882526398,Austronesian,Latn,-4.304065093204169
bloom-7b1,arb_Arab,0.26,Arab,Afro-Asiatic,10.841073612355865,1.2181,0.98,0.029168182983994484,0.17161861062049866,Afro-Asiatic,Arab,-4.304065093204169
bloom-7b1,ben_Latn,0.22333333333333333,,,,,,,,other,other,-4.304065093204169
bloom-7b1,ell_Grek,0.24333333333333335,Grek,Indo-European,10.634956550916772,2.9728,0.07,-0.04422733560204506,-0.0005201594904065132,Indo-European,other,-4.304065093204169
bloom-7b1,guj_Gujr,0.22666666666666666,Gujr,Indo-European,9.053743034427566,1.352,0.8566666666666667,0.010075760073959827,0.0911523699760437,Indo-European,other,-4.304065093204169
bloom-7b1,ibo_Latn,0.2633333333333333,Latn,Atlantic-Congo,,1.5724,0.15666666666666668,-0.04860944300889969,0.028235124424099922,Atlantic-Congo,Latn,-4.011868340397864
bloom-7b1,kat_Geor,0.25,Geor,kartvelian,9.417907523376437,4.2148,0.006666666666666667,-0.07416076213121414,-0.037328965961933136,other,other,-4.304065093204169
bloom-7b1,lin_Latn,0.24666666666666667,Latn,Atlantic-Congo,,,,,,Atlantic-Congo,Latn,-4.304065093204169
bloom-7b1,mri_Latn,0.26,Latn,Austronesian,,1.8075,0.07333333333333333,-0.09637152403593063,-0.03181938827037811,Austronesian,Latn,-4.304065093204169
bloom-7b1,pan_Guru,0.22333333333333333,Guru,Indo-European,8.861860543889303,1.3677,0.8533333333333334,0.009252146817743778,0.091878242790699,Indo-European,other,-4.304065093204169
bloom-7b1,shn_Mymr,0.24333333333333335,Mymr,Tai-Kadai,,,,,,Tai-Kadai,other,-4.304065093204169
bloom-7b1,spa_Latn,0.21666666666666667,Latn,Indo-European,11.572692346038526,0.9971,0.99,0.055734191089868546,0.2541114389896393,Indo-European,Latn,-4.304065093204169
bloom-7b1,tgl_Latn,0.24,Latn,Austronesian,8.383970492667663,,,,,Austronesian,Latn,-4.304065093204169
bloom-7b1,uzn_Latn,0.27,Latn,Turkic,7.876511046298704,1.7097,0.04,-0.1332220435142517,-0.05732148513197899,Turkic,Latn,-3.5973122605884447
bloom-7b1,zul_Latn,0.24333333333333335,Latn,Atlantic-Congo,,1.5122,0.06333333333333334,-0.10632124543190002,-0.023049885407090187,Atlantic-Congo,Latn,-4.304065093204169
bloom-7b1,arb_Latn,0.22333333333333333,Latn,Afro-Asiatic,10.841073612355865,1.2181,,,,Afro-Asiatic,Latn,-4.304065093204169
bloom-7b1,bod_Tibt,0.2,Tibt,Sino-Tibetan,,5.452,0.006666666666666667,-0.06863954663276672,-0.04148399829864502,Sino-Tibetan,other,-4.304065093204169
bloom-7b1,eng_Latn,0.25,Latn,Indo-European,12.454382979077453,1.0,,,,Indo-European,Latn,-4.304065093204169
bloom-7b1,hat_Latn,0.2733333333333333,Latn,Atlantic-Congo,4.418019405728941,,,,,Atlantic-Congo,Latn,-3.4385849137337767
bloom-7b1,ilo_Latn,0.25,Latn,Austronesian,,,,,,Austronesian,Latn,-4.304065093204169
bloom-7b1,kaz_Cyrl,0.2633333333333333,Cyrl,Turkic,9.447543326977344,2.9647,0.02,-0.09788522124290466,-0.04639744386076927,Turkic,Cyrl,-4.011868340397864
bloom-7b1,lit_Latn,0.22666666666666666,Latn,Balto-Slavic,10.153726802927073,1.8931,0.06666666666666667,-0.08927840739488602,-0.013213262893259525,Balto-Slavic,Latn,-4.304065093204169
bloom-7b1,mya_Mymr,0.25666666666666665,Mymr,Sino-Tibetan,8.94576714414124,8.5236,0.0033333333333333335,-0.07854180037975311,-0.04600725322961807,Sino-Tibetan,other,-4.304065093204169
bloom-7b1,pbt_Arab,0.25333333333333335,Arab,Indo-European,8.559915920992061,2.6877,0.023333333333333334,-0.07887494564056396,-0.03632771968841553,Indo-European,Arab,-4.304065093204169
bloom-7b1,sin_Latn,0.27,,,,,,,,other,other,-3.5973122605884447
bloom-7b1,srp_Cyrl,0.23666666666666666,Cyrl,Balto-Slavic,9.664593347362308,2.4338,0.09,-0.04658796265721321,0.010721365921199322,Balto-Slavic,Cyrl,-4.304065093204169
bloom-7b1,tha_Thai,0.24,Thai,Tai-Kadai,10.196379987855126,4.3353,0.05,-0.05939837172627449,-0.015936322510242462,Tai-Kadai,other,-4.304065093204169
bloom-7b1,vie_Latn,0.22666666666666666,Latn,Austroasiatic,10.743353922054286,1.1413,0.9766666666666667,0.03790435567498207,0.1976580023765564,other,Latn,-4.304065093204169
bloom-7b1,ars_Arab,0.2633333333333333,Arab,Afro-Asiatic,,,,,,Afro-Asiatic,Arab,-4.011868340397864
bloom-7b1,bul_Cyrl,0.21666666666666667,Cyrl,Balto-Slavic,10.360175858097726,2.2848,0.11333333333333333,-0.03944111615419388,0.022818787023425102,Balto-Slavic,Cyrl,-4.304065093204169
bloom-7b1,est_Latn,0.23666666666666666,Latn,Uralic,9.944761723531126,1.7028,0.1,-0.11317381262779236,-0.024382028728723526,Uralic,Latn,-4.304065093204169
bloom-7b1,hau_Latn,0.24333333333333335,Latn,Afro-Asiatic,,1.6313,0.08,-0.1263018101453781,-0.03153901547193527,Afro-Asiatic,Latn,-4.304065093204169
bloom-7b1,ind_Latn,0.26666666666666666,Latn,Austronesian,10.081454105942349,0.8461,0.9933333333333333,0.08928214013576508,0.24095585942268372,Austronesian,Latn,-3.7841896339182615
bloom-7b1,kea_Latn,0.25,Latn,Portuguese Creole,,,,,,other,Latn,-4.304065093204169
bloom-7b1,lug_Latn,0.19,Latn,Atlantic-Congo,,,,,,Atlantic-Congo,Latn,-4.304065093204169
bloom-7b1,nld_Latn,0.26666666666666666,Latn,Indo-European,10.903264809073452,1.4488,0.49666666666666665,-0.017222946509718895,0.08009187132120132,Indo-European,Latn,-3.7841896339182615
bloom-7b1,pes_Arab,0.24,Arab,Indo-European,10.662263375070816,1.7821,0.21333333333333335,-0.04447358474135399,0.017901135608553886,Indo-European,Arab,-4.304065093204169
bloom-7b1,sin_Sinh,0.2866666666666667,Sinh,Indo-European,8.94462532284678,7.5809,,,,Indo-European,other,-2.9680807422234805
bloom-7b1,ssw_Latn,0.25333333333333335,Latn,Atlantic-Congo,,1.5602,0.09333333333333334,-0.10162803530693054,-0.02439158223569393,Atlantic-Congo,Latn,-4.304065093204169
bloom-7b1,tir_Ethi,0.22,Ethi,Afro-Asiatic,,6.9418,0.006666666666666667,-0.08539920300245285,-0.05018603429198265,Afro-Asiatic,other,-4.304065093204169
bloom-7b1,war_Latn,0.23333333333333334,Latn,Austronesian,,,,,,Austronesian,Latn,-4.304065093204169
bloom-7b1,ary_Arab,0.26,,,,,,,,other,other,-4.304065093204169
bloom-7b1,cat_Latn,0.23333333333333334,Latn,Indo-European,10.097961053275002,1.0421,0.99,0.054839421063661575,0.2311113476753235,Indo-European,Latn,-4.304065093204169
bloom-7b1,eus_Latn,0.25666666666666665,Latn,isolate,9.101082328203272,1.0313,0.88,0.01244477927684784,0.12014956027269363,other,Latn,-4.304065093204169
bloom-7b1,heb_Hebr,0.25666666666666665,Hebr,Afro-Asiatic,9.693476506485494,3.4849,0.043333333333333335,-0.05758555233478546,-0.013978960923850536,Afro-Asiatic,other,-4.304065093204169
bloom-7b1,isl_Latn,0.23666666666666666,Latn,Indo-European,9.371177412080815,1.9114,0.09333333333333334,-0.0809217244386673,-0.005137642379850149,Indo-European,Latn,-4.304065093204169
bloom-7b1,khk_Cyrl,0.22,Cyrl,Mongolic-Khitan,9.267328434893145,3.1115,0.013333333333333334,-0.09992445260286331,-0.048653893172740936,other,Cyrl,-4.304065093204169
bloom-7b1,luo_Latn,0.28,Latn,Nilotic,,,,,,other,Latn,-3.178053830347945
bloom-7b1,nob_Latn,0.23333333333333334,Latn,Indo-European,10.265445888776227,1.5488,0.39666666666666667,-0.03579624369740486,0.06106123700737953,Indo-European,Latn,-4.304065093204169
bloom-7b1,plt_Latn,0.25,Latn,Austronesian,8.15437957359287,1.6069,0.07666666666666666,-0.09914017468690872,-0.027592124417424202,Austronesian,Latn,-4.304065093204169
bloom-7b1,slk_Latn,0.2733333333333333,Latn,Balto-Slavic,10.215972316299656,1.8798,0.18333333333333332,-0.05432009696960449,0.022447796538472176,Balto-Slavic,Latn,-3.4385849137337767
bloom-7b1,sun_Latn,0.24666666666666667,Latn,Austronesian,6.11676045067112,,,,,Austronesian,Latn,-4.304065093204169
bloom-7b1,tsn_Latn,0.23666666666666666,Latn,Atlantic-Congo,,1.5272,0.08,-0.07875243574380875,-0.010375921614468098,Atlantic-Congo,Latn,-4.304065093204169
bloom-7b1,wol_Latn,0.2733333333333333,Latn,Atlantic-Congo,,1.6487,0.07666666666666666,-0.09811778366565704,-0.027769021689891815,Atlantic-Congo,Latn,-3.4385849137337767
EuroLLM-1.7B,acm_Arab,0.2866666666666667,Arab,Afro-Asiatic,,,,,,Afro-Asiatic,Arab,-2.9680807422234805
EuroLLM-1.7B,arz_Arab,0.27,Arab,Afro-Asiatic,,,,,,Afro-Asiatic,Arab,-3.5973122605884447
EuroLLM-1.7B,ceb_Latn,0.23333333333333334,Latn,Austronesian,,,,,,Austronesian,Latn,-4.304065093204169
EuroLLM-1.7B,fin_Latn,0.23333333333333334,Latn,Uralic,10.461273505456898,1.2058,0.9766666666666667,0.06259673088788986,0.1798183172941208,Uralic,Latn,-4.304065093204169
EuroLLM-1.7B,hin_Deva,0.25333333333333335,Deva,Indo-European,10.225085947081105,1.5511,0.9466666666666667,0.015306257642805576,0.127863809466362,Indo-European,Deva,-4.304065093204169
EuroLLM-1.7B,ita_Latn,0.26666666666666666,Latn,Indo-European,11.218657350111846,0.9742,0.9933333333333333,0.08853735774755478,0.25882935523986816,Indo-European,Latn,-3.7841896339182615
EuroLLM-1.7B,khm_Khmr,0.26,Khmr,Austroasiatic,8.873125289337338,9.8175,0.0033333333333333335,-0.1414404809474945,-0.09378018230199814,other,other,-4.304065093204169
EuroLLM-1.7B,lvs_Latn,0.25,Latn,Balto-Slavic,9.894602930159628,1.3953,0.9633333333333334,0.049115195870399475,0.185357466340065,Balto-Slavic,Latn,-4.304065093204169
EuroLLM-1.7B,npi_Deva,0.24666666666666667,Deva,Indo-European,9.314204818644845,1.8958,0.16666666666666666,-0.06812184303998947,0.025001749396324158,Indo-European,Deva,-4.304065093204169
EuroLLM-1.7B,pol_Latn,0.26666666666666666,Latn,Balto-Slavic,11.069183544489329,1.3636,0.9566666666666667,0.02315864898264408,0.16631025075912476,Balto-Slavic,Latn,-3.7841896339182615
EuroLLM-1.7B,slv_Latn,0.25333333333333335,Latn,Balto-Slavic,9.903501694149961,1.2411,0.9833333333333333,0.05551318824291229,0.19849081337451935,Balto-Slavic,Latn,-4.304065093204169
EuroLLM-1.7B,swe_Latn,0.25666666666666665,Latn,Indo-European,10.585304823582218,1.1856,0.9966666666666667,0.09443023055791855,0.24346570670604706,Indo-European,Latn,-4.304065093204169
EuroLLM-1.7B,tso_Latn,0.2633333333333333,Latn,Afro-Asiatic,,,,,,Afro-Asiatic,Latn,-4.011868340397864
EuroLLM-1.7B,xho_Latn,0.27666666666666667,Latn,Atlantic-Congo,,1.6941,0.05333333333333334,-0.15720127522945404,-0.06676684319972992,Atlantic-Congo,Latn,-3.3004558118606235
EuroLLM-1.7B,afr_Latn,0.25333333333333335,Latn,Indo-European,9.04883387717687,1.2458,0.7333333333333333,-0.006559315137565136,0.1317937970161438,Indo-European,Latn,-4.304065093204169
EuroLLM-1.7B,asm_Beng,0.31,Beng,Indo-European,7.923181284977745,,,,,Indo-European,other,-2.4423470353692043
EuroLLM-1.7B,ces_Latn,0.25666666666666665,Latn,Balto-Slavic,10.755192300065602,1.4583,0.9733333333333334,0.05561506003141403,0.19362697005271912,Balto-Slavic,Latn,-4.304065093204169
EuroLLM-1.7B,fra_Latn,0.27666666666666667,Latn,Indo-European,11.504243358607456,1.1156,0.9666666666666667,0.025766858831048012,0.19676019251346588,Indo-European,Latn,-3.3004558118606235
EuroLLM-1.7B,hin_Latn,0.24333333333333335,,,,,,,,other,other,-4.304065093204169
EuroLLM-1.7B,jav_Latn,0.27,Latn,Austronesian,,,,,,Austronesian,Latn,-3.5973122605884447
EuroLLM-1.7B,kin_Latn,0.2633333333333333,Latn,Atlantic-Congo,,1.6368,0.023333333333333334,-0.16713495552539825,-0.07163945585489273,Atlantic-Congo,Latn,-4.011868340397864
EuroLLM-1.7B,mal_Mlym,0.27,Mlym,Dravidian,9.322334431411548,10.6542,0.0033333333333333335,-0.1225300058722496,-0.07377441227436066,Dravidian,other,-3.5973122605884447
EuroLLM-1.7B,npi_Latn,0.27,,,,,,,,other,other,-3.5973122605884447
EuroLLM-1.7B,por_Latn,0.22,Latn,Indo-European,11.136535917638877,1.029,0.9833333333333333,0.07866215705871582,0.25234052538871765,Indo-European,Latn,-4.304065093204169
EuroLLM-1.7B,sna_Latn,0.24666666666666667,Latn,Atlantic-Congo,,,,,,Atlantic-Congo,Latn,-4.304065093204169
EuroLLM-1.7B,swh_Latn,0.25333333333333335,Latn,Atlantic-Congo,7.487255902011655,1.5312,0.06,-0.17205962538719177,-0.06876848638057709,Atlantic-Congo,Latn,-4.304065093204169
EuroLLM-1.7B,tur_Latn,0.24,Latn,Turkic,10.808162253319553,1.1797,0.9333333333333333,0.01099095307290554,0.1504562944173813,Turkic,Latn,-4.304065093204169
EuroLLM-1.7B,yor_Latn,0.23333333333333334,Latn,Atlantic-Congo,4.632892380992985,2.7445,0.016666666666666666,-0.1256302148103714,-0.06342178583145142,Atlantic-Congo,Latn,-4.304065093204169
EuroLLM-1.7B,als_Latn,0.25333333333333335,Latn,Indo-European,9.562161153905935,1.7587,0.08666666666666667,-0.12330202013254166,-0.019499143585562706,Indo-European,Latn,-4.304065093204169
EuroLLM-1.7B,azj_Latn,0.2633333333333333,Latn,Turkic,9.545721659518483,1.8967,0.20666666666666667,-0.05336794629693031,0.03053482621908188,Turkic,Latn,-4.011868340397864
EuroLLM-1.7B,ckb_Arab,0.2633333333333333,Arab,Indo-European,8.481429599472412,,,,,Indo-European,Arab,-4.011868340397864
EuroLLM-1.7B,fuv_Latn,0.22333333333333333,Latn,Atlantic-Congo,,,,,,Atlantic-Congo,Latn,-4.304065093204169
EuroLLM-1.7B,hrv_Latn,0.26,Latn,Balto-Slavic,7.610626216540094,1.2366,0.97,0.05400941148400307,0.1871691793203354,Balto-Slavic,Latn,-4.304065093204169
EuroLLM-1.7B,jpn_Jpan,0.32,Jpan,Japonic,11.032916144087627,2.7131,0.93,0.011539241299033165,0.1343425214290619,other,other,-2.2735975561207935
EuroLLM-1.7B,kir_Cyrl,0.25666666666666665,Cyrl,Turkic,8.70022124395045,2.1535,0.02666666666666667,-0.13326217234134674,-0.043474964797496796,Turkic,Cyrl,-4.304065093204169
EuroLLM-1.7B,mar_Deva,0.29333333333333333,Deva,Indo-European,9.291197362643686,2.0177,0.11333333333333333,-0.08067867159843445,0.003790723392739892,Indo-European,Deva,-2.7916369172104756
EuroLLM-1.7B,nso_Latn,0.25333333333333335,Latn,Atlantic-Congo,,1.5503,0.06666666666666667,-0.1614910215139389,-0.060281213372945786,Atlantic-Congo,Latn,-4.304065093204169
EuroLLM-1.7B,snd_Arab,0.25,Arab,Indo-European,8.168753912613957,,,,,Indo-European,Arab,-4.304065093204169
EuroLLM-1.7B,tam_Taml,0.29,Taml,Dravidian,9.641283555217916,6.4096,0.0033333333333333335,-0.13475383818149567,-0.07898295670747757,Dravidian,other,-2.876385515921425
EuroLLM-1.7B,ukr_Cyrl,0.25666666666666665,Cyrl,Balto-Slavic,10.582360317494818,1.3911,0.9933333333333333,0.059372782707214355,0.20051096379756927,Balto-Slavic,Cyrl,-4.304065093204169
EuroLLM-1.7B,zho_Hans,0.28,Hans,Sino-Tibetan,11.356131798505956,3.3334,0.9666666666666667,0.02182934246957302,0.16275322437286377,Sino-Tibetan,other,-3.178053830347945
EuroLLM-1.7B,amh_Ethi,0.27666666666666667,Ethi,Afro-Asiatic,8.5541337799261,11.091,0.0033333333333333335,-0.14633718132972717,-0.09952864050865173,Afro-Asiatic,other,-3.3004558118606235
EuroLLM-1.7B,bam_Latn,0.24666666666666667,Latn,Mande,,,,,,other,Latn,-4.304065093204169
EuroLLM-1.7B,dan_Latn,0.2833333333333333,Latn,Indo-European,10.360245901721395,1.1776,0.9933333333333333,0.0951322391629219,0.24770019948482513,Indo-European,Latn,-3.0680529351336174
EuroLLM-1.7B,gaz_Latn,0.21333333333333335,Latn,Afro-Asiatic,,1.6035,0.03333333333333333,-0.19275283813476562,-0.08978535979986191,Afro-Asiatic,Latn,-4.304065093204169
EuroLLM-1.7B,hun_Latn,0.24333333333333335,Latn,Uralic,10.637669631397417,1.2629,0.9566666666666667,0.025569109246134758,0.15942472219467163,Uralic,Latn,-4.304065093204169
EuroLLM-1.7B,kac_Latn,0.2633333333333333,Latn,Sino-Tibetan,,,,,,Sino-Tibetan,Latn,-4.011868340397864
EuroLLM-1.7B,kor_Hang,0.25666666666666665,Hang,Koreanic,10.39384619552899,2.4424,0.9733333333333334,0.03332936018705368,0.14573971927165985,other,other,-4.304065093204169
EuroLLM-1.7B,mkd_Cyrl,0.23666666666666666,Cyrl,Balto-Slavic,9.301746425904852,1.5664,0.6433333333333333,-0.002093805465847254,0.10985959321260452,Balto-Slavic,Cyrl,-4.304065093204169
EuroLLM-1.7B,nya_Latn,0.20666666666666667,Latn,Afro-Asiatic,,1.5625,0.06666666666666667,-0.17697685956954956,-0.07169068604707718,Afro-Asiatic,Latn,-4.304065093204169
EuroLLM-1.7B,ron_Latn,0.21333333333333335,Latn,Indo-European,10.598220789235436,1.1933,0.97,0.030249275267124176,0.2102753221988678,Indo-European,Latn,-4.304065093204169
EuroLLM-1.7B,som_Latn,0.20666666666666667,Latn,Afro-Asiatic,3.781970673912552,1.6397,0.05333333333333334,-0.18583005666732788,-0.0668712854385376,Afro-Asiatic,Latn,-4.304065093204169
EuroLLM-1.7B,tel_Telu,0.23666666666666666,Telu,Dravidian,9.195061276656201,9.3212,0.006666666666666667,-0.12552550435066223,-0.07573024183511734,Dravidian,other,-4.304065093204169
EuroLLM-1.7B,urd_Arab,0.22,Arab,Indo-European,9.431854501264098,3.6226,0.016666666666666666,-0.1162286028265953,-0.05516885221004486,Indo-European,Arab,-4.304065093204169
EuroLLM-1.7B,zho_Hant,0.2966666666666667,Hant,Sino-Tibetan,11.356131798505956,3.3334,,,,Sino-Tibetan,other,-2.7128008038608074
EuroLLM-1.7B,apc_Arab,0.26666666666666666,Arab,Afro-Asiatic,,,,,,Afro-Asiatic,Arab,-3.7841896339182615
EuroLLM-1.7B,ben_Beng,0.2733333333333333,Beng,Indo-European,9.981044874347496,5.7863,0.006666666666666667,-0.12716427445411682,-0.07248903810977936,Indo-European,other,-3.4385849137337767
EuroLLM-1.7B,deu_Latn,0.24666666666666667,Latn,Indo-European,11.552705133249123,1.0169,0.9933333333333333,0.08240494877099991,0.23460696637630463,Indo-European,Latn,-4.304065093204169
EuroLLM-1.7B,grn_Latn,0.2733333333333333,Latn,Tupian,4.10407720615511,,,,,other,Latn,-3.4385849137337767
EuroLLM-1.7B,hye_Armn,0.2633333333333333,Armn,Indo-European,9.379338026785135,5.2254,0.006666666666666667,-0.12314501404762268,-0.06865046173334122,Indo-European,other,-4.011868340397864
EuroLLM-1.7B,kan_Knda,0.2633333333333333,Knda,Dravidian,9.094221311622814,11.511,0.0033333333333333335,-0.12219767272472382,-0.07494665682315826,Dravidian,other,-4.011868340397864
EuroLLM-1.7B,lao_Laoo,0.26,Laoo,Tai-Kadai,8.225972821174405,11.1009,0.006666666666666667,-0.11826788634061813,-0.07580891996622086,Tai-Kadai,other,-4.304065093204169
EuroLLM-1.7B,mlt_Latn,0.2633333333333333,Latn,Afro-Asiatic,,1.4396,0.9433333333333334,0.04206579551100731,0.1845412254333496,Afro-Asiatic,Latn,-4.011868340397864
EuroLLM-1.7B,ory_Orya,0.30666666666666664,Orya,Indo-European,8.00140143263562,,,,,Indo-European,other,-2.5043247356451026
EuroLLM-1.7B,rus_Cyrl,0.23333333333333334,Cyrl,Balto-Slavic,11.867586387163913,1.1894,0.94,0.010486984625458717,0.1605139523744583,Balto-Slavic,Cyrl,-4.304065093204169
EuroLLM-1.7B,sot_Latn,0.21666666666666667,Latn,Atlantic-Congo,,,,,,Atlantic-Congo,Latn,-4.304065093204169
EuroLLM-1.7B,tgk_Cyrl,0.27666666666666667,Cyrl,Indo-European,,,,,,Indo-European,Cyrl,-3.3004558118606235
EuroLLM-1.7B,urd_Latn,0.26666666666666666,,,,,,,,other,other,-3.7841896339182615
EuroLLM-1.7B,zsm_Latn,0.27,Latn,Austronesian,7.287263587861631,1.4229,0.16333333333333333,-0.08588430285453796,0.014556662179529667,Austronesian,Latn,-3.5973122605884447
EuroLLM-1.7B,arb_Arab,0.27,Arab,Afro-Asiatic,10.841073612355865,1.5275,0.9666666666666667,0.03245357424020767,0.1636241376399994,Afro-Asiatic,Arab,-3.5973122605884447
EuroLLM-1.7B,ben_Latn,0.25333333333333335,,,,,,,,other,other,-4.304065093204169
EuroLLM-1.7B,ell_Grek,0.26666666666666666,Grek,Indo-European,10.634956550916772,1.3918,0.9833333333333333,0.03312908113002777,0.1940521001815796,Indo-European,other,-3.7841896339182615
EuroLLM-1.7B,guj_Gujr,0.26,Gujr,Indo-European,9.053743034427566,10.1765,0.006666666666666667,-0.1419316828250885,-0.08941435068845749,Indo-European,other,-4.304065093204169
EuroLLM-1.7B,ibo_Latn,0.26666666666666666,Latn,Atlantic-Congo,,2.1052,0.04666666666666667,-0.151907280087471,-0.05762738361954689,Atlantic-Congo,Latn,-3.7841896339182615
EuroLLM-1.7B,kat_Geor,0.29,Geor,kartvelian,9.417907523376437,4.753,0.01,-0.1258040815591812,-0.06636357307434082,other,other,-2.876385515921425
EuroLLM-1.7B,lin_Latn,0.28,Latn,Atlantic-Congo,,,,,,Atlantic-Congo,Latn,-3.178053830347945
EuroLLM-1.7B,mri_Latn,0.27,Latn,Austronesian,,1.7361,0.03666666666666667,-0.13652284443378448,-0.047419603914022446,Austronesian,Latn,-3.5973122605884447
EuroLLM-1.7B,pan_Guru,0.2833333333333333,Guru,Indo-European,8.861860543889303,10.9248,0.0,-0.13443255424499512,-0.08515092730522156,Indo-European,other,-3.0680529351336174
EuroLLM-1.7B,shn_Mymr,0.26666666666666666,Mymr,Tai-Kadai,,,,,,Tai-Kadai,other,-3.7841896339182615
EuroLLM-1.7B,spa_Latn,0.27,Latn,Indo-European,11.572692346038526,1.0247,0.9866666666666667,0.06849431991577148,0.24911537766456604,Indo-European,Latn,-3.5973122605884447
EuroLLM-1.7B,tgl_Latn,0.2866666666666667,Latn,Austronesian,8.383970492667663,,,,,Austronesian,Latn,-2.9680807422234805
EuroLLM-1.7B,uzn_Latn,0.24666666666666667,Latn,Turkic,7.876511046298704,1.6324,0.04666666666666667,-0.17074473202228546,-0.060729485005140305,Turkic,Latn,-4.304065093204169
EuroLLM-1.7B,zul_Latn,0.2733333333333333,Latn,Atlantic-Congo,,1.6439,0.04666666666666667,-0.17068547010421753,-0.07517444342374802,Atlantic-Congo,Latn,-3.4385849137337767
EuroLLM-1.7B,arb_Latn,0.2633333333333333,Latn,Afro-Asiatic,10.841073612355865,1.5275,,,,Afro-Asiatic,Latn,-4.011868340397864
EuroLLM-1.7B,bod_Tibt,0.28,Tibt,Sino-Tibetan,,9.8607,0.0033333333333333335,-0.11611226946115494,-0.07272797077894211,Sino-Tibetan,other,-3.178053830347945
EuroLLM-1.7B,eng_Latn,0.27,Latn,Indo-European,12.454382979077453,1.0,,,,Indo-European,Latn,-3.5973122605884447
EuroLLM-1.7B,hat_Latn,0.25,Latn,Atlantic-Congo,4.418019405728941,,,,,Atlantic-Congo,Latn,-4.304065093204169
EuroLLM-1.7B,ilo_Latn,0.25333333333333335,Latn,Austronesian,,,,,,Austronesian,Latn,-4.304065093204169
EuroLLM-1.7B,kaz_Cyrl,0.22666666666666666,Cyrl,Turkic,9.447543326977344,2.2464,0.023333333333333334,-0.10988312214612961,-0.03747505322098732,Turkic,Cyrl,-4.304065093204169
EuroLLM-1.7B,lit_Latn,0.22,Latn,Balto-Slavic,10.153726802927073,1.3047,0.9466666666666667,0.03435782343149185,0.18097266554832458,Balto-Slavic,Latn,-4.304065093204169
EuroLLM-1.7B,mya_Mymr,0.2633333333333333,Mymr,Sino-Tibetan,8.94576714414124,11.58,0.0033333333333333335,-0.1445668339729309,-0.0972275659441948,Sino-Tibetan,other,-4.011868340397864
EuroLLM-1.7B,pbt_Arab,0.23666666666666666,Arab,Indo-European,8.559915920992061,3.3186,0.02,-0.14848944544792175,-0.07889307290315628,Indo-European,Arab,-4.304065093204169
EuroLLM-1.7B,sin_Latn,0.26666666666666666,,,,,,,,other,other,-3.7841896339182615
EuroLLM-1.7B,srp_Cyrl,0.28,Cyrl,Balto-Slavic,9.664593347362308,1.8069,0.41333333333333333,-0.05256281793117523,0.06509675085544586,Balto-Slavic,Cyrl,-3.178053830347945
EuroLLM-1.7B,tha_Thai,0.3,Thai,Tai-Kadai,10.196379987855126,4.6693,0.02666666666666667,-0.12558513879776,-0.054869093000888824,Tai-Kadai,other,-2.639057329615259
EuroLLM-1.7B,vie_Latn,0.24666666666666667,Latn,Austroasiatic,10.743353922054286,2.7007,0.04666666666666667,-0.09670940041542053,-0.024136852473020554,other,Latn,-4.304065093204169
EuroLLM-1.7B,ars_Arab,0.2733333333333333,Arab,Afro-Asiatic,,,,,,Afro-Asiatic,Arab,-3.4385849137337767
EuroLLM-1.7B,bul_Cyrl,0.24,Cyrl,Balto-Slavic,10.360175858097726,1.2658,0.9866666666666667,0.04232398048043251,0.20182077586650848,Balto-Slavic,Cyrl,-4.304065093204169
EuroLLM-1.7B,est_Latn,0.25,Latn,Uralic,9.944761723531126,1.2586,0.96,0.04497520998120308,0.17623834311962128,Uralic,Latn,-4.304065093204169
EuroLLM-1.7B,hau_Latn,0.27,Latn,Afro-Asiatic,,1.6503,0.043333333333333335,-0.17741404473781586,-0.06860874593257904,Afro-Asiatic,Latn,-3.5973122605884447
EuroLLM-1.7B,ind_Latn,0.25,Latn,Austronesian,10.081454105942349,1.4122,0.16666666666666666,-0.06459462642669678,0.027276935055851936,Austronesian,Latn,-4.304065093204169
EuroLLM-1.7B,kea_Latn,0.27,Latn,Portuguese Creole,,,,,,other,Latn,-3.5973122605884447
EuroLLM-1.7B,lug_Latn,0.22,Latn,Atlantic-Congo,,,,,,Atlantic-Congo,Latn,-4.304065093204169
EuroLLM-1.7B,nld_Latn,0.23,Latn,Indo-European,10.903264809073452,1.0172,0.99,0.07787445932626724,0.23464223742485046,Indo-European,Latn,-4.304065093204169
EuroLLM-1.7B,pes_Arab,0.28,Arab,Indo-European,10.662263375070816,2.5935,0.04666666666666667,-0.09338447451591492,-0.030031582340598106,Indo-European,Arab,-3.178053830347945
EuroLLM-1.7B,sin_Sinh,0.27,Sinh,Indo-European,8.94462532284678,10.9055,,,,Indo-European,other,-3.5973122605884447
EuroLLM-1.7B,ssw_Latn,0.2733333333333333,Latn,Atlantic-Congo,,1.6339,0.056666666666666664,-0.15982994437217712,-0.06715499609708786,Atlantic-Congo,Latn,-3.4385849137337767
EuroLLM-1.7B,tir_Ethi,0.27666666666666667,Ethi,Afro-Asiatic,,10.6227,0.0033333333333333335,-0.15163365006446838,-0.10439857095479965,Afro-Asiatic,other,-3.3004558118606235
EuroLLM-1.7B,war_Latn,0.23666666666666666,Latn,Austronesian,,,,,,Austronesian,Latn,-4.304065093204169
EuroLLM-1.7B,ary_Arab,0.32666666666666666,,,,,,,,other,other,-2.172773481472055
EuroLLM-1.7B,cat_Latn,0.23666666666666666,Latn,Indo-European,10.097961053275002,1.1852,0.9633333333333334,0.051321160048246384,0.20689846575260162,Indo-European,Latn,-4.304065093204169
EuroLLM-1.7B,eus_Latn,0.26666666666666666,Latn,isolate,9.101082328203272,1.4877,0.09,-0.13494911789894104,-0.03590238094329834,other,Latn,-3.7841896339182615
EuroLLM-1.7B,heb_Hebr,0.24666666666666667,Hebr,Afro-Asiatic,9.693476506485494,4.1431,0.08333333333333333,-0.07859984040260315,-0.014227750711143017,Afro-Asiatic,other,-4.304065093204169
EuroLLM-1.7B,isl_Latn,0.21,Latn,Indo-European,9.371177412080815,1.7853,0.13,-0.10675694048404694,-0.004404622130095959,Indo-European,Latn,-4.304065093204169
EuroLLM-1.7B,khk_Cyrl,0.2633333333333333,Cyrl,Mongolic-Khitan,9.267328434893145,2.4459,0.016666666666666666,-0.1227453425526619,-0.057560041546821594,other,Cyrl,-4.011868340397864
EuroLLM-1.7B,luo_Latn,0.2633333333333333,Latn,Nilotic,,,,,,other,Latn,-4.011868340397864
EuroLLM-1.7B,nob_Latn,0.26666666666666666,Latn,Indo-European,10.265445888776227,1.1685,1.0,0.08216843754053116,0.2299768626689911,Indo-European,Latn,-3.7841896339182615
EuroLLM-1.7B,plt_Latn,0.2633333333333333,Latn,Austronesian,8.15437957359287,1.5625,0.043333333333333335,-0.162278413772583,-0.06869523227214813,Austronesian,Latn,-4.011868340397864
EuroLLM-1.7B,slk_Latn,0.22,Latn,Balto-Slavic,10.215972316299656,1.2619,0.9766666666666667,0.06621935963630676,0.20196205377578735,Balto-Slavic,Latn,-4.304065093204169
EuroLLM-1.7B,sun_Latn,0.2733333333333333,Latn,Austronesian,6.11676045067112,,,,,Austronesian,Latn,-3.4385849137337767
EuroLLM-1.7B,tsn_Latn,0.2833333333333333,Latn,Atlantic-Congo,,1.541,0.03333333333333333,-0.15125305950641632,-0.06301495432853699,Atlantic-Congo,Latn,-3.0680529351336174
EuroLLM-1.7B,wol_Latn,0.27,Latn,Atlantic-Congo,,1.6666,0.06333333333333334,-0.18723048269748688,-0.0819624662399292,Atlantic-Congo,Latn,-3.5973122605884447
SmolLM2-1.7B,acm_Arab,0.31333333333333335,Arab,Afro-Asiatic,,,,,,Afro-Asiatic,Arab,-2.38343718962314
SmolLM2-1.7B,arz_Arab,0.2966666666666667,Arab,Afro-Asiatic,,,,,,Afro-Asiatic,Arab,-2.7128008038608074
SmolLM2-1.7B,ceb_Latn,0.3,Latn,Austronesian,,,,,,Austronesian,Latn,-2.639057329615259
SmolLM2-1.7B,fin_Latn,0.30666666666666664,Latn,Uralic,10.461273505456898,1.9839,0.06666666666666667,-0.0720469132065773,0.0019349964568391442,Uralic,Latn,-2.5043247356451026
SmolLM2-1.7B,hin_Deva,0.25,Deva,Indo-European,10.225085947081105,4.7998,0.08666666666666667,-0.054710566997528076,-0.007304994389414787,Indo-European,Deva,-4.304065093204169
SmolLM2-1.7B,ita_Latn,0.31666666666666665,Latn,Indo-European,11.218657350111846,1.525,0.8566666666666667,0.0187721885740757,0.1261991560459137,Indo-European,Latn,-2.3272777055844176
SmolLM2-1.7B,khm_Khmr,0.2833333333333333,Khmr,Austroasiatic,8.873125289337338,9.1233,0.006666666666666667,-0.08597206324338913,-0.04954814910888672,other,other,-3.0680529351336174
SmolLM2-1.7B,lvs_Latn,0.28,Latn,Balto-Slavic,9.894602930159628,2.3249,0.05333333333333334,-0.08209695667028427,-0.007659999653697014,Balto-Slavic,Latn,-3.178053830347945
SmolLM2-1.7B,npi_Deva,0.27,Deva,Indo-European,9.314204818644845,4.9684,0.03,-0.07673405855894089,-0.02595505863428116,Indo-European,Deva,-3.5973122605884447
SmolLM2-1.7B,pol_Latn,0.27,Latn,Balto-Slavic,11.069183544489329,2.3802,0.24333333333333335,-0.03530114144086838,0.037196677178144455,Balto-Slavic,Latn,-3.5973122605884447
SmolLM2-1.7B,slv_Latn,0.28,Latn,Balto-Slavic,9.903501694149961,1.9513,0.27666666666666667,-0.046499740332365036,0.03642657399177551,Balto-Slavic,Latn,-3.178053830347945
SmolLM2-1.7B,swe_Latn,0.29333333333333333,Latn,Indo-European,10.585304823582218,1.8109,0.6066666666666667,-0.004491165280342102,0.0893961563706398,Indo-European,Latn,-2.7916369172104756
SmolLM2-1.7B,tso_Latn,0.24333333333333335,Latn,Afro-Asiatic,,,,,,Afro-Asiatic,Latn,-4.304065093204169
SmolLM2-1.7B,xho_Latn,0.2733333333333333,Latn,Atlantic-Congo,,1.9778,0.06666666666666667,-0.1336398720741272,-0.0430116131901741,Atlantic-Congo,Latn,-3.4385849137337767
SmolLM2-1.7B,afr_Latn,0.31333333333333335,Latn,Indo-European,9.04883387717687,1.7021,0.46,-0.03384236991405487,0.0674077719449997,Indo-European,Latn,-2.38343718962314
SmolLM2-1.7B,asm_Beng,0.2833333333333333,Beng,Indo-European,7.923181284977745,,,,,Indo-European,other,-3.0680529351336174
SmolLM2-1.7B,ces_Latn,0.29333333333333333,Latn,Balto-Slavic,10.755192300065602,2.4253,0.2833333333333333,-0.03607029840350151,0.04026901721954346,Balto-Slavic,Latn,-2.7916369172104756
SmolLM2-1.7B,fra_Latn,0.33,Latn,Indo-European,11.504243358607456,1.5494,0.8466666666666667,-0.005531704518944025,0.11152391135692596,Indo-European,Latn,-2.12525107771113
SmolLM2-1.7B,hin_Latn,0.27666666666666667,,,,,,,,other,other,-3.3004558118606235
SmolLM2-1.7B,jav_Latn,0.26,Latn,Austronesian,,,,,,Austronesian,Latn,-4.304065093204169
SmolLM2-1.7B,kin_Latn,0.2633333333333333,Latn,Atlantic-Congo,,1.9378,0.04,-0.13274525105953217,-0.040626849979162216,Atlantic-Congo,Latn,-4.011868340397864
SmolLM2-1.7B,mal_Mlym,0.23666666666666666,Mlym,Dravidian,9.322334431411548,9.8331,0.0,-0.10160847008228302,-0.06122862547636032,Dravidian,other,-4.304065093204169
SmolLM2-1.7B,npi_Latn,0.24333333333333335,,,,,,,,other,other,-4.304065093204169
SmolLM2-1.7B,por_Latn,0.32,Latn,Indo-European,11.136535917638877,1.6192,0.91,0.02271152287721634,0.13458997011184692,Indo-European,Latn,-2.2735975561207935
SmolLM2-1.7B,sna_Latn,0.25,Latn,Atlantic-Congo,,,,,,Atlantic-Congo,Latn,-4.304065093204169
SmolLM2-1.7B,swh_Latn,0.28,Latn,Atlantic-Congo,7.487255902011655,1.8768,0.05333333333333334,-0.0964687392115593,-0.01848679780960083,Atlantic-Congo,Latn,-3.178053830347945
SmolLM2-1.7B,tur_Latn,0.29333333333333333,Latn,Turkic,10.808162253319553,2.1623,0.11666666666666667,-0.04987383261322975,0.015444161370396614,Turkic,Latn,-2.7916369172104756
SmolLM2-1.7B,yor_Latn,0.25,Latn,Atlantic-Congo,4.632892380992985,3.6949,0.02,-0.07898874580860138,-0.041562505066394806,Atlantic-Congo,Latn,-4.304065093204169
SmolLM2-1.7B,als_Latn,0.26666666666666666,Latn,Indo-European,9.562161153905935,2.1651,0.07,-0.08172900974750519,-0.0047149197198450565,Indo-European,Latn,-3.7841896339182615
SmolLM2-1.7B,azj_Latn,0.2633333333333333,Latn,Turkic,9.545721659518483,2.5151,0.03,-0.08434609323740005,-0.02013261243700981,Turkic,Latn,-4.011868340397864
SmolLM2-1.7B,ckb_Arab,0.27666666666666667,Arab,Indo-European,8.481429599472412,,,,,Indo-European,Arab,-3.3004558118606235
SmolLM2-1.7B,fuv_Latn,0.25,Latn,Atlantic-Congo,,,,,,Atlantic-Congo,Latn,-4.304065093204169
SmolLM2-1.7B,hrv_Latn,0.2833333333333333,Latn,Balto-Slavic,7.610626216540094,1.9876,0.30333333333333334,-0.02775556594133377,0.04606061801314354,Balto-Slavic,Latn,-3.0680529351336174
SmolLM2-1.7B,jpn_Jpan,0.31666666666666665,Jpan,Japonic,11.032916144087627,7.574,0.27,-0.035697732120752335,0.019743090495467186,other,other,-2.3272777055844176
SmolLM2-1.7B,kir_Cyrl,0.27666666666666667,Cyrl,Turkic,8.70022124395045,3.9591,0.023333333333333334,-0.10394201427698135,-0.04687492921948433,Turkic,Cyrl,-3.3004558118606235
SmolLM2-1.7B,mar_Deva,0.2833333333333333,Deva,Indo-European,9.291197362643686,5.1509,0.023333333333333334,-0.08816377818584442,-0.03533488139510155,Indo-European,Deva,-3.0680529351336174
SmolLM2-1.7B,nso_Latn,0.25666666666666665,Latn,Atlantic-Congo,,1.7841,0.05333333333333334,-0.13755108416080475,-0.046864356845617294,Atlantic-Congo,Latn,-4.304065093204169
SmolLM2-1.7B,snd_Arab,0.25333333333333335,Arab,Indo-European,8.168753912613957,,,,,Indo-European,Arab,-4.304065093204169
SmolLM2-1.7B,tam_Taml,0.2966666666666667,Taml,Dravidian,9.641283555217916,7.6241,0.013333333333333334,-0.0884682908654213,-0.04910242557525635,Dravidian,other,-2.7128008038608074
SmolLM2-1.7B,ukr_Cyrl,0.27,Cyrl,Balto-Slavic,10.582360317494818,3.6423,0.37666666666666665,-0.026107462123036385,0.03393963351845741,Balto-Slavic,Cyrl,-3.5973122605884447
SmolLM2-1.7B,zho_Hans,0.3433333333333333,Hans,Sino-Tibetan,11.356131798505956,6.9495,0.6666666666666666,-0.012457681819796562,0.06320067495107651,Sino-Tibetan,other,-1.9509992185627847
SmolLM2-1.7B,amh_Ethi,0.27,Ethi,Afro-Asiatic,8.5541337799261,10.9377,0.01,-0.07975497841835022,-0.04461989179253578,Afro-Asiatic,other,-3.5973122605884447
SmolLM2-1.7B,bam_Latn,0.28,Latn,Mande,,,,,,other,Latn,-3.178053830347945
SmolLM2-1.7B,dan_Latn,0.3,Latn,Indo-European,10.360245901721395,1.724,0.6566666666666666,-0.009977076202630997,0.09088071435689926,Indo-European,Latn,-2.639057329615259
SmolLM2-1.7B,gaz_Latn,0.29333333333333333,Latn,Afro-Asiatic,,1.9275,0.02,-0.1555214524269104,-0.07207898795604706,Afro-Asiatic,Latn,-2.7916369172104756
SmolLM2-1.7B,hun_Latn,0.29333333333333333,Latn,Uralic,10.637669631397417,2.2792,0.07666666666666666,-0.06157214567065239,0.0015970991225913167,Uralic,Latn,-2.7916369172104756
SmolLM2-1.7B,kac_Latn,0.27666666666666667,Latn,Sino-Tibetan,,,,,,Sino-Tibetan,Latn,-3.3004558118606235
SmolLM2-1.7B,kor_Hang,0.30333333333333334,Hang,Koreanic,10.39384619552899,9.2384,0.13,-0.04400112107396126,-0.00343077233992517,other,other,-2.56974552972503
SmolLM2-1.7B,mkd_Cyrl,0.33666666666666667,Cyrl,Balto-Slavic,9.301746425904852,3.3697,0.14,-0.04196544364094734,0.019865278154611588,Balto-Slavic,Cyrl,-2.03520828670301
SmolLM2-1.7B,nya_Latn,0.27666666666666667,Latn,Afro-Asiatic,,1.8588,0.06333333333333334,-0.11628727614879608,-0.032766442745923996,Afro-Asiatic,Latn,-3.3004558118606235
SmolLM2-1.7B,ron_Latn,0.3,Latn,Indo-European,10.598220789235436,1.935,0.47,-0.028488148003816605,0.05489659681916237,Indo-European,Latn,-2.639057329615259
SmolLM2-1.7B,som_Latn,0.30333333333333334,Latn,Afro-Asiatic,3.781970673912552,1.8966,0.06,-0.1259121149778366,-0.03683948889374733,Afro-Asiatic,Latn,-2.56974552972503
SmolLM2-1.7B,tel_Telu,0.23666666666666666,Telu,Dravidian,9.195061276656201,12.2036,0.006666666666666667,-0.09420488029718399,-0.05614415556192398,Dravidian,other,-4.304065093204169
SmolLM2-1.7B,urd_Arab,0.27666666666666667,Arab,Indo-European,9.431854501264098,5.3802,0.02,-0.07649042457342148,-0.03213217109441757,Indo-European,Arab,-3.3004558118606235
SmolLM2-1.7B,zho_Hant,0.3333333333333333,Hant,Sino-Tibetan,11.356131798505956,6.9495,,,,Sino-Tibetan,other,-2.079441541679836
SmolLM2-1.7B,apc_Arab,0.29,Arab,Afro-Asiatic,,,,,,Afro-Asiatic,Arab,-2.876385515921425
SmolLM2-1.7B,ben_Beng,0.25,Beng,Indo-European,9.981044874347496,8.3417,0.013333333333333334,-0.07369758188724518,-0.03281068429350853,Indo-European,other,-4.304065093204169
SmolLM2-1.7B,deu_Latn,0.31,Latn,Indo-European,11.552705133249123,1.705,0.7766666666666666,0.0024418910034000874,0.09525442868471146,Indo-European,Latn,-2.4423470353692043
SmolLM2-1.7B,grn_Latn,0.26666666666666666,Latn,Tupian,4.10407720615511,,,,,other,Latn,-3.7841896339182615
SmolLM2-1.7B,hye_Armn,0.31,Armn,Indo-European,9.379338026785135,8.1973,0.006666666666666667,-0.08213865756988525,-0.04503313824534416,Indo-European,other,-2.4423470353692043
SmolLM2-1.7B,kan_Knda,0.21,Knda,Dravidian,9.094221311622814,12.2679,0.01,-0.0926341563463211,-0.05156324431300163,Dravidian,other,-4.304065093204169
SmolLM2-1.7B,lao_Laoo,0.25,Laoo,Tai-Kadai,8.225972821174405,11.7937,0.013333333333333334,-0.07630455493927002,-0.03875725343823433,Tai-Kadai,other,-4.304065093204169
SmolLM2-1.7B,mlt_Latn,0.26666666666666666,Latn,Afro-Asiatic,,2.2388,0.056666666666666664,-0.10895659029483795,-0.019289033487439156,Afro-Asiatic,Latn,-3.7841896339182615
SmolLM2-1.7B,ory_Orya,0.23666666666666666,Orya,Indo-European,8.00140143263562,,,,,Indo-European,other,-4.304065093204169
SmolLM2-1.7B,rus_Cyrl,0.31,Cyrl,Balto-Slavic,11.867586387163913,3.463,0.45666666666666667,-0.03882020711898804,0.03404192253947258,Balto-Slavic,Cyrl,-2.4423470353692043
SmolLM2-1.7B,sot_Latn,0.2866666666666667,Latn,Atlantic-Congo,,,,,,Atlantic-Congo,Latn,-2.9680807422234805
SmolLM2-1.7B,tgk_Cyrl,0.2833333333333333,Cyrl,Indo-European,,,,,,Indo-European,Cyrl,-3.0680529351336174
SmolLM2-1.7B,urd_Latn,0.27666666666666667,,,,,,,,other,other,-3.3004558118606235
SmolLM2-1.7B,zsm_Latn,0.31333333333333335,Latn,Austronesian,7.287263587861631,1.6711,0.72,0.002747915219515562,0.08995254337787628,Austronesian,Latn,-2.38343718962314
SmolLM2-1.7B,arb_Arab,0.3,Arab,Afro-Asiatic,10.841073612355865,4.3379,0.11666666666666667,-0.06418962776660919,-0.007195768412202597,Afro-Asiatic,Arab,-2.639057329615259
SmolLM2-1.7B,ben_Latn,0.30666666666666664,,,,,,,,other,other,-2.5043247356451026
SmolLM2-1.7B,ell_Grek,0.29,Grek,Indo-European,10.634956550916772,3.706,0.07,-0.05104602873325348,0.0037458189763128757,Indo-European,other,-2.876385515921425
SmolLM2-1.7B,guj_Gujr,0.25333333333333335,Gujr,Indo-European,9.053743034427566,11.9871,0.01,-0.09119895845651627,-0.048511505126953125,Indo-European,other,-4.304065093204169
SmolLM2-1.7B,ibo_Latn,0.26666666666666666,Latn,Atlantic-Congo,,2.7125,0.04,-0.10930878669023514,-0.042264461517333984,Atlantic-Congo,Latn,-3.7841896339182615
SmolLM2-1.7B,kat_Geor,0.27666666666666667,Geor,kartvelian,9.417907523376437,8.148,0.006666666666666667,-0.0857628807425499,-0.04891449585556984,other,other,-3.3004558118606235
SmolLM2-1.7B,lin_Latn,0.2633333333333333,Latn,Atlantic-Congo,,,,,,Atlantic-Congo,Latn,-4.011868340397864
SmolLM2-1.7B,mri_Latn,0.30333333333333334,Latn,Austronesian,,2.0449,0.043333333333333335,-0.08184608817100525,-0.016592038795351982,Austronesian,Latn,-2.56974552972503
SmolLM2-1.7B,pan_Guru,0.27,Guru,Indo-European,8.861860543889303,7.9751,0.006666666666666667,-0.09198026359081268,-0.04825248941779137,Indo-European,other,-3.5973122605884447
SmolLM2-1.7B,shn_Mymr,0.26,Mymr,Tai-Kadai,,,,,,Tai-Kadai,other,-4.304065093204169
SmolLM2-1.7B,spa_Latn,0.3233333333333333,Latn,Indo-European,11.572692346038526,1.5328,0.95,0.03442950174212456,0.14951130747795105,Indo-European,Latn,-2.222163525683472
SmolLM2-1.7B,tgl_Latn,0.26,Latn,Austronesian,8.383970492667663,,,,,Austronesian,Latn,-4.304065093204169
SmolLM2-1.7B,uzn_Latn,0.2866666666666667,Latn,Turkic,7.876511046298704,1.9031,0.03333333333333333,-0.11436737328767776,-0.03480871766805649,Turkic,Latn,-2.9680807422234805
SmolLM2-1.7B,zul_Latn,0.25666666666666665,Latn,Atlantic-Congo,,1.939,0.03333333333333333,-0.16117531061172485,-0.052491940557956696,Atlantic-Congo,Latn,-4.304065093204169
SmolLM2-1.7B,arb_Latn,0.25333333333333335,Latn,Afro-Asiatic,10.841073612355865,4.3379,,,,Afro-Asiatic,Latn,-4.304065093204169
SmolLM2-1.7B,bod_Tibt,0.26666666666666666,Tibt,Sino-Tibetan,,10.1883,0.0033333333333333335,-0.11094243824481964,-0.06842830777168274,Sino-Tibetan,other,-3.7841896339182615
SmolLM2-1.7B,eng_Latn,0.47333333333333333,Latn,Indo-European,12.454382979077453,1.0,,,,Indo-European,Latn,-0.857902413636001
SmolLM2-1.7B,hat_Latn,0.2633333333333333,Latn,Atlantic-Congo,4.418019405728941,,,,,Atlantic-Congo,Latn,-4.011868340397864
SmolLM2-1.7B,ilo_Latn,0.25666666666666665,Latn,Austronesian,,,,,,Austronesian,Latn,-4.304065093204169
SmolLM2-1.7B,kaz_Cyrl,0.29333333333333333,Cyrl,Turkic,9.447543326977344,4.0549,0.01,-0.10362828522920609,-0.04689152538776398,Turkic,Cyrl,-2.7916369172104756
SmolLM2-1.7B,lit_Latn,0.3,Latn,Balto-Slavic,10.153726802927073,2.2922,0.056666666666666664,-0.0876900926232338,-0.008342457003891468,Balto-Slavic,Latn,-2.639057329615259
SmolLM2-1.7B,mya_Mymr,0.26,Mymr,Sino-Tibetan,8.94576714414124,12.6398,0.0033333333333333335,-0.09882350265979767,-0.06542685627937317,Sino-Tibetan,other,-4.304065093204169
SmolLM2-1.7B,pbt_Arab,0.27,Arab,Indo-European,8.559915920992061,5.0026,0.013333333333333334,-0.10969174653291702,-0.057262104004621506,Indo-European,Arab,-3.5973122605884447
SmolLM2-1.7B,sin_Latn,0.25333333333333335,,,,,,,,other,other,-4.304065093204169
SmolLM2-1.7B,srp_Cyrl,0.27,Cyrl,Balto-Slavic,9.664593347362308,3.6305,0.15,-0.04545445367693901,0.01627214625477791,Balto-Slavic,Cyrl,-3.5973122605884447
SmolLM2-1.7B,tha_Thai,0.27666666666666667,Thai,Tai-Kadai,10.196379987855126,7.6953,0.02666666666666667,-0.06438726931810379,-0.024129729717969894,Tai-Kadai,other,-3.3004558118606235
SmolLM2-1.7B,vie_Latn,0.2866666666666667,Latn,Austroasiatic,10.743353922054286,3.3841,0.10666666666666667,-0.0588926263153553,0.004591328091919422,other,Latn,-2.9680807422234805
SmolLM2-1.7B,ars_Arab,0.31666666666666665,Arab,Afro-Asiatic,,,,,,Afro-Asiatic,Arab,-2.3272777055844176
SmolLM2-1.7B,bul_Cyrl,0.29333333333333333,Cyrl,Balto-Slavic,10.360175858097726,3.3847,0.22,-0.03506370633840561,0.028081340715289116,Balto-Slavic,Cyrl,-2.7916369172104756
SmolLM2-1.7B,est_Latn,0.31333333333333335,Latn,Uralic,9.944761723531126,1.961,0.08,-0.0974799171090126,-0.01309230923652649,Uralic,Latn,-2.38343718962314
SmolLM2-1.7B,hau_Latn,0.25333333333333335,Latn,Afro-Asiatic,,1.9038,0.04666666666666667,-0.12663203477859497,-0.03759254515171051,Afro-Asiatic,Latn,-4.304065093204169
SmolLM2-1.7B,ind_Latn,0.30333333333333334,Latn,Austronesian,10.081454105942349,1.6717,0.7566666666666667,0.0003687948046717793,0.09010740369558334,Austronesian,Latn,-2.56974552972503
SmolLM2-1.7B,kea_Latn,0.2733333333333333,Latn,Portuguese Creole,,,,,,other,Latn,-3.4385849137337767
SmolLM2-1.7B,lug_Latn,0.29333333333333333,Latn,Atlantic-Congo,,,,,,Atlantic-Congo,Latn,-2.7916369172104756
SmolLM2-1.7B,nld_Latn,0.35333333333333333,Latn,Indo-European,10.903264809073452,1.6266,0.6233333333333333,-0.00680163037031889,0.08828224986791611,Indo-European,Latn,-1.833870954578182
SmolLM2-1.7B,pes_Arab,0.28,Arab,Indo-European,10.662263375070816,4.551,0.06,-0.06006225198507309,-0.011247538030147552,Indo-European,Arab,-3.178053830347945
SmolLM2-1.7B,sin_Sinh,0.2633333333333333,Sinh,Indo-European,8.94462532284678,11.6228,,,,Indo-European,other,-4.011868340397864
SmolLM2-1.7B,ssw_Latn,0.26666666666666666,Latn,Atlantic-Congo,,1.9332,0.03333333333333333,-0.1260034292936325,-0.04491967335343361,Atlantic-Congo,Latn,-3.7841896339182615
SmolLM2-1.7B,tir_Ethi,0.2866666666666667,Ethi,Afro-Asiatic,,10.3708,0.006666666666666667,-0.08159111440181732,-0.044355664402246475,Afro-Asiatic,other,-2.9680807422234805
SmolLM2-1.7B,war_Latn,0.2833333333333333,Latn,Austronesian,,,,,,Austronesian,Latn,-3.0680529351336174
SmolLM2-1.7B,ary_Arab,0.29333333333333333,,,,,,,,other,other,-2.7916369172104756
SmolLM2-1.7B,cat_Latn,0.30333333333333334,Latn,Indo-European,10.097961053275002,1.561,0.6,-0.029972346499562263,0.07293408364057541,Indo-European,Latn,-2.56974552972503
SmolLM2-1.7B,eus_Latn,0.25333333333333335,Latn,isolate,9.101082328203272,1.8232,0.056666666666666664,-0.1360582560300827,-0.04014371335506439,other,Latn,-4.304065093204169
SmolLM2-1.7B,heb_Hebr,0.3,Hebr,Afro-Asiatic,9.693476506485494,4.7508,0.056666666666666664,-0.05502013489603996,-0.004596889950335026,Afro-Asiatic,other,-2.639057329615259
SmolLM2-1.7B,isl_Latn,0.27666666666666667,Latn,Indo-European,9.371177412080815,2.2748,0.10666666666666667,-0.07102266699075699,0.013310167007148266,Indo-European,Latn,-3.3004558118606235
SmolLM2-1.7B,khk_Cyrl,0.26,Cyrl,Mongolic-Khitan,9.267328434893145,4.4845,0.01,-0.10456213355064392,-0.053541433066129684,other,Cyrl,-4.304065093204169
SmolLM2-1.7B,luo_Latn,0.29,Latn,Nilotic,,,,,,other,Latn,-2.876385515921425
SmolLM2-1.7B,nob_Latn,0.2866666666666667,Latn,Indo-European,10.265445888776227,1.7384,0.6,-0.028202803805470467,0.07941771298646927,Indo-European,Latn,-2.9680807422234805
SmolLM2-1.7B,plt_Latn,0.2633333333333333,Latn,Austronesian,8.15437957359287,1.865,0.03666666666666667,-0.1227475181221962,-0.04052823781967163,Austronesian,Latn,-4.011868340397864
SmolLM2-1.7B,slk_Latn,0.2833333333333333,Latn,Balto-Slavic,10.215972316299656,2.2127,0.27,-0.04375379532575607,0.037674810737371445,Balto-Slavic,Latn,-3.0680529351336174
SmolLM2-1.7B,sun_Latn,0.27,Latn,Austronesian,6.11676045067112,,,,,Austronesian,Latn,-3.5973122605884447
SmolLM2-1.7B,tsn_Latn,0.27,Latn,Atlantic-Congo,,1.7812,0.043333333333333335,-0.1138177439570427,-0.042062610387802124,Atlantic-Congo,Latn,-3.5973122605884447
SmolLM2-1.7B,wol_Latn,0.30333333333333334,Latn,Atlantic-Congo,,1.9477,0.043333333333333335,-0.16567233204841614,-0.06672216951847076,Atlantic-Congo,Latn,-2.56974552972503
Falcon3-7B-Base,acm_Arab,0.31333333333333335,Arab,Afro-Asiatic,,,,,,Afro-Asiatic,Arab,-2.38343718962314
Falcon3-7B-Base,arz_Arab,0.30666666666666664,Arab,Afro-Asiatic,,,,,,Afro-Asiatic,Arab,-2.5043247356451026
Falcon3-7B-Base,ceb_Latn,0.3,Latn,Austronesian,,,,,,Austronesian,Latn,-2.639057329615259
Falcon3-7B-Base,fin_Latn,0.31,Latn,Uralic,10.461273505456898,1.8271,0.24333333333333335,-0.07684404402971268,0.020292969420552254,Uralic,Latn,-2.4423470353692043
Falcon3-7B-Base,hin_Deva,0.37,Deva,Indo-European,10.225085947081105,4.546,0.20666666666666667,-0.055911798030138016,-0.0011072313645854592,Indo-European,Deva,-1.6582280766035322
Falcon3-7B-Base,ita_Latn,0.58,Latn,Indo-European,11.218657350111846,1.2913,0.97,0.04878542572259903,0.1799490749835968,Indo-European,Latn,-0.24116205681688824
Falcon3-7B-Base,khm_Khmr,0.29333333333333333,Khmr,Austroasiatic,8.873125289337338,9.3076,0.006666666666666667,-0.12147621810436249,-0.0788385421037674,other,other,-2.7916369172104756
Falcon3-7B-Base,lvs_Latn,0.30333333333333334,Latn,Balto-Slavic,9.894602930159628,2.2543,0.07333333333333333,-0.09793448448181152,-0.00899046566337347,Balto-Slavic,Latn,-2.56974552972503
Falcon3-7B-Base,npi_Deva,0.29333333333333333,Deva,Indo-European,9.314204818644845,4.8086,0.03666666666666667,-0.06827075034379959,-0.014588160440325737,Indo-European,Deva,-2.7916369172104756
Falcon3-7B-Base,pol_Latn,0.39666666666666667,Latn,Balto-Slavic,11.069183544489329,2.2352,0.49666666666666665,-0.029759835451841354,0.057239875197410583,Balto-Slavic,Latn,-1.4143073973475646
Falcon3-7B-Base,slv_Latn,0.3333333333333333,Latn,Balto-Slavic,9.903501694149961,1.8414,0.42,-0.05233176052570343,0.04741823673248291,Balto-Slavic,Latn,-2.079441541679836
Falcon3-7B-Base,swe_Latn,0.4166666666666667,Latn,Indo-European,10.585304823582218,1.6779,0.7166666666666667,-0.029879862442612648,0.0970616266131401,Indo-European,Latn,-1.2527629684953678
Falcon3-7B-Base,tso_Latn,0.2866666666666667,Latn,Afro-Asiatic,,,,,,Afro-Asiatic,Latn,-2.9680807422234805
Falcon3-7B-Base,xho_Latn,0.22666666666666666,Latn,Atlantic-Congo,,1.8573,0.03333333333333333,-0.14865417778491974,-0.04542798921465874,Atlantic-Congo,Latn,-4.304065093204169
Falcon3-7B-Base,afr_Latn,0.35,Latn,Indo-European,9.04883387717687,1.6107,0.5233333333333333,-0.06147933006286621,0.07262401282787323,Indo-European,Latn,-1.8718021769015918
Falcon3-7B-Base,asm_Beng,0.29,Beng,Indo-European,7.923181284977745,,,,,Indo-European,other,-2.876385515921425
Falcon3-7B-Base,ces_Latn,0.38,Latn,Balto-Slavic,10.755192300065602,2.2327,0.49666666666666665,-0.03369263932108879,0.06159381940960884,Balto-Slavic,Latn,-1.5621850275835547
Falcon3-7B-Base,fra_Latn,0.7333333333333333,Latn,Indo-European,11.504243358607456,1.1582,0.9566666666666667,0.01622917875647545,0.18922945857048035,Indo-European,Latn,0.5947071077466926
Falcon3-7B-Base,hin_Latn,0.34,,,,,,,,other,other,-1.9924301646902058
Falcon3-7B-Base,jav_Latn,0.2633333333333333,Latn,Austronesian,,,,,,Austronesian,Latn,-4.011868340397864
Falcon3-7B-Base,kin_Latn,0.24333333333333335,Latn,Atlantic-Congo,,1.7943,0.023333333333333334,-0.14594075083732605,-0.04595731943845749,Atlantic-Congo,Latn,-4.304065093204169
Falcon3-7B-Base,mal_Mlym,0.27666666666666667,Mlym,Dravidian,9.322334431411548,8.7818,0.0033333333333333335,-0.08760097622871399,-0.04854385927319527,Dravidian,other,-3.3004558118606235
Falcon3-7B-Base,npi_Latn,0.29333333333333333,,,,,,,,other,other,-2.7916369172104756
Falcon3-7B-Base,por_Latn,0.7166666666666667,Latn,Indo-European,11.136535917638877,1.1616,0.99,0.0675881877541542,0.2324129045009613,Indo-European,Latn,0.4989911661189879
Falcon3-7B-Base,sna_Latn,0.30333333333333334,Latn,Atlantic-Congo,,,,,,Atlantic-Congo,Latn,-2.56974552972503
Falcon3-7B-Base,swh_Latn,0.25333333333333335,Latn,Atlantic-Congo,7.487255902011655,1.7245,0.07333333333333333,-0.11032906919717789,-0.007676515728235245,Atlantic-Congo,Latn,-4.304065093204169
Falcon3-7B-Base,tur_Latn,0.33666666666666667,Latn,Turkic,10.808162253319553,2.0344,0.36666666666666664,-0.03700794279575348,0.03864904120564461,Turkic,Latn,-2.03520828670301
Falcon3-7B-Base,yor_Latn,0.25333333333333335,Latn,Atlantic-Congo,4.632892380992985,3.3154,0.013333333333333334,-0.14955992996692657,-0.08588242530822754,Atlantic-Congo,Latn,-4.304065093204169
Falcon3-7B-Base,als_Latn,0.31,Latn,Indo-European,9.562161153905935,2.0329,0.19333333333333333,-0.09672985970973969,0.003793539945036173,Indo-European,Latn,-2.4423470353692043
Falcon3-7B-Base,azj_Latn,0.26,Latn,Turkic,9.545721659518483,2.4599,0.06,-0.08370058238506317,-0.006547951605170965,Turkic,Latn,-4.304065093204169
Falcon3-7B-Base,ckb_Arab,0.28,Arab,Indo-European,8.481429599472412,,,,,Indo-European,Arab,-3.178053830347945
Falcon3-7B-Base,fuv_Latn,0.27,Latn,Atlantic-Congo,,,,,,Atlantic-Congo,Latn,-3.5973122605884447
Falcon3-7B-Base,hrv_Latn,0.38666666666666666,Latn,Balto-Slavic,7.610626216540094,1.845,0.49,-0.0402001291513443,0.06390843540430069,Balto-Slavic,Latn,-1.501363690904678
Falcon3-7B-Base,jpn_Jpan,0.39666666666666667,Jpan,Japonic,11.032916144087627,6.0826,0.48,-0.031518373638391495,0.035749148577451706,other,other,-1.4143073973475646
Falcon3-7B-Base,kir_Cyrl,0.32666666666666666,Cyrl,Turkic,8.70022124395045,4.2624,0.016666666666666666,-0.10156113654375076,-0.04161903262138367,Turkic,Cyrl,-2.172773481472055
Falcon3-7B-Base,mar_Deva,0.2833333333333333,Deva,Indo-European,9.291197362643686,4.9844,0.043333333333333335,-0.0677790492773056,-0.019644422456622124,Indo-European,Deva,-3.0680529351336174
Falcon3-7B-Base,nso_Latn,0.26,Latn,Atlantic-Congo,,1.7086,0.056666666666666664,-0.14740435779094696,-0.043092601001262665,Atlantic-Congo,Latn,-4.304065093204169
Falcon3-7B-Base,snd_Arab,0.28,Arab,Indo-European,8.168753912613957,,,,,Indo-European,Arab,-3.178053830347945
Falcon3-7B-Base,tam_Taml,0.31333333333333335,Taml,Dravidian,9.641283555217916,6.8074,0.006666666666666667,-0.08646485954523087,-0.044218506664037704,Dravidian,other,-2.38343718962314
Falcon3-7B-Base,ukr_Cyrl,0.3466666666666667,Cyrl,Balto-Slavic,10.582360317494818,4.2166,0.39666666666666667,-0.04036049172282219,0.03319719061255455,Balto-Slavic,Cyrl,-1.9108188292440431
Falcon3-7B-Base,zho_Hans,0.64,Hans,Sino-Tibetan,11.356131798505956,5.2566,0.8133333333333334,-0.019744493067264557,0.09580755978822708,Sino-Tibetan,other,0.08004270767353656
Falcon3-7B-Base,amh_Ethi,0.27666666666666667,Ethi,Afro-Asiatic,8.5541337799261,8.7125,0.006666666666666667,-0.11865401268005371,-0.06979571282863617,Afro-Asiatic,other,-3.3004558118606235
Falcon3-7B-Base,bam_Latn,0.24,Latn,Mande,,,,,,other,Latn,-4.304065093204169
Falcon3-7B-Base,dan_Latn,0.3933333333333333,Latn,Indo-European,10.360245901721395,1.6146,0.72,-0.018202828243374825,0.09667511284351349,Indo-European,Latn,-1.442806571383233
Falcon3-7B-Base,gaz_Latn,0.22,Latn,Afro-Asiatic,,1.7896,0.02666666666666667,-0.15789537131786346,-0.0677882581949234,Afro-Asiatic,Latn,-4.304065093204169
Falcon3-7B-Base,hun_Latn,0.33666666666666667,Latn,Uralic,10.637669631397417,2.0912,0.14666666666666667,-0.08434709161520004,0.0102420374751091,Uralic,Latn,-2.03520828670301
Falcon3-7B-Base,kac_Latn,0.2833333333333333,Latn,Sino-Tibetan,,,,,,Sino-Tibetan,Latn,-3.0680529351336174
Falcon3-7B-Base,kor_Hang,0.39,Hang,Koreanic,10.39384619552899,7.2379,0.25333333333333335,-0.0528903566300869,0.00735044339671731,other,other,-1.4718165345580525
Falcon3-7B-Base,mkd_Cyrl,0.33,Cyrl,Balto-Slavic,9.301746425904852,4.0121,0.25,-0.06814190745353699,0.013542710803449154,Balto-Slavic,Cyrl,-2.12525107771113
Falcon3-7B-Base,nya_Latn,0.23,Latn,Afro-Asiatic,,1.7528,0.043333333333333335,-0.13730557262897491,-0.03625483065843582,Afro-Asiatic,Latn,-4.304065093204169
Falcon3-7B-Base,ron_Latn,0.41333333333333333,Latn,Indo-European,10.598220789235436,1.7222,0.6766666666666666,-0.03085564821958542,0.09077781438827515,Indo-European,Latn,-1.2786636969275254
Falcon3-7B-Base,som_Latn,0.24,Latn,Afro-Asiatic,3.781970673912552,1.7572,0.04,-0.13618023693561554,-0.04448549821972847,Afro-Asiatic,Latn,-4.304065093204169
Falcon3-7B-Base,tel_Telu,0.26666666666666666,Telu,Dravidian,9.195061276656201,8.0251,0.006666666666666667,-0.08058404922485352,-0.03785349428653717,Dravidian,other,-3.7841896339182615
Falcon3-7B-Base,urd_Arab,0.36,Arab,Indo-European,9.431854501264098,4.4813,0.08,-0.06890448927879333,-0.018714390695095062,Indo-European,Arab,-1.7609878105613017
Falcon3-7B-Base,zho_Hant,0.52,Hant,Sino-Tibetan,11.356131798505956,5.2566,,,,Sino-Tibetan,other,-0.5753641449035617
Falcon3-7B-Base,apc_Arab,0.29,Arab,Afro-Asiatic,,,,,,Afro-Asiatic,Arab,-2.876385515921425
Falcon3-7B-Base,ben_Beng,0.32666666666666666,Beng,Indo-European,9.981044874347496,6.6116,0.023333333333333334,-0.07674381136894226,-0.02967405878007412,Indo-European,other,-2.172773481472055
Falcon3-7B-Base,deu_Latn,0.44333333333333336,Latn,Indo-European,11.552705133249123,1.5468,0.9,0.01765361987054348,0.13682016730308533,Indo-European,Latn,-1.0575508018703355
Falcon3-7B-Base,grn_Latn,0.27666666666666667,Latn,Tupian,4.10407720615511,,,,,other,Latn,-3.3004558118606235
Falcon3-7B-Base,hye_Armn,0.28,Armn,Indo-European,9.379338026785135,7.83,0.006666666666666667,-0.11157640814781189,-0.06568840146064758,Indo-European,other,-3.178053830347945
Falcon3-7B-Base,kan_Knda,0.30333333333333334,Knda,Dravidian,9.094221311622814,11.97,0.0033333333333333335,-0.09302476048469543,-0.05021851137280464,Dravidian,other,-2.56974552972503
Falcon3-7B-Base,lao_Laoo,0.26,Laoo,Tai-Kadai,8.225972821174405,8.826,0.013333333333333334,-0.11990159004926682,-0.07229790836572647,Tai-Kadai,other,-4.304065093204169
Falcon3-7B-Base,mlt_Latn,0.27666666666666667,Latn,Afro-Asiatic,,2.1601,0.11,-0.09067345410585403,0.004615324083715677,Afro-Asiatic,Latn,-3.3004558118606235
Falcon3-7B-Base,ory_Orya,0.2866666666666667,Orya,Indo-European,8.00140143263562,,,,,Indo-European,other,-2.9680807422234805
Falcon3-7B-Base,rus_Cyrl,0.45666666666666667,Cyrl,Balto-Slavic,11.867586387163913,3.9509,0.57,-0.041564397513866425,0.03852340206503868,Balto-Slavic,Cyrl,-0.9666158157616709
Falcon3-7B-Base,sot_Latn,0.25666666666666665,Latn,Atlantic-Congo,,,,,,Atlantic-Congo,Latn,-4.304065093204169
Falcon3-7B-Base,tgk_Cyrl,0.30666666666666664,Cyrl,Indo-European,,,,,,Indo-European,Cyrl,-2.5043247356451026
Falcon3-7B-Base,urd_Latn,0.26666666666666666,,,,,,,,other,other,-3.7841896339182615
Falcon3-7B-Base,zsm_Latn,0.37,Latn,Austronesian,7.287263587861631,1.5361,0.6133333333333333,-0.047055721282958984,0.060394298285245895,Austronesian,Latn,-1.6582280766035322
Falcon3-7B-Base,arb_Arab,0.3,Arab,Afro-Asiatic,10.841073612355865,3.6352,0.29,-0.06606204062700272,0.0033397721126675606,Afro-Asiatic,Arab,-2.639057329615259
Falcon3-7B-Base,ben_Latn,0.3,,,,,,,,other,other,-2.639057329615259
Falcon3-7B-Base,ell_Grek,0.2966666666666667,Grek,Indo-European,10.634956550916772,4.0475,0.2733333333333333,-0.08097238838672638,0.00029155914671719074,Indo-European,other,-2.7128008038608074
Falcon3-7B-Base,guj_Gujr,0.3,Gujr,Indo-European,9.053743034427566,9.406,0.013333333333333334,-0.08449258655309677,-0.03641573712229729,Indo-European,other,-2.639057329615259
Falcon3-7B-Base,ibo_Latn,0.2833333333333333,Latn,Atlantic-Congo,,2.5562,0.04666666666666667,-0.12011783570051193,-0.041099268943071365,Atlantic-Congo,Latn,-3.0680529351336174
Falcon3-7B-Base,kat_Geor,0.2866666666666667,Geor,kartvelian,9.417907523376437,8.3223,0.01,-0.09874729812145233,-0.057336170226335526,other,other,-2.9680807422234805
Falcon3-7B-Base,lin_Latn,0.31333333333333335,Latn,Atlantic-Congo,,,,,,Atlantic-Congo,Latn,-2.38343718962314
Falcon3-7B-Base,mri_Latn,0.30333333333333334,Latn,Austronesian,,1.942,0.09333333333333334,-0.09564021974802017,-0.0050450824201107025,Austronesian,Latn,-2.56974552972503
Falcon3-7B-Base,pan_Guru,0.31333333333333335,Guru,Indo-European,8.861860543889303,8.2654,0.02,-0.07287577539682388,-0.029922543093562126,Indo-European,other,-2.38343718962314
Falcon3-7B-Base,shn_Mymr,0.2833333333333333,Mymr,Tai-Kadai,,,,,,Tai-Kadai,other,-3.0680529351336174
Falcon3-7B-Base,spa_Latn,0.7266666666666667,Latn,Indo-European,11.572692346038526,1.14,0.98,0.05034082010388374,0.23358973860740662,Indo-European,Latn,0.5561253829956542
Falcon3-7B-Base,tgl_Latn,0.35333333333333333,Latn,Austronesian,8.383970492667663,,,,,Austronesian,Latn,-1.833870954578182
Falcon3-7B-Base,uzn_Latn,0.27,Latn,Turkic,7.876511046298704,1.8301,0.03,-0.13772593438625336,-0.040359508246183395,Turkic,Latn,-3.5973122605884447
Falcon3-7B-Base,zul_Latn,0.2633333333333333,Latn,Atlantic-Congo,,1.8041,0.03,-0.17756886780261993,-0.05498804897069931,Atlantic-Congo,Latn,-4.011868340397864
Falcon3-7B-Base,arb_Latn,0.2833333333333333,Latn,Afro-Asiatic,10.841073612355865,3.6352,,,,Afro-Asiatic,Latn,-3.0680529351336174
Falcon3-7B-Base,bod_Tibt,0.2633333333333333,Tibt,Sino-Tibetan,,13.3317,0.0033333333333333335,-0.11553147435188293,-0.07008791714906693,Sino-Tibetan,other,-4.011868340397864
Falcon3-7B-Base,eng_Latn,0.7666666666666667,Latn,Indo-European,12.454382979077453,1.0,,,,Indo-European,Latn,0.7949298748698881
Falcon3-7B-Base,hat_Latn,0.25666666666666665,Latn,Atlantic-Congo,4.418019405728941,,,,,Atlantic-Congo,Latn,-4.304065093204169
Falcon3-7B-Base,ilo_Latn,0.3,Latn,Austronesian,,,,,,Austronesian,Latn,-2.639057329615259
Falcon3-7B-Base,kaz_Cyrl,0.30666666666666664,Cyrl,Turkic,9.447543326977344,4.3596,0.016666666666666666,-0.10757976025342941,-0.04790614917874336,Turkic,Cyrl,-2.5043247356451026
Falcon3-7B-Base,lit_Latn,0.23333333333333334,Latn,Balto-Slavic,10.153726802927073,2.1121,0.10666666666666667,-0.11384376883506775,-0.0033192315604537725,Balto-Slavic,Latn,-4.304065093204169
Falcon3-7B-Base,mya_Mymr,0.27666666666666667,Mymr,Sino-Tibetan,8.94576714414124,9.1527,0.0033333333333333335,-0.11548911035060883,-0.071195587515831,Sino-Tibetan,other,-3.3004558118606235
Falcon3-7B-Base,pbt_Arab,0.2966666666666667,Arab,Indo-European,8.559915920992061,4.1994,0.01,-0.09316854178905487,-0.04542498290538788,Indo-European,Arab,-2.7128008038608074
Falcon3-7B-Base,sin_Latn,0.31333333333333335,,,,,,,,other,other,-2.38343718962314
Falcon3-7B-Base,srp_Cyrl,0.34,Cyrl,Balto-Slavic,9.664593347362308,4.0902,0.2866666666666667,-0.05439082533121109,0.018415452912449837,Balto-Slavic,Cyrl,-1.9924301646902058
Falcon3-7B-Base,tha_Thai,0.2966666666666667,Thai,Tai-Kadai,10.196379987855126,6.2534,0.04,-0.12251856923103333,-0.052164219319820404,Tai-Kadai,other,-2.7128008038608074
Falcon3-7B-Base,vie_Latn,0.35,Latn,Austroasiatic,10.743353922054286,2.907,0.16333333333333333,-0.04411821812391281,0.02364516630768776,other,Latn,-1.8718021769015918
Falcon3-7B-Base,ars_Arab,0.30333333333333334,Arab,Afro-Asiatic,,,,,,Afro-Asiatic,Arab,-2.56974552972503
Falcon3-7B-Base,bul_Cyrl,0.34,Cyrl,Balto-Slavic,10.360175858097726,3.8464,0.30666666666666664,-0.06169392168521881,0.025598062202334404,Balto-Slavic,Cyrl,-1.9924301646902058
Falcon3-7B-Base,est_Latn,0.31333333333333335,Latn,Uralic,9.944761723531126,1.8547,0.1,-0.13696633279323578,-0.012391027063131332,Uralic,Latn,-2.38343718962314
Falcon3-7B-Base,hau_Latn,0.27666666666666667,Latn,Afro-Asiatic,,1.7678,0.023333333333333334,-0.13771314918994904,-0.04598120227456093,Afro-Asiatic,Latn,-3.3004558118606235
Falcon3-7B-Base,ind_Latn,0.44,Latn,Austronesian,10.081454105942349,1.5172,0.75,-0.021422628313302994,0.07437752932310104,Austronesian,Latn,-1.0809127115687085
Falcon3-7B-Base,kea_Latn,0.2633333333333333,Latn,Portuguese Creole,,,,,,other,Latn,-4.011868340397864
Falcon3-7B-Base,lug_Latn,0.23666666666666666,Latn,Atlantic-Congo,,,,,,Atlantic-Congo,Latn,-4.304065093204169
Falcon3-7B-Base,nld_Latn,0.4033333333333333,Latn,Indo-European,10.903264809073452,1.4967,0.7633333333333333,-0.007395551539957523,0.1099780797958374,Indo-European,Latn,-1.35874440935166
Falcon3-7B-Base,pes_Arab,0.3,Arab,Indo-European,10.662263375070816,3.7501,0.3566666666666667,-0.04344572126865387,0.011907228268682957,Indo-European,Arab,-2.639057329615259
Falcon3-7B-Base,sin_Sinh,0.29,Sinh,Indo-European,8.94462532284678,11.1584,,,,Indo-European,other,-2.876385515921425
Falcon3-7B-Base,ssw_Latn,0.21,Latn,Atlantic-Congo,,1.8246,0.03333333333333333,-0.13659273087978363,-0.04405932128429413,Atlantic-Congo,Latn,-4.304065093204169
Falcon3-7B-Base,tir_Ethi,0.24,Ethi,Afro-Asiatic,,8.2985,0.006666666666666667,-0.12006643414497375,-0.07121595740318298,Afro-Asiatic,other,-4.304065093204169
Falcon3-7B-Base,war_Latn,0.30666666666666664,Latn,Austronesian,,,,,,Austronesian,Latn,-2.5043247356451026
Falcon3-7B-Base,ary_Arab,0.3,,,,,,,,other,other,-2.639057329615259
Falcon3-7B-Base,cat_Latn,0.5633333333333334,Latn,Indo-European,10.097961053275002,1.3955,0.8566666666666667,0.005257466807961464,0.14446476101875305,Indo-European,Latn,-0.3319025409311475
Falcon3-7B-Base,eus_Latn,0.25666666666666665,Latn,isolate,9.101082328203272,1.6635,0.08666666666666667,-0.11676537990570068,-0.011921441182494164,other,Latn,-4.304065093204169
Falcon3-7B-Base,heb_Hebr,0.29333333333333333,Hebr,Afro-Asiatic,9.693476506485494,3.8586,0.08666666666666667,-0.06199542060494423,0.001553600886836648,Afro-Asiatic,other,-2.7916369172104756
Falcon3-7B-Base,isl_Latn,0.3333333333333333,Latn,Indo-European,9.371177412080815,2.1189,0.22666666666666666,-0.06531764566898346,0.020032072439789772,Indo-European,Latn,-2.079441541679836
Falcon3-7B-Base,khk_Cyrl,0.2733333333333333,Cyrl,Mongolic-Khitan,9.267328434893145,4.7379,0.01,-0.11232371628284454,-0.057405587285757065,other,Cyrl,-3.4385849137337767
Falcon3-7B-Base,luo_Latn,0.2633333333333333,Latn,Nilotic,,,,,,other,Latn,-4.011868340397864
Falcon3-7B-Base,nob_Latn,0.37333333333333335,Latn,Indo-European,10.265445888776227,1.5996,0.6566666666666666,-0.03306758031249046,0.08921805769205093,Indo-European,Latn,-1.6255240501857244
Falcon3-7B-Base,plt_Latn,0.27,Latn,Austronesian,8.15437957359287,1.7124,0.03333333333333333,-0.1291775107383728,-0.04039837047457695,Austronesian,Latn,-3.5973122605884447
Falcon3-7B-Base,slk_Latn,0.33666666666666667,Latn,Balto-Slavic,10.215972316299656,2.0978,0.4066666666666667,-0.043137483298778534,0.05194349214434624,Balto-Slavic,Latn,-2.03520828670301
Falcon3-7B-Base,sun_Latn,0.3,Latn,Austronesian,6.11676045067112,,,,,Austronesian,Latn,-2.639057329615259
Falcon3-7B-Base,tsn_Latn,0.27,Latn,Atlantic-Congo,,1.7036,0.03666666666666667,-0.11894749104976654,-0.03861911967396736,Atlantic-Congo,Latn,-3.5973122605884447
Falcon3-7B-Base,wol_Latn,0.24333333333333335,Latn,Atlantic-Congo,,1.842,0.03,-0.1634063869714737,-0.06699468195438385,Atlantic-Congo,Latn,-4.304065093204169
salamandra-2b,acm_Arab,0.24666666666666667,Arab,Afro-Asiatic,,,,,,Afro-Asiatic,Arab,-4.304065093204169
salamandra-2b,arz_Arab,0.2633333333333333,Arab,Afro-Asiatic,,,,,,Afro-Asiatic,Arab,-4.011868340397864
salamandra-2b,ceb_Latn,0.20666666666666667,Latn,Austronesian,,,,,,Austronesian,Latn,-4.304065093204169
salamandra-2b,fin_Latn,0.2733333333333333,Latn,Uralic,10.461273505456898,0.995,0.8733333333333333,-0.026018118485808372,0.1511579155921936,Uralic,Latn,-3.4385849137337767
salamandra-2b,hin_Deva,0.2733333333333333,Deva,Indo-European,10.225085947081105,10.5921,0.006666666666666667,-0.3968225419521332,-0.216508686542511,Indo-European,Deva,-3.4385849137337767
salamandra-2b,ita_Latn,0.24333333333333335,Latn,Indo-European,11.218657350111846,0.9546,0.9833333333333333,0.05945347249507904,0.23397089540958405,Indo-European,Latn,-4.304065093204169
salamandra-2b,khm_Khmr,0.21333333333333335,Khmr,Austroasiatic,8.873125289337338,11.439,0.0033333333333333335,-0.3319966495037079,-0.19035594165325165,other,other,-4.304065093204169
salamandra-2b,lvs_Latn,0.26,Latn,Balto-Slavic,9.894602930159628,1.1257,0.8666666666666667,-0.035340189933776855,0.1542402058839798,Balto-Slavic,Latn,-4.304065093204169
salamandra-2b,npi_Deva,0.20666666666666667,Deva,Indo-European,9.314204818644845,10.7609,0.006666666666666667,-0.3699496388435364,-0.20505787432193756,Indo-European,Deva,-4.304065093204169
salamandra-2b,pol_Latn,0.25666666666666665,Latn,Balto-Slavic,11.069183544489329,1.2014,0.87,-0.01412633154541254,0.1599113494157791,Balto-Slavic,Latn,-4.304065093204169
salamandra-2b,slv_Latn,0.21666666666666667,Latn,Balto-Slavic,9.903501694149961,1.0457,0.9266666666666666,-0.017873425036668777,0.17624451220035553,Balto-Slavic,Latn,-4.304065093204169
salamandra-2b,swe_Latn,0.24666666666666667,Latn,Indo-European,10.585304823582218,1.019,0.96,0.0030548761133104563,0.21076077222824097,Indo-European,Latn,-4.304065093204169
salamandra-2b,tso_Latn,0.2866666666666667,Latn,Afro-Asiatic,,,,,,Afro-Asiatic,Latn,-2.9680807422234805
salamandra-2b,xho_Latn,0.25666666666666665,Latn,Atlantic-Congo,,1.6409,0.05,-0.1939336210489273,-0.06561491638422012,Atlantic-Congo,Latn,-4.304065093204169
salamandra-2b,afr_Latn,0.23666666666666666,Latn,Indo-European,9.04883387717687,1.1984,0.6733333333333333,-0.05261407047510147,0.10977040976285934,Indo-European,Latn,-4.304065093204169
salamandra-2b,asm_Beng,0.25,Beng,Indo-European,7.923181284977745,,,,,Indo-European,other,-4.304065093204169
salamandra-2b,ces_Latn,0.24333333333333335,Latn,Balto-Slavic,10.755192300065602,1.1655,0.93,0.004215244669467211,0.18959231674671173,Balto-Slavic,Latn,-4.304065093204169
salamandra-2b,fra_Latn,0.2966666666666667,Latn,Indo-European,11.504243358607456,1.0887,0.8833333333333333,-0.018910851329565048,0.18817375600337982,Indo-European,Latn,-2.7128008038608074
salamandra-2b,hin_Latn,0.26,,,,,,,,other,other,-4.304065093204169
salamandra-2b,jav_Latn,0.25666666666666665,Latn,Austronesian,,,,,,Austronesian,Latn,-4.304065093204169
salamandra-2b,kin_Latn,0.2733333333333333,Latn,Atlantic-Congo,,1.5569,0.03666666666666667,-0.20555828511714935,-0.07350252568721771,Atlantic-Congo,Latn,-3.4385849137337767
salamandra-2b,mal_Mlym,0.2733333333333333,Mlym,Dravidian,9.322334431411548,11.7708,0.0,-0.33410581946372986,-0.19062820076942444,Dravidian,other,-3.4385849137337767
salamandra-2b,npi_Latn,0.26,,,,,,,,other,other,-4.304065093204169
salamandra-2b,por_Latn,0.27,Latn,Indo-European,11.136535917638877,0.9898,0.9566666666666667,0.03205432742834091,0.22842630743980408,Indo-European,Latn,-3.5973122605884447
salamandra-2b,sna_Latn,0.26,Latn,Atlantic-Congo,,,,,,Atlantic-Congo,Latn,-4.304065093204169
salamandra-2b,swh_Latn,0.2633333333333333,Latn,Atlantic-Congo,7.487255902011655,1.4659,0.05333333333333334,-0.20251816511154175,-0.06855299323797226,Atlantic-Congo,Latn,-4.011868340397864
salamandra-2b,tur_Latn,0.26,Latn,Turkic,10.808162253319553,1.9058,0.14666666666666667,-0.1409473419189453,-0.0058927289210259914,Turkic,Latn,-4.304065093204169
salamandra-2b,yor_Latn,0.23,Latn,Atlantic-Congo,4.632892380992985,3.3715,0.023333333333333334,-0.26928412914276123,-0.14051099121570587,Atlantic-Congo,Latn,-4.304065093204169
salamandra-2b,als_Latn,0.2633333333333333,Latn,Indo-European,9.562161153905935,1.6762,0.09666666666666666,-0.1705092489719391,-0.026494238525629044,Indo-European,Latn,-4.011868340397864
salamandra-2b,azj_Latn,0.26,Latn,Turkic,9.545721659518483,2.5803,0.04666666666666667,-0.1863989233970642,-0.059604156762361526,Turkic,Latn,-4.304065093204169
salamandra-2b,ckb_Arab,0.23666666666666666,Arab,Indo-European,8.481429599472412,,,,,Indo-European,Arab,-4.304065093204169
salamandra-2b,fuv_Latn,0.23666666666666666,Latn,Atlantic-Congo,,,,,,Atlantic-Congo,Latn,-4.304065093204169
salamandra-2b,hrv_Latn,0.22333333333333333,Latn,Balto-Slavic,7.610626216540094,0.9934,0.9366666666666666,0.0074687013402581215,0.18117278814315796,Balto-Slavic,Latn,-4.304065093204169
salamandra-2b,jpn_Jpan,0.27666666666666667,Jpan,Japonic,11.032916144087627,11.6856,0.04666666666666667,-0.35292813181877136,-0.17071622610092163,other,other,-3.3004558118606235
salamandra-2b,kir_Cyrl,0.2833333333333333,Cyrl,Turkic,8.70022124395045,2.2448,0.02666666666666667,-0.27624228596687317,-0.07692261040210724,Turkic,Cyrl,-3.0680529351336174
salamandra-2b,mar_Deva,0.2,Deva,Indo-European,9.291197362643686,11.2092,0.006666666666666667,-0.3600665330886841,-0.19993284344673157,Indo-European,Deva,-4.304065093204169
salamandra-2b,nso_Latn,0.24333333333333335,Latn,Atlantic-Congo,,1.4483,0.06,-0.2032771110534668,-0.06561865657567978,Atlantic-Congo,Latn,-4.304065093204169
salamandra-2b,snd_Arab,0.24333333333333335,Arab,Indo-European,8.168753912613957,,,,,Indo-European,Arab,-4.304065093204169
salamandra-2b,tam_Taml,0.2866666666666667,Taml,Dravidian,9.641283555217916,11.3061,0.0033333333333333335,-0.35162922739982605,-0.19969047605991364,Dravidian,other,-2.9680807422234805
salamandra-2b,ukr_Cyrl,0.26666666666666666,Cyrl,Balto-Slavic,10.582360317494818,1.1426,0.94,-0.012457356788218021,0.186014324426651,Balto-Slavic,Cyrl,-3.7841896339182615
salamandra-2b,zho_Hans,0.2733333333333333,Hans,Sino-Tibetan,11.356131798505956,9.5686,0.16,-0.3345893919467926,-0.12038964778184891,Sino-Tibetan,other,-3.4385849137337767
salamandra-2b,amh_Ethi,0.27,Ethi,Afro-Asiatic,8.5541337799261,11.0,0.006666666666666667,-0.3878615200519562,-0.21720781922340393,Afro-Asiatic,other,-3.5973122605884447
salamandra-2b,bam_Latn,0.24,Latn,Mande,,,,,,other,Latn,-4.304065093204169
salamandra-2b,dan_Latn,0.2833333333333333,Latn,Indo-European,10.360245901721395,1.0255,0.9766666666666667,0.03504103422164917,0.22742192447185516,Indo-European,Latn,-3.0680529351336174
salamandra-2b,gaz_Latn,0.23333333333333334,Latn,Afro-Asiatic,,1.4954,0.03666666666666667,-0.30705374479293823,-0.11345816403627396,Afro-Asiatic,Latn,-4.304065093204169
salamandra-2b,hun_Latn,0.20333333333333334,Latn,Uralic,10.637669631397417,1.1512,0.84,-0.02621551603078842,0.1435299813747406,Uralic,Latn,-4.304065093204169
salamandra-2b,kac_Latn,0.26,Latn,Sino-Tibetan,,,,,,Sino-Tibetan,Latn,-4.304065093204169
salamandra-2b,kor_Hang,0.26,Hang,Koreanic,10.39384619552899,10.2019,0.043333333333333335,-0.2744768261909485,-0.12271471321582794,other,other,-4.304065093204169
salamandra-2b,mkd_Cyrl,0.20333333333333334,Cyrl,Balto-Slavic,9.301746425904852,1.3327,0.68,-0.028237445279955864,0.11988026648759842,Balto-Slavic,Cyrl,-4.304065093204169
salamandra-2b,nya_Latn,0.2,Latn,Afro-Asiatic,,1.4674,0.056666666666666664,-0.17669677734375,-0.06074604019522667,Afro-Asiatic,Latn,-4.304065093204169
salamandra-2b,ron_Latn,0.17666666666666667,Latn,Indo-European,10.598220789235436,1.0331,0.9433333333333334,0.007473192643374205,0.19575561583042145,Indo-European,Latn,-4.304065093204169
salamandra-2b,som_Latn,0.20333333333333334,Latn,Afro-Asiatic,3.781970673912552,1.5545,0.04,-0.1671912521123886,-0.06026743724942207,Afro-Asiatic,Latn,-4.304065093204169
salamandra-2b,tel_Telu,0.2633333333333333,Telu,Dravidian,9.195061276656201,11.4316,0.0033333333333333335,-0.345942884683609,-0.1924717277288437,Dravidian,other,-4.011868340397864
salamandra-2b,urd_Arab,0.21,Arab,Indo-European,9.431854501264098,7.0461,0.0,-0.3648827373981476,-0.21578943729400635,Indo-European,Arab,-4.304065093204169
salamandra-2b,zho_Hant,0.23666666666666666,Hant,Sino-Tibetan,11.356131798505956,9.5686,,,,Sino-Tibetan,other,-4.304065093204169
salamandra-2b,apc_Arab,0.24333333333333335,Arab,Afro-Asiatic,,,,,,Afro-Asiatic,Arab,-4.304065093204169
salamandra-2b,ben_Beng,0.22333333333333333,Beng,Indo-European,9.981044874347496,11.3257,0.0033333333333333335,-0.38091355562210083,-0.2152257263660431,Indo-European,other,-4.304065093204169
salamandra-2b,deu_Latn,0.25333333333333335,Latn,Indo-European,11.552705133249123,0.9779,0.9633333333333334,0.010467893444001675,0.20759287476539612,Indo-European,Latn,-4.304065093204169
salamandra-2b,grn_Latn,0.24666666666666667,Latn,Tupian,4.10407720615511,,,,,other,Latn,-4.304065093204169
salamandra-2b,hye_Armn,0.29333333333333333,Armn,Indo-European,9.379338026785135,7.6473,0.006666666666666667,-0.3854929506778717,-0.2217581421136856,Indo-European,other,-2.7916369172104756
salamandra-2b,kan_Knda,0.2733333333333333,Knda,Dravidian,9.094221311622814,11.4753,0.0033333333333333335,-0.34316009283065796,-0.1953781694173813,Dravidian,other,-3.4385849137337767
salamandra-2b,lao_Laoo,0.25333333333333335,Laoo,Tai-Kadai,8.225972821174405,10.9973,0.006666666666666667,-0.330161452293396,-0.17884056270122528,Tai-Kadai,other,-4.304065093204169
salamandra-2b,mlt_Latn,0.23,Latn,Afro-Asiatic,,1.2252,0.8766666666666667,-0.004577029962092638,0.18334192037582397,Afro-Asiatic,Latn,-4.304065093204169
salamandra-2b,ory_Orya,0.26,Orya,Indo-European,8.00140143263562,,,,,Indo-European,other,-4.304065093204169
salamandra-2b,rus_Cyrl,0.21666666666666667,Cyrl,Balto-Slavic,11.867586387163913,1.0878,0.8833333333333333,-0.059781964868307114,0.15162284672260284,Balto-Slavic,Cyrl,-4.304065093204169
salamandra-2b,sot_Latn,0.22,Latn,Atlantic-Congo,,,,,,Atlantic-Congo,Latn,-4.304065093204169
salamandra-2b,tgk_Cyrl,0.26666666666666666,Cyrl,Indo-European,,,,,,Indo-European,Cyrl,-3.7841896339182615
salamandra-2b,urd_Latn,0.2833333333333333,,,,,,,,other,other,-3.0680529351336174
salamandra-2b,zsm_Latn,0.26666666666666666,Latn,Austronesian,7.287263587861631,1.3467,0.5066666666666667,-0.0818496122956276,0.07566558569669724,Austronesian,Latn,-3.7841896339182615
salamandra-2b,arb_Arab,0.24333333333333335,Arab,Afro-Asiatic,10.841073612355865,7.0591,0.013333333333333334,-0.3755652606487274,-0.184864342212677,Afro-Asiatic,Arab,-4.304065093204169
salamandra-2b,ben_Latn,0.23666666666666666,,,,,,,,other,other,-4.304065093204169
salamandra-2b,ell_Grek,0.28,Grek,Indo-European,10.634956550916772,1.0844,0.93,0.011635085567831993,0.19181378185749054,Indo-European,other,-3.178053830347945
salamandra-2b,guj_Gujr,0.24666666666666667,Gujr,Indo-European,9.053743034427566,11.1886,0.01,-0.36258336901664734,-0.19805407524108887,Indo-European,other,-4.304065093204169
salamandra-2b,ibo_Latn,0.25333333333333335,Latn,Atlantic-Congo,,2.8091,0.03666666666666667,-0.18275809288024902,-0.07218825817108154,Atlantic-Congo,Latn,-4.304065093204169
salamandra-2b,kat_Geor,0.2733333333333333,Geor,kartvelian,9.417907523376437,11.0643,0.013333333333333334,-0.4283484220504761,-0.21414580941200256,other,other,-3.4385849137337767
salamandra-2b,lin_Latn,0.25666666666666665,Latn,Atlantic-Congo,,,,,,Atlantic-Congo,Latn,-4.304065093204169
salamandra-2b,mri_Latn,0.27666666666666667,Latn,Austronesian,,1.6729,0.07333333333333333,-0.17839092016220093,-0.05402243137359619,Austronesian,Latn,-3.3004558118606235
salamandra-2b,pan_Guru,0.2,Guru,Indo-European,8.861860543889303,10.8518,0.0033333333333333335,-0.35698479413986206,-0.2038075178861618,Indo-European,other,-4.304065093204169
salamandra-2b,shn_Mymr,0.24,Mymr,Tai-Kadai,,,,,,Tai-Kadai,other,-4.304065093204169
salamandra-2b,spa_Latn,0.25333333333333335,Latn,Indo-European,11.572692346038526,0.9846,0.9666666666666667,0.021924089640378952,0.23086649179458618,Indo-European,Latn,-4.304065093204169
salamandra-2b,tgl_Latn,0.24666666666666667,Latn,Austronesian,8.383970492667663,,,,,Austronesian,Latn,-4.304065093204169
salamandra-2b,uzn_Latn,0.25,Latn,Turkic,7.876511046298704,1.5979,0.03,-0.21437712013721466,-0.06669512391090393,Turkic,Latn,-4.304065093204169
salamandra-2b,zul_Latn,0.28,Latn,Atlantic-Congo,,1.5714,0.043333333333333335,-0.30434098839759827,-0.09445842355489731,Atlantic-Congo,Latn,-3.178053830347945
salamandra-2b,arb_Latn,0.25,Latn,Afro-Asiatic,10.841073612355865,7.0591,,,,Afro-Asiatic,Latn,-4.304065093204169
salamandra-2b,bod_Tibt,0.2866666666666667,Tibt,Sino-Tibetan,,12.216,0.0,-0.3105619549751282,-0.18449683487415314,Sino-Tibetan,other,-2.9680807422234805
salamandra-2b,eng_Latn,0.24333333333333335,Latn,Indo-European,12.454382979077453,1.0,,,,Indo-European,Latn,-4.304065093204169
salamandra-2b,hat_Latn,0.2633333333333333,Latn,Atlantic-Congo,4.418019405728941,,,,,Atlantic-Congo,Latn,-4.011868340397864
salamandra-2b,ilo_Latn,0.24,Latn,Austronesian,,,,,,Austronesian,Latn,-4.304065093204169
salamandra-2b,kaz_Cyrl,0.22666666666666666,Cyrl,Turkic,9.447543326977344,2.3945,0.02666666666666667,-0.1734098494052887,-0.06461146473884583,Turkic,Cyrl,-4.304065093204169
salamandra-2b,lit_Latn,0.20333333333333334,Latn,Balto-Slavic,10.153726802927073,1.0555,0.8633333333333333,-0.06600571423768997,0.14928655326366425,Balto-Slavic,Latn,-4.304065093204169
salamandra-2b,mya_Mymr,0.22333333333333333,Mymr,Sino-Tibetan,8.94576714414124,12.0769,0.0033333333333333335,-0.3183928430080414,-0.20051898062229156,Sino-Tibetan,other,-4.304065093204169
salamandra-2b,pbt_Arab,0.2633333333333333,Arab,Indo-European,8.559915920992061,7.1641,0.006666666666666667,-0.31689849495887756,-0.17092743515968323,Indo-European,Arab,-4.011868340397864
salamandra-2b,sin_Latn,0.26,,,,,,,,other,other,-4.304065093204169
salamandra-2b,srp_Cyrl,0.22,Cyrl,Balto-Slavic,9.664593347362308,1.1932,0.9233333333333333,-0.006672519259154797,0.17555232346057892,Balto-Slavic,Cyrl,-4.304065093204169
salamandra-2b,tha_Thai,0.26666666666666666,Thai,Tai-Kadai,10.196379987855126,11.2672,0.0033333333333333335,-0.3872867524623871,-0.20089419186115265,Tai-Kadai,other,-3.7841896339182615
salamandra-2b,vie_Latn,0.26,Latn,Austroasiatic,10.743353922054286,3.2591,0.12333333333333334,-0.23084041476249695,-0.05367877334356308,other,Latn,-4.304065093204169
salamandra-2b,ars_Arab,0.2633333333333333,Arab,Afro-Asiatic,,,,,,Afro-Asiatic,Arab,-4.011868340397864
salamandra-2b,bul_Cyrl,0.23,Cyrl,Balto-Slavic,10.360175858097726,1.0608,0.91,-0.0028684744611382484,0.19016270339488983,Balto-Slavic,Cyrl,-4.304065093204169
salamandra-2b,est_Latn,0.17,Latn,Uralic,9.944761723531126,1.0506,0.8633333333333333,-0.044441428035497665,0.14640535414218903,Uralic,Latn,-4.304065093204169
salamandra-2b,hau_Latn,0.27666666666666667,Latn,Afro-Asiatic,,1.572,0.043333333333333335,-0.17045749723911285,-0.06331296265125275,Afro-Asiatic,Latn,-3.3004558118606235
salamandra-2b,ind_Latn,0.2633333333333333,Latn,Austronesian,10.081454105942349,1.3328,0.5933333333333334,-0.06848197430372238,0.09385288506746292,Austronesian,Latn,-4.011868340397864
salamandra-2b,kea_Latn,0.25666666666666665,Latn,Portuguese Creole,,,,,,other,Latn,-4.304065093204169
salamandra-2b,lug_Latn,0.24,Latn,Atlantic-Congo,,,,,,Atlantic-Congo,Latn,-4.304065093204169
salamandra-2b,nld_Latn,0.26666666666666666,Latn,Indo-European,10.903264809073452,0.9794,0.9633333333333334,0.034599147737026215,0.21169719099998474,Indo-European,Latn,-3.7841896339182615
salamandra-2b,pes_Arab,0.20666666666666667,Arab,Indo-European,10.662263375070816,6.877,0.006666666666666667,-0.36728981137275696,-0.18816779553890228,Indo-European,Arab,-4.304065093204169
salamandra-2b,sin_Sinh,0.2733333333333333,Sinh,Indo-European,8.94462532284678,10.873,,,,Indo-European,other,-3.4385849137337767
salamandra-2b,ssw_Latn,0.2866666666666667,Latn,Atlantic-Congo,,1.5708,0.03,-0.18847863376140594,-0.06618622690439224,Atlantic-Congo,Latn,-2.9680807422234805
salamandra-2b,tir_Ethi,0.3,Ethi,Afro-Asiatic,,10.5353,0.006666666666666667,-0.35563966631889343,-0.20340153574943542,Afro-Asiatic,other,-2.639057329615259
salamandra-2b,war_Latn,0.22333333333333333,Latn,Austronesian,,,,,,Austronesian,Latn,-4.304065093204169
salamandra-2b,ary_Arab,0.25666666666666665,,,,,,,,other,other,-4.304065093204169
salamandra-2b,cat_Latn,0.24,Latn,Indo-European,10.097961053275002,1.046,0.9433333333333334,0.03039044328033924,0.2180282324552536,Indo-European,Latn,-4.304065093204169
salamandra-2b,eus_Latn,0.24333333333333335,Latn,isolate,9.101082328203272,0.9308,0.77,-0.059448253363370895,0.10926239937543869,other,Latn,-4.304065093204169
salamandra-2b,heb_Hebr,0.26666666666666666,Hebr,Afro-Asiatic,9.693476506485494,7.2925,0.013333333333333334,-0.3117995262145996,-0.1532028168439865,Afro-Asiatic,other,-3.7841896339182615
salamandra-2b,isl_Latn,0.20333333333333334,Latn,Indo-European,9.371177412080815,1.681,0.16666666666666666,-0.137404665350914,-0.0043860916048288345,Indo-European,Latn,-4.304065093204169
salamandra-2b,khk_Cyrl,0.26,Cyrl,Mongolic-Khitan,9.267328434893145,2.5557,0.02,-0.22482649981975555,-0.08515749126672745,other,Cyrl,-4.304065093204169
salamandra-2b,luo_Latn,0.2833333333333333,Latn,Nilotic,,,,,,other,Latn,-3.0680529351336174
salamandra-2b,nob_Latn,0.2633333333333333,Latn,Indo-European,10.265445888776227,1.011,0.96,-0.0006355295772664249,0.20402279496192932,Indo-European,Latn,-4.011868340397864
salamandra-2b,plt_Latn,0.26666666666666666,Latn,Austronesian,8.15437957359287,1.4987,0.03666666666666667,-0.18214794993400574,-0.06361820548772812,Austronesian,Latn,-3.7841896339182615
salamandra-2b,slk_Latn,0.2633333333333333,Latn,Balto-Slavic,10.215972316299656,1.0963,0.9366666666666666,0.012955129146575928,0.18507523834705353,Balto-Slavic,Latn,-4.011868340397864
salamandra-2b,sun_Latn,0.29,Latn,Austronesian,6.11676045067112,,,,,Austronesian,Latn,-2.876385515921425
salamandra-2b,tsn_Latn,0.25333333333333335,Latn,Atlantic-Congo,,1.4661,0.04,-0.17545853555202484,-0.06275621056556702,Atlantic-Congo,Latn,-4.304065093204169
salamandra-2b,wol_Latn,0.25666666666666665,Latn,Atlantic-Congo,,1.5901,0.04,-0.2825317680835724,-0.10109452903270721,Atlantic-Congo,Latn,-4.304065093204169
salamandra-7b,acm_Arab,0.31,Arab,Afro-Asiatic,,,,,,Afro-Asiatic,Arab,-2.4423470353692043
salamandra-7b,arz_Arab,0.25666666666666665,Arab,Afro-Asiatic,,,,,,Afro-Asiatic,Arab,-4.304065093204169
salamandra-7b,ceb_Latn,0.27666666666666667,Latn,Austronesian,,,,,,Austronesian,Latn,-3.3004558118606235
salamandra-7b,fin_Latn,0.33666666666666667,Latn,Uralic,10.461273505456898,0.995,0.9866666666666667,0.06901856511831284,0.2237118035554886,Uralic,Latn,-2.03520828670301
salamandra-7b,hin_Deva,0.29,Deva,Indo-European,10.225085947081105,10.5921,0.09666666666666666,-0.05695541203022003,-0.014863522723317146,Indo-European,Deva,-2.876385515921425
salamandra-7b,ita_Latn,0.37666666666666665,Latn,Indo-European,11.218657350111846,0.9546,0.9933333333333333,0.10180914402008057,0.2876988649368286,Indo-European,Latn,-1.593522457128201
salamandra-7b,khm_Khmr,0.21666666666666667,Khmr,Austroasiatic,8.873125289337338,11.439,0.043333333333333335,-0.07400684803724289,-0.04037058353424072,other,other,-4.304065093204169
salamandra-7b,lvs_Latn,0.32,Latn,Balto-Slavic,9.894602930159628,1.1257,0.9666666666666667,0.06287863105535507,0.22126197814941406,Balto-Slavic,Latn,-2.2735975561207935
salamandra-7b,npi_Deva,0.23,Deva,Indo-European,9.314204818644845,10.7609,0.09666666666666666,-0.06315400451421738,-0.02069479040801525,Indo-European,Deva,-4.304065093204169
salamandra-7b,pol_Latn,0.37333333333333335,Latn,Balto-Slavic,11.069183544489329,1.2014,0.97,0.029404742643237114,0.2035171538591385,Balto-Slavic,Latn,-1.6255240501857244
salamandra-7b,slv_Latn,0.4,Latn,Balto-Slavic,9.903501694149961,1.0457,0.9833333333333333,0.06467103958129883,0.23908229172229767,Balto-Slavic,Latn,-1.3862943611198904
salamandra-7b,swe_Latn,0.36,Latn,Indo-European,10.585304823582218,1.019,0.9933333333333333,0.10447392612695694,0.2796245813369751,Indo-European,Latn,-1.7609878105613017
salamandra-7b,tso_Latn,0.2733333333333333,Latn,Afro-Asiatic,,,,,,Afro-Asiatic,Latn,-3.4385849137337767
salamandra-7b,xho_Latn,0.29,Latn,Atlantic-Congo,,1.6409,0.06,-0.12275982648134232,-0.036654021590948105,Atlantic-Congo,Latn,-2.876385515921425
salamandra-7b,afr_Latn,0.31333333333333335,Latn,Indo-European,9.04883387717687,1.1984,0.88,0.039907511323690414,0.17480291426181793,Indo-European,Latn,-2.38343718962314
salamandra-7b,asm_Beng,0.26666666666666666,Beng,Indo-European,7.923181284977745,,,,,Indo-European,other,-3.7841896339182615
salamandra-7b,ces_Latn,0.3466666666666667,Latn,Balto-Slavic,10.755192300065602,1.1655,0.9833333333333333,0.07183604687452316,0.2384999543428421,Balto-Slavic,Latn,-1.9108188292440431
salamandra-7b,fra_Latn,0.38333333333333336,Latn,Indo-European,11.504243358607456,1.0887,0.9666666666666667,0.024398110806941986,0.22489021718502045,Indo-European,Latn,-1.5314763709643884
salamandra-7b,hin_Latn,0.25,,,,,,,,other,other,-4.304065093204169
salamandra-7b,jav_Latn,0.26,Latn,Austronesian,,,,,,Austronesian,Latn,-4.304065093204169
salamandra-7b,kin_Latn,0.2833333333333333,Latn,Atlantic-Congo,,1.5569,0.043333333333333335,-0.1159752681851387,-0.030719079077243805,Atlantic-Congo,Latn,-3.0680529351336174
salamandra-7b,mal_Mlym,0.24666666666666667,Mlym,Dravidian,9.322334431411548,11.7708,0.006666666666666667,-0.08474519848823547,-0.05127602443099022,Dravidian,other,-4.304065093204169
salamandra-7b,npi_Latn,0.25333333333333335,,,,,,,,other,other,-4.304065093204169
salamandra-7b,por_Latn,0.3933333333333333,Latn,Indo-European,11.136535917638877,0.9898,0.9933333333333333,0.07865773141384125,0.2785213589668274,Indo-European,Latn,-1.442806571383233
salamandra-7b,sna_Latn,0.2866666666666667,Latn,Atlantic-Congo,,,,,,Atlantic-Congo,Latn,-2.9680807422234805
salamandra-7b,swh_Latn,0.2733333333333333,Latn,Atlantic-Congo,7.487255902011655,1.4659,0.08333333333333333,-0.10596904903650284,-0.01502049807459116,Atlantic-Congo,Latn,-3.4385849137337767
salamandra-7b,tur_Latn,0.30333333333333334,Latn,Turkic,10.808162253319553,1.9058,0.6766666666666666,-0.007550546899437904,0.08082345873117447,Turkic,Latn,-2.56974552972503
salamandra-7b,yor_Latn,0.23333333333333334,Latn,Atlantic-Congo,4.632892380992985,3.3715,0.016666666666666666,-0.1056303009390831,-0.05722830444574356,Atlantic-Congo,Latn,-4.304065093204169
salamandra-7b,als_Latn,0.25333333333333335,Latn,Indo-European,9.562161153905935,1.6762,0.3,-0.09784490615129471,0.015395018272101879,Indo-European,Latn,-4.304065093204169
salamandra-7b,azj_Latn,0.26,Latn,Turkic,9.545721659518483,2.5803,0.2966666666666667,-0.04671565070748329,0.02732967399060726,Turkic,Latn,-4.304065093204169
salamandra-7b,ckb_Arab,0.24666666666666667,Arab,Indo-European,8.481429599472412,,,,,Indo-European,Arab,-4.304065093204169
salamandra-7b,fuv_Latn,0.25,Latn,Atlantic-Congo,,,,,,Atlantic-Congo,Latn,-4.304065093204169
salamandra-7b,hrv_Latn,0.37333333333333335,Latn,Balto-Slavic,7.610626216540094,0.9934,0.99,0.07608428597450256,0.24224400520324707,Balto-Slavic,Latn,-1.6255240501857244
salamandra-7b,jpn_Jpan,0.32666666666666666,Jpan,Japonic,11.032916144087627,11.6856,0.55,-0.02123357728123665,0.03726783022284508,other,other,-2.172773481472055
salamandra-7b,kir_Cyrl,0.26666666666666666,Cyrl,Turkic,8.70022124395045,2.2448,0.08333333333333333,-0.06874296814203262,-0.005386475473642349,Turkic,Cyrl,-3.7841896339182615
salamandra-7b,mar_Deva,0.26,Deva,Indo-European,9.291197362643686,11.2092,0.043333333333333335,-0.07094522565603256,-0.03139566630125046,Indo-European,Deva,-4.304065093204169
salamandra-7b,nso_Latn,0.2733333333333333,Latn,Atlantic-Congo,,1.4483,0.07333333333333333,-0.13382025063037872,-0.035135816782712936,Atlantic-Congo,Latn,-3.4385849137337767
salamandra-7b,snd_Arab,0.25666666666666665,Arab,Indo-European,8.168753912613957,,,,,Indo-European,Arab,-4.304065093204169
salamandra-7b,tam_Taml,0.31333333333333335,Taml,Dravidian,9.641283555217916,11.3061,0.01,-0.08309697359800339,-0.04813922196626663,Dravidian,other,-2.38343718962314
salamandra-7b,ukr_Cyrl,0.34,Cyrl,Balto-Slavic,10.582360317494818,1.1426,0.9733333333333334,0.06715890020132065,0.24567808210849762,Balto-Slavic,Cyrl,-1.9924301646902058
salamandra-7b,zho_Hans,0.3433333333333333,Hans,Sino-Tibetan,11.356131798505956,9.5686,0.8066666666666666,6.343200948322192e-05,0.09132401645183563,Sino-Tibetan,other,-1.9509992185627847
salamandra-7b,amh_Ethi,0.27666666666666667,Ethi,Afro-Asiatic,8.5541337799261,11.0,0.013333333333333334,-0.0939946323633194,-0.05649721622467041,Afro-Asiatic,other,-3.3004558118606235
salamandra-7b,bam_Latn,0.28,Latn,Mande,,,,,,other,Latn,-3.178053830347945
salamandra-7b,dan_Latn,0.36333333333333334,Latn,Indo-European,10.360245901721395,1.0255,0.99,0.11173785477876663,0.28861960768699646,Indo-European,Latn,-1.7259129034304685
salamandra-7b,gaz_Latn,0.24,Latn,Afro-Asiatic,,1.4954,0.03333333333333333,-0.14791180193424225,-0.055567994713783264,Afro-Asiatic,Latn,-4.304065093204169
salamandra-7b,hun_Latn,0.31666666666666665,Latn,Uralic,10.637669631397417,1.1512,0.9666666666666667,0.02554495260119438,0.1976880133152008,Uralic,Latn,-2.3272777055844176
salamandra-7b,kac_Latn,0.26,Latn,Sino-Tibetan,,,,,,Sino-Tibetan,Latn,-4.304065093204169
salamandra-7b,kor_Hang,0.36666666666666664,Hang,Koreanic,10.39384619552899,10.2019,0.55,-0.024346498772501945,0.034376680850982666,other,other,-1.6916760106710726
salamandra-7b,mkd_Cyrl,0.3466666666666667,Cyrl,Balto-Slavic,9.301746425904852,1.3327,0.91,0.05346846207976341,0.18081851303577423,Balto-Slavic,Cyrl,-1.9108188292440431
salamandra-7b,nya_Latn,0.22666666666666666,Latn,Afro-Asiatic,,1.4674,0.07666666666666666,-0.12785963714122772,-0.0310471560806036,Afro-Asiatic,Latn,-4.304065093204169
salamandra-7b,ron_Latn,0.35,Latn,Indo-European,10.598220789235436,1.0331,0.9833333333333333,0.05828307569026947,0.2501009702682495,Indo-European,Latn,-1.8718021769015918
salamandra-7b,som_Latn,0.21333333333333335,Latn,Afro-Asiatic,3.781970673912552,1.5545,0.08,-0.10606511682271957,-0.029448436573147774,Afro-Asiatic,Latn,-4.304065093204169
salamandra-7b,tel_Telu,0.26,Telu,Dravidian,9.195061276656201,11.4316,0.013333333333333334,-0.08673131465911865,-0.046756453812122345,Dravidian,other,-4.304065093204169
salamandra-7b,urd_Arab,0.23666666666666666,Arab,Indo-European,9.431854501264098,7.0461,0.12333333333333334,-0.05880996212363243,-0.017537688836455345,Indo-European,Arab,-4.304065093204169
salamandra-7b,zho_Hant,0.3466666666666667,Hant,Sino-Tibetan,11.356131798505956,9.5686,,,,Sino-Tibetan,other,-1.9108188292440431
salamandra-7b,apc_Arab,0.25,Arab,Afro-Asiatic,,,,,,Afro-Asiatic,Arab,-4.304065093204169
salamandra-7b,ben_Beng,0.28,Beng,Indo-European,9.981044874347496,11.3257,0.04666666666666667,-0.06469067186117172,-0.029135609045624733,Indo-European,other,-3.178053830347945
salamandra-7b,deu_Latn,0.3933333333333333,Latn,Indo-European,11.552705133249123,0.9779,0.99,0.08485611528158188,0.26840007305145264,Indo-European,Latn,-1.442806571383233
salamandra-7b,grn_Latn,0.24666666666666667,Latn,Tupian,4.10407720615511,,,,,other,Latn,-4.304065093204169
salamandra-7b,hye_Armn,0.32,Armn,Indo-European,9.379338026785135,7.6473,0.01,-0.09348519146442413,-0.05418950319290161,Indo-European,other,-2.2735975561207935
salamandra-7b,kan_Knda,0.29333333333333333,Knda,Dravidian,9.094221311622814,11.4753,0.01,-0.08137071132659912,-0.043545980006456375,Dravidian,other,-2.7916369172104756
salamandra-7b,lao_Laoo,0.2966666666666667,Laoo,Tai-Kadai,8.225972821174405,10.9973,0.08333333333333333,-0.06733585894107819,-0.027889538556337357,Tai-Kadai,other,-2.7128008038608074
salamandra-7b,mlt_Latn,0.37666666666666665,Latn,Afro-Asiatic,,1.2252,0.9666666666666667,0.08531216531991959,0.25883570313453674,Afro-Asiatic,Latn,-1.593522457128201
salamandra-7b,ory_Orya,0.26,Orya,Indo-European,8.00140143263562,,,,,Indo-European,other,-4.304065093204169
salamandra-7b,rus_Cyrl,0.3566666666666667,Cyrl,Balto-Slavic,11.867586387163913,1.0878,0.9433333333333334,0.012732545845210552,0.19003213942050934,Balto-Slavic,Cyrl,-1.7969542861051588
salamandra-7b,sot_Latn,0.2866666666666667,Latn,Atlantic-Congo,,,,,,Atlantic-Congo,Latn,-2.9680807422234805
salamandra-7b,tgk_Cyrl,0.25,Cyrl,Indo-European,,,,,,Indo-European,Cyrl,-4.304065093204169
salamandra-7b,urd_Latn,0.26,,,,,,,,other,other,-4.304065093204169
salamandra-7b,zsm_Latn,0.3433333333333333,Latn,Austronesian,7.287263587861631,1.3467,0.8333333333333334,-0.00019810249796137214,0.13580022752285004,Austronesian,Latn,-1.9509992185627847
salamandra-7b,arb_Arab,0.2733333333333333,Arab,Afro-Asiatic,10.841073612355865,7.0591,0.4,-0.0387011356651783,0.01538609154522419,Afro-Asiatic,Arab,-3.4385849137337767
salamandra-7b,ben_Latn,0.24333333333333335,,,,,,,,other,other,-4.304065093204169
salamandra-7b,ell_Grek,0.33666666666666667,Grek,Indo-European,10.634956550916772,1.0844,0.97,0.04187200218439102,0.2442418932914734,Indo-European,other,-2.03520828670301
salamandra-7b,guj_Gujr,0.2966666666666667,Gujr,Indo-European,9.053743034427566,11.1886,0.03333333333333333,-0.07047446072101593,-0.031567517668008804,Indo-European,other,-2.7128008038608074
salamandra-7b,ibo_Latn,0.26,Latn,Atlantic-Congo,,2.8091,0.04,-0.10497067123651505,-0.037851493805646896,Atlantic-Congo,Latn,-4.304065093204169
salamandra-7b,kat_Geor,0.2633333333333333,Geor,kartvelian,9.417907523376437,11.0643,0.53,-0.05587810277938843,0.03753264248371124,other,other,-4.011868340397864
salamandra-7b,lin_Latn,0.26,Latn,Atlantic-Congo,,,,,,Atlantic-Congo,Latn,-4.304065093204169
salamandra-7b,mri_Latn,0.23,Latn,Austronesian,,1.6729,0.12666666666666668,-0.07686992734670639,-0.0010778752621263266,Austronesian,Latn,-4.304065093204169
salamandra-7b,pan_Guru,0.2866666666666667,Guru,Indo-European,8.861860543889303,10.8518,0.02666666666666667,-0.06700449436903,-0.030560029670596123,Indo-European,other,-2.9680807422234805
salamandra-7b,shn_Mymr,0.23333333333333334,Mymr,Tai-Kadai,,,,,,Tai-Kadai,other,-4.304065093204169
salamandra-7b,spa_Latn,0.38666666666666666,Latn,Indo-European,11.572692346038526,0.9846,0.99,0.07796502113342285,0.2792394459247589,Indo-European,Latn,-1.501363690904678
salamandra-7b,tgl_Latn,0.3,Latn,Austronesian,8.383970492667663,,,,,Austronesian,Latn,-2.639057329615259
salamandra-7b,uzn_Latn,0.2833333333333333,Latn,Turkic,7.876511046298704,1.5979,0.05333333333333334,-0.09460070729255676,-0.015801165252923965,Turkic,Latn,-3.0680529351336174
salamandra-7b,zul_Latn,0.2733333333333333,Latn,Atlantic-Congo,,1.5714,0.04,-0.1533127725124359,-0.044840894639492035,Atlantic-Congo,Latn,-3.4385849137337767
salamandra-7b,arb_Latn,0.22666666666666666,Latn,Afro-Asiatic,10.841073612355865,7.0591,,,,Afro-Asiatic,Latn,-4.304065093204169
salamandra-7b,bod_Tibt,0.25666666666666665,Tibt,Sino-Tibetan,,12.216,0.0,-0.11864510178565979,-0.08559233695268631,Sino-Tibetan,other,-4.304065093204169
salamandra-7b,eng_Latn,0.4,Latn,Indo-European,12.454382979077453,1.0,,,,Indo-European,Latn,-1.3862943611198904
salamandra-7b,hat_Latn,0.2633333333333333,Latn,Atlantic-Congo,4.418019405728941,,,,,Atlantic-Congo,Latn,-4.011868340397864
salamandra-7b,ilo_Latn,0.25666666666666665,Latn,Austronesian,,,,,,Austronesian,Latn,-4.304065093204169
salamandra-7b,kaz_Cyrl,0.2633333333333333,Cyrl,Turkic,9.447543326977344,2.3945,0.11333333333333333,-0.051663439720869064,0.004765514750033617,Turkic,Cyrl,-4.011868340397864
salamandra-7b,lit_Latn,0.3466666666666667,Latn,Balto-Slavic,10.153726802927073,1.0555,0.9666666666666667,0.06141887605190277,0.22323709726333618,Balto-Slavic,Latn,-1.9108188292440431
salamandra-7b,mya_Mymr,0.2733333333333333,Mymr,Sino-Tibetan,8.94576714414124,12.0769,0.0033333333333333335,-0.08923695236444473,-0.05658799409866333,Sino-Tibetan,other,-3.4385849137337767
salamandra-7b,pbt_Arab,0.27,Arab,Indo-European,8.559915920992061,7.1641,0.006666666666666667,-0.09101970493793488,-0.042301926761865616,Indo-European,Arab,-3.5973122605884447
salamandra-7b,sin_Latn,0.26666666666666666,,,,,,,,other,other,-3.7841896339182615
salamandra-7b,srp_Cyrl,0.3566666666666667,Cyrl,Balto-Slavic,9.664593347362308,1.1932,0.9833333333333333,0.04950657859444618,0.2329484075307846,Balto-Slavic,Cyrl,-1.7969542861051588
salamandra-7b,tha_Thai,0.2833333333333333,Thai,Tai-Kadai,10.196379987855126,11.2672,0.17333333333333334,-0.05667578801512718,-0.011729215271770954,Tai-Kadai,other,-3.0680529351336174
salamandra-7b,vie_Latn,0.31,Latn,Austroasiatic,10.743353922054286,3.2591,0.63,-0.007716883905231953,0.06771447509527206,other,Latn,-2.4423470353692043
salamandra-7b,ars_Arab,0.28,Arab,Afro-Asiatic,,,,,,Afro-Asiatic,Arab,-3.178053830347945
salamandra-7b,bul_Cyrl,0.36,Cyrl,Balto-Slavic,10.360175858097726,1.0608,0.97,0.06070197373628616,0.24513043463230133,Balto-Slavic,Cyrl,-1.7609878105613017
salamandra-7b,est_Latn,0.3433333333333333,Latn,Uralic,9.944761723531126,1.0506,0.9833333333333333,0.05454577878117561,0.2234039306640625,Uralic,Latn,-1.9509992185627847
salamandra-7b,hau_Latn,0.25666666666666665,Latn,Afro-Asiatic,,1.572,0.06,-0.1140650287270546,-0.03174067288637161,Afro-Asiatic,Latn,-4.304065093204169
salamandra-7b,ind_Latn,0.33666666666666667,Latn,Austronesian,10.081454105942349,1.3328,0.86,0.04085143655538559,0.16192908585071564,Austronesian,Latn,-2.03520828670301
salamandra-7b,kea_Latn,0.3466666666666667,Latn,Portuguese Creole,,,,,,other,Latn,-1.9108188292440431
salamandra-7b,lug_Latn,0.29,Latn,Atlantic-Congo,,,,,,Atlantic-Congo,Latn,-2.876385515921425
salamandra-7b,nld_Latn,0.33,Latn,Indo-European,10.903264809073452,0.9794,0.9933333333333333,0.08965615183115005,0.2686707675457001,Indo-European,Latn,-2.12525107771113
salamandra-7b,pes_Arab,0.26666666666666666,Arab,Indo-European,10.662263375070816,6.877,0.25333333333333335,-0.0435565710067749,0.0031005316413939,Indo-European,Arab,-3.7841896339182615
salamandra-7b,sin_Sinh,0.29,Sinh,Indo-European,8.94462532284678,10.873,,,,Indo-European,other,-2.876385515921425
salamandra-7b,ssw_Latn,0.2833333333333333,Latn,Atlantic-Congo,,1.5708,0.06333333333333334,-0.1159503310918808,-0.03548787534236908,Atlantic-Congo,Latn,-3.0680529351336174
salamandra-7b,tir_Ethi,0.2733333333333333,Ethi,Afro-Asiatic,,10.5353,0.006666666666666667,-0.09021716564893723,-0.05413344129920006,Afro-Asiatic,other,-3.4385849137337767
salamandra-7b,war_Latn,0.29333333333333333,Latn,Austronesian,,,,,,Austronesian,Latn,-2.7916369172104756
salamandra-7b,ary_Arab,0.24666666666666667,,,,,,,,other,other,-4.304065093204169
salamandra-7b,cat_Latn,0.37,Latn,Indo-European,10.097961053275002,1.046,0.9933333333333333,0.07209455221891403,0.2612573206424713,Indo-European,Latn,-1.6582280766035322
salamandra-7b,eus_Latn,0.30666666666666664,Latn,isolate,9.101082328203272,0.9308,0.93,0.02415383607149124,0.17262397706508636,other,Latn,-2.5043247356451026
salamandra-7b,heb_Hebr,0.32,Hebr,Afro-Asiatic,9.693476506485494,7.2925,0.20333333333333334,-0.04746841639280319,0.004899016115814447,Afro-Asiatic,other,-2.2735975561207935
salamandra-7b,isl_Latn,0.29333333333333333,Latn,Indo-European,9.371177412080815,1.681,0.53,-0.04626336321234703,0.0632893443107605,Indo-European,Latn,-2.7916369172104756
salamandra-7b,khk_Cyrl,0.23,Cyrl,Mongolic-Khitan,9.267328434893145,2.5557,0.03,-0.09124432504177094,-0.04003613069653511,other,Cyrl,-4.304065093204169
salamandra-7b,luo_Latn,0.2833333333333333,Latn,Nilotic,,,,,,other,Latn,-3.0680529351336174
salamandra-7b,nob_Latn,0.3566666666666667,Latn,Indo-European,10.265445888776227,1.011,0.9866666666666667,0.07251617312431335,0.26631245017051697,Indo-European,Latn,-1.7969542861051588
salamandra-7b,plt_Latn,0.22666666666666666,Latn,Austronesian,8.15437957359287,1.4987,0.05333333333333334,-0.11051421612501144,-0.03473855182528496,Austronesian,Latn,-4.304065093204169
salamandra-7b,slk_Latn,0.34,Latn,Balto-Slavic,10.215972316299656,1.0963,0.98,0.06451622396707535,0.24044637382030487,Balto-Slavic,Latn,-1.9924301646902058
salamandra-7b,sun_Latn,0.31,Latn,Austronesian,6.11676045067112,,,,,Austronesian,Latn,-2.4423470353692043
salamandra-7b,tsn_Latn,0.27666666666666667,Latn,Atlantic-Congo,,1.4661,0.05,-0.10984733700752258,-0.03353026509284973,Atlantic-Congo,Latn,-3.3004558118606235
salamandra-7b,wol_Latn,0.25333333333333335,Latn,Atlantic-Congo,,1.5901,0.07666666666666666,-0.15015581250190735,-0.05688762664794922,Atlantic-Congo,Latn,-4.304065093204169
granite-3.1-8b-base,acm_Arab,0.4066666666666667,Arab,Afro-Asiatic,,,,,,Afro-Asiatic,Arab,-1.3316359485820264
granite-3.1-8b-base,arz_Arab,0.36,Arab,Afro-Asiatic,,,,,,Afro-Asiatic,Arab,-1.7609878105613017
granite-3.1-8b-base,ceb_Latn,0.3566666666666667,Latn,Austronesian,,,,,,Austronesian,Latn,-1.7969542861051588
granite-3.1-8b-base,fin_Latn,0.3333333333333333,Latn,Uralic,10.461273505456898,1.6693,0.1,-0.06949520856142044,0.01304151862859726,Uralic,Latn,-2.079441541679836
granite-3.1-8b-base,hin_Deva,0.29333333333333333,Deva,Indo-European,10.225085947081105,4.2796,0.26666666666666666,-0.053657371550798416,0.005144922994077206,Indo-European,Deva,-2.7916369172104756
granite-3.1-8b-base,ita_Latn,0.57,Latn,Indo-European,11.218657350111846,1.2933,0.9566666666666667,0.053805604577064514,0.18081115186214447,Indo-European,Latn,-0.29546421289383634
granite-3.1-8b-base,khm_Khmr,0.2633333333333333,Khmr,Austroasiatic,8.873125289337338,7.0021,0.08333333333333333,-0.13209590315818787,-0.05195960775017738,other,other,-4.011868340397864
granite-3.1-8b-base,lvs_Latn,0.29,Latn,Balto-Slavic,9.894602930159628,1.9359,0.08,-0.05493505671620369,0.0030774895567446947,Balto-Slavic,Latn,-2.876385515921425
granite-3.1-8b-base,npi_Deva,0.32666666666666666,Deva,Indo-European,9.314204818644845,4.3408,0.08666666666666667,-0.06689992547035217,-0.00853435043245554,Indo-European,Deva,-2.172773481472055
granite-3.1-8b-base,pol_Latn,0.37,Latn,Balto-Slavic,11.069183544489329,1.745,0.38333333333333336,-0.011894180439412594,0.0634327307343483,Balto-Slavic,Latn,-1.6582280766035322
granite-3.1-8b-base,slv_Latn,0.38333333333333336,Latn,Balto-Slavic,9.903501694149961,1.6251,0.26666666666666666,-0.09192610532045364,0.02071491628885269,Balto-Slavic,Latn,-1.5314763709643884
granite-3.1-8b-base,swe_Latn,0.44666666666666666,Latn,Indo-European,10.585304823582218,1.4425,0.55,-0.03374844789505005,0.09555859863758087,Indo-European,Latn,-1.034450344450824
granite-3.1-8b-base,tso_Latn,0.25,Latn,Afro-Asiatic,,,,,,Afro-Asiatic,Latn,-4.304065093204169
granite-3.1-8b-base,xho_Latn,0.26,Latn,Atlantic-Congo,,1.6731,0.056666666666666664,-0.11274703592061996,-0.028487637639045715,Atlantic-Congo,Latn,-4.304065093204169
granite-3.1-8b-base,afr_Latn,0.45666666666666667,Latn,Indo-European,9.04883387717687,1.4448,0.6033333333333334,-0.0026500720996409655,0.11442727595567703,Indo-European,Latn,-0.9666158157616709
granite-3.1-8b-base,asm_Beng,0.30666666666666664,Beng,Indo-European,7.923181284977745,,,,,Indo-European,other,-2.5043247356451026
granite-3.1-8b-base,ces_Latn,0.5266666666666666,Latn,Balto-Slavic,10.755192300065602,1.7557,0.75,0.02578696794807911,0.12326784431934357,Balto-Slavic,Latn,-0.5369864498046631
granite-3.1-8b-base,fra_Latn,0.6733333333333333,Latn,Indo-European,11.504243358607456,1.34,0.8766666666666667,0.017877740785479546,0.14679406583309174,Indo-European,Latn,0.25921960778801917
granite-3.1-8b-base,hin_Latn,0.30666666666666664,,,,,,,,other,other,-2.5043247356451026
granite-3.1-8b-base,jav_Latn,0.29,Latn,Austronesian,,,,,,Austronesian,Latn,-2.876385515921425
granite-3.1-8b-base,kin_Latn,0.21333333333333335,Latn,Atlantic-Congo,,1.6427,0.03666666666666667,-0.09461785107851028,-0.02386261150240898,Atlantic-Congo,Latn,-4.304065093204169
granite-3.1-8b-base,mal_Mlym,0.2866666666666667,Mlym,Dravidian,9.322334431411548,5.5645,0.043333333333333335,-0.10567603260278702,-0.04165618121623993,Dravidian,other,-2.9680807422234805
granite-3.1-8b-base,npi_Latn,0.23666666666666666,,,,,,,,other,other,-4.304065093204169
granite-3.1-8b-base,por_Latn,0.6466666666666666,Latn,Indo-European,11.136535917638877,1.2916,0.9333333333333333,0.0483427569270134,0.18230046331882477,Indo-European,Latn,0.11568439899946212
granite-3.1-8b-base,sna_Latn,0.26,Latn,Atlantic-Congo,,,,,,Atlantic-Congo,Latn,-4.304065093204169
granite-3.1-8b-base,swh_Latn,0.30333333333333334,Latn,Atlantic-Congo,7.487255902011655,1.5846,0.07333333333333333,-0.08759351819753647,-0.010045552626252174,Atlantic-Congo,Latn,-2.56974552972503
granite-3.1-8b-base,tur_Latn,0.37,Latn,Turkic,10.808162253319553,1.5808,0.2,-0.07402242720127106,0.017573347315192223,Turkic,Latn,-1.6582280766035322
granite-3.1-8b-base,yor_Latn,0.25333333333333335,Latn,Atlantic-Congo,4.632892380992985,2.566,0.06333333333333334,-0.0678398609161377,-0.026316583156585693,Atlantic-Congo,Latn,-4.304065093204169
granite-3.1-8b-base,als_Latn,0.29,Latn,Indo-European,9.562161153905935,1.8249,0.056666666666666664,-0.2544378936290741,-0.15743426978588104,Indo-European,Latn,-2.876385515921425
granite-3.1-8b-base,azj_Latn,0.29333333333333333,Latn,Turkic,9.545721659518483,1.9498,0.04,-0.09651434421539307,-0.022882748395204544,Turkic,Latn,-2.7916369172104756
granite-3.1-8b-base,ckb_Arab,0.29,Arab,Indo-European,8.481429599472412,,,,,Indo-European,Arab,-2.876385515921425
granite-3.1-8b-base,fuv_Latn,0.2833333333333333,Latn,Atlantic-Congo,,,,,,Atlantic-Congo,Latn,-3.0680529351336174
granite-3.1-8b-base,hrv_Latn,0.3933333333333333,Latn,Balto-Slavic,7.610626216540094,1.6464,0.3,-0.09958843141794205,0.025430209934711456,Balto-Slavic,Latn,-1.442806571383233
granite-3.1-8b-base,jpn_Jpan,0.42,Jpan,Japonic,11.032916144087627,3.4027,0.5666666666666667,-0.019613437354564667,0.07068279385566711,other,other,-1.2272296664902034
granite-3.1-8b-base,kir_Cyrl,0.33666666666666667,Cyrl,Turkic,8.70022124395045,2.7184,0.04,-0.07460393011569977,-0.01822296343743801,Turkic,Cyrl,-2.03520828670301
granite-3.1-8b-base,mar_Deva,0.3333333333333333,Deva,Indo-European,9.291197362643686,4.511,0.12666666666666668,-0.0720294788479805,-0.016730263829231262,Indo-European,Deva,-2.079441541679836
granite-3.1-8b-base,nso_Latn,0.23,Latn,Atlantic-Congo,,1.5526,0.043333333333333335,-0.12529854476451874,-0.035930048674345016,Atlantic-Congo,Latn,-4.304065093204169
granite-3.1-8b-base,snd_Arab,0.3233333333333333,Arab,Indo-European,8.168753912613957,,,,,Indo-European,Arab,-2.222163525683472
granite-3.1-8b-base,tam_Taml,0.31666666666666665,Taml,Dravidian,9.641283555217916,3.7518,0.10666666666666667,-0.06602253019809723,-0.014709855429828167,Dravidian,other,-2.3272777055844176
granite-3.1-8b-base,ukr_Cyrl,0.4166666666666667,Cyrl,Balto-Slavic,10.582360317494818,2.3159,0.38666666666666666,-0.010444930754601955,0.05604279041290283,Balto-Slavic,Cyrl,-1.2527629684953678
granite-3.1-8b-base,zho_Hans,0.5533333333333333,Hans,Sino-Tibetan,11.356131798505956,3.382,0.78,0.009133812040090561,0.10156407207250595,Sino-Tibetan,other,-0.3869802934340614
granite-3.1-8b-base,amh_Ethi,0.25,Ethi,Afro-Asiatic,8.5541337799261,9.142,0.006666666666666667,-0.10958953201770782,-0.06689445674419403,Afro-Asiatic,other,-4.304065093204169
granite-3.1-8b-base,bam_Latn,0.2633333333333333,Latn,Mande,,,,,,other,Latn,-4.011868340397864
granite-3.1-8b-base,dan_Latn,0.45,Latn,Indo-European,10.360245901721395,1.4501,0.56,-0.015345168299973011,0.10235504060983658,Indo-European,Latn,-1.01160091167848
granite-3.1-8b-base,gaz_Latn,0.25333333333333335,Latn,Afro-Asiatic,,1.6428,0.03333333333333333,-0.1399591863155365,-0.0551774725317955,Afro-Asiatic,Latn,-4.304065093204169
granite-3.1-8b-base,hun_Latn,0.39,Latn,Uralic,10.637669631397417,1.6974,0.08666666666666667,-0.06178934499621391,0.009350821375846863,Uralic,Latn,-1.4718165345580525
granite-3.1-8b-base,kac_Latn,0.23,Latn,Sino-Tibetan,,,,,,Sino-Tibetan,Latn,-4.304065093204169
granite-3.1-8b-base,kor_Hang,0.4766666666666667,Hang,Koreanic,10.39384619552899,3.3708,0.44333333333333336,-0.031053666025400162,0.03869376331567764,other,other,-0.8367381001722014
granite-3.1-8b-base,mkd_Cyrl,0.41,Cyrl,Balto-Slavic,9.301746425904852,2.1605,0.09,-0.24068143963813782,-0.10668229311704636,Balto-Slavic,Cyrl,-1.3049487216659383
granite-3.1-8b-base,nya_Latn,0.2633333333333333,Latn,Afro-Asiatic,,1.6162,0.04,-0.09563647955656052,-0.027365239337086678,Afro-Asiatic,Latn,-4.011868340397864
granite-3.1-8b-base,ron_Latn,0.49,Latn,Indo-European,10.598220789235436,1.6711,0.37,-0.02945452556014061,0.058359578251838684,Indo-European,Latn,-0.7537718023763801
granite-3.1-8b-base,som_Latn,0.29333333333333333,Latn,Afro-Asiatic,3.781970673912552,1.6601,0.08333333333333333,-0.07528243958950043,-0.008158257231116295,Afro-Asiatic,Latn,-2.7916369172104756
granite-3.1-8b-base,tel_Telu,0.26666666666666666,Telu,Dravidian,9.195061276656201,4.7337,0.09666666666666666,-0.07081464678049088,-0.013211391866207123,Dravidian,other,-3.7841896339182615
granite-3.1-8b-base,urd_Arab,0.36333333333333334,Arab,Indo-European,9.431854501264098,3.543,0.19,-0.042804792523384094,0.0032217195257544518,Indo-European,Arab,-1.7259129034304685
granite-3.1-8b-base,zho_Hant,0.54,Hant,Sino-Tibetan,11.356131798505956,3.382,,,,Sino-Tibetan,other,-0.46134556650262076
granite-3.1-8b-base,apc_Arab,0.33666666666666667,Arab,Afro-Asiatic,,,,,,Afro-Asiatic,Arab,-2.03520828670301
granite-3.1-8b-base,ben_Beng,0.32,Beng,Indo-European,9.981044874347496,3.5987,0.25333333333333335,-0.04370874539017677,0.004931839182972908,Indo-European,other,-2.2735975561207935
granite-3.1-8b-base,deu_Latn,0.52,Latn,Indo-European,11.552705133249123,1.3487,0.93,0.04710432514548302,0.16451576352119446,Indo-European,Latn,-0.5753641449035617
granite-3.1-8b-base,grn_Latn,0.27666666666666667,Latn,Tupian,4.10407720615511,,,,,other,Latn,-3.3004558118606235
granite-3.1-8b-base,hye_Armn,0.28,Armn,Indo-European,9.379338026785135,4.4952,0.02,-0.10043380409479141,-0.04987337812781334,Indo-European,other,-3.178053830347945
granite-3.1-8b-base,kan_Knda,0.2833333333333333,Knda,Dravidian,9.094221311622814,7.9149,0.02666666666666667,-0.09371156990528107,-0.042666029185056686,Dravidian,other,-3.0680529351336174
granite-3.1-8b-base,lao_Laoo,0.24,Laoo,Tai-Kadai,8.225972821174405,6.7752,0.11666666666666667,-0.10768911242485046,-0.03681112453341484,Tai-Kadai,other,-4.304065093204169
granite-3.1-8b-base,mlt_Latn,0.27,Latn,Afro-Asiatic,,1.8838,0.05,-0.0870455801486969,-0.009971793740987778,Afro-Asiatic,Latn,-3.5973122605884447
granite-3.1-8b-base,ory_Orya,0.27666666666666667,Orya,Indo-European,8.00140143263562,,,,,Indo-European,other,-3.3004558118606235
granite-3.1-8b-base,rus_Cyrl,0.48,Cyrl,Balto-Slavic,11.867586387163913,1.9505,0.6266666666666667,-0.02155705727636814,0.06707682460546494,Balto-Slavic,Cyrl,-0.8157495026522779
granite-3.1-8b-base,sot_Latn,0.2633333333333333,Latn,Atlantic-Congo,,,,,,Atlantic-Congo,Latn,-4.011868340397864
granite-3.1-8b-base,tgk_Cyrl,0.2733333333333333,Cyrl,Indo-European,,,,,,Indo-European,Cyrl,-3.4385849137337767
granite-3.1-8b-base,urd_Latn,0.25666666666666665,,,,,,,,other,other,-4.304065093204169
granite-3.1-8b-base,zsm_Latn,0.43333333333333335,Latn,Austronesian,7.287263587861631,1.3866,0.5033333333333333,-0.06430958956480026,0.0521218441426754,Austronesian,Latn,-1.128465251817791
granite-3.1-8b-base,arb_Arab,0.3933333333333333,Arab,Afro-Asiatic,10.841073612355865,2.8925,0.5066666666666667,-0.016374435275793076,0.055201172828674316,Afro-Asiatic,Arab,-1.442806571383233
granite-3.1-8b-base,ben_Latn,0.26,,,,,,,,other,other,-4.304065093204169
granite-3.1-8b-base,ell_Grek,0.37,Grek,Indo-European,10.634956550916772,3.3495,0.05,-0.19938905537128448,-0.11164174228906631,Indo-European,other,-1.6582280766035322
granite-3.1-8b-base,guj_Gujr,0.30333333333333334,Gujr,Indo-European,9.053743034427566,10.1093,0.03666666666666667,-0.11570191383361816,-0.046353116631507874,Indo-European,other,-2.56974552972503
granite-3.1-8b-base,ibo_Latn,0.29,Latn,Atlantic-Congo,,1.9925,0.043333333333333335,-0.06468970328569412,-0.008927271701395512,Atlantic-Congo,Latn,-2.876385515921425
granite-3.1-8b-base,kat_Geor,0.26,Geor,kartvelian,9.417907523376437,4.5717,0.02,-0.09901787340641022,-0.05232807621359825,other,other,-4.304065093204169
granite-3.1-8b-base,lin_Latn,0.20333333333333334,Latn,Atlantic-Congo,,,,,,Atlantic-Congo,Latn,-4.304065093204169
granite-3.1-8b-base,mri_Latn,0.20666666666666667,Latn,Austronesian,,1.7777,0.043333333333333335,-0.08567816764116287,-0.01771635003387928,Austronesian,Latn,-4.304065093204169
granite-3.1-8b-base,pan_Guru,0.28,Guru,Indo-European,8.861860543889303,9.7885,0.043333333333333335,-0.11696355789899826,-0.04715786129236221,Indo-European,other,-3.178053830347945
granite-3.1-8b-base,shn_Mymr,0.26,Mymr,Tai-Kadai,,,,,,Tai-Kadai,other,-4.304065093204169
granite-3.1-8b-base,spa_Latn,0.56,Latn,Indo-European,11.572692346038526,1.2649,0.9466666666666667,0.03995952755212784,0.18257072567939758,Indo-European,Latn,-0.35020242943311486
granite-3.1-8b-base,tgl_Latn,0.4,Latn,Austronesian,8.383970492667663,,,,,Austronesian,Latn,-1.3862943611198904
granite-3.1-8b-base,uzn_Latn,0.3,Latn,Turkic,7.876511046298704,1.6623,0.016666666666666666,-0.14369192719459534,-0.046114519238471985,Turkic,Latn,-2.639057329615259
granite-3.1-8b-base,zul_Latn,0.2733333333333333,Latn,Atlantic-Congo,,1.6641,0.03333333333333333,-0.14371894299983978,-0.0354456789791584,Atlantic-Congo,Latn,-3.4385849137337767
granite-3.1-8b-base,arb_Latn,0.21,Latn,Afro-Asiatic,10.841073612355865,2.8925,,,,Afro-Asiatic,Latn,-4.304065093204169
granite-3.1-8b-base,bod_Tibt,0.23333333333333334,Tibt,Sino-Tibetan,,10.9945,0.0033333333333333335,-0.1555708795785904,-0.08172332495450974,Sino-Tibetan,other,-4.304065093204169
granite-3.1-8b-base,eng_Latn,0.7533333333333333,Latn,Indo-European,12.454382979077453,1.0,,,,Indo-European,Latn,0.7132147436107544
granite-3.1-8b-base,hat_Latn,0.2633333333333333,Latn,Atlantic-Congo,4.418019405728941,,,,,Atlantic-Congo,Latn,-4.011868340397864
granite-3.1-8b-base,ilo_Latn,0.27,Latn,Austronesian,,,,,,Austronesian,Latn,-3.5973122605884447
granite-3.1-8b-base,kaz_Cyrl,0.29333333333333333,Cyrl,Turkic,9.447543326977344,2.8969,0.04,-0.06060827523469925,-0.01906597800552845,Turkic,Cyrl,-2.7916369172104756
granite-3.1-8b-base,lit_Latn,0.30666666666666664,Latn,Balto-Slavic,10.153726802927073,1.8518,0.06666666666666667,-0.0735531821846962,-0.003973982762545347,Balto-Slavic,Latn,-2.5043247356451026
granite-3.1-8b-base,mya_Mymr,0.2633333333333333,Mymr,Sino-Tibetan,8.94576714414124,7.5669,0.0033333333333333335,-0.12391532212495804,-0.07415501773357391,Sino-Tibetan,other,-4.011868340397864
granite-3.1-8b-base,pbt_Arab,0.23333333333333334,Arab,Indo-European,8.559915920992061,3.3274,0.006666666666666667,-0.09807658195495605,-0.0558793880045414,Indo-European,Arab,-4.304065093204169
granite-3.1-8b-base,sin_Latn,0.24666666666666667,,,,,,,,other,other,-4.304065093204169
granite-3.1-8b-base,srp_Cyrl,0.37666666666666665,Cyrl,Balto-Slavic,9.664593347362308,2.3476,0.14666666666666667,-0.15352843701839447,-0.04113398864865303,Balto-Slavic,Cyrl,-1.593522457128201
granite-3.1-8b-base,tha_Thai,0.2733333333333333,Thai,Tai-Kadai,10.196379987855126,3.4482,0.22,-0.04292396456003189,0.019666319712996483,Tai-Kadai,other,-3.4385849137337767
granite-3.1-8b-base,vie_Latn,0.38666666666666666,Latn,Austroasiatic,10.743353922054286,1.9595,0.29333333333333333,-0.013736761175096035,0.04527495056390762,other,Latn,-1.501363690904678
granite-3.1-8b-base,ars_Arab,0.37333333333333335,Arab,Afro-Asiatic,,,,,,Afro-Asiatic,Arab,-1.6255240501857244
granite-3.1-8b-base,bul_Cyrl,0.41333333333333333,Cyrl,Balto-Slavic,10.360175858097726,2.0638,0.2866666666666667,-0.10186491906642914,0.011320006102323532,Balto-Slavic,Cyrl,-1.2786636969275254
granite-3.1-8b-base,est_Latn,0.37,Latn,Uralic,9.944761723531126,1.6449,0.07,-0.1220431849360466,-0.019636688753962517,Uralic,Latn,-1.6582280766035322
granite-3.1-8b-base,hau_Latn,0.31,Latn,Afro-Asiatic,,1.6553,0.03333333333333333,-0.09329871833324432,-0.028909970074892044,Afro-Asiatic,Latn,-2.4423470353692043
granite-3.1-8b-base,ind_Latn,0.49333333333333335,Latn,Austronesian,10.081454105942349,1.3718,0.4166666666666667,-0.12077736109495163,0.024882612749934196,Austronesian,Latn,-0.7334210796978851
granite-3.1-8b-base,kea_Latn,0.32,Latn,Portuguese Creole,,,,,,other,Latn,-2.2735975561207935
granite-3.1-8b-base,lug_Latn,0.2633333333333333,Latn,Atlantic-Congo,,,,,,Atlantic-Congo,Latn,-4.011868340397864
granite-3.1-8b-base,nld_Latn,0.49,Latn,Indo-European,10.903264809073452,1.3414,0.88,0.04305634647607803,0.16019877791404724,Indo-European,Latn,-0.7537718023763801
granite-3.1-8b-base,pes_Arab,0.31333333333333335,Arab,Indo-European,10.662263375070816,2.7787,0.23333333333333334,-0.027091631665825844,0.02391345426440239,Indo-European,Arab,-2.38343718962314
granite-3.1-8b-base,sin_Sinh,0.3,Sinh,Indo-European,8.94462532284678,6.7614,,,,Indo-European,other,-2.639057329615259
granite-3.1-8b-base,ssw_Latn,0.2866666666666667,Latn,Atlantic-Congo,,1.6804,0.043333333333333335,-0.10187195986509323,-0.028033597394824028,Atlantic-Congo,Latn,-2.9680807422234805
granite-3.1-8b-base,tir_Ethi,0.23,Ethi,Afro-Asiatic,,8.6813,0.006666666666666667,-0.10378453880548477,-0.06309125572443008,Afro-Asiatic,other,-4.304065093204169
granite-3.1-8b-base,war_Latn,0.31,Latn,Austronesian,,,,,,Austronesian,Latn,-2.4423470353692043
granite-3.1-8b-base,ary_Arab,0.3333333333333333,,,,,,,,other,other,-2.079441541679836
granite-3.1-8b-base,cat_Latn,0.5866666666666667,Latn,Indo-European,10.097961053275002,1.3397,0.84,-0.008231917396187782,0.12427841126918793,Indo-European,Latn,-0.20516104876377736
granite-3.1-8b-base,eus_Latn,0.3433333333333333,Latn,isolate,9.101082328203272,1.5331,0.14333333333333334,-0.08969160169363022,-0.017915137112140656,other,Latn,-1.9509992185627847
granite-3.1-8b-base,heb_Hebr,0.27666666666666667,Hebr,Afro-Asiatic,9.693476506485494,3.2181,0.18666666666666668,-0.03281433507800102,0.022683143615722656,Afro-Asiatic,other,-3.3004558118606235
granite-3.1-8b-base,isl_Latn,0.3233333333333333,Latn,Indo-European,9.371177412080815,1.7876,0.08333333333333333,-0.07444357126951218,-0.014817320741713047,Indo-European,Latn,-2.222163525683472
granite-3.1-8b-base,khk_Cyrl,0.22666666666666666,Cyrl,Mongolic-Khitan,9.267328434893145,2.9543,0.013333333333333334,-0.08250638097524643,-0.04265905171632767,other,Cyrl,-4.304065093204169
granite-3.1-8b-base,luo_Latn,0.21333333333333335,Latn,Nilotic,,,,,,other,Latn,-4.304065093204169
granite-3.1-8b-base,nob_Latn,0.47,Latn,Indo-European,10.265445888776227,1.4347,0.51,-0.0374419279396534,0.09639809280633926,Indo-European,Latn,-0.8792494601938063
granite-3.1-8b-base,plt_Latn,0.27,Latn,Austronesian,8.15437957359287,1.5885,0.03666666666666667,-0.10601534694433212,-0.05113156512379646,Austronesian,Latn,-3.5973122605884447
granite-3.1-8b-base,slk_Latn,0.42,Latn,Balto-Slavic,10.215972316299656,1.7327,0.48,-0.0076426295563578606,0.09030067175626755,Balto-Slavic,Latn,-1.2272296664902034
granite-3.1-8b-base,sun_Latn,0.3,Latn,Austronesian,6.11676045067112,,,,,Austronesian,Latn,-2.639057329615259
granite-3.1-8b-base,tsn_Latn,0.24666666666666667,Latn,Atlantic-Congo,,1.5389,0.03333333333333333,-0.09796515852212906,-0.03271917253732681,Atlantic-Congo,Latn,-4.304065093204169
granite-3.1-8b-base,wol_Latn,0.20333333333333334,Latn,Atlantic-Congo,,1.6828,0.056666666666666664,-0.16508536040782928,-0.05281141772866249,Atlantic-Congo,Latn,-4.304065093204169
Yi-1.5-9B,acm_Arab,0.49333333333333335,Arab,Afro-Asiatic,,,,,,Afro-Asiatic,Arab,-0.7334210796978851
Yi-1.5-9B,arz_Arab,0.44666666666666666,Arab,Afro-Asiatic,,,,,,Afro-Asiatic,Arab,-1.034450344450824
Yi-1.5-9B,ceb_Latn,0.46,Latn,Austronesian,,,,,,Austronesian,Latn,-0.9444616088408512
Yi-1.5-9B,fin_Latn,0.64,Latn,Uralic,10.461273505456898,1.9509,0.64,-0.01078925933688879,0.07405722141265869,Uralic,Latn,0.08004270767353656
Yi-1.5-9B,hin_Deva,0.4766666666666667,Deva,Indo-European,10.225085947081105,9.5672,0.16,-0.051580511033535004,-0.006648106500506401,Indo-European,Deva,-0.8367381001722014
Yi-1.5-9B,ita_Latn,0.7766666666666666,Latn,Indo-European,11.218657350111846,1.4999,0.94,0.04786398261785507,0.19085179269313812,Indo-European,Latn,0.8579024136360006
Yi-1.5-9B,khm_Khmr,0.38666666666666666,Khmr,Austroasiatic,8.873125289337338,11.745,0.07,-0.06626923382282257,-0.02957187034189701,other,other,-1.501363690904678
Yi-1.5-9B,lvs_Latn,0.5066666666666667,Latn,Balto-Slavic,9.894602930159628,2.2772,0.24333333333333335,-0.04683016240596771,0.024712366983294487,Balto-Slavic,Latn,-0.6534068519104311
Yi-1.5-9B,npi_Deva,0.3933333333333333,Deva,Indo-European,9.314204818644845,9.2829,0.06666666666666667,-0.057697001844644547,-0.01476781815290451,Indo-European,Deva,-1.442806571383233
Yi-1.5-9B,pol_Latn,0.6566666666666666,Latn,Balto-Slavic,11.069183544489329,2.2156,0.68,-0.010542845353484154,0.09234664589166641,Balto-Slavic,Latn,0.16929205650362053
Yi-1.5-9B,slv_Latn,0.6033333333333334,Latn,Balto-Slavic,9.903501694149961,1.8939,0.5733333333333334,-0.026827240362763405,0.07486208528280258,Balto-Slavic,Latn,-0.11568439899946181
Yi-1.5-9B,swe_Latn,0.7366666666666667,Latn,Indo-European,10.585304823582218,1.7452,0.8766666666666667,0.03765006735920906,0.16727317869663239,Indo-European,Latn,0.6141587692413152
Yi-1.5-9B,tso_Latn,0.29333333333333333,Latn,Afro-Asiatic,,,,,,Afro-Asiatic,Latn,-2.7916369172104756
Yi-1.5-9B,xho_Latn,0.29333333333333333,Latn,Atlantic-Congo,,1.9201,0.06333333333333334,-0.09828916937112808,-0.023511119186878204,Atlantic-Congo,Latn,-2.7916369172104756
Yi-1.5-9B,afr_Latn,0.63,Latn,Indo-European,9.04883387717687,1.6493,0.7,-0.0019080141792073846,0.11081746220588684,Indo-European,Latn,0.02666824708216149
Yi-1.5-9B,asm_Beng,0.36,Beng,Indo-European,7.923181284977745,,,,,Indo-European,other,-1.7609878105613017
Yi-1.5-9B,ces_Latn,0.61,Latn,Balto-Slavic,10.755192300065602,2.2574,0.69,-0.004618400242179632,0.09408887475728989,Balto-Slavic,Latn,-0.0800427076735365
Yi-1.5-9B,fra_Latn,0.7933333333333333,Latn,Indo-European,11.504243358607456,1.5021,0.9233333333333333,0.006235258653759956,0.15612736344337463,Indo-European,Latn,0.9666158157616708
Yi-1.5-9B,hin_Latn,0.4066666666666667,,,,,,,,other,other,-1.3316359485820264
Yi-1.5-9B,jav_Latn,0.38333333333333336,Latn,Austronesian,,,,,,Austronesian,Latn,-1.5314763709643884
Yi-1.5-9B,kin_Latn,0.29333333333333333,Latn,Atlantic-Congo,,1.8897,0.05333333333333334,-0.10866884887218475,-0.02777712419629097,Atlantic-Congo,Latn,-2.7916369172104756
Yi-1.5-9B,mal_Mlym,0.3466666666666667,Mlym,Dravidian,9.322334431411548,12.0733,0.01,-0.07908506691455841,-0.04099632799625397,Dravidian,other,-1.9108188292440431
Yi-1.5-9B,npi_Latn,0.32,,,,,,,,other,other,-2.2735975561207935
Yi-1.5-9B,por_Latn,0.8,Latn,Indo-European,11.136535917638877,1.5679,0.95,0.03525668755173683,0.18419966101646423,Indo-European,Latn,1.0116009116784803
Yi-1.5-9B,sna_Latn,0.36,Latn,Atlantic-Congo,,,,,,Atlantic-Congo,Latn,-1.7609878105613017
Yi-1.5-9B,swh_Latn,0.37,Latn,Atlantic-Congo,7.487255902011655,1.8244,0.12,-0.07577478885650635,0.0040046158246695995,Atlantic-Congo,Latn,-1.6582280766035322
Yi-1.5-9B,tur_Latn,0.5533333333333333,Latn,Turkic,10.808162253319553,2.1069,0.6133333333333333,-0.016919545829296112,0.06605430692434311,Turkic,Latn,-0.3869802934340614
Yi-1.5-9B,yor_Latn,0.25333333333333335,Latn,Atlantic-Congo,4.632892380992985,3.7232,0.02666666666666667,-0.08131542801856995,-0.03973075747489929,Atlantic-Congo,Latn,-4.304065093204169
Yi-1.5-9B,als_Latn,0.44,Latn,Indo-European,9.562161153905935,2.0924,0.3233333333333333,-0.07247384637594223,0.02674354799091816,Indo-European,Latn,-1.0809127115687085
Yi-1.5-9B,azj_Latn,0.42,Latn,Turkic,9.545721659518483,2.4469,0.17333333333333334,-0.05186199024319649,0.018875423818826675,Turkic,Latn,-1.2272296664902034
Yi-1.5-9B,ckb_Arab,0.32,Arab,Indo-European,8.481429599472412,,,,,Indo-European,Arab,-2.2735975561207935
Yi-1.5-9B,fuv_Latn,0.2633333333333333,Latn,Atlantic-Congo,,,,,,Atlantic-Congo,Latn,-4.011868340397864
Yi-1.5-9B,hrv_Latn,0.59,Latn,Balto-Slavic,7.610626216540094,1.9348,0.6566666666666666,-0.006884729955345392,0.08823028951883316,Balto-Slavic,Latn,-0.18721154208814647
Yi-1.5-9B,jpn_Jpan,0.73,Jpan,Japonic,11.032916144087627,5.3467,0.67,-0.018696265295147896,0.0730946958065033,other,other,0.5753641449035619
Yi-1.5-9B,kir_Cyrl,0.37666666666666665,Cyrl,Turkic,8.70022124395045,2.9145,0.04,-0.08187753707170486,-0.025182634592056274,Turkic,Cyrl,-1.593522457128201
Yi-1.5-9B,mar_Deva,0.44333333333333336,Deva,Indo-European,9.291197362643686,9.6865,0.07666666666666666,-0.05696519836783409,-0.017163267359137535,Indo-European,Deva,-1.0575508018703355
Yi-1.5-9B,nso_Latn,0.2633333333333333,Latn,Atlantic-Congo,,1.746,0.08333333333333333,-0.1032312661409378,-0.025411341339349747,Atlantic-Congo,Latn,-4.011868340397864
Yi-1.5-9B,snd_Arab,0.32,Arab,Indo-European,8.168753912613957,,,,,Indo-European,Arab,-2.2735975561207935
Yi-1.5-9B,tam_Taml,0.41333333333333333,Taml,Dravidian,9.641283555217916,11.6059,0.03333333333333333,-0.06388453394174576,-0.028106175363063812,Dravidian,other,-1.2786636969275254
Yi-1.5-9B,ukr_Cyrl,0.66,Cyrl,Balto-Slavic,10.582360317494818,2.4803,0.7466666666666667,-0.010937625542283058,0.09391467273235321,Balto-Slavic,Cyrl,0.18721154208814672
Yi-1.5-9B,zho_Hans,0.83,Hans,Sino-Tibetan,11.356131798505956,2.6945,0.9533333333333334,0.005960994865745306,0.1684410274028778,Sino-Tibetan,other,1.2272296664902032
Yi-1.5-9B,amh_Ethi,0.29,Ethi,Afro-Asiatic,8.5541337799261,11.2777,0.006666666666666667,-0.09137962758541107,-0.05975479632616043,Afro-Asiatic,other,-2.876385515921425
Yi-1.5-9B,bam_Latn,0.32666666666666666,Latn,Mande,,,,,,other,Latn,-2.172773481472055
Yi-1.5-9B,dan_Latn,0.6966666666666667,Latn,Indo-European,10.360245901721395,1.684,0.9,0.04170569032430649,0.15807421505451202,Indo-European,Latn,0.3869802934340611
Yi-1.5-9B,gaz_Latn,0.2733333333333333,Latn,Afro-Asiatic,,1.9027,0.043333333333333335,-0.12771089375019073,-0.05319114774465561,Afro-Asiatic,Latn,-3.4385849137337767
Yi-1.5-9B,hun_Latn,0.58,Latn,Uralic,10.637669631397417,2.1683,0.3933333333333333,-0.0344143882393837,0.046723995357751846,Uralic,Latn,-0.24116205681688824
Yi-1.5-9B,kac_Latn,0.3,Latn,Sino-Tibetan,,,,,,Sino-Tibetan,Latn,-2.639057329615259
Yi-1.5-9B,kor_Hang,0.66,Hang,Koreanic,10.39384619552899,8.1136,0.57,-0.03838111832737923,0.032498735934495926,other,other,0.18721154208814672
Yi-1.5-9B,mkd_Cyrl,0.5266666666666666,Cyrl,Balto-Slavic,9.301746425904852,2.069,0.41,-0.04385360702872276,0.04905278980731964,Balto-Slavic,Cyrl,-0.5369864498046631
Yi-1.5-9B,nya_Latn,0.31,Latn,Afro-Asiatic,,1.8233,0.09666666666666666,-0.10165534168481827,-0.01915600523352623,Afro-Asiatic,Latn,-2.4423470353692043
Yi-1.5-9B,ron_Latn,0.73,Latn,Indo-European,10.598220789235436,2.0221,0.81,0.007498083170503378,0.12438298761844635,Indo-European,Latn,0.5753641449035619
Yi-1.5-9B,som_Latn,0.3466666666666667,Latn,Afro-Asiatic,3.781970673912552,1.8586,0.09666666666666666,-0.08905337005853653,-0.014828148297965527,Afro-Asiatic,Latn,-1.9108188292440431
Yi-1.5-9B,tel_Telu,0.36333333333333334,Telu,Dravidian,9.195061276656201,11.7259,0.05333333333333334,-0.06546793133020401,-0.02719213254749775,Dravidian,other,-1.7259129034304685
Yi-1.5-9B,urd_Arab,0.47,Arab,Indo-European,9.431854501264098,5.6704,0.16,-0.053652696311473846,-0.006055799312889576,Indo-European,Arab,-0.8792494601938063
Yi-1.5-9B,zho_Hant,0.76,Hant,Sino-Tibetan,11.356131798505956,2.6945,,,,Sino-Tibetan,other,0.7537718023763803
Yi-1.5-9B,apc_Arab,0.48333333333333334,Arab,Afro-Asiatic,,,,,,Afro-Asiatic,Arab,-0.7949298748698876
Yi-1.5-9B,ben_Beng,0.44,Beng,Indo-European,9.981044874347496,11.6184,0.06,-0.05508003756403923,-0.019801193848252296,Indo-European,other,-1.0809127115687085
Yi-1.5-9B,deu_Latn,0.75,Latn,Indo-European,11.552705133249123,1.6763,0.9466666666666667,0.03210083395242691,0.16461385786533356,Indo-European,Latn,0.6931471805599452
Yi-1.5-9B,grn_Latn,0.34,Latn,Tupian,4.10407720615511,,,,,other,Latn,-1.9924301646902058
Yi-1.5-9B,hye_Armn,0.3433333333333333,Armn,Indo-European,9.379338026785135,7.8509,0.006666666666666667,-0.07444438338279724,-0.04294801875948906,Indo-European,other,-1.9509992185627847
Yi-1.5-9B,kan_Knda,0.4033333333333333,Knda,Dravidian,9.094221311622814,11.7199,0.04666666666666667,-0.06492526829242706,-0.02529122680425644,Dravidian,other,-1.35874440935166
Yi-1.5-9B,lao_Laoo,0.4766666666666667,Laoo,Tai-Kadai,8.225972821174405,11.297,0.1,-0.05581914260983467,-0.01670576073229313,Tai-Kadai,other,-0.8367381001722014
Yi-1.5-9B,mlt_Latn,0.36333333333333334,Latn,Afro-Asiatic,,2.1696,0.2,-0.07729172706604004,0.021881598979234695,Afro-Asiatic,Latn,-1.7259129034304685
Yi-1.5-9B,ory_Orya,0.3433333333333333,Orya,Indo-European,8.00140143263562,,,,,Indo-European,other,-1.9509992185627847
Yi-1.5-9B,rus_Cyrl,0.75,Cyrl,Balto-Slavic,11.867586387163913,2.1364,0.8266666666666667,-0.009893120266497135,0.10072783380746841,Balto-Slavic,Cyrl,0.6931471805599452
Yi-1.5-9B,sot_Latn,0.2866666666666667,Latn,Atlantic-Congo,,,,,,Atlantic-Congo,Latn,-2.9680807422234805
Yi-1.5-9B,tgk_Cyrl,0.30333333333333334,Cyrl,Indo-European,,,,,,Indo-European,Cyrl,-2.56974552972503
Yi-1.5-9B,urd_Latn,0.27,,,,,,,,other,other,-3.5973122605884447
Yi-1.5-9B,zsm_Latn,0.7033333333333334,Latn,Austronesian,7.287263587861631,1.6717,0.77,0.008864411152899265,0.11422579735517502,Austronesian,Latn,0.42401851600391216
Yi-1.5-9B,arb_Arab,0.58,Arab,Afro-Asiatic,10.841073612355865,5.0139,0.4666666666666667,-0.02525440603494644,0.0319686159491539,Afro-Asiatic,Arab,-0.24116205681688824
Yi-1.5-9B,ben_Latn,0.32,,,,,,,,other,other,-2.2735975561207935
Yi-1.5-9B,ell_Grek,0.5433333333333333,Grek,Indo-European,10.634956550916772,4.721,0.34,-0.03870745375752449,0.02092844992876053,Indo-European,other,-0.44264411134991827
Yi-1.5-9B,guj_Gujr,0.38,Gujr,Indo-European,9.053743034427566,11.4761,0.04,-0.06660986691713333,-0.027498619630932808,Indo-European,other,-1.5621850275835547
Yi-1.5-9B,ibo_Latn,0.29,Latn,Atlantic-Congo,,3.0289,0.056666666666666664,-0.07354506105184555,-0.010432864539325237,Atlantic-Congo,Latn,-2.876385515921425
Yi-1.5-9B,kat_Geor,0.31333333333333335,Geor,kartvelian,9.417907523376437,11.3617,0.02,-0.06988968700170517,-0.0349133275449276,other,other,-2.38343718962314
Yi-1.5-9B,lin_Latn,0.30666666666666664,Latn,Atlantic-Congo,,,,,,Atlantic-Congo,Latn,-2.5043247356451026
Yi-1.5-9B,mri_Latn,0.35,Latn,Austronesian,,2.0396,0.09,-0.10834621638059616,-0.027150599285960197,Austronesian,Latn,-1.8718021769015918
Yi-1.5-9B,pan_Guru,0.3333333333333333,Guru,Indo-European,8.861860543889303,11.1279,0.05333333333333334,-0.07205771654844284,-0.03492586687207222,Indo-European,other,-2.079441541679836
Yi-1.5-9B,shn_Mymr,0.2833333333333333,Mymr,Tai-Kadai,,,,,,Tai-Kadai,other,-3.0680529351336174
Yi-1.5-9B,spa_Latn,0.8,Latn,Indo-European,11.572692346038526,1.5139,0.9466666666666667,0.037215638905763626,0.1994895488023758,Indo-European,Latn,1.0116009116784803
Yi-1.5-9B,tgl_Latn,0.5866666666666667,Latn,Austronesian,8.383970492667663,,,,,Austronesian,Latn,-0.20516104876377736
Yi-1.5-9B,uzn_Latn,0.43333333333333335,Latn,Turkic,7.876511046298704,1.8952,0.07,-0.07515338808298111,-0.009497089311480522,Turkic,Latn,-1.128465251817791
Yi-1.5-9B,zul_Latn,0.31333333333333335,Latn,Atlantic-Congo,,1.8831,0.06666666666666667,-0.1145760715007782,-0.029439903795719147,Atlantic-Congo,Latn,-2.38343718962314
Yi-1.5-9B,arb_Latn,0.25666666666666665,Latn,Afro-Asiatic,10.841073612355865,5.0139,,,,Afro-Asiatic,Latn,-4.304065093204169
Yi-1.5-9B,bod_Tibt,0.24333333333333335,Tibt,Sino-Tibetan,,12.5259,0.006666666666666667,-0.08952803164720535,-0.05825289338827133,Sino-Tibetan,other,-4.304065093204169
Yi-1.5-9B,eng_Latn,0.87,Latn,Indo-European,12.454382979077453,1.0,,,,Indo-European,Latn,1.5621850275835547
Yi-1.5-9B,hat_Latn,0.35,Latn,Atlantic-Congo,4.418019405728941,,,,,Atlantic-Congo,Latn,-1.8718021769015918
Yi-1.5-9B,ilo_Latn,0.36,Latn,Austronesian,,,,,,Austronesian,Latn,-1.7609878105613017
Yi-1.5-9B,kaz_Cyrl,0.3566666666666667,Cyrl,Turkic,9.447543326977344,3.2025,0.05333333333333334,-0.07581953704357147,-0.021009840071201324,Turkic,Cyrl,-1.7969542861051588
Yi-1.5-9B,lit_Latn,0.3933333333333333,Latn,Balto-Slavic,10.153726802927073,2.2264,0.27,-0.04674411565065384,0.03273539990186691,Balto-Slavic,Latn,-1.442806571383233
Yi-1.5-9B,mya_Mymr,0.2866666666666667,Mymr,Sino-Tibetan,8.94576714414124,12.3864,0.0033333333333333335,-0.08160670101642609,-0.051229432225227356,Sino-Tibetan,other,-2.9680807422234805
Yi-1.5-9B,pbt_Arab,0.2833333333333333,Arab,Indo-European,8.559915920992061,5.2051,0.013333333333333334,-0.07778403908014297,-0.033694375306367874,Indo-European,Arab,-3.0680529351336174
Yi-1.5-9B,sin_Latn,0.32666666666666666,,,,,,,,other,other,-2.172773481472055
Yi-1.5-9B,srp_Cyrl,0.5233333333333333,Cyrl,Balto-Slavic,9.664593347362308,2.3623,0.38333333333333336,-0.04164111986756325,0.04620129242539406,Balto-Slavic,Cyrl,-0.5561253829956544
Yi-1.5-9B,tha_Thai,0.48,Thai,Tai-Kadai,10.196379987855126,10.1904,0.18,-0.043187305331230164,-0.003021379467099905,Tai-Kadai,other,-0.8157495026522779
Yi-1.5-9B,vie_Latn,0.6466666666666666,Latn,Austroasiatic,10.743353922054286,3.827,0.45666666666666667,-0.012270435690879822,0.0571269616484642,other,Latn,0.11568439899946212
Yi-1.5-9B,ars_Arab,0.42,Arab,Afro-Asiatic,,,,,,Afro-Asiatic,Arab,-1.2272296664902034
Yi-1.5-9B,bul_Cyrl,0.6566666666666666,Cyrl,Balto-Slavic,10.360175858097726,1.7054,0.7433333333333333,-0.013335112482309341,0.0968465581536293,Balto-Slavic,Cyrl,0.16929205650362053
Yi-1.5-9B,est_Latn,0.5066666666666667,Latn,Uralic,9.944761723531126,1.9054,0.2733333333333333,-0.0664374902844429,0.03250094875693321,Uralic,Latn,-0.6534068519104311
Yi-1.5-9B,hau_Latn,0.29,Latn,Afro-Asiatic,,1.8699,0.05333333333333334,-0.10023590922355652,-0.029465356841683388,Afro-Asiatic,Latn,-2.876385515921425
Yi-1.5-9B,ind_Latn,0.67,Latn,Austronesian,10.081454105942349,1.6575,0.8266666666666667,0.02449733577668667,0.12533822655677795,Austronesian,Latn,0.24116205681688824
Yi-1.5-9B,kea_Latn,0.36,Latn,Portuguese Creole,,,,,,other,Latn,-1.7609878105613017
Yi-1.5-9B,lug_Latn,0.27666666666666667,Latn,Atlantic-Congo,,,,,,Atlantic-Congo,Latn,-3.3004558118606235
Yi-1.5-9B,nld_Latn,0.77,Latn,Indo-European,10.903264809073452,1.5941,0.85,0.026041304692626,0.15001383423805237,Indo-European,Latn,0.8157495026522777
Yi-1.5-9B,pes_Arab,0.56,Arab,Indo-European,10.662263375070816,5.03,0.48,-0.03129362687468529,0.029567232355475426,Indo-European,Arab,-0.35020242943311486
Yi-1.5-9B,sin_Sinh,0.32666666666666666,Sinh,Indo-European,8.94462532284678,11.096,,,,Indo-European,other,-2.172773481472055
Yi-1.5-9B,ssw_Latn,0.33,Latn,Atlantic-Congo,,1.8691,0.09,-0.09321173280477524,-0.02108602784574032,Atlantic-Congo,Latn,-2.12525107771113
Yi-1.5-9B,tir_Ethi,0.29,Ethi,Afro-Asiatic,,10.8006,0.006666666666666667,-0.09307635575532913,-0.060497500002384186,Afro-Asiatic,other,-2.876385515921425
Yi-1.5-9B,war_Latn,0.41333333333333333,Latn,Austronesian,,,,,,Austronesian,Latn,-1.2786636969275254
Yi-1.5-9B,ary_Arab,0.38333333333333336,,,,,,,,other,other,-1.5314763709643884
Yi-1.5-9B,cat_Latn,0.7433333333333333,Latn,Indo-European,10.097961053275002,1.544,0.83,0.01113818772137165,0.14209933578968048,Indo-European,Latn,0.6534068519104307
Yi-1.5-9B,eus_Latn,0.42,Latn,isolate,9.101082328203272,1.8079,0.13666666666666666,-0.09725472331047058,-0.01551269181072712,other,Latn,-1.2272296664902034
Yi-1.5-9B,heb_Hebr,0.39,Hebr,Afro-Asiatic,9.693476506485494,7.1035,0.19,-0.03402769938111305,0.009681204333901405,Afro-Asiatic,other,-1.4718165345580525
Yi-1.5-9B,isl_Latn,0.49333333333333335,Latn,Indo-European,9.371177412080815,2.4091,0.3566666666666667,-0.04456149786710739,0.04241711646318436,Indo-European,Latn,-0.7334210796978851
Yi-1.5-9B,khk_Cyrl,0.2966666666666667,Cyrl,Mongolic-Khitan,9.267328434893145,3.2498,0.02666666666666667,-0.08450086414813995,-0.035018209367990494,other,Cyrl,-2.7128008038608074
Yi-1.5-9B,luo_Latn,0.2633333333333333,Latn,Nilotic,,,,,,other,Latn,-4.011868340397864
Yi-1.5-9B,nob_Latn,0.7266666666666667,Latn,Indo-European,10.265445888776227,1.6866,0.82,0.01996595412492752,0.14372363686561584,Indo-European,Latn,0.5561253829956542
Yi-1.5-9B,plt_Latn,0.2733333333333333,Latn,Austronesian,8.15437957359287,1.8071,0.08,-0.09710514545440674,-0.024485809728503227,Austronesian,Latn,-3.4385849137337767
Yi-1.5-9B,slk_Latn,0.5966666666666667,Latn,Balto-Slavic,10.215972316299656,2.1496,0.61,-0.016949184238910675,0.08390936255455017,Balto-Slavic,Latn,-0.15139964645536813
Yi-1.5-9B,sun_Latn,0.38,Latn,Austronesian,6.11676045067112,,,,,Austronesian,Latn,-1.5621850275835547
Yi-1.5-9B,tsn_Latn,0.31,Latn,Atlantic-Congo,,1.7352,0.07333333333333333,-0.10563766956329346,-0.03232197463512421,Atlantic-Congo,Latn,-2.4423470353692043
Yi-1.5-9B,wol_Latn,0.27666666666666667,Latn,Atlantic-Congo,,2.0059,0.06666666666666667,-0.13796797394752502,-0.05382746830582619,Atlantic-Congo,Latn,-3.3004558118606235
Llama-3.1-8B,acm_Arab,0.45,Arab,Afro-Asiatic,,,,,,Afro-Asiatic,Arab,-1.01160091167848
Llama-3.1-8B,arz_Arab,0.5066666666666667,Arab,Afro-Asiatic,,,,,,Afro-Asiatic,Arab,-0.6534068519104311
Llama-3.1-8B,ceb_Latn,0.43,Latn,Austronesian,,,,,,Austronesian,Latn,-1.1526795099383855
Llama-3.1-8B,fin_Latn,0.5533333333333333,Latn,Uralic,10.461273505456898,1.7486,0.91,0.03132752329111099,0.1639823615550995,Uralic,Latn,-0.3869802934340614
Llama-3.1-8B,hin_Deva,0.5933333333333334,Deva,Indo-European,10.225085947081105,2.4225,0.86,0.0063644470646977425,0.1252841055393219,Indo-European,Deva,-0.16929205650362059
Llama-3.1-8B,ita_Latn,0.71,Latn,Indo-European,11.218657350111846,1.314,0.98,0.09007665514945984,0.2692524194717407,Indo-European,Latn,0.4613455665026207
Llama-3.1-8B,khm_Khmr,0.38333333333333336,Khmr,Austroasiatic,8.873125289337338,7.0812,0.43,-0.03813423216342926,0.01987992227077484,other,other,-1.5314763709643884
Llama-3.1-8B,lvs_Latn,0.49666666666666665,Latn,Balto-Slavic,9.894602930159628,2.2069,0.7933333333333333,0.0033891380298882723,0.13913674652576447,Balto-Slavic,Latn,-0.7132147436107549
Llama-3.1-8B,npi_Deva,0.47,Deva,Indo-European,9.314204818644845,2.5177,0.69,-0.015351922251284122,0.08522505313158035,Indo-European,Deva,-0.8792494601938063
Llama-3.1-8B,pol_Latn,0.6433333333333333,Latn,Balto-Slavic,11.069183544489329,1.8042,0.92,0.02091490849852562,0.185902401804924,Balto-Slavic,Latn,0.0978557900037583
Llama-3.1-8B,slv_Latn,0.5,Latn,Balto-Slavic,9.903501694149961,1.7151,0.8933333333333333,0.02496303804218769,0.1797659993171692,Balto-Slavic,Latn,-0.6931471805599454
Llama-3.1-8B,swe_Latn,0.7066666666666667,Latn,Indo-European,10.585304823582218,1.5013,0.98,0.076381154358387,0.2514845132827759,Indo-European,Latn,0.4426441113499186
Llama-3.1-8B,tso_Latn,0.32,Latn,Afro-Asiatic,,,,,,Afro-Asiatic,Latn,-2.2735975561207935
Llama-3.1-8B,xho_Latn,0.27666666666666667,Latn,Atlantic-Congo,,1.84,0.15333333333333332,-0.10497425496578217,6.852130172774196e-05,Atlantic-Congo,Latn,-3.3004558118606235
Llama-3.1-8B,afr_Latn,0.61,Latn,Indo-European,9.04883387717687,1.4947,0.9233333333333333,0.0562884658575058,0.22180452942848206,Indo-European,Latn,-0.0800427076735365
Llama-3.1-8B,asm_Beng,0.45666666666666667,Beng,Indo-European,7.923181284977745,,,,,Indo-European,other,-0.9666158157616709
Llama-3.1-8B,ces_Latn,0.62,Latn,Balto-Slavic,10.755192300065602,1.5544,0.95,0.051398396492004395,0.21349848806858063,Balto-Slavic,Latn,-0.02666824708216118
Llama-3.1-8B,fra_Latn,0.7566666666666667,Latn,Indo-European,11.504243358607456,1.3131,0.9633333333333334,0.027283988893032074,0.2145661860704422,Indo-European,Latn,0.7334210796978854
Llama-3.1-8B,hin_Latn,0.38666666666666666,,,,,,,,other,other,-1.501363690904678
Llama-3.1-8B,jav_Latn,0.4533333333333333,Latn,Austronesian,,,,,,Austronesian,Latn,-0.9889925636508873
Llama-3.1-8B,kin_Latn,0.31,Latn,Atlantic-Congo,,1.8009,0.18333333333333332,-0.08435717225074768,0.011598248034715652,Atlantic-Congo,Latn,-2.4423470353692043
Llama-3.1-8B,mal_Mlym,0.44,Mlym,Dravidian,9.322334431411548,7.6125,0.4533333333333333,-0.059056419879198074,0.018962549045681953,Dravidian,other,-1.0809127115687085
Llama-3.1-8B,npi_Latn,0.34,,,,,,,,other,other,-1.9924301646902058
Llama-3.1-8B,por_Latn,0.7633333333333333,Latn,Indo-European,11.136535917638877,1.3098,0.9833333333333333,0.07698111981153488,0.26442086696624756,Indo-European,Latn,0.7742727253723136
Llama-3.1-8B,sna_Latn,0.35333333333333333,Latn,Atlantic-Congo,,,,,,Atlantic-Congo,Latn,-1.833870954578182
Llama-3.1-8B,swh_Latn,0.38,Latn,Atlantic-Congo,7.487255902011655,1.739,0.7733333333333333,-0.003715856932103634,0.12168441712856293,Atlantic-Congo,Latn,-1.5621850275835547
Llama-3.1-8B,tur_Latn,0.66,Latn,Turkic,10.808162253319553,1.2728,0.8666666666666667,0.015739494934678078,0.1413479894399643,Turkic,Latn,0.18721154208814672
Llama-3.1-8B,yor_Latn,0.32,Latn,Atlantic-Congo,4.632892380992985,2.7323,0.06,-0.09694968163967133,-0.03810759633779526,Atlantic-Congo,Latn,-2.2735975561207935
Llama-3.1-8B,als_Latn,0.5066666666666667,Latn,Indo-European,9.562161153905935,1.863,0.88,0.018886040896177292,0.17978695034980774,Indo-European,Latn,-0.6534068519104311
Llama-3.1-8B,azj_Latn,0.5333333333333333,Latn,Turkic,9.545721659518483,2.0719,0.7433333333333333,-0.018845243379473686,0.10047996789216995,Turkic,Latn,-0.4989911661189879
Llama-3.1-8B,ckb_Arab,0.4266666666666667,Arab,Indo-European,8.481429599472412,,,,,Indo-European,Arab,-1.1772025632613308
Llama-3.1-8B,fuv_Latn,0.24,Latn,Atlantic-Congo,,,,,,Atlantic-Congo,Latn,-4.304065093204169
Llama-3.1-8B,hrv_Latn,0.5333333333333333,Latn,Balto-Slavic,7.610626216540094,1.6867,0.97,0.06134696677327156,0.20521427690982819,Balto-Slavic,Latn,-0.4989911661189879
Llama-3.1-8B,jpn_Jpan,0.6533333333333333,Jpan,Japonic,11.032916144087627,3.2394,0.85,0.0041504413820803165,0.12122174352407455,other,other,0.1513996464553685
Llama-3.1-8B,kir_Cyrl,0.5166666666666667,Cyrl,Turkic,8.70022124395045,2.6772,0.5133333333333333,-0.051348231732845306,0.05661483854055405,Turkic,Cyrl,-0.5947071077466924
Llama-3.1-8B,mar_Deva,0.5333333333333333,Deva,Indo-European,9.291197362643686,2.6778,0.8,-0.009018504060804844,0.10245230048894882,Indo-European,Deva,-0.4989911661189879
Llama-3.1-8B,nso_Latn,0.30666666666666664,Latn,Atlantic-Congo,,1.7141,0.13666666666666666,-0.10848875343799591,-0.0066428943537175655,Atlantic-Congo,Latn,-2.5043247356451026
Llama-3.1-8B,snd_Arab,0.41,Arab,Indo-European,8.168753912613957,,,,,Indo-European,Arab,-1.3049487216659383
Llama-3.1-8B,tam_Taml,0.44666666666666666,Taml,Dravidian,9.641283555217916,6.1203,0.55,-0.04663467034697533,0.03202442824840546,Dravidian,other,-1.034450344450824
Llama-3.1-8B,ukr_Cyrl,0.66,Cyrl,Balto-Slavic,10.582360317494818,1.5963,0.96,0.05915195122361183,0.21217647194862366,Balto-Slavic,Cyrl,0.18721154208814672
Llama-3.1-8B,zho_Hans,0.78,Hans,Sino-Tibetan,11.356131798505956,3.4817,0.92,0.03177774325013161,0.166011244058609,Sino-Tibetan,other,0.879249460193806
Llama-3.1-8B,amh_Ethi,0.3466666666666667,Ethi,Afro-Asiatic,8.5541337799261,11.0993,0.07,-0.06821117550134659,-0.022669468075037003,Afro-Asiatic,other,-1.9108188292440431
Llama-3.1-8B,bam_Latn,0.31333333333333335,Latn,Mande,,,,,,other,Latn,-2.38343718962314
Llama-3.1-8B,dan_Latn,0.6866666666666666,Latn,Indo-European,10.360245901721395,1.492,0.98,0.06975249201059341,0.24795891344547272,Indo-European,Latn,0.3319025409311476
Llama-3.1-8B,gaz_Latn,0.29,Latn,Afro-Asiatic,,1.8204,0.04666666666666667,-0.1401463896036148,-0.0487527921795845,Afro-Asiatic,Latn,-2.876385515921425
Llama-3.1-8B,hun_Latn,0.6,Latn,Uralic,10.637669631397417,1.8827,0.91,0.027118150144815445,0.16699986159801483,Uralic,Latn,-0.13353139262452288
Llama-3.1-8B,kac_Latn,0.32,Latn,Sino-Tibetan,,,,,,Sino-Tibetan,Latn,-2.2735975561207935
Llama-3.1-8B,kor_Hang,0.6633333333333333,Hang,Koreanic,10.39384619552899,2.902,0.8566666666666667,0.019970420747995377,0.13057734072208405,other,other,0.2051610487637774
Llama-3.1-8B,mkd_Cyrl,0.5666666666666667,Cyrl,Balto-Slavic,9.301746425904852,1.9455,0.9366666666666666,0.060681894421577454,0.20138375461101532,Balto-Slavic,Cyrl,-0.3136575588550415
Llama-3.1-8B,nya_Latn,0.27666666666666667,Latn,Afro-Asiatic,,1.7534,0.18,-0.09421183168888092,0.0030804562848061323,Afro-Asiatic,Latn,-3.3004558118606235
Llama-3.1-8B,ron_Latn,0.6033333333333334,Latn,Indo-European,10.598220789235436,1.5947,0.9766666666666667,0.04617082327604294,0.22497797012329102,Indo-European,Latn,-0.11568439899946181
Llama-3.1-8B,som_Latn,0.31,Latn,Afro-Asiatic,3.781970673912552,1.7704,0.24333333333333335,-0.09219258278608322,0.014287588186562061,Afro-Asiatic,Latn,-2.4423470353692043
Llama-3.1-8B,tel_Telu,0.4,Telu,Dravidian,9.195061276656201,7.997,0.43666666666666665,-0.04607759416103363,0.022322334349155426,Dravidian,other,-1.3862943611198904
Llama-3.1-8B,urd_Arab,0.5166666666666667,Arab,Indo-European,9.431854501264098,3.0088,0.8266666666666667,-0.00017464632401242852,0.11176696419715881,Indo-European,Arab,-0.5947071077466924
Llama-3.1-8B,zho_Hant,0.7266666666666667,Hant,Sino-Tibetan,11.356131798505956,3.4817,,,,Sino-Tibetan,other,0.5561253829956542
Llama-3.1-8B,apc_Arab,0.47,Arab,Afro-Asiatic,,,,,,Afro-Asiatic,Arab,-0.8792494601938063
Llama-3.1-8B,ben_Beng,0.4766666666666667,Beng,Indo-European,9.981044874347496,5.5695,0.7466666666666667,-0.011272718198597431,0.07945006340742111,Indo-European,other,-0.8367381001722014
Llama-3.1-8B,deu_Latn,0.6166666666666667,Latn,Indo-European,11.552705133249123,1.3142,0.98,0.07540812343358994,0.24308212101459503,Indo-European,Latn,-0.04445176257083369
Llama-3.1-8B,grn_Latn,0.39,Latn,Tupian,4.10407720615511,,,,,other,Latn,-1.4718165345580525
Llama-3.1-8B,hye_Armn,0.48,Armn,Indo-European,9.379338026785135,7.3931,0.65,-0.03660249710083008,0.06168944761157036,Indo-European,other,-0.8157495026522779
Llama-3.1-8B,kan_Knda,0.4266666666666667,Knda,Dravidian,9.094221311622814,8.0496,0.43,-0.051649801433086395,0.023095112293958664,Dravidian,other,-1.1772025632613308
Llama-3.1-8B,lao_Laoo,0.25,Laoo,Tai-Kadai,8.225972821174405,8.182,0.12666666666666668,-0.07539812475442886,-0.020102690905332565,Tai-Kadai,other,-4.304065093204169
Llama-3.1-8B,mlt_Latn,0.37666666666666665,Latn,Afro-Asiatic,,2.068,0.7533333333333333,-0.01198516134172678,0.13122394680976868,Afro-Asiatic,Latn,-1.593522457128201
Llama-3.1-8B,ory_Orya,0.3933333333333333,Orya,Indo-European,8.00140143263562,,,,,Indo-European,other,-1.442806571383233
Llama-3.1-8B,rus_Cyrl,0.68,Cyrl,Balto-Slavic,11.867586387163913,1.5282,0.9266666666666666,0.012112672440707684,0.17457562685012817,Balto-Slavic,Cyrl,0.29546421289383606
Llama-3.1-8B,sot_Latn,0.29,Latn,Atlantic-Congo,,,,,,Atlantic-Congo,Latn,-2.876385515921425
Llama-3.1-8B,tgk_Cyrl,0.42333333333333334,Cyrl,Indo-European,,,,,,Indo-European,Cyrl,-1.2020478759163515
Llama-3.1-8B,urd_Latn,0.31666666666666665,,,,,,,,other,other,-2.3272777055844176
Llama-3.1-8B,zsm_Latn,0.6733333333333333,Latn,Austronesian,7.287263587861631,1.3623,0.9366666666666666,0.05246520787477493,0.21094892919063568,Austronesian,Latn,0.25921960778801917
Llama-3.1-8B,arb_Arab,0.6466666666666666,Arab,Afro-Asiatic,10.841073612355865,1.7784,0.9266666666666666,0.033914413303136826,0.166592538356781,Afro-Asiatic,Arab,0.11568439899946212
Llama-3.1-8B,ben_Latn,0.36333333333333334,,,,,,,,other,other,-1.7259129034304685
Llama-3.1-8B,ell_Grek,0.66,Grek,Indo-European,10.634956550916772,1.7842,0.9733333333333334,0.04519661143422127,0.20940884947776794,Indo-European,other,0.18721154208814672
Llama-3.1-8B,guj_Gujr,0.37333333333333335,Gujr,Indo-European,9.053743034427566,7.7405,0.4533333333333333,-0.04679754003882408,0.024251867085695267,Indo-European,other,-1.6255240501857244
Llama-3.1-8B,ibo_Latn,0.31,Latn,Atlantic-Congo,,2.1829,0.41,-0.05799901857972145,0.05935085192322731,Atlantic-Congo,Latn,-2.4423470353692043
Llama-3.1-8B,kat_Geor,0.42333333333333334,Geor,kartvelian,9.417907523376437,8.3436,0.5266666666666666,-0.03251414746046066,0.04018493741750717,other,other,-1.2020478759163515
Llama-3.1-8B,lin_Latn,0.32666666666666666,Latn,Atlantic-Congo,,,,,,Atlantic-Congo,Latn,-2.172773481472055
Llama-3.1-8B,mri_Latn,0.33666666666666667,Latn,Austronesian,,2.0015,0.48333333333333334,-0.06164238229393959,0.04844525083899498,Austronesian,Latn,-2.03520828670301
Llama-3.1-8B,pan_Guru,0.39666666666666667,Guru,Indo-European,8.861860543889303,7.3799,0.48333333333333334,-0.037734851241111755,0.03219170123338699,Indo-European,other,-1.4143073973475646
Llama-3.1-8B,shn_Mymr,0.26,Mymr,Tai-Kadai,,,,,,Tai-Kadai,other,-4.304065093204169
Llama-3.1-8B,spa_Latn,0.73,Latn,Indo-European,11.572692346038526,1.2502,0.97,0.07236731797456741,0.264089971780777,Indo-European,Latn,0.5753641449035619
Llama-3.1-8B,tgl_Latn,0.54,Latn,Austronesian,8.383970492667663,,,,,Austronesian,Latn,-0.46134556650262076
Llama-3.1-8B,uzn_Latn,0.5,Latn,Turkic,7.876511046298704,1.8478,0.6366666666666667,-0.044311437755823135,0.07226187735795975,Turkic,Latn,-0.6931471805599454
Llama-3.1-8B,zul_Latn,0.25666666666666665,Latn,Atlantic-Congo,,1.7952,0.09666666666666666,-0.1334255486726761,-0.010734680108726025,Atlantic-Congo,Latn,-4.304065093204169
Llama-3.1-8B,arb_Latn,0.3233333333333333,Latn,Afro-Asiatic,10.841073612355865,1.7784,,,,Afro-Asiatic,Latn,-2.222163525683472
Llama-3.1-8B,bod_Tibt,0.3,Tibt,Sino-Tibetan,,9.3202,0.07333333333333333,-0.09549249708652496,-0.04223791882395744,Sino-Tibetan,other,-2.639057329615259
Llama-3.1-8B,eng_Latn,0.8566666666666667,Latn,Indo-European,12.454382979077453,1.0,,,,Indo-European,Latn,1.4428065713832328
Llama-3.1-8B,hat_Latn,0.37333333333333335,Latn,Atlantic-Congo,4.418019405728941,,,,,Atlantic-Congo,Latn,-1.6255240501857244
Llama-3.1-8B,ilo_Latn,0.3333333333333333,Latn,Austronesian,,,,,,Austronesian,Latn,-2.079441541679836
Llama-3.1-8B,kaz_Cyrl,0.44,Cyrl,Turkic,9.447543326977344,2.8164,0.6133333333333333,-0.0340682752430439,0.07473206520080566,Turkic,Cyrl,-1.0809127115687085
Llama-3.1-8B,lit_Latn,0.41,Latn,Balto-Slavic,10.153726802927073,2.1176,0.8,0.004121177364140749,0.13852106034755707,Balto-Slavic,Latn,-1.3049487216659383
Llama-3.1-8B,mya_Mymr,0.36666666666666664,Mymr,Sino-Tibetan,8.94576714414124,9.2138,0.04666666666666667,-0.08081763237714767,-0.03693636134266853,Sino-Tibetan,other,-1.6916760106710726
Llama-3.1-8B,pbt_Arab,0.41333333333333333,Arab,Indo-European,8.559915920992061,2.8539,0.62,-0.04009489715099335,0.06363333016633987,Indo-European,Arab,-1.2786636969275254
Llama-3.1-8B,sin_Latn,0.27666666666666667,,,,,,,,other,other,-3.3004558118606235
Llama-3.1-8B,srp_Cyrl,0.67,Cyrl,Balto-Slavic,9.664593347362308,2.0981,0.9466666666666667,0.031705282628536224,0.1891019642353058,Balto-Slavic,Cyrl,0.24116205681688824
Llama-3.1-8B,tha_Thai,0.6566666666666666,Thai,Tai-Kadai,10.196379987855126,2.1378,0.91,0.03310971334576607,0.16619764268398285,Tai-Kadai,other,0.16929205650362053
Llama-3.1-8B,vie_Latn,0.7266666666666667,Latn,Austroasiatic,10.743353922054286,1.219,0.96,0.054055921733379364,0.2161172479391098,other,Latn,0.5561253829956542
Llama-3.1-8B,ars_Arab,0.5066666666666667,Arab,Afro-Asiatic,,,,,,Afro-Asiatic,Arab,-0.6534068519104311
Llama-3.1-8B,bul_Cyrl,0.67,Cyrl,Balto-Slavic,10.360175858097726,1.8805,0.9166666666666666,0.04500831291079521,0.20023956894874573,Balto-Slavic,Cyrl,0.24116205681688824
Llama-3.1-8B,est_Latn,0.5,Latn,Uralic,9.944761723531126,1.7927,0.8266666666666667,-0.01560406293720007,0.1398501843214035,Uralic,Latn,-0.6931471805599454
Llama-3.1-8B,hau_Latn,0.3233333333333333,Latn,Afro-Asiatic,,1.8181,0.44333333333333336,-0.06256162375211716,0.06029563397169113,Afro-Asiatic,Latn,-2.222163525683472
Llama-3.1-8B,ind_Latn,0.6533333333333333,Latn,Austronesian,10.081454105942349,1.3162,0.9633333333333334,0.0688570961356163,0.2285912036895752,Austronesian,Latn,0.1513996464553685
Llama-3.1-8B,kea_Latn,0.36666666666666664,Latn,Portuguese Creole,,,,,,other,Latn,-1.6916760106710726
Llama-3.1-8B,lug_Latn,0.36666666666666664,Latn,Atlantic-Congo,,,,,,Atlantic-Congo,Latn,-1.6916760106710726
Llama-3.1-8B,nld_Latn,0.68,Latn,Indo-European,10.903264809073452,1.35,0.98,0.07108268141746521,0.24632011353969574,Indo-European,Latn,0.29546421289383606
Llama-3.1-8B,pes_Arab,0.7,Arab,Indo-European,10.662263375070816,1.4924,0.91,0.012463529594242573,0.1611335724592209,Indo-European,Arab,0.4054651081081642
Llama-3.1-8B,sin_Sinh,0.39,Sinh,Indo-European,8.94462532284678,8.1477,,,,Indo-European,other,-1.4718165345580525
Llama-3.1-8B,ssw_Latn,0.3233333333333333,Latn,Atlantic-Congo,,1.8138,0.13333333333333333,-0.09614000469446182,-0.0072957840748131275,Atlantic-Congo,Latn,-2.222163525683472
Llama-3.1-8B,tir_Ethi,0.26666666666666666,Ethi,Afro-Asiatic,,10.5435,0.02,-0.08039898425340652,-0.03631935268640518,Afro-Asiatic,other,-3.7841896339182615
Llama-3.1-8B,war_Latn,0.38333333333333336,Latn,Austronesian,,,,,,Austronesian,Latn,-1.5314763709643884
Llama-3.1-8B,ary_Arab,0.38,,,,,,,,other,other,-1.5621850275835547
Llama-3.1-8B,cat_Latn,0.7233333333333334,Latn,Indo-European,10.097961053275002,1.4378,0.9766666666666667,0.06911187618970871,0.2323920726776123,Indo-European,Latn,0.536986449804663
Llama-3.1-8B,eus_Latn,0.47333333333333333,Latn,isolate,9.101082328203272,1.6724,0.6466666666666666,-0.03599407523870468,0.09209314733743668,other,Latn,-0.857902413636001
Llama-3.1-8B,heb_Hebr,0.52,Hebr,Afro-Asiatic,9.693476506485494,4.3236,0.91,0.03127093240618706,0.1587909460067749,Afro-Asiatic,other,-0.5753641449035617
Llama-3.1-8B,isl_Latn,0.4533333333333333,Latn,Indo-European,9.371177412080815,2.0214,0.8,0.007039373274892569,0.14648443460464478,Indo-European,Latn,-0.9889925636508873
Llama-3.1-8B,khk_Cyrl,0.38,Cyrl,Mongolic-Khitan,9.267328434893145,3.0739,0.47,-0.05760040506720543,0.03229698911309242,other,Cyrl,-1.5621850275835547
Llama-3.1-8B,luo_Latn,0.24666666666666667,Latn,Nilotic,,,,,,other,Latn,-4.304065093204169
Llama-3.1-8B,nob_Latn,0.6866666666666666,Latn,Indo-European,10.265445888776227,1.4819,0.9466666666666667,0.05430484935641289,0.23540614545345306,Indo-European,Latn,0.3319025409311476
Llama-3.1-8B,plt_Latn,0.30333333333333334,Latn,Austronesian,8.15437957359287,1.7481,0.27666666666666667,-0.08984150737524033,0.012602154165506363,Austronesian,Latn,-2.56974552972503
Llama-3.1-8B,slk_Latn,0.5533333333333333,Latn,Balto-Slavic,10.215972316299656,1.7049,0.9433333333333334,0.0466427206993103,0.1898624449968338,Balto-Slavic,Latn,-0.3869802934340614
Llama-3.1-8B,sun_Latn,0.4166666666666667,Latn,Austronesian,6.11676045067112,,,,,Austronesian,Latn,-1.2527629684953678
Llama-3.1-8B,tsn_Latn,0.31666666666666665,Latn,Atlantic-Congo,,1.7186,0.15,-0.08923673629760742,0.0028394763357937336,Atlantic-Congo,Latn,-2.3272777055844176
Llama-3.1-8B,wol_Latn,0.27,Latn,Atlantic-Congo,,1.8312,0.06,-0.12415598332881927,-0.04147733375430107,Atlantic-Congo,Latn,-3.5973122605884447
