model,layer,n_languages,n_concepts,dimension,family,perturbation,magnitude,preprocessing,metric,value,reference_value,expected_value,analytic_expectation,absolute_error,relative_error,tolerance,analytic_status,identity_value,delta_from_identity,fractional_change_over_abs_identity,retained_rank
EuroLLM-1.7B,14,13,300,2048,rank,concept_main_effect_projection,rank=9,raw,lfs_direct,0.4657880232211983,0.4596389813696337,,empirical,,,,EMPIRICAL,0.4596389813696337,0.006149041851564563,0.013377981635155549,9
EuroLLM-1.7B,14,13,300,2048,rank,concept_main_effect_projection,rank=9,raw,ss_language,2131476.008653492,2131476.008653492,,empirical,,,,EMPIRICAL,2131476.008653492,0.0,0.0,9
EuroLLM-1.7B,14,13,300,2048,rank,concept_main_effect_projection,rank=9,raw,ss_concept,2444588.4292276725,2505806.935238936,,empirical,,,,EMPIRICAL,2505806.935238936,-61218.50601126347,-0.02443065551074712,9
EuroLLM-1.7B,14,13,300,2048,rank,concept_main_effect_projection,rank=9,raw,ss_residual,1260938.2719920245,1260938.2719920245,,empirical,,,,EMPIRICAL,1260938.2719920245,0.0,0.0,9
EuroLLM-1.7B,14,13,300,2048,rank,concept_main_effect_projection,rank=9,raw,language_share_total,0.365166184529628,0.3613760709607213,,empirical,,,,EMPIRICAL,0.3613760709607213,0.003790113568906739,0.01048800369883565,9
EuroLLM-1.7B,14,13,300,2048,rank,concept_main_effect_projection,rank=9,raw,concept_share_total,0.418808856314679,0.4248411247259712,,empirical,,,,EMPIRICAL,0.4248411247259712,-0.006032268411292174,-0.014198880617273285,9
EuroLLM-1.7B,14,13,300,2048,rank,concept_main_effect_projection,rank=9,raw,residual_share_total,0.2160249591556929,0.2137828043133074,,empirical,,,,EMPIRICAL,0.2137828043133074,0.002242154842385491,0.010488003698835954,9
EuroLLM-1.7B,14,13,300,2048,rank,concept_main_effect_projection,rank=9,raw,lfs_vc_reml,0.4953491765946546,0.488943224002119,,empirical,,,,EMPIRICAL,0.488943224002119,0.006405952592535624,0.013101628733294117,9
EuroLLM-1.7B,14,13,300,2048,rank,concept_main_effect_projection,rank=9,raw,mexa_external,0.0716666666666666,0.198611111111111,,empirical,,,,EMPIRICAL,0.198611111111111,-0.1269444444444444,-0.6391608391608393,9
EuroLLM-1.7B,14,13,300,2048,rank,concept_main_effect_projection,rank=9,raw,aar10,-0.122743377295149,-0.1121798717448104,,empirical,,,,EMPIRICAL,-0.1121798717448104,-0.010563505550338609,-0.09416578380806798,9
EuroLLM-1.7B,14,13,300,2048,rank,concept_main_effect_projection,rank=9,raw,mean_alignment_margin,-0.061610436220256,-0.0527737842508088,,empirical,,,,EMPIRICAL,-0.0527737842508088,-0.008836651969447197,-0.16744397042764217,9
EuroLLM-1.7B,14,13,300,2048,rank,concept_main_effect_projection,rank=9,raw,linear_cka,0.7156532434038118,0.7163464619995622,,empirical,,,,EMPIRICAL,0.7163464619995622,-0.0006932185957504444,-0.0009677141334870836,9
EuroLLM-1.7B,14,13,300,2048,rank,concept_main_effect_projection,rank=9,raw,cvp_within_raw,950.1350515947944,965.8321044181954,,empirical,,,,EMPIRICAL,965.8321044181954,-15.697052823401009,-0.016252361825202226,9
EuroLLM-1.7B,14,13,300,2048,rank,concept_main_effect_projection,rank=9,raw,cpres_shared_raw,626.8175459558134,642.5145987792147,,empirical,,,,EMPIRICAL,642.5145987792147,-15.697052823401236,-0.02443065551074765,9
EuroLLM-1.7B,14,13,300,2048,rank,concept_main_effect_projection,rank=9,raw,mean_norm,60.86343833840802,60.96344321452949,,empirical,,,,EMPIRICAL,60.96344321452949,-0.10000487612147424,-0.0016404072809594842,9
EuroLLM-1.7B,14,13,300,2048,rank,concept_main_effect_projection,rank=9,raw,concept_rank_covariance_entropy,1.1189007557095172,1.4157030406207425,,empirical,,,,EMPIRICAL,1.4157030406207425,-0.2968022849112253,-0.2096501006179139,9
EuroLLM-1.7B,14,13,300,2048,rank,concept_main_effect_projection,rank=9,raw,concept_rank_singular_entropy,3.0159769502596654,94.5582238378986,,empirical,,,,EMPIRICAL,94.5582238378986,-91.54224688763892,-0.9681045515889769,9
EuroLLM-1.7B,14,13,300,2048,rank,concept_main_effect_projection,rank=9,raw,concept_participation_ratio,1.0322786851614398,1.0846202694685076,,empirical,,,,EMPIRICAL,1.0846202694685076,-0.05234158430706781,-0.04825798095467694,9
EuroLLM-1.7B,14,13,300,2048,rank,concept_main_effect_projection,rank=9,raw,cvp_within_ratio,0.9837476381747976,1.0,,empirical,,,,EMPIRICAL,1.0,-0.0162523618252024,-0.0162523618252024,9
EuroLLM-1.7B,14,13,300,2048,rank,concept_main_effect_projection,rank=9,raw,cpres_shared_ratio,0.9755693444892524,1.0,,empirical,,,,EMPIRICAL,1.0,-0.024430655510747634,-0.024430655510747634,9
EuroLLM-1.7B,14,13,300,2048,rank,concept_main_effect_projection,rank=9,standardized,lfs_direct,0.9113882969567568,0.7900691089438461,,empirical,,,,EMPIRICAL,0.7900691089438461,0.12131918801291075,0.1535551594658455,9
EuroLLM-1.7B,14,13,300,2048,rank,concept_main_effect_projection,rank=9,standardized,ss_language,4813314.915106446,4407051.972452371,,empirical,,,,EMPIRICAL,4407051.972452371,406262.94265407417,0.09218474054618488,9
EuroLLM-1.7B,14,13,300,2048,rank,concept_main_effect_projection,rank=9,standardized,ss_concept,467984.9777918122,1171006.86134213,,empirical,,,,EMPIRICAL,1171006.86134213,-703021.8835503177,-0.6003567585800146,9
EuroLLM-1.7B,14,13,300,2048,rank,concept_main_effect_projection,rank=9,standardized,ss_residual,2705900.1071017403,2409141.1662055,,empirical,,,,EMPIRICAL,2409141.1662055,296758.9408962405,0.12318038687772229,9
EuroLLM-1.7B,14,13,300,2048,rank,concept_main_effect_projection,rank=9,standardized,language_share_total,0.6026285701004666,0.5517643194676946,,empirical,,,,EMPIRICAL,0.5517643194676946,0.050864250632772,0.09218474054618545,9
EuroLLM-1.7B,14,13,300,2048,rank,concept_main_effect_projection,rank=9,standardized,concept_share_total,0.05859186921472,0.1466104343627466,,empirical,,,,EMPIRICAL,0.1466104343627466,-0.0880185651480266,-0.600356758580015,9
EuroLLM-1.7B,14,13,300,2048,rank,concept_main_effect_projection,rank=9,standardized,residual_share_total,0.3387795606848133,0.3016252461695587,,empirical,,,,EMPIRICAL,0.3016252461695587,0.03715431451525458,0.12318038687772268,9
EuroLLM-1.7B,14,13,300,2048,rank,concept_main_effect_projection,rank=9,standardized,lfs_vc_reml,0.9539707536425022,0.8303748739372657,,empirical,,,,EMPIRICAL,0.8303748739372657,0.12359587970523644,0.14884347248996124,9
EuroLLM-1.7B,14,13,300,2048,rank,concept_main_effect_projection,rank=9,standardized,mexa_external,0.2286111111111111,0.4963888888888889,,empirical,,,,EMPIRICAL,0.4963888888888889,-0.2677777777777778,-0.5394515948517068,9
EuroLLM-1.7B,14,13,300,2048,rank,concept_main_effect_projection,rank=9,standardized,aar10,-0.2150511500108311,-0.0654386339201006,,empirical,,,,EMPIRICAL,-0.0654386339201006,-0.1496125160907305,-2.2863025574984452,9
EuroLLM-1.7B,14,13,300,2048,rank,concept_main_effect_projection,rank=9,standardized,mean_alignment_margin,-0.1021524795386504,0.0463792774024385,,empirical,,,,EMPIRICAL,0.0463792774024385,-0.14853175694108892,-3.2025457329199245,9
EuroLLM-1.7B,14,13,300,2048,rank,concept_main_effect_projection,rank=9,standardized,linear_cka,0.6429016687256948,0.6149616663587253,,empirical,,,,EMPIRICAL,0.6149616663587253,0.027940002366969474,0.045433730093139245,9
EuroLLM-1.7B,14,13,300,2048,rank,concept_main_effect_projection,rank=9,standardized,cvp_within_raw,813.8166884342445,917.986673730161,,empirical,,,,EMPIRICAL,917.986673730161,-104.16998529591649,-0.1134765768141607,9
EuroLLM-1.7B,14,13,300,2048,rank,concept_main_effect_projection,rank=9,standardized,cpres_shared_raw,119.99614815174672,300.25816957490514,,empirical,,,,EMPIRICAL,300.25816957490514,-180.26202142315842,-0.6003567585800146,9
EuroLLM-1.7B,14,13,300,2048,rank,concept_main_effect_projection,rank=9,standardized,mean_norm,44.48980918842407,44.77553844043394,,empirical,,,,EMPIRICAL,44.77553844043394,-0.2857292520098724,-0.006381369425405916,9
EuroLLM-1.7B,14,13,300,2048,rank,concept_main_effect_projection,rank=9,standardized,concept_rank_covariance_entropy,7.874752855291748,103.42479712330974,,empirical,,,,EMPIRICAL,103.42479712330974,-95.550044268018,-0.9238601082687844,9
EuroLLM-1.7B,14,13,300,2048,rank,concept_main_effect_projection,rank=9,standardized,concept_rank_singular_entropy,8.708850784861177,238.10886316002012,,empirical,,,,EMPIRICAL,238.10886316002012,-229.40001237515895,-0.9634249197225034,9
EuroLLM-1.7B,14,13,300,2048,rank,concept_main_effect_projection,rank=9,standardized,concept_participation_ratio,6.916033683629214,42.69521387433855,,empirical,,,,EMPIRICAL,42.69521387433855,-35.77918019070933,-0.8380138414580933,9
Falcon3-7B-Base,13,13,300,3072,rank,concept_main_effect_projection,rank=9,raw,lfs_direct,0.617486686567195,0.6063329368780566,,empirical,,,,EMPIRICAL,0.6063329368780566,0.011153749689138404,0.018395421080978823,9
Falcon3-7B-Base,13,13,300,3072,rank,concept_main_effect_projection,rank=9,raw,ss_language,35745524.87453808,35745524.87453809,,empirical,,,,EMPIRICAL,35745524.87453809,-7.450580596923828e-09,-2.0843394027852016e-16,9
Falcon3-7B-Base,13,13,300,3072,rank,concept_main_effect_projection,rank=9,raw,ss_concept,22143212.894463595,23208100.601570755,,empirical,,,,EMPIRICAL,23208100.601570755,-1064887.7071071602,-0.0458843110596947,9
Falcon3-7B-Base,13,13,300,3072,rank,concept_main_effect_projection,rank=9,raw,ss_residual,22114766.137692865,22114766.137692854,,empirical,,,,EMPIRICAL,22114766.137692854,1.1175870895385742e-08,5.053578602550702e-16,9
Falcon3-7B-Base,13,13,300,3072,rank,concept_main_effect_projection,rank=9,raw,language_share_total,0.4467994916351027,0.4409304805851421,,empirical,,,,EMPIRICAL,0.4409304805851421,0.005869011049960571,0.013310513353878436,9
Falcon3-7B-Base,13,13,300,3072,rank,concept_main_effect_projection,rank=9,raw,concept_share_total,0.2767780386255144,0.2862780442485013,,empirical,,,,EMPIRICAL,0.2862780442485013,-0.009500005622986862,-0.03318454144090932,9
Falcon3-7B-Base,13,13,300,3072,rank,concept_main_effect_projection,rank=9,raw,residual_share_total,0.2764224697393828,0.2727914751663566,,empirical,,,,EMPIRICAL,0.2727914751663566,0.0036309945730261806,0.013310513353879144,9
Falcon3-7B-Base,13,13,300,3072,rank,concept_main_effect_projection,rank=9,raw,lfs_vc_reml,0.6546630426551977,0.6432031440750837,,empirical,,,,EMPIRICAL,0.6432031440750837,0.01145989858011398,0.01781691940668782,9
Falcon3-7B-Base,13,13,300,3072,rank,concept_main_effect_projection,rank=9,raw,mexa_external,0.0072222222222222,0.0152777777777777,,empirical,,,,EMPIRICAL,0.0152777777777777,-0.0080555555555555,-0.5272727272727263,9
Falcon3-7B-Base,13,13,300,3072,rank,concept_main_effect_projection,rank=9,raw,aar10,-0.1249173341436346,-0.1095511589168859,,empirical,,,,EMPIRICAL,-0.1095511589168859,-0.015366175226748699,-0.1402648349745591,9
Falcon3-7B-Base,13,13,300,3072,rank,concept_main_effect_projection,rank=9,raw,mean_alignment_margin,-0.0514609030122366,-0.0367142325944782,,empirical,,,,EMPIRICAL,-0.0367142325944782,-0.0147466704177584,-0.40166086489238756,9
Falcon3-7B-Base,13,13,300,3072,rank,concept_main_effect_projection,rank=9,raw,linear_cka,0.5305324117870954,0.5305569748190281,,empirical,,,,EMPIRICAL,0.5305569748190281,-2.4563031932656187e-05,-4.629669026787291e-05,9
Falcon3-7B-Base,13,13,300,3072,rank,concept_main_effect_projection,rank=9,raw,cvp_within_raw,11348.199751834982,11621.24788186246,,empirical,,,,EMPIRICAL,11621.24788186246,-273.0481300274787,-0.023495594690276848,9
Falcon3-7B-Base,13,13,300,3072,rank,concept_main_effect_projection,rank=9,raw,cpres_shared_raw,5677.746896016308,5950.795026043784,,empirical,,,,EMPIRICAL,5950.795026043784,-273.04813002747596,-0.045884311059694524,9
Falcon3-7B-Base,13,13,300,3072,rank,concept_main_effect_projection,rank=9,raw,mean_norm,205.402953312858,205.93961868725765,,empirical,,,,EMPIRICAL,205.93961868725765,-0.5366653743996608,-0.0026059355544143605,9
Falcon3-7B-Base,13,13,300,3072,rank,concept_main_effect_projection,rank=9,raw,concept_rank_covariance_entropy,1.773335926525636,2.6009988679271703,,empirical,,,,EMPIRICAL,2.6009988679271703,-0.8276629414015342,-0.3182096507643345,9
Falcon3-7B-Base,13,13,300,3072,rank,concept_main_effect_projection,rank=9,raw,concept_rank_singular_entropy,4.631520580543714,109.36686757244424,,empirical,,,,EMPIRICAL,109.36686757244424,-104.73534699190053,-0.95765152021497,9
Falcon3-7B-Base,13,13,300,3072,rank,concept_main_effect_projection,rank=9,raw,concept_participation_ratio,1.3726996336733233,1.507836646255318,,empirical,,,,EMPIRICAL,1.507836646255318,-0.13513701258199484,-0.08962311197144922,9
Falcon3-7B-Base,13,13,300,3072,rank,concept_main_effect_projection,rank=9,raw,cvp_within_ratio,0.9765044053097232,1.0,,empirical,,,,EMPIRICAL,1.0,-0.023495594690276844,-0.023495594690276844,9
Falcon3-7B-Base,13,13,300,3072,rank,concept_main_effect_projection,rank=9,raw,cpres_shared_ratio,0.9541156889403056,1.0,,empirical,,,,EMPIRICAL,1.0,-0.04588431105969437,-0.04588431105969437,9
Falcon3-7B-Base,13,13,300,3072,rank,concept_main_effect_projection,rank=9,standardized,lfs_direct,0.8810200832161249,0.7682529162600981,,empirical,,,,EMPIRICAL,0.7682529162600981,0.11276716695602684,0.14678391005007085,9
Falcon3-7B-Base,13,13,300,3072,rank,concept_main_effect_projection,rank=9,standardized,ss_language,6170458.805668305,5713311.641907413,,empirical,,,,EMPIRICAL,5713311.641907413,457147.1637608921,0.0800143931249428,9
Falcon3-7B-Base,13,13,300,3072,rank,concept_main_effect_projection,rank=9,standardized,ss_concept,833307.5365736535,1723447.1662727916,,empirical,,,,EMPIRICAL,1723447.1662727916,-890139.6296991381,-0.5164879127824941,9
Falcon3-7B-Base,13,13,300,3072,rank,concept_main_effect_projection,rank=9,standardized,ss_residual,4977033.657758029,4544041.191819805,,empirical,,,,EMPIRICAL,4544041.191819805,432992.46593822446,0.09528797113848762,9
Falcon3-7B-Base,13,13,300,3072,rank,concept_main_effect_projection,rank=9,standardized,language_share_total,0.5150289467872188,0.4768722991709576,,empirical,,,,EMPIRICAL,0.4768722991709576,0.0381566476162612,0.08001439312494461,9
Falcon3-7B-Base,13,13,300,3072,rank,concept_main_effect_projection,rank=9,standardized,concept_share_total,0.0695535804431802,0.1438507584028437,,empirical,,,,EMPIRICAL,0.1438507584028437,-0.0742971779596635,-0.5164879127824936,9
Falcon3-7B-Base,13,13,300,3072,rank,concept_main_effect_projection,rank=9,standardized,residual_share_total,0.4154174727696009,0.3792769424261987,,empirical,,,,EMPIRICAL,0.3792769424261987,0.0361405303434022,0.0952879711384896,9
Falcon3-7B-Base,13,13,300,3072,rank,concept_main_effect_projection,rank=9,standardized,lfs_vc_reml,0.9379754547996078,0.8206284109520683,,empirical,,,,EMPIRICAL,0.8206284109520683,0.11734704384753947,0.1429965649268674,9
Falcon3-7B-Base,13,13,300,3072,rank,concept_main_effect_projection,rank=9,standardized,mexa_external,0.0649999999999999,0.2719444444444444,,empirical,,,,EMPIRICAL,0.2719444444444444,-0.2069444444444445,-0.7609805924412669,9
Falcon3-7B-Base,13,13,300,3072,rank,concept_main_effect_projection,rank=9,standardized,aar10,-0.2240732619752337,-0.0748540880592878,,empirical,,,,EMPIRICAL,-0.0748540880592878,-0.1492191739159459,-1.9934672612370568,9
Falcon3-7B-Base,13,13,300,3072,rank,concept_main_effect_projection,rank=9,standardized,mean_alignment_margin,-0.1316128076698567,0.0091247774663549,,empirical,,,,EMPIRICAL,0.0091247774663549,-0.1407375851362116,-15.42367314218266,9
Falcon3-7B-Base,13,13,300,3072,rank,concept_main_effect_projection,rank=9,standardized,linear_cka,0.6080070631674956,0.5702637971978378,,empirical,,,,EMPIRICAL,0.5702637971978378,0.037743265969657824,0.06618562524067051,9
Falcon3-7B-Base,13,13,300,3072,rank,concept_main_effect_projection,rank=9,standardized,cvp_within_raw,1489.8310754696656,1607.0482969468171,,empirical,,,,EMPIRICAL,1607.0482969468171,-117.2172214771515,-0.07293945160195184,9
Falcon3-7B-Base,13,13,300,3072,rank,concept_main_effect_projection,rank=9,standardized,cpres_shared_raw,213.66859912144963,441.9095298135362,,empirical,,,,EMPIRICAL,441.9095298135362,-228.24093069208658,-0.516487912782494,9
Falcon3-7B-Base,13,13,300,3072,rank,concept_main_effect_projection,rank=9,standardized,mean_norm,54.27400317316051,54.06329425749751,,empirical,,,,EMPIRICAL,54.06329425749751,0.2107089156629982,0.0038974486952166633,9
Falcon3-7B-Base,13,13,300,3072,rank,concept_main_effect_projection,rank=9,standardized,concept_rank_covariance_entropy,6.941524888073463,78.94727688093006,,empirical,,,,EMPIRICAL,78.94727688093006,-72.0057519928566,-0.912073916133386,9
Falcon3-7B-Base,13,13,300,3072,rank,concept_main_effect_projection,rank=9,standardized,concept_rank_singular_entropy,8.470345617071033,234.0380442906506,,empirical,,,,EMPIRICAL,234.0380442906506,-225.56769867357957,-0.9638078260192956,9
Falcon3-7B-Base,13,13,300,3072,rank,concept_main_effect_projection,rank=9,standardized,concept_participation_ratio,5.419419364019328,24.80236478174264,,empirical,,,,EMPIRICAL,24.80236478174264,-19.382945417723313,-0.7814958609104631,9
Mistral-7B-v0.3,2,13,300,4096,rank,concept_main_effect_projection,rank=9,raw,lfs_direct,0.43338376536524,0.4333684029911068,,empirical,,,,EMPIRICAL,0.4333684029911068,1.536237413318764e-05,3.544876374732584e-05,9
Mistral-7B-v0.3,2,13,300,4096,rank,concept_main_effect_projection,rank=9,raw,ss_language,21691.213867948387,21691.213867948383,,empirical,,,,EMPIRICAL,21691.213867948383,3.637978807091713e-12,1.6771669991541157e-16,9
Mistral-7B-v0.3,2,13,300,4096,rank,concept_main_effect_projection,rank=9,raw,ss_concept,28359.60852422826,28361.38276400659,,empirical,,,,EMPIRICAL,28361.38276400659,-1.7742397783295019,-6.255829601443792e-05,9
Mistral-7B-v0.3,2,13,300,4096,rank,concept_main_effect_projection,rank=9,raw,ss_residual,12195.263811361958,12195.263811361958,,empirical,,,,EMPIRICAL,12195.263811361958,0.0,0.0,9
Mistral-7B-v0.3,2,13,300,4096,rank,concept_main_effect_projection,rank=9,raw,language_share_total,0.3484751442367033,0.3484652117111793,,empirical,,,,EMPIRICAL,0.3484652117111793,9.932525524003477e-06,2.850363591598899e-05,9
Mistral-7B-v0.3,2,13,300,4096,rank,concept_main_effect_projection,rank=9,raw,concept_share_total,0.4556046854334764,0.4556202022370317,,empirical,,,,EMPIRICAL,0.4556202022370317,-1.5516803555326586e-05,-3.405644323746235e-05,9
Mistral-7B-v0.3,2,13,300,4096,rank,concept_main_effect_projection,rank=9,raw,residual_share_total,0.1959201703298202,0.1959145860517888,,empirical,,,,EMPIRICAL,0.1959145860517888,5.5842780314063756e-06,2.850363591575671e-05,9
Mistral-7B-v0.3,2,13,300,4096,rank,concept_main_effect_projection,rank=9,raw,lfs_vc_reml,0.460893241597974,0.4608779407491726,,empirical,,,,EMPIRICAL,0.4608779407491726,1.5300848801413913e-05,3.3199351603901605e-05,9
Mistral-7B-v0.3,2,13,300,4096,rank,concept_main_effect_projection,rank=9,raw,mexa_external,0.0069444444444444,0.0155555555555555,,empirical,,,,EMPIRICAL,0.0155555555555555,-0.0086111111111111,-0.5535714285714299,9
Mistral-7B-v0.3,2,13,300,4096,rank,concept_main_effect_projection,rank=9,raw,aar10,-0.0006114834895216,-0.000546122882361,,empirical,,,,EMPIRICAL,-0.000546122882361,-6.536060716059999e-05,-0.11968113637361764,9
Mistral-7B-v0.3,2,13,300,4096,rank,concept_main_effect_projection,rank=9,raw,mean_alignment_margin,-0.0003053041909889,-0.0002551961187905,,empirical,,,,EMPIRICAL,-0.0002551961187905,-5.010807219839997e-05,-0.196351231499471,9
Mistral-7B-v0.3,2,13,300,4096,rank,concept_main_effect_projection,rank=9,raw,linear_cka,0.7341349837202386,0.7341349881551112,,empirical,,,,EMPIRICAL,0.7341349881551112,-4.4348726913057135e-09,-6.040949910929316e-09,9
Mistral-7B-v0.3,2,13,300,4096,rank,concept_main_effect_projection,rank=9,raw,cvp_within_raw,10.398685214253897,10.3991401475304,,empirical,,,,EMPIRICAL,10.3991401475304,-0.0004549332765027003,-4.374720121554843e-05,9
Mistral-7B-v0.3,2,13,300,4096,rank,concept_main_effect_projection,rank=9,raw,cpres_shared_raw,7.271694493391857,7.27214942666836,,empirical,,,,EMPIRICAL,7.27214942666836,-0.0004549332765027003,-6.255829601553196e-05,9
Mistral-7B-v0.3,2,13,300,4096,rank,concept_main_effect_projection,rank=9,raw,mean_norm,5.008906523176552,5.008938135094866,,empirical,,,,EMPIRICAL,5.008938135094866,-3.1611918313245724e-05,-6.3111017666116606e-06,9
Mistral-7B-v0.3,2,13,300,4096,rank,concept_main_effect_projection,rank=9,raw,concept_rank_covariance_entropy,1.0003943302562064,1.001389563389411,,empirical,,,,EMPIRICAL,1.001389563389411,-0.0009952331332045983,-0.0009938521126943095,9
Mistral-7B-v0.3,2,13,300,4096,rank,concept_main_effect_projection,rank=9,raw,concept_rank_singular_entropy,1.1097585135786914,2.7724096152671094,,empirical,,,,EMPIRICAL,2.7724096152671094,-1.662651101688418,-0.5997133657784652,9
Mistral-7B-v0.3,2,13,300,4096,rank,concept_main_effect_projection,rank=9,raw,concept_participation_ratio,1.0000594063333534,1.0001845420694446,,empirical,,,,EMPIRICAL,1.0001845420694446,-0.00012513573609118644,-0.00012511264754429494,9
Mistral-7B-v0.3,2,13,300,4096,rank,concept_main_effect_projection,rank=9,raw,cvp_within_ratio,0.9999562527987844,1.0,,empirical,,,,EMPIRICAL,1.0,-4.374720121558262e-05,-4.374720121558262e-05,9
Mistral-7B-v0.3,2,13,300,4096,rank,concept_main_effect_projection,rank=9,raw,cpres_shared_ratio,0.9999374417039844,1.0,,empirical,,,,EMPIRICAL,1.0,-6.255829601564677e-05,-6.255829601564677e-05,9
Mistral-7B-v0.3,2,13,300,4096,rank,concept_main_effect_projection,rank=9,standardized,lfs_direct,0.7952388730509297,0.749392110380016,,empirical,,,,EMPIRICAL,0.749392110380016,0.0458467626709137,0.06117860334513644,9
Mistral-7B-v0.3,2,13,300,4096,rank,concept_main_effect_projection,rank=9,standardized,ss_language,8243560.126448249,7946365.088000813,,empirical,,,,EMPIRICAL,7946365.088000813,297195.0384474369,0.037400123849860356,9
Mistral-7B-v0.3,2,13,300,4096,rank,concept_main_effect_projection,rank=9,standardized,ss_concept,2122583.186971371,2657382.907119152,,empirical,,,,EMPIRICAL,2657382.907119152,-534799.7201477811,-0.20125053063111376,9
Mistral-7B-v0.3,2,13,300,4096,rank,concept_main_effect_projection,rank=9,standardized,ss_residual,5608256.686580393,5370652.004880041,,empirical,,,,EMPIRICAL,5370652.004880041,237604.68170035258,0.04424131027004788,9
Mistral-7B-v0.3,2,13,300,4096,rank,concept_main_effect_projection,rank=9,standardized,language_share_total,0.5160481849990135,0.4974437279647943,,empirical,,,,EMPIRICAL,0.4974437279647943,0.0186044570342192,0.037400123849859655,9
Mistral-7B-v0.3,2,13,300,4096,rank,concept_main_effect_projection,rank=9,standardized,concept_share_total,0.1328740476619697,0.1663525958483042,,empirical,,,,EMPIRICAL,0.1663525958483042,-0.0334785481863345,-0.20125053063111417,9
Mistral-7B-v0.3,2,13,300,4096,rank,concept_main_effect_projection,rank=9,standardized,residual_share_total,0.3510777673390167,0.3362036761869015,,empirical,,,,EMPIRICAL,0.3362036761869015,0.014874091152115188,0.0442413102700472,9
Mistral-7B-v0.3,2,13,300,4096,rank,concept_main_effect_projection,rank=9,standardized,lfs_vc_reml,0.8388173716154564,0.7948220327420257,,empirical,,,,EMPIRICAL,0.7948220327420257,0.04399533887343077,0.05535243999421224,9
Mistral-7B-v0.3,2,13,300,4096,rank,concept_main_effect_projection,rank=9,standardized,mexa_external,0.0102777777777777,0.0591666666666666,,empirical,,,,EMPIRICAL,0.0591666666666666,-0.0488888888888889,-0.8262910798122077,9
Mistral-7B-v0.3,2,13,300,4096,rank,concept_main_effect_projection,rank=9,standardized,aar10,-0.2987358871914838,-0.2130503260554549,,empirical,,,,EMPIRICAL,-0.2130503260554549,-0.0856855611360289,-0.4021846045601723,9
Mistral-7B-v0.3,2,13,300,4096,rank,concept_main_effect_projection,rank=9,standardized,mean_alignment_margin,-0.1684896320400218,-0.083318704276016,,empirical,,,,EMPIRICAL,-0.083318704276016,-0.0851709277640058,-1.0222305844057993,9
Mistral-7B-v0.3,2,13,300,4096,rank,concept_main_effect_projection,rank=9,standardized,linear_cka,0.6902140791457515,0.6825418042449711,,empirical,,,,EMPIRICAL,0.6825418042449711,0.007672274900780374,0.011240739912286335,9
Mistral-7B-v0.3,2,13,300,4096,rank,concept_main_effect_projection,rank=9,standardized,cvp_within_raw,1982.2666342440389,2058.470490256202,,empirical,,,,EMPIRICAL,2058.470490256202,-76.20385601216321,-0.037019649479006475,9
Mistral-7B-v0.3,2,13,300,4096,rank,concept_main_effect_projection,rank=9,standardized,cpres_shared_raw,544.2520992234287,681.3802325946543,,empirical,,,,EMPIRICAL,681.3802325946543,-137.12813337122566,-0.2012505306311134,9
Mistral-7B-v0.3,2,13,300,4096,rank,concept_main_effect_projection,rank=9,standardized,mean_norm,60.69103821631842,60.7438369380172,,empirical,,,,EMPIRICAL,60.7438369380172,-0.0527987216987853,-0.0008692029407470741,9
Mistral-7B-v0.3,2,13,300,4096,rank,concept_main_effect_projection,rank=9,standardized,concept_rank_covariance_entropy,1.5773183526067325,7.933069040277799,,empirical,,,,EMPIRICAL,7.933069040277799,-6.355750687671066,-0.8011717351004551,9
Mistral-7B-v0.3,2,13,300,4096,rank,concept_main_effect_projection,rank=9,standardized,concept_rank_singular_entropy,5.028772704467835,210.51530672285347,,empirical,,,,EMPIRICAL,210.51530672285347,-205.48653401838564,-0.9761120804812151,9
Mistral-7B-v0.3,2,13,300,4096,rank,concept_main_effect_projection,rank=9,standardized,concept_participation_ratio,1.1935187932165996,1.9794405594712947,,empirical,,,,EMPIRICAL,1.9794405594712947,-0.7859217662546951,-0.3970423675993653,9
OLMo-2-0425-1B,9,13,300,2048,rank,concept_main_effect_projection,rank=9,raw,lfs_direct,0.910825558099542,0.8640918761101056,,empirical,,,,EMPIRICAL,0.8640918761101056,0.04673368198943639,0.054084158503859635,9
OLMo-2-0425-1B,9,13,300,2048,rank,concept_main_effect_projection,rank=9,raw,ss_language,43132.79063202015,43132.79063202015,,empirical,,,,EMPIRICAL,43132.79063202015,0.0,0.0,9
OLMo-2-0425-1B,9,13,300,2048,rank,concept_main_effect_projection,rank=9,raw,ss_concept,4222.918975006783,6784.112679455978,,empirical,,,,EMPIRICAL,6784.112679455978,-2561.193704449195,-0.3775281787705476,9
OLMo-2-0425-1B,9,13,300,2048,rank,concept_main_effect_projection,rank=9,raw,ss_residual,17019.99129837738,17019.99129837738,,empirical,,,,EMPIRICAL,17019.99129837738,0.0,0.0,9
OLMo-2-0425-1B,9,13,300,2048,rank,concept_main_effect_projection,rank=9,raw,language_share_total,0.6700166371066132,0.6443799175839081,,empirical,,,,EMPIRICAL,0.6443799175839081,0.025636719522705076,0.039785100098757784,9
OLMo-2-0425-1B,9,13,300,2048,rank,concept_main_effect_projection,rank=9,raw,concept_share_total,0.0655980271377871,0.1013508726240986,,empirical,,,,EMPIRICAL,0.1013508726240986,-0.035752845486311496,-0.35276307505427834,9
OLMo-2-0425-1B,9,13,300,2048,rank,concept_main_effect_projection,rank=9,raw,residual_share_total,0.2643853357555996,0.2542692097919932,,empirical,,,,EMPIRICAL,0.2542692097919932,0.010116125963606393,0.039785100098757395,9
OLMo-2-0425-1B,9,13,300,2048,rank,concept_main_effect_projection,rank=9,raw,lfs_vc_reml,0.9417966244715305,0.8965647742613095,,empirical,,,,EMPIRICAL,0.8965647742613095,0.045231850210220914,0.05045017550180686,9
OLMo-2-0425-1B,9,13,300,2048,rank,concept_main_effect_projection,rank=9,raw,mexa_external,0.0133333333333333,0.0852777777777777,,empirical,,,,EMPIRICAL,0.0852777777777777,-0.07194444444444441,-0.8436482084690557,9
OLMo-2-0425-1B,9,13,300,2048,rank,concept_main_effect_projection,rank=9,raw,aar10,-0.1552095550145114,-0.1217974514535922,,empirical,,,,EMPIRICAL,-0.1217974514535922,-0.033412103560919185,-0.2743251452486262,9
OLMo-2-0425-1B,9,13,300,2048,rank,concept_main_effect_projection,rank=9,raw,mean_alignment_margin,-0.0854469086921844,-0.0549809594648563,,empirical,,,,EMPIRICAL,-0.0549809594648563,-0.030465949227328093,-0.554118180618544,9
OLMo-2-0425-1B,9,13,300,2048,rank,concept_main_effect_projection,rank=9,raw,linear_cka,0.5731636888160182,0.5541310862507665,,empirical,,,,EMPIRICAL,0.5541310862507665,0.019032602565251744,0.03434675122456265,9
OLMo-2-0425-1B,9,13,300,2048,rank,concept_main_effect_projection,rank=9,raw,cvp_within_raw,5.4469000700985015,6.103616404572654,,empirical,,,,EMPIRICAL,6.103616404572654,-0.6567163344741527,-0.10759462766732189,9
OLMo-2-0425-1B,9,13,300,2048,rank,concept_main_effect_projection,rank=9,raw,cpres_shared_raw,1.0827997371812264,1.7395160716553786,,empirical,,,,EMPIRICAL,1.7395160716553786,-0.6567163344741522,-0.37752817877054745,9
OLMo-2-0425-1B,9,13,300,2048,rank,concept_main_effect_projection,rank=9,raw,mean_norm,7.492220467439679,7.537352317231376,,empirical,,,,EMPIRICAL,7.537352317231376,-0.04513184979169704,-0.005987759081994843,9
OLMo-2-0425-1B,9,13,300,2048,rank,concept_main_effect_projection,rank=9,raw,concept_rank_covariance_entropy,5.779183713469132,38.45839185431213,,empirical,,,,EMPIRICAL,38.45839185431213,-32.679208140843,-0.8497289295048581,9
OLMo-2-0425-1B,9,13,300,2048,rank,concept_main_effect_projection,rank=9,raw,concept_rank_singular_entropy,8.071774542328251,209.74551618917704,,empirical,,,,EMPIRICAL,209.74551618917704,-201.67374164684878,-0.9615163428092163,9
OLMo-2-0425-1B,9,13,300,2048,rank,concept_main_effect_projection,rank=9,raw,concept_participation_ratio,4.123502704454965,10.463264693654745,,empirical,,,,EMPIRICAL,10.463264693654745,-6.33976198919978,-0.6059066815966543,9
OLMo-2-0425-1B,9,13,300,2048,rank,concept_main_effect_projection,rank=9,raw,cvp_within_ratio,0.8924053723326781,1.0,,empirical,,,,EMPIRICAL,1.0,-0.10759462766732186,-0.10759462766732186,9
OLMo-2-0425-1B,9,13,300,2048,rank,concept_main_effect_projection,rank=9,raw,cpres_shared_ratio,0.6224718212294525,1.0,,empirical,,,,EMPIRICAL,1.0,-0.37752817877054745,-0.37752817877054745,9
OLMo-2-0425-1B,9,13,300,2048,rank,concept_main_effect_projection,rank=9,standardized,lfs_direct,0.921408419039203,0.8555304914009325,,empirical,,,,EMPIRICAL,0.8555304914009325,0.0658779276382705,0.07700243100674914,9
OLMo-2-0425-1B,9,13,300,2048,rank,concept_main_effect_projection,rank=9,standardized,ss_language,4918290.361818017,4690472.485386472,,empirical,,,,EMPIRICAL,4690472.485386472,227817.87643154524,0.048570347047409264,9
OLMo-2-0425-1B,9,13,300,2048,rank,concept_main_effect_projection,rank=9,standardized,ss_concept,419505.84254763793,792058.5670203405,,empirical,,,,EMPIRICAL,792058.5670203405,-372552.72447270254,-0.4703600718242534,9
OLMo-2-0425-1B,9,13,300,2048,rank,concept_main_effect_projection,rank=9,standardized,ss_residual,2649403.7956343414,2504668.9475931874,,empirical,,,,EMPIRICAL,2504668.9475931874,144734.84804115398,0.05778601925824732,9
OLMo-2-0425-1B,9,13,300,2048,rank,concept_main_effect_projection,rank=9,standardized,language_share_total,0.6157715296747319,0.5872486585269522,,empirical,,,,EMPIRICAL,0.5872486585269522,0.028522871147779738,0.04857034704740949,9
OLMo-2-0425-1B,9,13,300,2048,rank,concept_main_effect_projection,rank=9,standardized,concept_share_total,0.0525222659439651,0.0991659864558719,,empirical,,,,EMPIRICAL,0.0991659864558719,-0.046643720511906794,-0.4703600718242529,9
OLMo-2-0425-1B,9,13,300,2048,rank,concept_main_effect_projection,rank=9,standardized,residual_share_total,0.3317062043813029,0.3135853550171759,,empirical,,,,EMPIRICAL,0.3135853550171759,0.018120849364127,0.057786019258247806,9
OLMo-2-0425-1B,9,13,300,2048,rank,concept_main_effect_projection,rank=9,standardized,lfs_vc_reml,0.9614697596221964,0.896547738070651,,empirical,,,,EMPIRICAL,0.896547738070651,0.06492202155154536,0.07241334598786225,9
OLMo-2-0425-1B,9,13,300,2048,rank,concept_main_effect_projection,rank=9,standardized,mexa_external,0.03,0.175,,empirical,,,,EMPIRICAL,0.175,-0.145,-0.8285714285714285,9
OLMo-2-0425-1B,9,13,300,2048,rank,concept_main_effect_projection,rank=9,standardized,aar10,-0.1757758842124383,-0.0787786410278964,,empirical,,,,EMPIRICAL,-0.0787786410278964,-0.0969972431845419,-1.2312632195596531,9
OLMo-2-0425-1B,9,13,300,2048,rank,concept_main_effect_projection,rank=9,standardized,mean_alignment_margin,-0.1004227156846729,-0.005505369467697,,empirical,,,,EMPIRICAL,-0.005505369467697,-0.0949173462169759,-17.240867624581355,9
OLMo-2-0425-1B,9,13,300,2048,rank,concept_main_effect_projection,rank=9,standardized,linear_cka,0.5276492828635357,0.5035312429313471,,empirical,,,,EMPIRICAL,0.5035312429313471,0.02411803993218864,0.04789780231268979,9
OLMo-2-0425-1B,9,13,300,2048,rank,concept_main_effect_projection,rank=9,standardized,cvp_within_raw,786.8999072261493,845.314747336802,,empirical,,,,EMPIRICAL,845.314747336802,-58.41484011065279,-0.06910424820422344,9
OLMo-2-0425-1B,9,13,300,2048,rank,concept_main_effect_projection,rank=9,standardized,cpres_shared_raw,107.56560065324052,203.09194026162572,,empirical,,,,EMPIRICAL,203.09194026162572,-95.5263396083852,-0.4703600718242531,9
OLMo-2-0425-1B,9,13,300,2048,rank,concept_main_effect_projection,rank=9,standardized,mean_norm,44.68576798030493,44.67825440390339,,empirical,,,,EMPIRICAL,44.67825440390339,0.007513576401542821,0.00016817076901926557,9
OLMo-2-0425-1B,9,13,300,2048,rank,concept_main_effect_projection,rank=9,standardized,concept_rank_covariance_entropy,6.594734830265627,63.75961221423103,,empirical,,,,EMPIRICAL,63.75961221423103,-57.164877383965404,-0.8965687744758006,9
OLMo-2-0425-1B,9,13,300,2048,rank,concept_main_effect_projection,rank=9,standardized,concept_rank_singular_entropy,8.33785610478935,225.85000288733937,,empirical,,,,EMPIRICAL,225.85000288733937,-217.51214678255002,-0.9630823289874009,9
OLMo-2-0425-1B,9,13,300,2048,rank,concept_main_effect_projection,rank=9,standardized,concept_participation_ratio,5.08552093251072,18.9568376258577,,empirical,,,,EMPIRICAL,18.9568376258577,-13.871316693346978,-0.7317315771289872,9
OLMo-2-1124-7B,12,13,300,4096,rank,concept_main_effect_projection,rank=9,raw,lfs_direct,0.8766512525368415,0.7713140575720785,,empirical,,,,EMPIRICAL,0.7713140575720785,0.10533719496476301,0.13656848845247369,9
OLMo-2-1124-7B,12,13,300,4096,rank,concept_main_effect_projection,rank=9,raw,ss_language,27988.003108532917,27988.003108532917,,empirical,,,,EMPIRICAL,27988.003108532917,0.0,0.0,9
OLMo-2-1124-7B,12,13,300,4096,rank,concept_main_effect_projection,rank=9,raw,ss_concept,3938.0370671260016,8298.128116188693,,empirical,,,,EMPIRICAL,8298.128116188693,-4360.091049062691,-0.5254306740042559,9
OLMo-2-1124-7B,12,13,300,4096,rank,concept_main_effect_projection,rank=9,raw,ss_residual,18933.80374331344,18933.80374331344,,empirical,,,,EMPIRICAL,18933.80374331344,0.0,0.0,9
OLMo-2-1124-7B,12,13,300,4096,rank,concept_main_effect_projection,rank=9,raw,language_share_total,0.5502966771412464,0.5068459990895358,,empirical,,,,EMPIRICAL,0.5068459990895358,0.043450678051710656,0.08572757431204459,9
OLMo-2-1124-7B,12,13,300,4096,rank,concept_main_effect_projection,rank=9,raw,concept_share_total,0.0774292007934571,0.1502741377908575,,empirical,,,,EMPIRICAL,0.1502741377908575,-0.0728449369974004,-0.484746996843739,9
OLMo-2-1124-7B,12,13,300,4096,rank,concept_main_effect_projection,rank=9,raw,residual_share_total,0.3722741220652965,0.3428798631196067,,empirical,,,,EMPIRICAL,0.3428798631196067,0.029394258945689755,0.08572757431204457,9
OLMo-2-1124-7B,12,13,300,4096,rank,concept_main_effect_projection,rank=9,raw,lfs_vc_reml,0.9251689183498848,0.8177355311724772,,empirical,,,,EMPIRICAL,0.8177355311724772,0.10743338717740758,0.13137913552975805,9
OLMo-2-1124-7B,12,13,300,4096,rank,concept_main_effect_projection,rank=9,raw,mexa_external,0.0255555555555555,0.1966666666666666,,empirical,,,,EMPIRICAL,0.1966666666666666,-0.1711111111111111,-0.8700564971751414,9
OLMo-2-1124-7B,12,13,300,4096,rank,concept_main_effect_projection,rank=9,raw,aar10,-0.1888228434499656,-0.1222429073987326,,empirical,,,,EMPIRICAL,-0.1222429073987326,-0.06657993605123301,-0.5446527530146367,9
OLMo-2-1124-7B,12,13,300,4096,rank,concept_main_effect_projection,rank=9,raw,mean_alignment_margin,-0.0985125826123426,-0.0425962308674462,,empirical,,,,EMPIRICAL,-0.0425962308674462,-0.0559163517448964,-1.3127065612659639,9
OLMo-2-1124-7B,12,13,300,4096,rank,concept_main_effect_projection,rank=9,raw,linear_cka,0.5527108417529135,0.526731567892538,,empirical,,,,EMPIRICAL,0.526731567892538,0.025979273860375462,0.049321657261437696,9
OLMo-2-1124-7B,12,13,300,4096,rank,concept_main_effect_projection,rank=9,raw,cvp_within_raw,5.864574566779349,6.98254663064158,,empirical,,,,EMPIRICAL,6.98254663064158,-1.117972063862231,-0.1601095020198251,9
OLMo-2-1124-7B,12,13,300,4096,rank,concept_main_effect_projection,rank=9,raw,cpres_shared_raw,1.0097530941348718,2.127725157997101,,empirical,,,,EMPIRICAL,2.127725157997101,-1.1179720638622292,-0.5254306740042561,9
OLMo-2-1124-7B,12,13,300,4096,rank,concept_main_effect_projection,rank=9,raw,mean_norm,6.3614034536608886,6.448751417534469,,empirical,,,,EMPIRICAL,6.448751417534469,-0.08734796387358035,-0.013544941992348625,9
OLMo-2-1124-7B,12,13,300,4096,rank,concept_main_effect_projection,rank=9,raw,concept_rank_covariance_entropy,7.477330368041402,75.38667100454738,,empirical,,,,EMPIRICAL,75.38667100454738,-67.90934063650597,-0.9008136283456479,9
OLMo-2-1124-7B,12,13,300,4096,rank,concept_main_effect_projection,rank=9,raw,concept_rank_singular_entropy,8.584636077811938,230.1947065097517,,empirical,,,,EMPIRICAL,230.1947065097517,-221.61007043193976,-0.9627070656490171,9
OLMo-2-1124-7B,12,13,300,4096,rank,concept_main_effect_projection,rank=9,raw,concept_participation_ratio,6.3872034992430144,26.30940999582242,,empirical,,,,EMPIRICAL,26.30940999582242,-19.922206496579406,-0.7572274140599422,9
OLMo-2-1124-7B,12,13,300,4096,rank,concept_main_effect_projection,rank=9,raw,cvp_within_ratio,0.8398904979801749,1.0,,empirical,,,,EMPIRICAL,1.0,-0.1601095020198251,-0.1601095020198251,9
OLMo-2-1124-7B,12,13,300,4096,rank,concept_main_effect_projection,rank=9,raw,cpres_shared_ratio,0.4745693259957438,1.0,,empirical,,,,EMPIRICAL,1.0,-0.5254306740042562,-0.5254306740042562,9
OLMo-2-1124-7B,12,13,300,4096,rank,concept_main_effect_projection,rank=9,standardized,lfs_direct,0.8810934174069481,0.7420740191771581,,empirical,,,,EMPIRICAL,0.7420740191771581,0.13901939822979004,0.18733899130970844,9
OLMo-2-1124-7B,12,13,300,4096,rank,concept_main_effect_projection,rank=9,standardized,ss_language,7783945.240421362,7093756.964607517,,empirical,,,,EMPIRICAL,7093756.964607517,690188.275813845,0.09729516802695139,9
OLMo-2-1124-7B,12,13,300,4096,rank,concept_main_effect_projection,rank=9,standardized,ss_concept,1050470.142375913,2465608.7877110518,,empirical,,,,EMPIRICAL,2465608.7877110518,-1415138.6453351388,-0.573951006497216,9
OLMo-2-1124-7B,12,13,300,4096,rank,concept_main_effect_projection,rank=9,standardized,ss_residual,7139984.61720274,6415034.247681427,,empirical,,,,EMPIRICAL,6415034.247681427,724950.3695213133,0.113008027943628,9
OLMo-2-1124-7B,12,13,300,4096,rank,concept_main_effect_projection,rank=9,standardized,language_share_total,0.4872762194774986,0.4440703228044571,,empirical,,,,EMPIRICAL,0.4440703228044571,0.04320589667304153,0.0972951680269499,9
OLMo-2-1124-7B,12,13,300,4096,rank,concept_main_effect_projection,rank=9,standardized,concept_share_total,0.0657595992573061,0.1543475052403252,,empirical,,,,EMPIRICAL,0.1543475052403252,-0.0885879059830191,-0.5739510064972169,9
OLMo-2-1124-7B,12,13,300,4096,rank,concept_main_effect_projection,rank=9,standardized,residual_share_total,0.4469641812651951,0.4015821719552176,,empirical,,,,EMPIRICAL,0.4015821719552176,0.04538200930997749,0.11300802794362659,9
OLMo-2-1124-7B,12,13,300,4096,rank,concept_main_effect_projection,rank=9,standardized,lfs_vc_reml,0.9448077454201946,0.7981610234528274,,empirical,,,,EMPIRICAL,0.7981610234528274,0.14664672196736728,0.18373074813021653,9
OLMo-2-1124-7B,12,13,300,4096,rank,concept_main_effect_projection,rank=9,standardized,mexa_external,0.0586111111111111,0.3797222222222222,,empirical,,,,EMPIRICAL,0.3797222222222222,-0.32111111111111107,-0.8456474030724214,9
OLMo-2-1124-7B,12,13,300,4096,rank,concept_main_effect_projection,rank=9,standardized,aar10,-0.225895708758483,-0.0578441047741992,,empirical,,,,EMPIRICAL,-0.0578441047741992,-0.16805160398428381,-2.9052503213644965,9
OLMo-2-1124-7B,12,13,300,4096,rank,concept_main_effect_projection,rank=9,standardized,mean_alignment_margin,-0.1185326323832344,0.0349704802987195,,empirical,,,,EMPIRICAL,0.0349704802987195,-0.1535031126819539,-4.3895054163032095,9
OLMo-2-1124-7B,12,13,300,4096,rank,concept_main_effect_projection,rank=9,standardized,linear_cka,0.5006045246098744,0.482584923832313,,empirical,,,,EMPIRICAL,0.482584923832313,0.018019600777561373,0.037339750762339946,9
OLMo-2-1124-7B,12,13,300,4096,rank,concept_main_effect_projection,rank=9,standardized,cvp_within_raw,2100.116605020164,2277.0879577929445,,empirical,,,,EMPIRICAL,2277.0879577929445,-176.9713527727804,-0.0777182770507947,9
OLMo-2-1124-7B,12,13,300,4096,rank,concept_main_effect_projection,rank=9,standardized,cpres_shared_raw,269.35131855792645,632.2073814643721,,empirical,,,,EMPIRICAL,632.2073814643721,-362.8560629064457,-0.5739510064972159,9
OLMo-2-1124-7B,12,13,300,4096,rank,concept_main_effect_projection,rank=9,standardized,mean_norm,62.76045360257923,62.674715403550536,,empirical,,,,EMPIRICAL,62.674715403550536,0.08573819902869673,0.0013679870499075236,9
OLMo-2-1124-7B,12,13,300,4096,rank,concept_main_effect_projection,rank=9,standardized,concept_rank_covariance_entropy,7.844957684392552,101.25205224785802,,empirical,,,,EMPIRICAL,101.25205224785802,-93.40709456346546,-0.9225205068911725,9
OLMo-2-1124-7B,12,13,300,4096,rank,concept_main_effect_projection,rank=9,standardized,concept_rank_singular_entropy,8.697755407854016,241.02958139582688,,empirical,,,,EMPIRICAL,241.02958139582688,-232.33182598797288,-0.9639141579324645,9
OLMo-2-1124-7B,12,13,300,4096,rank,concept_main_effect_projection,rank=9,standardized,concept_participation_ratio,6.905051029047365,39.829776337315,,empirical,,,,EMPIRICAL,39.829776337315,-32.92472530826764,-0.8266359577174356,9
Qwen3-0.6B-Base,8,13,300,1024,rank,concept_main_effect_projection,rank=9,raw,lfs_direct,0.4060339759548955,0.4059065487207696,,empirical,,,,EMPIRICAL,0.4059065487207696,0.00012742723412589863,0.00031393244215322604,9
Qwen3-0.6B-Base,8,13,300,1024,rank,concept_main_effect_projection,rank=9,raw,ss_language,29260871.870594405,29260871.87059438,,empirical,,,,EMPIRICAL,29260871.87059438,2.60770320892334e-08,8.91191219610904e-16,9
Qwen3-0.6B-Base,8,13,300,1024,rank,concept_main_effect_projection,rank=9,raw,ss_concept,42804210.37228879,42826833.93955124,,empirical,,,,EMPIRICAL,42826833.93955124,-22623.56726244837,-0.0005282568236162598,9
Qwen3-0.6B-Base,8,13,300,1024,rank,concept_main_effect_projection,rank=9,raw,ss_residual,17743548.852526676,17743548.852526706,,empirical,,,,EMPIRICAL,17743548.852526706,-2.9802322387695312e-08,-1.6796145255604502e-15,9
Qwen3-0.6B-Base,8,13,300,1024,rank,concept_main_effect_projection,rank=9,raw,language_share_total,0.3258135828783379,0.3257315283024002,,empirical,,,,EMPIRICAL,0.3257315283024002,8.20545759376845e-05,0.0002519086081882356,9
Qwen3-0.6B-Base,8,13,300,1024,rank,concept_main_effect_projection,rank=9,raw,concept_share_total,0.4766157756799002,0.4767475874668722,,empirical,,,,EMPIRICAL,0.4767475874668722,-0.00013181178697196927,-0.00027648128787044674,9
Qwen3-0.6B-Base,8,13,300,1024,rank,concept_main_effect_projection,rank=9,raw,residual_share_total,0.1975706414417617,0.1975208842307275,,empirical,,,,EMPIRICAL,0.1975208842307275,4.97572110342015e-05,0.00025190860818585266,9
Qwen3-0.6B-Base,8,13,300,1024,rank,concept_main_effect_projection,rank=9,raw,lfs_vc_reml,0.4327696272350103,0.4326360519504516,,empirical,,,,EMPIRICAL,0.4326360519504516,0.00013357528455870682,0.000308747465581081,9
Qwen3-0.6B-Base,8,13,300,1024,rank,concept_main_effect_projection,rank=9,raw,mexa_external,0.0258333333333333,0.08,,empirical,,,,EMPIRICAL,0.08,-0.0541666666666667,-0.6770833333333338,9
Qwen3-0.6B-Base,8,13,300,1024,rank,concept_main_effect_projection,rank=9,raw,aar10,-0.0021731764098137,-0.001740520448747,,empirical,,,,EMPIRICAL,-0.001740520448747,-0.00043265596106670007,-0.2485784992518582,9
Qwen3-0.6B-Base,8,13,300,1024,rank,concept_main_effect_projection,rank=9,raw,mean_alignment_margin,-0.001046115945289,-0.0007005664576738,,empirical,,,,EMPIRICAL,-0.0007005664576738,-0.00034554948761520007,-0.49324298049121834,9
Qwen3-0.6B-Base,8,13,300,1024,rank,concept_main_effect_projection,rank=9,raw,linear_cka,0.7670058671314334,0.7670069306142105,,empirical,,,,EMPIRICAL,0.7670069306142105,-1.06348277717494e-06,-1.3865360725271607e-06,9
Qwen3-0.6B-Base,8,13,300,1024,rank,concept_main_effect_projection,rank=9,raw,cvp_within_raw,15525.066467901408,15530.867382584094,,empirical,,,,EMPIRICAL,15530.867382584094,-5.800914682686198,-0.00037350873842314765,9
Qwen3-0.6B-Base,8,13,300,1024,rank,concept_main_effect_projection,rank=9,raw,cpres_shared_raw,10975.438556997127,10981.239471679812,,empirical,,,,EMPIRICAL,10981.239471679812,-5.800914682684379,-0.000528256823616743,9
Qwen3-0.6B-Base,8,13,300,1024,rank,concept_main_effect_projection,rank=9,raw,mean_norm,191.07241098501248,191.08319243569255,,empirical,,,,EMPIRICAL,191.08319243569255,-0.010781450680070748,-5.642281009984253e-05,9
Qwen3-0.6B-Base,8,13,300,1024,rank,concept_main_effect_projection,rank=9,raw,concept_rank_covariance_entropy,1.0045421794394696,1.0116541870719815,,empirical,,,,EMPIRICAL,1.0116541870719815,-0.007112007632511963,-0.007030077790807312,9
Qwen3-0.6B-Base,8,13,300,1024,rank,concept_main_effect_projection,rank=9,raw,concept_rank_singular_entropy,1.375588992275128,7.495879409871396,,empirical,,,,EMPIRICAL,7.495879409871396,-6.120290417596268,-0.8164873102862885,9
Qwen3-0.6B-Base,8,13,300,1024,rank,concept_main_effect_projection,rank=9,raw,concept_participation_ratio,1.000843961916846,1.0019022019200303,,empirical,,,,EMPIRICAL,1.0019022019200303,-0.0010582400031842187,-0.0010562308388545544,9
Qwen3-0.6B-Base,8,13,300,1024,rank,concept_main_effect_projection,rank=9,raw,cvp_within_ratio,0.9996264912615768,1.0,,empirical,,,,EMPIRICAL,1.0,-0.00037350873842323384,-0.00037350873842323384,9
Qwen3-0.6B-Base,8,13,300,1024,rank,concept_main_effect_projection,rank=9,raw,cpres_shared_ratio,0.9994717431763832,1.0,,empirical,,,,EMPIRICAL,1.0,-0.0005282568236167906,-0.0005282568236167906,9
Qwen3-0.6B-Base,8,13,300,1024,rank,concept_main_effect_projection,rank=9,standardized,lfs_direct,0.7593288476122806,0.6088355117370512,,empirical,,,,EMPIRICAL,0.6088355117370512,0.1504933358752294,0.2471822569052537,9
Qwen3-0.6B-Base,8,13,300,1024,rank,concept_main_effect_projection,rank=9,standardized,ss_language,1636403.4944265876,1463387.046789018,,empirical,,,,EMPIRICAL,1463387.046789018,173016.44763756962,0.1182301346846034,9
Qwen3-0.6B-Base,8,13,300,1024,rank,concept_main_effect_projection,rank=9,standardized,ss_concept,518662.1264467397,940196.5461158544,,empirical,,,,EMPIRICAL,940196.5461158544,-421534.4196691147,-0.44834712636475876,9
Qwen3-0.6B-Base,8,13,300,1024,rank,concept_main_effect_projection,rank=9,standardized,ss_residual,1838534.379126672,1590016.4070951263,,empirical,,,,EMPIRICAL,1590016.4070951263,248517.9720315456,0.15629899850252138,9
Qwen3-0.6B-Base,8,13,300,1024,rank,concept_main_effect_projection,rank=9,standardized,language_share_total,0.4097564839810166,0.3664330545845899,,empirical,,,,EMPIRICAL,0.3664330545845899,0.043323429396426694,0.1182301346846034,9
Qwen3-0.6B-Base,8,13,300,1024,rank,concept_main_effect_projection,rank=9,standardized,concept_share_total,0.1298733289379857,0.2354258178375037,,empirical,,,,EMPIRICAL,0.2354258178375037,-0.10555248889951799,-0.44834712636475893,9
Qwen3-0.6B-Base,8,13,300,1024,rank,concept_main_effect_projection,rank=9,standardized,residual_share_total,0.4603701870809977,0.3981411275779064,,empirical,,,,EMPIRICAL,0.3981411275779064,0.06222905950309132,0.15629899850252127,9
Qwen3-0.6B-Base,8,13,300,1024,rank,concept_main_effect_projection,rank=9,standardized,lfs_vc_reml,0.8269862403330354,0.6609179283743506,,empirical,,,,EMPIRICAL,0.6609179283743506,0.16606831195868477,0.25126918915206364,9
Qwen3-0.6B-Base,8,13,300,1024,rank,concept_main_effect_projection,rank=9,standardized,mexa_external,0.1247222222222222,0.4619444444444444,,empirical,,,,EMPIRICAL,0.4619444444444444,-0.3372222222222222,-0.7300060132291041,9
Qwen3-0.6B-Base,8,13,300,1024,rank,concept_main_effect_projection,rank=9,standardized,aar10,-0.2775077857555984,-0.0971555080255655,,empirical,,,,EMPIRICAL,-0.0971555080255655,-0.18035227773003293,-1.8563258161603666,9
Qwen3-0.6B-Base,8,13,300,1024,rank,concept_main_effect_projection,rank=9,standardized,mean_alignment_margin,-0.1347715076571554,0.0406285549962739,,empirical,,,,EMPIRICAL,0.0406285549962739,-0.1754000626534293,-4.317162219269562,9
Qwen3-0.6B-Base,8,13,300,1024,rank,concept_main_effect_projection,rank=9,standardized,linear_cka,0.7018137024249841,0.6882351415008978,,empirical,,,,EMPIRICAL,0.6882351415008978,0.01357856092408627,0.0197295373416624,9
Qwen3-0.6B-Base,8,13,300,1024,rank,concept_main_effect_projection,rank=9,standardized,cvp_within_raw,604.409360403439,648.7725521053801,,empirical,,,,EMPIRICAL,648.7725521053801,-44.363191701941105,-0.06838019203798744,9
Qwen3-0.6B-Base,8,13,300,1024,rank,concept_main_effect_projection,rank=9,standardized,cpres_shared_raw,132.99028883249736,241.07603746560375,,empirical,,,,EMPIRICAL,241.07603746560375,-108.08574863310639,-0.4483471263647589,9
Qwen3-0.6B-Base,8,13,300,1024,rank,concept_main_effect_projection,rank=9,standardized,mean_norm,31.222447345242653,31.13163700121745,,empirical,,,,EMPIRICAL,31.13163700121745,0.09081034402520416,0.002916979406564868,9
Qwen3-0.6B-Base,8,13,300,1024,rank,concept_main_effect_projection,rank=9,standardized,concept_rank_covariance_entropy,5.948735642602617,57.17434443834993,,empirical,,,,EMPIRICAL,57.17434443834993,-51.22560879574731,-0.8959544582270282,9
Qwen3-0.6B-Base,8,13,300,1024,rank,concept_main_effect_projection,rank=9,standardized,concept_rank_singular_entropy,8.262922236434518,211.7919564058629,,empirical,,,,EMPIRICAL,211.7919564058629,-203.52903416942837,-0.9609856654773044,9
Qwen3-0.6B-Base,8,13,300,1024,rank,concept_main_effect_projection,rank=9,standardized,concept_participation_ratio,3.987703818959051,15.337086542615689,,empirical,,,,EMPIRICAL,15.337086542615689,-11.349382723656637,-0.739996001986505,9
Qwen3-1.7B-Base,13,13,300,2048,rank,concept_main_effect_projection,rank=9,raw,lfs_direct,0.4053301989792363,0.4040339108950637,,empirical,,,,EMPIRICAL,0.4040339108950637,0.0012962880841725921,0.0032083645684613487,9
Qwen3-1.7B-Base,13,13,300,2048,rank,concept_main_effect_projection,rank=9,raw,ss_language,137432304.42467046,137432304.42467034,,empirical,,,,EMPIRICAL,137432304.42467034,1.1920928955078125e-07,8.674037014064803e-16,9
Qwen3-1.7B-Base,13,13,300,2048,rank,concept_main_effect_projection,rank=9,raw,ss_concept,201630279.0462213,202718115.42552003,,empirical,,,,EMPIRICAL,202718115.42552003,-1087836.3792987466,-0.005366251442379972,9
Qwen3-1.7B-Base,13,13,300,2048,rank,concept_main_effect_projection,rank=9,raw,ss_residual,85168572.20344672,85168572.20344675,,empirical,,,,EMPIRICAL,85168572.20344675,-2.9802322387695312e-08,-3.499215921631855e-16,9
Qwen3-1.7B-Base,13,13,300,2048,rank,concept_main_effect_projection,rank=9,raw,language_share_total,0.3239561795177781,0.3231275983258671,,empirical,,,,EMPIRICAL,0.3231275983258671,0.000828581191910982,0.002564253861953865,9
Qwen3-1.7B-Base,13,13,300,2048,rank,concept_main_effect_projection,rank=9,raw,concept_share_total,0.4752839963526936,0.4766260599995853,,empirical,,,,EMPIRICAL,0.4766260599995853,-0.0013420636468917113,-0.002815758011412299,9
Qwen3-1.7B-Base,13,13,300,2048,rank,concept_main_effect_projection,rank=9,raw,residual_share_total,0.2007598241295282,0.2002463416745474,,empirical,,,,EMPIRICAL,0.2002463416745474,0.0005134824549807848,0.002564253861952334,9
Qwen3-1.7B-Base,13,13,300,2048,rank,concept_main_effect_projection,rank=9,raw,lfs_vc_reml,0.4321980910207622,0.4308418498323622,,empirical,,,,EMPIRICAL,0.4308418498323622,0.001356241188399998,0.0031478863739158648,9
Qwen3-1.7B-Base,13,13,300,2048,rank,concept_main_effect_projection,rank=9,raw,mexa_external,0.04,0.1083333333333333,,empirical,,,,EMPIRICAL,0.1083333333333333,-0.0683333333333333,-0.6307692307692307,9
Qwen3-1.7B-Base,13,13,300,2048,rank,concept_main_effect_projection,rank=9,raw,aar10,-0.0320269142457177,-0.0270661955180019,,empirical,,,,EMPIRICAL,-0.0270661955180019,-0.0049607187277158,-0.18328097587325837,9
Qwen3-1.7B-Base,13,13,300,2048,rank,concept_main_effect_projection,rank=9,raw,mean_alignment_margin,-0.0159920675158849,-0.0124607038110945,,empirical,,,,EMPIRICAL,-0.0124607038110945,-0.003531363704790399,-0.2834000196398391,9
Qwen3-1.7B-Base,13,13,300,2048,rank,concept_main_effect_projection,rank=9,raw,linear_cka,0.7654839935060672,0.7654847999606904,,empirical,,,,EMPIRICAL,0.7654847999606904,-8.064546231922876e-07,-1.053521406608859e-06,9
Qwen3-1.7B-Base,13,13,300,2048,rank,concept_main_effect_projection,rank=9,raw,cvp_within_raw,73538.16698709436,73817.09939204279,,empirical,,,,EMPIRICAL,73817.09939204279,-278.9324049484276,-0.003778696362302411,9
Qwen3-1.7B-Base,13,13,300,2048,rank,concept_main_effect_projection,rank=9,raw,cpres_shared_raw,51700.07155031315,51979.00395526157,,empirical,,,,EMPIRICAL,51979.00395526157,-278.9324049484203,-0.005366251442380426,9
Qwen3-1.7B-Base,13,13,300,2048,rank,concept_main_effect_projection,rank=9,raw,mean_norm,437.1615562786548,437.4201685441856,,empirical,,,,EMPIRICAL,437.4201685441856,-0.25861226553075767,-0.0005912216311183517,9
Qwen3-1.7B-Base,13,13,300,2048,rank,concept_main_effect_projection,rank=9,raw,concept_rank_covariance_entropy,1.0398031000240304,1.1032008661534491,,empirical,,,,EMPIRICAL,1.1032008661534491,-0.06339776612941872,-0.05746711054576025,9
Qwen3-1.7B-Base,13,13,300,2048,rank,concept_main_effect_projection,rank=9,raw,concept_rank_singular_entropy,2.14859370382163,37.015822749368354,,empirical,,,,EMPIRICAL,37.015822749368354,-34.86722904554672,-0.9419547224880124,9
Qwen3-1.7B-Base,13,13,300,2048,rank,concept_main_effect_projection,rank=9,raw,concept_participation_ratio,1.0094174845005188,1.0203384805522415,,empirical,,,,EMPIRICAL,1.0203384805522415,-0.010920996051722698,-0.010703307049452734,9
Qwen3-1.7B-Base,13,13,300,2048,rank,concept_main_effect_projection,rank=9,raw,cvp_within_ratio,0.9962213036376976,1.0,,empirical,,,,EMPIRICAL,1.0,-0.003778696362302436,-0.003778696362302436,9
Qwen3-1.7B-Base,13,13,300,2048,rank,concept_main_effect_projection,rank=9,raw,cpres_shared_ratio,0.9946337485576195,1.0,,empirical,,,,EMPIRICAL,1.0,-0.005366251442380454,-0.005366251442380454,9
Qwen3-1.7B-Base,13,13,300,2048,rank,concept_main_effect_projection,rank=9,standardized,lfs_direct,0.7791538743755816,0.5808205932178168,,empirical,,,,EMPIRICAL,0.5808205932178168,0.19833328115776483,0.34147081469507534,9
Qwen3-1.7B-Base,13,13,300,2048,rank,concept_main_effect_projection,rank=9,standardized,ss_language,3264296.3130015414,2807519.85261254,,empirical,,,,EMPIRICAL,2807519.85261254,456776.4603890013,0.16269749970385697,9
Qwen3-1.7B-Base,13,13,300,2048,rank,concept_main_effect_projection,rank=9,standardized,ss_concept,925243.6743566266,2026192.803921448,,empirical,,,,EMPIRICAL,2026192.803921448,-1100949.1295648215,-0.5433585231543954,9
Qwen3-1.7B-Base,13,13,300,2048,rank,concept_main_effect_projection,rank=9,standardized,ss_residual,3797660.012641832,3153487.343466009,,empirical,,,,EMPIRICAL,3153487.343466009,644172.6691758232,0.20427311069141973,9
Qwen3-1.7B-Base,13,13,300,2048,rank,concept_main_effect_projection,rank=9,standardized,language_share_total,0.4086909446366112,0.3515023853931967,,empirical,,,,EMPIRICAL,0.3515023853931967,0.05718855924341448,0.16269749970385652,9
Qwen3-1.7B-Base,13,13,300,2048,rank,concept_main_effect_projection,rank=9,standardized,concept_share_total,0.1158408045819093,0.2536799884717358,,empirical,,,,EMPIRICAL,0.2536799884717358,-0.13783918388982647,-0.5433585231543956,9
Qwen3-1.7B-Base,13,13,300,2048,rank,concept_main_effect_projection,rank=9,standardized,residual_share_total,0.4754682507814793,0.3948176261350675,,empirical,,,,EMPIRICAL,0.3948176261350675,0.08065062464641182,0.20427311069141874,9
Qwen3-1.7B-Base,13,13,300,2048,rank,concept_main_effect_projection,rank=9,standardized,lfs_vc_reml,0.8509727028749745,0.6313462497465551,,empirical,,,,EMPIRICAL,0.6313462497465551,0.21962645312841944,0.3478700526321101,9
Qwen3-1.7B-Base,13,13,300,2048,rank,concept_main_effect_projection,rank=9,standardized,mexa_external,0.1677777777777778,0.6080555555555556,,empirical,,,,EMPIRICAL,0.6080555555555556,-0.44027777777777777,-0.7240749200548195,9
Qwen3-1.7B-Base,13,13,300,2048,rank,concept_main_effect_projection,rank=9,standardized,aar10,-0.2825006658964538,-0.0531518011279067,,empirical,,,,EMPIRICAL,-0.0531518011279067,-0.2293488647685471,-4.314978230307426,9
Qwen3-1.7B-Base,13,13,300,2048,rank,concept_main_effect_projection,rank=9,standardized,mean_alignment_margin,-0.1265516150042324,0.0878796100290279,,empirical,,,,EMPIRICAL,0.0878796100290279,-0.2144312250332603,-2.440056629318571,9
Qwen3-1.7B-Base,13,13,300,2048,rank,concept_main_effect_projection,rank=9,standardized,linear_cka,0.6785574413617543,0.6555475138722785,,empirical,,,,EMPIRICAL,0.6555475138722785,0.023009927489475834,0.03510031996545547,9
Qwen3-1.7B-Base,13,13,300,2048,rank,concept_main_effect_projection,rank=9,standardized,cvp_within_raw,1211.00094538422,1328.1231147147332,,empirical,,,,EMPIRICAL,1328.1231147147332,-117.12216933051332,-0.08818622914764188,9
Qwen3-1.7B-Base,13,13,300,2048,rank,concept_main_effect_projection,rank=9,standardized,cpres_shared_raw,237.24196778375037,519.5366163901149,,empirical,,,,EMPIRICAL,519.5366163901149,-282.2946486063645,-0.5433585231543954,9
Qwen3-1.7B-Base,13,13,300,2048,rank,concept_main_effect_projection,rank=9,standardized,mean_norm,44.28505426959965,44.16788590564904,,empirical,,,,EMPIRICAL,44.16788590564904,0.11716836395061136,0.0026527953862429633,9
Qwen3-1.7B-Base,13,13,300,2048,rank,concept_main_effect_projection,rank=9,standardized,concept_rank_covariance_entropy,7.713334019634146,92.83601185899406,,empirical,,,,EMPIRICAL,92.83601185899406,-85.12267783935991,-0.9169144186056839,9
Qwen3-1.7B-Base,13,13,300,2048,rank,concept_main_effect_projection,rank=9,standardized,concept_rank_singular_entropy,8.674106407891182,232.50890376431207,,empirical,,,,EMPIRICAL,232.50890376431207,-223.8347973564209,-0.9626934441328583,9
Qwen3-1.7B-Base,13,13,300,2048,rank,concept_main_effect_projection,rank=9,standardized,concept_participation_ratio,6.617685282538994,36.45925282185417,,empirical,,,,EMPIRICAL,36.45925282185417,-29.84156753931518,-0.818490924241534,9
Qwen3-4B-Base,17,13,300,2560,rank,concept_main_effect_projection,rank=9,raw,lfs_direct,0.4361426128150444,0.4352119568798813,,empirical,,,,EMPIRICAL,0.4352119568798813,0.0009306559351631161,0.002138396982093894,9
Qwen3-4B-Base,17,13,300,2560,rank,concept_main_effect_projection,rank=9,raw,ss_language,31814238.969750263,31814238.969750267,,empirical,,,,EMPIRICAL,31814238.969750267,-3.725290298461914e-09,-1.1709506243427694e-16,9
Qwen3-4B-Base,17,13,300,2560,rank,concept_main_effect_projection,rank=9,raw,ss_concept,41130339.32863711,41286323.79473051,,empirical,,,,EMPIRICAL,41286323.79473051,-155984.46609339863,-0.00377811468196903,9
Qwen3-4B-Base,17,13,300,2560,rank,concept_main_effect_projection,rank=9,raw,ss_residual,21254861.379444804,21254861.379444808,,empirical,,,,EMPIRICAL,21254861.379444808,-3.725290298461914e-09,-1.7526768262363616e-16,9
Qwen3-4B-Base,17,13,300,2560,rank,concept_main_effect_projection,rank=9,raw,language_share_total,0.3377327835341366,0.3371744577314626,,empirical,,,,EMPIRICAL,0.3371744577314626,0.000558325802674009,0.001655895901577097,9
Qwen3-4B-Base,17,13,300,2560,rank,concept_main_effect_projection,rank=9,raw,concept_share_total,0.4366304032094604,0.4375617424150855,,empirical,,,,EMPIRICAL,0.4375617424150855,-0.0009313392056251035,-0.0021284749450092566,9
Qwen3-4B-Base,17,13,300,2560,rank,concept_main_effect_projection,rank=9,raw,residual_share_total,0.2256368132564028,0.2252637998534518,,empirical,,,,EMPIRICAL,0.2252637998534518,0.00037301340295101126,0.0016558959015770835,9
Qwen3-4B-Base,17,13,300,2560,rank,concept_main_effect_projection,rank=9,raw,lfs_vc_reml,0.4654676231816407,0.4644844944927547,,empirical,,,,EMPIRICAL,0.4644844944927547,0.0009831286888860036,0.002116601739224126,9
Qwen3-4B-Base,17,13,300,2560,rank,concept_main_effect_projection,rank=9,raw,mexa_external,0.0444444444444444,0.1361111111111111,,empirical,,,,EMPIRICAL,0.1361111111111111,-0.0916666666666667,-0.6734693877551023,9
Qwen3-4B-Base,17,13,300,2560,rank,concept_main_effect_projection,rank=9,raw,aar10,-0.0165489599462444,-0.0132201525012224,,empirical,,,,EMPIRICAL,-0.0132201525012224,-0.0033288074450220015,-0.251797961083596,9
Qwen3-4B-Base,17,13,300,2560,rank,concept_main_effect_projection,rank=9,raw,mean_alignment_margin,-0.0069195301460762,-0.0047414728601121,,empirical,,,,EMPIRICAL,-0.0047414728601121,-0.0021780572859641002,-0.4593630186702378,9
Qwen3-4B-Base,17,13,300,2560,rank,concept_main_effect_projection,rank=9,raw,linear_cka,0.6730138719754564,0.6730129821265827,,empirical,,,,EMPIRICAL,0.6730129821265827,8.898488736974741e-07,1.322186788857675e-06,9
Qwen3-4B-Base,17,13,300,2560,rank,concept_main_effect_projection,rank=9,raw,cvp_within_raw,15996.205309764588,16036.201326711613,,empirical,,,,EMPIRICAL,16036.201326711613,-39.996016947025055,-0.0024941079331801236,9
Qwen3-4B-Base,17,13,300,2560,rank,concept_main_effect_projection,rank=9,raw,cpres_shared_raw,10546.240853496694,10586.236870443718,,empirical,,,,EMPIRICAL,10586.236870443718,-39.996016947023236,-0.0037781146819688364,9
Qwen3-4B-Base,17,13,300,2560,rank,concept_main_effect_projection,rank=9,raw,mean_norm,201.47644485529943,201.5600363838156,,empirical,,,,EMPIRICAL,201.5600363838156,-0.08359152851616614,-0.00041472272984208577,9
Qwen3-4B-Base,17,13,300,2560,rank,concept_main_effect_projection,rank=9,raw,concept_rank_covariance_entropy,1.0276598778631787,1.072899367712585,,empirical,,,,EMPIRICAL,1.072899367712585,-0.0452394898494064,-0.04216564126219658,9
Qwen3-4B-Base,17,13,300,2560,rank,concept_main_effect_projection,rank=9,raw,concept_rank_singular_entropy,1.951025792181092,29.46043642084407,,empirical,,,,EMPIRICAL,29.46043642084407,-27.509410628662977,-0.9337747152041276,9
Qwen3-4B-Base,17,13,300,2560,rank,concept_main_effect_projection,rank=9,raw,concept_participation_ratio,1.0062604300802456,1.0139070751645438,,empirical,,,,EMPIRICAL,1.0139070751645438,-0.0076466450842982425,-0.007541761243807567,9
Qwen3-4B-Base,17,13,300,2560,rank,concept_main_effect_projection,rank=9,raw,cvp_within_ratio,0.9975058920668198,1.0,,empirical,,,,EMPIRICAL,1.0,-0.0024941079331801674,-0.0024941079331801674,9
Qwen3-4B-Base,17,13,300,2560,rank,concept_main_effect_projection,rank=9,raw,cpres_shared_ratio,0.9962218853180312,1.0,,empirical,,,,EMPIRICAL,1.0,-0.0037781146819687583,-0.0037781146819687583,9
Qwen3-4B-Base,17,13,300,2560,rank,concept_main_effect_projection,rank=9,standardized,lfs_direct,0.6674985632871544,0.4561070964075558,,empirical,,,,EMPIRICAL,0.4561070964075558,0.2113914668795986,0.4634689276807681,9
Qwen3-4B-Base,17,13,300,2560,rank,concept_main_effect_projection,rank=9,standardized,ss_language,3211874.48922541,2668885.5623762123,,empirical,,,,EMPIRICAL,2668885.5623762123,542988.9268491976,0.20345155839718865,9
Qwen3-4B-Base,17,13,300,2560,rank,concept_main_effect_projection,rank=9,standardized,ss_concept,1599932.8552102938,3182559.3798253057,,empirical,,,,EMPIRICAL,3182559.3798253057,-1582626.5246150119,-0.4972810671334227,9
Qwen3-4B-Base,17,13,300,2560,rank,concept_main_effect_projection,rank=9,standardized,ss_residual,5172192.655564302,4132555.0577984806,,empirical,,,,EMPIRICAL,4132555.0577984806,1039637.597765821,0.2515725944906498,9
Qwen3-4B-Base,17,13,300,2560,rank,concept_main_effect_projection,rank=9,standardized,language_share_total,0.3217021723983782,0.2673162622572329,,empirical,,,,EMPIRICAL,0.2673162622572329,0.0543859101411453,0.20345155839718748,9
Qwen3-4B-Base,17,13,300,2560,rank,concept_main_effect_projection,rank=9,standardized,concept_share_total,0.1602496850170565,0.3187659635241693,,empirical,,,,EMPIRICAL,0.3187659635241693,-0.1585162785071128,-0.49728106713342335,9
Qwen3-4B-Base,17,13,300,2560,rank,concept_main_effect_projection,rank=9,standardized,residual_share_total,0.5180481425845652,0.4139177742185979,,empirical,,,,EMPIRICAL,0.4139177742185979,0.10413036836596734,0.251572594490649,9
Qwen3-4B-Base,17,13,300,2560,rank,concept_main_effect_projection,rank=9,standardized,lfs_vc_reml,0.7463553484596278,0.5025024176072106,,empirical,,,,EMPIRICAL,0.5025024176072106,0.24385293085241722,0.48527712963767056,9
Qwen3-4B-Base,17,13,300,2560,rank,concept_main_effect_projection,rank=9,standardized,mexa_external,0.1733333333333333,0.6516666666666668,,empirical,,,,EMPIRICAL,0.6516666666666668,-0.4783333333333335,-0.7340153452685423,9
Qwen3-4B-Base,17,13,300,2560,rank,concept_main_effect_projection,rank=9,standardized,aar10,-0.281671683642111,-0.0394505209150198,,empirical,,,,EMPIRICAL,-0.0394505209150198,-0.24222116272709118,-6.139872354255062,9
Qwen3-4B-Base,17,13,300,2560,rank,concept_main_effect_projection,rank=9,standardized,mean_alignment_margin,-0.1243980683042045,0.1114435971630486,,empirical,,,,EMPIRICAL,0.1114435971630486,-0.2358416654672531,-2.116242399482159,9
Qwen3-4B-Base,17,13,300,2560,rank,concept_main_effect_projection,rank=9,standardized,linear_cka,0.7319697542653123,0.7216191974393683,,empirical,,,,EMPIRICAL,0.7216191974393683,0.01035055682594399,0.014343516445616267,9
Qwen3-4B-Base,17,13,300,2560,rank,concept_main_effect_projection,rank=9,standardized,cvp_within_raw,1736.442438660151,1875.670368621484,,empirical,,,,EMPIRICAL,1875.670368621484,-139.22792996133285,-0.07422835711994417,9
Qwen3-4B-Base,17,13,300,2560,rank,concept_main_effect_projection,rank=9,standardized,cpres_shared_raw,410.239193643665,816.0408666218731,,empirical,,,,EMPIRICAL,816.0408666218731,-405.8016729782081,-0.4972810671334227,9
Qwen3-4B-Base,17,13,300,2560,rank,concept_main_effect_projection,rank=9,standardized,mean_norm,49.124500070638376,48.93603887067327,,empirical,,,,EMPIRICAL,48.93603887067327,0.18846119996510424,0.003851173987808126,9
Qwen3-4B-Base,17,13,300,2560,rank,concept_main_effect_projection,rank=9,standardized,concept_rank_covariance_entropy,7.373046112098091,87.13515912073592,,empirical,,,,EMPIRICAL,87.13515912073592,-79.76211300863783,-0.915383799301016,9
Qwen3-4B-Base,17,13,300,2560,rank,concept_main_effect_projection,rank=9,standardized,concept_rank_singular_entropy,8.592213673820678,233.22657580359564,,empirical,,,,EMPIRICAL,233.22657580359564,-224.63436212977496,-0.9631593713357248,9
Qwen3-4B-Base,17,13,300,2560,rank,concept_main_effect_projection,rank=9,standardized,concept_participation_ratio,6.032569536394004,30.719612191682977,,empirical,,,,EMPIRICAL,30.719612191682977,-24.687042655288973,-0.803624814702991,9
Qwen3-8B-Base,19,13,300,4096,rank,concept_main_effect_projection,rank=9,raw,lfs_direct,0.4559626137072923,0.4536156205080575,,empirical,,,,EMPIRICAL,0.4536156205080575,0.0023469931992348148,0.005173969089966834,9
Qwen3-8B-Base,19,13,300,4096,rank,concept_main_effect_projection,rank=9,raw,ss_language,57942979.59597827,57942979.59597836,,empirical,,,,EMPIRICAL,57942979.59597836,-8.940696716308594e-08,-1.5430163893278868e-15,9
Qwen3-8B-Base,19,13,300,4096,rank,concept_main_effect_projection,rank=9,raw,ss_concept,69135376.94922543,69792876.43799418,,empirical,,,,EMPIRICAL,69792876.43799418,-657499.4887687564,-0.009420724898090368,9
Qwen3-8B-Base,19,13,300,4096,rank,concept_main_effect_projection,rank=9,raw,ss_residual,38129550.86029417,38129550.86029424,,empirical,,,,EMPIRICAL,38129550.86029424,-6.705522537231445e-08,-1.7586156631638069e-15,9
Qwen3-8B-Base,19,13,300,4096,rank,concept_main_effect_projection,rank=9,raw,language_share_total,0.3507276407403367,0.3493373373081641,,empirical,,,,EMPIRICAL,0.3493373373081641,0.0013903034321726127,0.0039798306212718735,9
Qwen3-8B-Base,19,13,300,4096,rank,concept_main_effect_projection,rank=9,raw,concept_share_total,0.4184749872748809,0.4207801840349062,,empirical,,,,EMPIRICAL,0.4207801840349062,-0.0023051967600252743,-0.005478387166240805,9
Qwen3-8B-Base,19,13,300,4096,rank,concept_main_effect_projection,rank=9,raw,residual_share_total,0.2307973719847823,0.2298824786569296,,empirical,,,,EMPIRICAL,0.2298824786569296,0.0009148933278527172,0.003979830621271834,9
Qwen3-8B-Base,19,13,300,4096,rank,concept_main_effect_projection,rank=9,raw,lfs_vc_reml,0.4862354368012076,0.4837617029256692,,empirical,,,,EMPIRICAL,0.4837617029256692,0.0024737338755383975,0.005113538051023627,9
Qwen3-8B-Base,19,13,300,4096,rank,concept_main_effect_projection,rank=9,raw,mexa_external,0.0422222222222222,0.1366666666666667,,empirical,,,,EMPIRICAL,0.1366666666666667,-0.09444444444444448,-0.6910569105691059,9
Qwen3-8B-Base,19,13,300,4096,rank,concept_main_effect_projection,rank=9,raw,aar10,-0.0286254630337302,-0.022950132121325,,empirical,,,,EMPIRICAL,-0.022950132121325,-0.005675330912405199,-0.24728968366729998,9
Qwen3-8B-Base,19,13,300,4096,rank,concept_main_effect_projection,rank=9,raw,mean_alignment_margin,-0.012297173768639,-0.0080718384869443,,empirical,,,,EMPIRICAL,-0.0080718384869443,-0.004225335281694699,-0.5234662820036498,9
Qwen3-8B-Base,19,13,300,4096,rank,concept_main_effect_projection,rank=9,raw,linear_cka,0.6608654179883843,0.6608627224278251,,empirical,,,,EMPIRICAL,0.6608627224278251,2.6955605592071663e-06,4.0788509742302145e-06,9
Qwen3-8B-Base,19,13,300,4096,rank,concept_main_effect_projection,rank=9,raw,cvp_within_raw,27503.8276434666,27672.4172559714,,empirical,,,,EMPIRICAL,27672.4172559714,-168.58961250479842,-0.006092334144333512,9
Qwen3-8B-Base,19,13,300,4096,rank,concept_main_effect_projection,rank=9,raw,cpres_shared_raw,17727.019730570628,17895.609343075423,,empirical,,,,EMPIRICAL,17895.609343075423,-168.5896125047948,-0.00942072489808956,9
Qwen3-8B-Base,19,13,300,4096,rank,concept_main_effect_projection,rank=9,raw,mean_norm,271.9717190122497,272.2485543591867,,empirical,,,,EMPIRICAL,272.2485543591867,-0.2768353469369913,-0.0010168478124286129,9
Qwen3-8B-Base,19,13,300,4096,rank,concept_main_effect_projection,rank=9,raw,concept_rank_covariance_entropy,1.0653159618305308,1.1758550952698072,,empirical,,,,EMPIRICAL,1.1758550952698072,-0.11053913343927646,-0.09400744520642874,9
Qwen3-8B-Base,19,13,300,4096,rank,concept_main_effect_projection,rank=9,raw,concept_rank_singular_entropy,2.482089865586511,53.98197536095416,,empirical,,,,EMPIRICAL,53.98197536095416,-51.49988549536765,-0.9540200252215698,9
Qwen3-8B-Base,19,13,300,4096,rank,concept_main_effect_projection,rank=9,raw,concept_participation_ratio,1.0164457552834705,1.0358698566988829,,empirical,,,,EMPIRICAL,1.0358698566988829,-0.019424101415412398,-0.018751488220067777,9
Qwen3-8B-Base,19,13,300,4096,rank,concept_main_effect_projection,rank=9,raw,cvp_within_ratio,0.9939076658556664,1.0,,empirical,,,,EMPIRICAL,1.0,-0.006092334144333633,-0.006092334144333633,9
Qwen3-8B-Base,19,13,300,4096,rank,concept_main_effect_projection,rank=9,raw,cpres_shared_ratio,0.9905792751019104,1.0,,empirical,,,,EMPIRICAL,1.0,-0.00942072489808965,-0.00942072489808965,9
Qwen3-8B-Base,19,13,300,4096,rank,concept_main_effect_projection,rank=9,standardized,lfs_direct,0.6942247652624147,0.4492824643532386,,empirical,,,,EMPIRICAL,0.4492824643532386,0.24494230090917612,0.5451855354777335,9
Qwen3-8B-Base,19,13,300,4096,rank,concept_main_effect_projection,rank=9,standardized,ss_language,5129222.288613292,4158714.941170665,,empirical,,,,EMPIRICAL,4158714.941170665,970507.3474426274,0.2333671245015492,9
Qwen3-8B-Base,19,13,300,4096,rank,concept_main_effect_projection,rank=9,standardized,ss_concept,2259195.0443155654,5097633.283230466,,empirical,,,,EMPIRICAL,5097633.283230466,-2838438.2389149005,-0.5568149141391608,9
Qwen3-8B-Base,19,13,300,4096,rank,concept_main_effect_projection,rank=9,standardized,ss_residual,8585982.667071162,6718051.775598889,,empirical,,,,EMPIRICAL,6718051.775598889,1867930.8914722726,0.2780465161428074,9
Qwen3-8B-Base,19,13,300,4096,rank,concept_main_effect_projection,rank=9,standardized,language_share_total,0.3210901372579431,0.260336221778011,,empirical,,,,EMPIRICAL,0.260336221778011,0.060753915479932086,0.23336712450154945,9
Qwen3-8B-Base,19,13,300,4096,rank,concept_main_effect_projection,rank=9,standardized,concept_share_total,0.1414259718246421,0.3191126604586375,,empirical,,,,EMPIRICAL,0.3191126604586375,-0.17768668863399542,-0.5568149141391608,9
Qwen3-8B-Base,19,13,300,4096,rank,concept_main_effect_projection,rank=9,standardized,residual_share_total,0.5374838909174149,0.4205511177633514,,empirical,,,,EMPIRICAL,0.4205511177633514,0.11693277315406347,0.2780465161428076,9
Qwen3-8B-Base,19,13,300,4096,rank,concept_main_effect_projection,rank=9,standardized,lfs_vc_reml,0.7799951224186307,0.4960128842771621,,empirical,,,,EMPIRICAL,0.4960128842771621,0.28398223814146856,0.5725299627152124,9
Qwen3-8B-Base,19,13,300,4096,rank,concept_main_effect_projection,rank=9,standardized,mexa_external,0.1733333333333333,0.7075,,empirical,,,,EMPIRICAL,0.7075,-0.5341666666666667,-0.7550058892815077,9
Qwen3-8B-Base,19,13,300,4096,rank,concept_main_effect_projection,rank=9,standardized,aar10,-0.2654003710575029,-0.0139400929031312,,empirical,,,,EMPIRICAL,-0.0139400929031312,-0.2514602781543717,-18.038637181384146,9
Qwen3-8B-Base,19,13,300,4096,rank,concept_main_effect_projection,rank=9,standardized,mean_alignment_margin,-0.1164775469880299,0.1303221312402933,,empirical,,,,EMPIRICAL,0.1303221312402933,-0.2467996782283232,-1.8937664376687011,9
Qwen3-8B-Base,19,13,300,4096,rank,concept_main_effect_projection,rank=9,standardized,linear_cka,0.7395506697903027,0.7241585268088007,,empirical,,,,EMPIRICAL,0.7241585268088007,0.015392142981502044,0.021255211962126114,9
Qwen3-8B-Base,19,13,300,4096,rank,concept_main_effect_projection,rank=9,standardized,cvp_within_raw,2780.814797791464,3029.662835597266,,empirical,,,,EMPIRICAL,3029.662835597266,-248.84803780580205,-0.08213720513119219,9
Qwen3-8B-Base,19,13,300,4096,rank,concept_main_effect_projection,rank=9,standardized,cpres_shared_raw,579.2807805937344,1307.0854572385806,,empirical,,,,EMPIRICAL,1307.0854572385806,-727.8046766448462,-0.556814914139161,9
Qwen3-8B-Base,19,13,300,4096,rank,concept_main_effect_projection,rank=9,standardized,mean_norm,62.53625475971399,62.29273533715799,,empirical,,,,EMPIRICAL,62.29273533715799,0.24351942255599823,0.00390927483338073,9
Qwen3-8B-Base,19,13,300,4096,rank,concept_main_effect_projection,rank=9,standardized,concept_rank_covariance_entropy,7.856548629469429,108.17247468070592,,empirical,,,,EMPIRICAL,108.17247468070592,-100.31592605123649,-0.927370168310749,9
Qwen3-8B-Base,19,13,300,4096,rank,concept_main_effect_projection,rank=9,standardized,concept_rank_singular_entropy,8.69476883518072,243.1244841574205,,empirical,,,,EMPIRICAL,243.1244841574205,-234.4297153222398,-0.9642373787843146,9
Qwen3-8B-Base,19,13,300,4096,rank,concept_main_effect_projection,rank=9,standardized,concept_participation_ratio,6.958206877738875,44.383203649858,,empirical,,,,EMPIRICAL,44.383203649858,-37.42499677211912,-0.843224321240246,9
SmolLM2-1.7B,15,13,300,2048,rank,concept_main_effect_projection,rank=9,raw,lfs_direct,0.545080304409695,0.54435568183809,,empirical,,,,EMPIRICAL,0.54435568183809,0.0007246225716049937,0.0013311564401389331,9
SmolLM2-1.7B,15,13,300,2048,rank,concept_main_effect_projection,rank=9,raw,ss_language,307215389.5514868,307215389.5514869,,empirical,,,,EMPIRICAL,307215389.5514869,-1.1920928955078125e-07,-3.8803163384757033e-16,9
SmolLM2-1.7B,15,13,300,2048,rank,concept_main_effect_projection,rank=9,raw,ss_concept,256399525.65663376,257149785.2807716,,empirical,,,,EMPIRICAL,257149785.2807716,-750259.6241378486,-0.0029175977079610236,9
SmolLM2-1.7B,15,13,300,2048,rank,concept_main_effect_projection,rank=9,raw,ss_residual,167856440.44775954,167856440.44775945,,empirical,,,,EMPIRICAL,167856440.44775945,8.940696716308594e-08,5.326394800496876e-16,9
SmolLM2-1.7B,15,13,300,2048,rank,concept_main_effect_projection,rank=9,raw,language_share_total,0.419996473103201,0.4195661301722169,,empirical,,,,EMPIRICAL,0.4195661301722169,0.0004303429309840956,0.0010256855833607331,9
SmolLM2-1.7B,15,13,300,2048,rank,concept_main_effect_projection,rank=9,raw,concept_share_total,0.3505257228107462,0.3511911966467034,,empirical,,,,EMPIRICAL,0.3511911966467034,-0.0006654738359572199,-0.0018949046625069115,9
SmolLM2-1.7B,15,13,300,2048,rank,concept_main_effect_projection,rank=9,raw,residual_share_total,0.2294778040860528,0.2292426731810797,,empirical,,,,EMPIRICAL,0.2292426731810797,0.00023513090497312428,0.0010256855833616697,9
SmolLM2-1.7B,15,13,300,2048,rank,concept_main_effect_projection,rank=9,raw,lfs_vc_reml,0.5773034633174913,0.5765671862237023,,empirical,,,,EMPIRICAL,0.5765671862237023,0.000736277093788984,0.0012770013822869827,9
SmolLM2-1.7B,15,13,300,2048,rank,concept_main_effect_projection,rank=9,raw,mexa_external,0.0036111111111111,0.0052777777777777,,empirical,,,,EMPIRICAL,0.0052777777777777,-0.0016666666666665998,-0.3157894736842025,9
SmolLM2-1.7B,15,13,300,2048,rank,concept_main_effect_projection,rank=9,raw,aar10,-0.0188728559258063,-0.0170271847720785,,empirical,,,,EMPIRICAL,-0.0170271847720785,-0.0018456711537278014,-0.10839555560320037,9
SmolLM2-1.7B,15,13,300,2048,rank,concept_main_effect_projection,rank=9,raw,mean_alignment_margin,-0.0103798528912926,-0.0087462928387781,,empirical,,,,EMPIRICAL,-0.0087462928387781,-0.0016335600525145006,-0.18677170803975926,9
SmolLM2-1.7B,15,13,300,2048,rank,concept_main_effect_projection,rank=9,raw,linear_cka,0.6735565525312528,0.6735946056520735,,empirical,,,,EMPIRICAL,0.6735946056520735,-3.805312082072465e-05,-5.649261514481297e-05,9
SmolLM2-1.7B,15,13,300,2048,rank,concept_main_effect_projection,rank=9,raw,cvp_within_raw,108783.58105240858,108975.95531500802,,empirical,,,,EMPIRICAL,108975.95531500802,-192.3742625994346,-0.0017652909033314165,9
SmolLM2-1.7B,15,13,300,2048,rank,concept_main_effect_projection,rank=9,raw,cpres_shared_raw,65743.46811708559,65935.84237968503,,empirical,,,,EMPIRICAL,65935.84237968503,-192.3742625994346,-0.0029175977079608146,9
SmolLM2-1.7B,15,13,300,2048,rank,concept_main_effect_projection,rank=9,raw,mean_norm,593.2212391810637,593.3364637430126,,empirical,,,,EMPIRICAL,593.3364637430126,-0.11522456194893493,-0.0001941976753325602,9
SmolLM2-1.7B,15,13,300,2048,rank,concept_main_effect_projection,rank=9,raw,concept_rank_covariance_entropy,1.027950471600816,1.063533200724397,,empirical,,,,EMPIRICAL,1.063533200724397,-0.03558272912358085,-0.033457092923234205,9
SmolLM2-1.7B,15,13,300,2048,rank,concept_main_effect_projection,rank=9,raw,concept_rank_singular_entropy,1.9372847905976789,25.246919842779736,,empirical,,,,EMPIRICAL,25.246919842779736,-23.309635052182056,-0.923266489430721,9
SmolLM2-1.7B,15,13,300,2048,rank,concept_main_effect_projection,rank=9,raw,concept_participation_ratio,1.0064008702460656,1.0122990951532185,,empirical,,,,EMPIRICAL,1.0122990951532185,-0.00589822490715286,-0.005826563448878835,9
SmolLM2-1.7B,15,13,300,2048,rank,concept_main_effect_projection,rank=9,raw,cvp_within_ratio,0.9982347090966686,1.0,,empirical,,,,EMPIRICAL,1.0,-0.0017652909033314401,-0.0017652909033314401,9
SmolLM2-1.7B,15,13,300,2048,rank,concept_main_effect_projection,rank=9,raw,cpres_shared_ratio,0.9970824022920391,1.0,,empirical,,,,EMPIRICAL,1.0,-0.0029175977079608506,-0.0029175977079608506,9
SmolLM2-1.7B,15,13,300,2048,rank,concept_main_effect_projection,rank=9,standardized,lfs_direct,0.9335126628019252,0.8694759748630935,,empirical,,,,EMPIRICAL,0.8694759748630935,0.06403668793883177,0.07364974972300402,9
SmolLM2-1.7B,15,13,300,2048,rank,concept_main_effect_projection,rank=9,standardized,ss_language,5242124.108288722,4996703.656001921,,empirical,,,,EMPIRICAL,4996703.656001921,245420.4522868013,0.04911647141451107,9
SmolLM2-1.7B,15,13,300,2048,rank,concept_main_effect_projection,rank=9,standardized,ss_concept,373358.4846892452,750095.3361021394,,empirical,,,,EMPIRICAL,750095.3361021394,-376736.85141289426,-0.5022519582252069,9
SmolLM2-1.7B,15,13,300,2048,rank,concept_main_effect_projection,rank=9,standardized,ss_residual,2371717.4070220315,2240401.0078959367,,empirical,,,,EMPIRICAL,2240401.0078959367,131316.39912609477,0.05861289950472751,9
SmolLM2-1.7B,15,13,300,2048,rank,concept_main_effect_projection,rank=9,standardized,language_share_total,0.6563156185257316,0.6255888992390228,,empirical,,,,EMPIRICAL,0.6255888992390228,0.03072671928670878,0.049116471414510865,9
SmolLM2-1.7B,15,13,300,2048,rank,concept_main_effect_projection,rank=9,standardized,concept_share_total,0.0467446019492745,0.0939121764951597,,empirical,,,,EMPIRICAL,0.0939121764951597,-0.0471675745458852,-0.5022519582252069,9
SmolLM2-1.7B,15,13,300,2048,rank,concept_main_effect_projection,rank=9,standardized,residual_share_total,0.296939779524994,0.2804989242658175,,empirical,,,,EMPIRICAL,0.2804989242658175,0.01644085525917649,0.05861289950472735,9
SmolLM2-1.7B,15,13,300,2048,rank,concept_main_effect_projection,rank=9,standardized,lfs_vc_reml,0.967803127512304,0.9053174015458711,,empirical,,,,EMPIRICAL,0.9053174015458711,0.06248572596643287,0.06902079409910339,9
SmolLM2-1.7B,15,13,300,2048,rank,concept_main_effect_projection,rank=9,standardized,mexa_external,0.0313888888888888,0.1949999999999999,,empirical,,,,EMPIRICAL,0.1949999999999999,-0.1636111111111111,-0.8390313390313394,9
SmolLM2-1.7B,15,13,300,2048,rank,concept_main_effect_projection,rank=9,standardized,aar10,-0.1797618747953992,-0.0668971385912548,,empirical,,,,EMPIRICAL,-0.0668971385912548,-0.1128647362041444,-1.6871384723007983,9
SmolLM2-1.7B,15,13,300,2048,rank,concept_main_effect_projection,rank=9,standardized,mean_alignment_margin,-0.1066529876191897,0.0006436222492665,,empirical,,,,EMPIRICAL,0.0006436222492665,-0.10729660986845621,-166.70742813931017,9
SmolLM2-1.7B,15,13,300,2048,rank,concept_main_effect_projection,rank=9,standardized,linear_cka,0.5428015543615291,0.5087553411086922,,empirical,,,,EMPIRICAL,0.5087553411086922,0.034046213252836854,0.06692060112556755,9
SmolLM2-1.7B,15,13,300,2048,rank,concept_main_effect_projection,rank=9,standardized,cvp_within_raw,703.8656132593021,766.7939343584816,,empirical,,,,EMPIRICAL,766.7939343584816,-62.92832109917947,-0.08206679562720698,9
SmolLM2-1.7B,15,13,300,2048,rank,concept_main_effect_projection,rank=9,standardized,cpres_shared_raw,95.73294479211415,192.33213746208708,,empirical,,,,EMPIRICAL,192.33213746208708,-96.59919266997292,-0.502251958225207,9
SmolLM2-1.7B,15,13,300,2048,rank,concept_main_effect_projection,rank=9,standardized,mean_norm,44.685602823035445,44.63891005802785,,empirical,,,,EMPIRICAL,44.63891005802785,0.04669276500759878,0.0010460104188677781,9
SmolLM2-1.7B,15,13,300,2048,rank,concept_main_effect_projection,rank=9,standardized,concept_rank_covariance_entropy,6.648749818523012,67.8540834985317,,empirical,,,,EMPIRICAL,67.8540834985317,-61.20533368000868,-0.9020140060005838,9
SmolLM2-1.7B,15,13,300,2048,rank,concept_main_effect_projection,rank=9,standardized,concept_rank_singular_entropy,8.334667109035115,225.28424359556703,,empirical,,,,EMPIRICAL,225.28424359556703,-216.94957648653192,-0.9630037725851898,9
SmolLM2-1.7B,15,13,300,2048,rank,concept_main_effect_projection,rank=9,standardized,concept_participation_ratio,5.214804138557872,21.23706120358661,,empirical,,,,EMPIRICAL,21.23706120358661,-16.02225706502874,-0.7544479394504372,9
bloom-1b7,14,13,300,2048,rank,concept_main_effect_projection,rank=9,raw,lfs_direct,0.4092305524788558,0.4034564431006811,,empirical,,,,EMPIRICAL,0.4034564431006811,0.005774109378174741,0.014311605321751754,9
bloom-1b7,14,13,300,2048,rank,concept_main_effect_projection,rank=9,raw,ss_language,2457321.567195908,2457321.567195907,,empirical,,,,EMPIRICAL,2457321.567195907,1.3969838619232178e-09,5.684985964280373e-16,9
bloom-1b7,14,13,300,2048,rank,concept_main_effect_projection,rank=9,raw,ss_concept,3547414.766176642,3633352.182641052,,empirical,,,,EMPIRICAL,3633352.182641052,-85937.41646441026,-0.023652377238570662,9
bloom-1b7,14,13,300,2048,rank,concept_main_effect_projection,rank=9,raw,ss_residual,1309723.9761400018,1309723.9761400009,,empirical,,,,EMPIRICAL,1309723.9761400009,9.313225746154785e-10,7.11083091996421e-16,9
bloom-1b7,14,13,300,2048,rank,concept_main_effect_projection,rank=9,raw,language_share_total,0.3359539136469342,0.3320526353023147,,empirical,,,,EMPIRICAL,0.3320526353023147,0.0039012783446195076,0.011748975704010357,9
bloom-1b7,14,13,300,2048,rank,concept_main_effect_projection,rank=9,raw,concept_share_total,0.484986535720644,0.4909671503042624,,empirical,,,,EMPIRICAL,0.4909671503042624,-0.005980614583618427,-0.012181292740078674,9
bloom-1b7,14,13,300,2048,rank,concept_main_effect_projection,rank=9,raw,residual_share_total,0.1790595506324217,0.1769802143934228,,empirical,,,,EMPIRICAL,0.1769802143934228,0.002079336238998919,0.011748975704010641,9
bloom-1b7,14,13,300,2048,rank,concept_main_effect_projection,rank=9,raw,lfs_vc_reml,0.4350511104935118,0.429065655714909,,empirical,,,,EMPIRICAL,0.429065655714909,0.0059854547786027945,0.013949974086436334,9
bloom-1b7,14,13,300,2048,rank,concept_main_effect_projection,rank=9,raw,mexa_external,0.0597222222222222,0.1994444444444444,,empirical,,,,EMPIRICAL,0.1994444444444444,-0.1397222222222222,-0.7005571030640668,9
bloom-1b7,14,13,300,2048,rank,concept_main_effect_projection,rank=9,raw,aar10,-0.0593871091714617,-0.0498697585158225,,empirical,,,,EMPIRICAL,-0.0498697585158225,-0.009517350655639197,-0.19084412956640975,9
bloom-1b7,14,13,300,2048,rank,concept_main_effect_projection,rank=9,raw,mean_alignment_margin,-0.0286621522221024,-0.0203018729869727,,empirical,,,,EMPIRICAL,-0.0203018729869727,-0.008360279235129699,-0.41179842079074774,9
bloom-1b7,14,13,300,2048,rank,concept_main_effect_projection,rank=9,raw,linear_cka,0.7818551785990641,0.7820028834182776,,empirical,,,,EMPIRICAL,0.7820028834182776,-0.0001477048192135566,-0.000188880146538478,9
bloom-1b7,14,13,300,2048,rank,concept_main_effect_projection,rank=9,raw,cvp_within_raw,1245.4201903376002,1267.455425328475,,empirical,,,,EMPIRICAL,1267.455425328475,-22.03523499087487,-0.01738541218139028,9
bloom-1b7,14,13,300,2048,rank,concept_main_effect_projection,rank=9,raw,cpres_shared_raw,909.5935297888822,931.6287647797568,,empirical,,,,EMPIRICAL,931.6287647797568,-22.035234990874642,-0.023652377238570898,9
bloom-1b7,14,13,300,2048,rank,concept_main_effect_projection,rank=9,raw,mean_norm,64.74365942433725,64.8917366447793,,empirical,,,,EMPIRICAL,64.8917366447793,-0.14807722044204752,-0.0022819118134043757,9
bloom-1b7,14,13,300,2048,rank,concept_main_effect_projection,rank=9,raw,concept_rank_covariance_entropy,1.1155068055092876,1.4020593951823102,,empirical,,,,EMPIRICAL,1.4020593951823102,-0.28655258967302255,-0.2043797792430627,9
bloom-1b7,14,13,300,2048,rank,concept_main_effect_projection,rank=9,raw,concept_rank_singular_entropy,2.994370015724846,93.08944919376852,,empirical,,,,EMPIRICAL,93.08944919376852,-90.09507917804368,-0.9678334113945398,9
bloom-1b7,14,13,300,2048,rank,concept_main_effect_projection,rank=9,raw,concept_participation_ratio,1.0311755073326878,1.0817350499756038,,empirical,,,,EMPIRICAL,1.0817350499756038,-0.050559542642915956,-0.04673930334794663,9
bloom-1b7,14,13,300,2048,rank,concept_main_effect_projection,rank=9,raw,cvp_within_ratio,0.9826145878186096,1.0,,empirical,,,,EMPIRICAL,1.0,-0.017385412181390447,-0.017385412181390447,9
bloom-1b7,14,13,300,2048,rank,concept_main_effect_projection,rank=9,raw,cpres_shared_ratio,0.976347622761429,1.0,,empirical,,,,EMPIRICAL,1.0,-0.023652377238571054,-0.023652377238571054,9
bloom-1b7,14,13,300,2048,rank,concept_main_effect_projection,rank=9,standardized,lfs_direct,0.9099734524707312,0.7826511745362782,,empirical,,,,EMPIRICAL,0.7826511745362782,0.12732227793445305,0.16268074728168863,9
bloom-1b7,14,13,300,2048,rank,concept_main_effect_projection,rank=9,standardized,ss_language,4659861.886806827,4252510.68152296,,empirical,,,,EMPIRICAL,4252510.68152296,407351.2052838672,0.09579075416642616,9
bloom-1b7,14,13,300,2048,rank,concept_main_effect_projection,rank=9,standardized,ss_concept,461014.8532282992,1180958.0461545754,,empirical,,,,EMPIRICAL,1180958.0461545754,-719943.1929262762,-0.6096263921233684,9
bloom-1b7,14,13,300,2048,rank,concept_main_effect_projection,rank=9,standardized,ss_residual,2866323.259964876,2553731.2723224643,,empirical,,,,EMPIRICAL,2553731.2723224643,312591.9876424116,0.1224059833664989,9
bloom-1b7,14,13,300,2048,rank,concept_main_effect_projection,rank=9,standardized,language_share_total,0.5834162017736911,0.5324157003108674,,empirical,,,,EMPIRICAL,0.5324157003108674,0.051000501462823755,0.09579075416642585,9
bloom-1b7,14,13,300,2048,rank,concept_main_effect_projection,rank=9,standardized,concept_share_total,0.0577192073853539,0.1478563258907471,,empirical,,,,EMPIRICAL,0.1478563258907471,-0.09013711850539319,-0.6096263921233688,9
bloom-1b7,14,13,300,2048,rank,concept_main_effect_projection,rank=9,standardized,residual_share_total,0.3588645908409549,0.3197279737983854,,empirical,,,,EMPIRICAL,0.3197279737983854,0.03913661704256949,0.12240598336649867,9
bloom-1b7,14,13,300,2048,rank,concept_main_effect_projection,rank=9,standardized,lfs_vc_reml,0.9555655190574256,0.8255733980023423,,empirical,,,,EMPIRICAL,0.8255733980023423,0.1299921210550833,0.1574567704938507,9
bloom-1b7,14,13,300,2048,rank,concept_main_effect_projection,rank=9,standardized,mexa_external,0.1772222222222222,0.5430555555555555,,empirical,,,,EMPIRICAL,0.5430555555555555,-0.36583333333333334,-0.6736572890025576,9
bloom-1b7,14,13,300,2048,rank,concept_main_effect_projection,rank=9,standardized,aar10,-0.1864757860414795,-0.0376912278478068,,empirical,,,,EMPIRICAL,-0.0376912278478068,-0.1487845581936727,-3.9474585119500234,9
bloom-1b7,14,13,300,2048,rank,concept_main_effect_projection,rank=9,standardized,mean_alignment_margin,-0.0835820395517952,0.0708298440839256,,empirical,,,,EMPIRICAL,0.0708298440839256,-0.1544118836357208,-2.1800398636026874,9
bloom-1b7,14,13,300,2048,rank,concept_main_effect_projection,rank=9,standardized,linear_cka,0.6697734214968901,0.6455196457614661,,empirical,,,,EMPIRICAL,0.6455196457614661,0.024253775735423977,0.03757248271942801,9
bloom-1b7,14,13,300,2048,rank,concept_main_effect_projection,rank=9,standardized,cvp_within_raw,853.1636187674802,957.6126457633438,,empirical,,,,EMPIRICAL,957.6126457633438,-104.44902699586362,-0.1090723137982414,9
bloom-1b7,14,13,300,2048,rank,concept_main_effect_projection,rank=9,standardized,cpres_shared_raw,118.20893672520492,302.80975542425017,,empirical,,,,EMPIRICAL,302.80975542425017,-184.60081869904525,-0.6096263921233686,9
bloom-1b7,14,13,300,2048,rank,concept_main_effect_projection,rank=9,standardized,mean_norm,44.26556707753833,44.57919177229958,,empirical,,,,EMPIRICAL,44.57919177229958,-0.313624694761252,-0.007035226128889369,9
bloom-1b7,14,13,300,2048,rank,concept_main_effect_projection,rank=9,standardized,concept_rank_covariance_entropy,7.840730504044164,105.38377872631288,,empirical,,,,EMPIRICAL,105.38377872631288,-97.54304822226872,-0.9255983169439488,9
bloom-1b7,14,13,300,2048,rank,concept_main_effect_projection,rank=9,standardized,concept_rank_singular_entropy,8.665644080423032,238.3211104934484,,empirical,,,,EMPIRICAL,238.3211104934484,-229.65546641302538,-0.9636387894363171,9
bloom-1b7,14,13,300,2048,rank,concept_main_effect_projection,rank=9,standardized,concept_participation_ratio,6.994972891174918,44.97541696699626,,empirical,,,,EMPIRICAL,44.97541696699626,-37.98044407582134,-0.8444711942013133,9
bloom-7b1,17,13,300,4096,rank,concept_main_effect_projection,rank=9,raw,lfs_direct,0.3933736200959744,0.3874659826629669,,empirical,,,,EMPIRICAL,0.3874659826629669,0.005907637433007484,0.015246854426821204,9
bloom-7b1,17,13,300,4096,rank,concept_main_effect_projection,rank=9,raw,ss_language,11902224.474540532,11902224.47454054,,empirical,,,,EMPIRICAL,11902224.47454054,-7.450580596923828e-09,-6.259821945772403e-16,9
bloom-7b1,17,13,300,4096,rank,concept_main_effect_projection,rank=9,raw,ss_concept,18354569.236325625,18815890.165457577,,empirical,,,,EMPIRICAL,18815890.165457577,-461320.9291319512,-0.024517624469282316,9
bloom-7b1,17,13,300,4096,rank,concept_main_effect_projection,rank=9,raw,ss_residual,6888610.127504455,6888610.12750445,,empirical,,,,EMPIRICAL,6888610.12750445,4.6566128730773926e-09,6.75987287259114e-16,9
bloom-7b1,17,13,300,4096,rank,concept_main_effect_projection,rank=9,raw,language_share_total,0.3204225353513514,0.3164919186162607,,empirical,,,,EMPIRICAL,0.3164919186162607,0.003930616735090708,0.012419327331566064,9
bloom-7b1,17,13,300,4096,rank,concept_main_effect_projection,rank=9,raw,concept_share_total,0.4941275996403529,0.5003331261040078,,empirical,,,,EMPIRICAL,0.5003331261040078,-0.006205526463654909,-0.012402789541392312,9
bloom-7b1,17,13,300,4096,rank,concept_main_effect_projection,rank=9,raw,residual_share_total,0.1854498650082955,0.1831749552797314,,empirical,,,,EMPIRICAL,0.1831749552797314,0.0022749097285640896,0.012419327331566773,9
bloom-7b1,17,13,300,4096,rank,concept_main_effect_projection,rank=9,raw,lfs_vc_reml,0.4189825221837312,0.4128426655644436,,empirical,,,,EMPIRICAL,0.4128426655644436,0.00613985661928762,0.014872146537696466,9
bloom-7b1,17,13,300,4096,rank,concept_main_effect_projection,rank=9,raw,mexa_external,0.0722222222222222,0.2455555555555556,,empirical,,,,EMPIRICAL,0.2455555555555556,-0.1733333333333334,-0.7058823529411765,9
bloom-7b1,17,13,300,4096,rank,concept_main_effect_projection,rank=9,raw,aar10,-0.0827580352627511,-0.0759887226075625,,empirical,,,,EMPIRICAL,-0.0759887226075625,-0.006769312655188611,-0.08908312211205562,9
bloom-7b1,17,13,300,4096,rank,concept_main_effect_projection,rank=9,raw,mean_alignment_margin,-0.0396769911078437,-0.0333806764791546,,empirical,,,,EMPIRICAL,-0.0333806764791546,-0.006296314628689098,-0.18862154074741383,9
bloom-7b1,17,13,300,4096,rank,concept_main_effect_projection,rank=9,raw,linear_cka,0.7686639179863156,0.7686796005155992,,empirical,,,,EMPIRICAL,0.7686796005155992,-1.5682529283633784e-05,-2.0401906429043487e-05,9
bloom-7b1,17,13,300,4096,rank,concept_main_effect_projection,rank=9,raw,cvp_within_raw,6472.6100932897625,6590.897511015902,,empirical,,,,EMPIRICAL,6590.897511015902,-118.28741772613921,-0.01794708801471057,9
bloom-7b1,17,13,300,4096,rank,concept_main_effect_projection,rank=9,raw,cpres_shared_raw,4706.2998041860565,4824.587221912196,,empirical,,,,EMPIRICAL,4824.587221912196,-118.28741772613921,-0.024517624469281896,9
bloom-7b1,17,13,300,4096,rank,concept_main_effect_projection,rank=9,raw,mean_norm,169.33657416634472,169.6419030570891,,empirical,,,,EMPIRICAL,169.6419030570891,-0.3053288907443914,-0.0017998435837025474,9
bloom-7b1,17,13,300,4096,rank,concept_main_effect_projection,rank=9,raw,concept_rank_covariance_entropy,1.1027353488630376,1.4004463081354368,,empirical,,,,EMPIRICAL,1.4004463081354368,-0.2977109592723992,-0.21258291556266337,9
bloom-7b1,17,13,300,4096,rank,concept_main_effect_projection,rank=9,raw,concept_rank_singular_entropy,2.8899868650896403,99.12620998870568,,empirical,,,,EMPIRICAL,99.12620998870568,-96.23622312361604,-0.9708453812022176,9
bloom-7b1,17,13,300,4096,rank,concept_main_effect_projection,rank=9,raw,concept_participation_ratio,1.027220469208249,1.0794990980745012,,empirical,,,,EMPIRICAL,1.0794990980745012,-0.05227862886625223,-0.04842859893028298,9
bloom-7b1,17,13,300,4096,rank,concept_main_effect_projection,rank=9,raw,cvp_within_ratio,0.9820529119852894,1.0,,empirical,,,,EMPIRICAL,1.0,-0.017947088014710566,-0.017947088014710566,9
bloom-7b1,17,13,300,4096,rank,concept_main_effect_projection,rank=9,raw,cpres_shared_ratio,0.975482375530718,1.0,,empirical,,,,EMPIRICAL,1.0,-0.024517624469281962,-0.024517624469281962,9
bloom-7b1,17,13,300,4096,rank,concept_main_effect_projection,rank=9,standardized,lfs_direct,0.8971593575017662,0.7335823842752519,,empirical,,,,EMPIRICAL,0.7335823842752519,0.16357697322651432,0.22298378032635202,9
bloom-7b1,17,13,300,4096,rank,concept_main_effect_projection,rank=9,standardized,ss_language,8357542.76796853,7466876.775473894,,empirical,,,,EMPIRICAL,7466876.775473894,890665.9924946362,0.11928226744281703,9
bloom-7b1,17,13,300,4096,rank,concept_main_effect_projection,rank=9,standardized,ss_concept,958018.2837948704,2711771.097662876,,empirical,,,,EMPIRICAL,2711771.097662876,-1753752.8138680055,-0.6467186022372858,9
bloom-7b1,17,13,300,4096,rank,concept_main_effect_projection,rank=9,standardized,ss_residual,6658838.9482366005,5795752.126863237,,empirical,,,,EMPIRICAL,5795752.126863237,863086.821373364,0.14891713835948361,9
bloom-7b1,17,13,300,4096,rank,concept_main_effect_projection,rank=9,standardized,language_share_total,0.5231835166246325,0.4674276827595334,,empirical,,,,EMPIRICAL,0.4674276827595334,0.05575583386509908,0.11928226744281742,9
bloom-7b1,17,13,300,4096,rank,concept_main_effect_projection,rank=9,standardized,concept_share_total,0.05997209809413,0.1697573052923975,,empirical,,,,EMPIRICAL,0.1697573052923975,-0.1097852071982675,-0.6467186022372857,9
bloom-7b1,17,13,300,4096,rank,concept_main_effect_projection,rank=9,standardized,residual_share_total,0.4168443852812375,0.362815011948069,,empirical,,,,EMPIRICAL,0.362815011948069,0.05402937333316854,0.1489171383594843,9
bloom-7b1,17,13,300,4096,rank,concept_main_effect_projection,rank=9,standardized,lfs_vc_reml,0.9536569210648582,0.7829806811785003,,empirical,,,,EMPIRICAL,0.7829806811785003,0.17067623988635794,0.21798269611130797,9
bloom-7b1,17,13,300,4096,rank,concept_main_effect_projection,rank=9,standardized,mexa_external,0.1827777777777777,0.6183333333333333,,empirical,,,,EMPIRICAL,0.6183333333333333,-0.4355555555555556,-0.7044025157232705,9
bloom-7b1,17,13,300,4096,rank,concept_main_effect_projection,rank=9,standardized,aar10,-0.1994090832749588,-0.0199133045920484,,empirical,,,,EMPIRICAL,-0.0199133045920484,-0.1794957786829104,-9.013861956120785,9
bloom-7b1,17,13,300,4096,rank,concept_main_effect_projection,rank=9,standardized,mean_alignment_margin,-0.0871815078957852,0.0960985282270363,,empirical,,,,EMPIRICAL,0.0960985282270363,-0.1832800361228215,-1.9072096056436547,9
bloom-7b1,17,13,300,4096,rank,concept_main_effect_projection,rank=9,standardized,linear_cka,0.7110217902588861,0.6905590972111897,,empirical,,,,EMPIRICAL,0.6905590972111897,0.020462693047696434,0.02963206643766572,9
bloom-7b1,17,13,300,4096,rank,concept_main_effect_projection,rank=9,standardized,cvp_within_raw,1953.0403159055056,2181.416211416951,,empirical,,,,EMPIRICAL,2181.416211416951,-228.37589551144515,-0.10469157344489631,9
bloom-7b1,17,13,300,4096,rank,concept_main_effect_projection,rank=9,standardized,cpres_shared_raw,245.64571379355664,695.3259224776609,,empirical,,,,EMPIRICAL,695.3259224776609,-449.6802086841043,-0.6467186022372859,9
bloom-7b1,17,13,300,4096,rank,concept_main_effect_projection,rank=9,standardized,mean_norm,62.33211556358573,62.885823809054905,,empirical,,,,EMPIRICAL,62.885823809054905,-0.5537082454691742,-0.008804977209974085,9
bloom-7b1,17,13,300,4096,rank,concept_main_effect_projection,rank=9,standardized,concept_rank_covariance_entropy,7.944373897180478,125.09444899190116,,empirical,,,,EMPIRICAL,125.09444899190116,-117.15007509472068,-0.9364929942039649,9
bloom-7b1,17,13,300,4096,rank,concept_main_effect_projection,rank=9,standardized,concept_rank_singular_entropy,8.681911643587245,249.2102968759412,,empirical,,,,EMPIRICAL,249.2102968759412,-240.52838523235394,-0.9651623076878353,9
bloom-7b1,17,13,300,4096,rank,concept_main_effect_projection,rank=9,standardized,concept_participation_ratio,7.225811855020216,56.55080126613869,,empirical,,,,EMPIRICAL,56.55080126613869,-49.32498941111847,-0.8722244125063022,9
salamandra-2b,6,13,300,2048,rank,concept_main_effect_projection,rank=9,raw,lfs_direct,0.7217966184543954,0.7217704907223468,,empirical,,,,EMPIRICAL,0.7217704907223468,2.6127732048575325e-05,3.619950162055909e-05,9
salamandra-2b,6,13,300,2048,rank,concept_main_effect_projection,rank=9,raw,ss_language,492928.4432564013,492928.4432564016,,empirical,,,,EMPIRICAL,492928.4432564016,-2.9103830456733704e-10,-5.90427086423882e-16,9
salamandra-2b,6,13,300,2048,rank,concept_main_effect_projection,rank=9,raw,ss_concept,189990.305118901,190015.0264372396,,empirical,,,,EMPIRICAL,190015.0264372396,-24.721318338619312,-0.00013010191247577233,9
salamandra-2b,6,13,300,2048,rank,concept_main_effect_projection,rank=9,raw,ss_residual,243007.05175153003,243007.05175153023,,empirical,,,,EMPIRICAL,243007.05175153023,-2.0372681319713593e-10,-8.383576185494504e-16,9
salamandra-2b,6,13,300,2048,rank,concept_main_effect_projection,rank=9,raw,language_share_total,0.5323627910453305,0.5323485778560464,,empirical,,,,EMPIRICAL,0.5323485778560464,1.4213189284073557e-05,2.669902743295574e-05,9
salamandra-2b,6,13,300,2048,rank,concept_main_effect_projection,rank=9,raw,concept_share_total,0.2051895574060862,0.205210777505341,,empirical,,,,EMPIRICAL,0.205210777505341,-2.122009925481505e-05,-0.00010340635863661087,9
salamandra-2b,6,13,300,2048,rank,concept_main_effect_projection,rank=9,raw,residual_share_total,0.2624476515485832,0.2624406446386126,,empirical,,,,EMPIRICAL,0.2624406446386126,7.006909970574959e-06,2.669902743236914e-05,9
salamandra-2b,6,13,300,2048,rank,concept_main_effect_projection,rank=9,raw,lfs_vc_reml,0.7578908715067622,0.7578642677830812,,empirical,,,,EMPIRICAL,0.7578642677830812,2.660372368090691e-05,3.5103546653187146e-05,9
salamandra-2b,6,13,300,2048,rank,concept_main_effect_projection,rank=9,raw,mexa_external,0.0330555555555555,0.075,,empirical,,,,EMPIRICAL,0.075,-0.0419444444444445,-0.55925925925926,9
salamandra-2b,6,13,300,2048,rank,concept_main_effect_projection,rank=9,raw,aar10,-0.023935814711769,-0.02364404485142,,empirical,,,,EMPIRICAL,-0.02364404485142,-0.0002917698603490011,-0.012340099258925158,9
salamandra-2b,6,13,300,2048,rank,concept_main_effect_projection,rank=9,raw,mean_alignment_margin,-0.0122904979504159,-0.0120693979873106,,empirical,,,,EMPIRICAL,-0.0120693979873106,-0.00022109996310529928,-0.01831905479774195,9
salamandra-2b,6,13,300,2048,rank,concept_main_effect_projection,rank=9,raw,linear_cka,0.3968483286105011,0.3968474425452004,,empirical,,,,EMPIRICAL,0.3968474425452004,8.860653007425334e-07,2.232760516383098e-06,9
salamandra-2b,6,13,300,2048,rank,concept_main_effect_projection,rank=9,raw,cvp_within_raw,111.02496330011051,111.03130209968452,,empirical,,,,EMPIRICAL,111.03130209968452,-0.006338799574010068,-5.7090202980048436e-05,9
salamandra-2b,6,13,300,2048,rank,concept_main_effect_projection,rank=9,raw,cpres_shared_raw,48.715462851000254,48.72180165057426,,empirical,,,,EMPIRICAL,48.72180165057426,-0.006338799574002962,-0.0001301019124757315,9
salamandra-2b,6,13,300,2048,rank,concept_main_effect_projection,rank=9,raw,mean_norm,13.74977576379186,13.74970039567902,,empirical,,,,EMPIRICAL,13.74970039567902,7.536811284047928e-05,5.481436734735287e-06,9
salamandra-2b,6,13,300,2048,rank,concept_main_effect_projection,rank=9,raw,concept_rank_covariance_entropy,1.051152248728948,1.0532121673798045,,empirical,,,,EMPIRICAL,1.0532121673798045,-0.0020599186508565293,-0.0019558439549566,9
salamandra-2b,6,13,300,2048,rank,concept_main_effect_projection,rank=9,raw,concept_rank_singular_entropy,1.5057051893836444,4.426186638555622,,empirical,,,,EMPIRICAL,4.426186638555622,-2.9204814491719775,-0.659818866139139,9
salamandra-2b,6,13,300,2048,rank,concept_main_effect_projection,rank=9,raw,concept_participation_ratio,1.017332660580632,1.0175974259415246,,empirical,,,,EMPIRICAL,1.0175974259415246,-0.0002647653608924827,-0.000260186743935118,9
salamandra-2b,6,13,300,2048,rank,concept_main_effect_projection,rank=9,raw,cvp_within_ratio,0.99994290979702,1.0,,empirical,,,,EMPIRICAL,1.0,-5.7090202979948046e-05,-5.7090202979948046e-05,9
salamandra-2b,6,13,300,2048,rank,concept_main_effect_projection,rank=9,raw,cpres_shared_ratio,0.9998698980875242,1.0,,empirical,,,,EMPIRICAL,1.0,-0.0001301019124757552,-0.0001301019124757552,9
salamandra-2b,6,13,300,2048,rank,concept_main_effect_projection,rank=9,standardized,lfs_direct,0.8278328754501351,0.808007891684794,,empirical,,,,EMPIRICAL,0.808007891684794,0.01982498376534103,0.02453563135875263,9
salamandra-2b,6,13,300,2048,rank,concept_main_effect_projection,rank=9,standardized,ss_language,4819254.294030964,4739213.954199129,,empirical,,,,EMPIRICAL,4739213.954199129,80040.33983183559,0.01688894837949165,9
salamandra-2b,6,13,300,2048,rank,concept_main_effect_projection,rank=9,standardized,ss_concept,1002276.1584900104,1126092.564425703,,empirical,,,,EMPIRICAL,1126092.564425703,-123816.40593569248,-0.1099522453545706,9
salamandra-2b,6,13,300,2048,rank,concept_main_effect_projection,rank=9,standardized,ss_residual,2165669.5474790274,2121893.481375168,,empirical,,,,EMPIRICAL,2121893.481375168,43776.06610385934,0.02063066147669614,9
salamandra-2b,6,13,300,2048,rank,concept_main_effect_projection,rank=9,standardized,language_share_total,0.6033721822454632,0.5933511060445625,,empirical,,,,EMPIRICAL,0.5933511060445625,0.010021076200900647,0.016888948379491238,9
salamandra-2b,6,13,300,2048,rank,concept_main_effect_projection,rank=9,standardized,concept_share_total,0.1254852962853077,0.140987149993202,,empirical,,,,EMPIRICAL,0.140987149993202,-0.015501853707894309,-0.10995224535457142,9
salamandra-2b,6,13,300,2048,rank,concept_main_effect_projection,rank=9,standardized,residual_share_total,0.2711425214692291,0.2656617439622356,,empirical,,,,EMPIRICAL,0.2656617439622356,0.0054807775069935505,0.020630661476695927,9
salamandra-2b,6,13,300,2048,rank,concept_main_effect_projection,rank=9,standardized,lfs_vc_reml,0.8632011677192437,0.8433199439337381,,empirical,,,,EMPIRICAL,0.8433199439337381,0.01988122378550561,0.02357494795245555,9
salamandra-2b,6,13,300,2048,rank,concept_main_effect_projection,rank=9,standardized,mexa_external,0.0572222222222222,0.1080555555555555,,empirical,,,,EMPIRICAL,0.1080555555555555,-0.0508333333333333,-0.47043701799485854,9
salamandra-2b,6,13,300,2048,rank,concept_main_effect_projection,rank=9,standardized,aar10,-0.6048049878262391,-0.547565452768446,,empirical,,,,EMPIRICAL,-0.547565452768446,-0.05723953505779311,-0.10453459904819545,9
salamandra-2b,6,13,300,2048,rank,concept_main_effect_projection,rank=9,standardized,mean_alignment_margin,-0.3477962154205889,-0.2948541905777784,,empirical,,,,EMPIRICAL,-0.2948541905777784,-0.05294202484281052,-0.1795532386331988,9
salamandra-2b,6,13,300,2048,rank,concept_main_effect_projection,rank=9,standardized,linear_cka,0.421649732901221,0.4186629104392675,,empirical,,,,EMPIRICAL,0.4186629104392675,0.0029868224619534756,0.007134194091422275,9
salamandra-2b,6,13,300,2048,rank,concept_main_effect_projection,rank=9,standardized,cvp_within_raw,812.293770761291,832.8169348207363,,empirical,,,,EMPIRICAL,832.8169348207363,-20.52316405944532,-0.024643067643506707,9
salamandra-2b,6,13,300,2048,rank,concept_main_effect_projection,rank=9,standardized,cpres_shared_raw,256.99388679231043,288.7416831860776,,empirical,,,,EMPIRICAL,288.7416831860776,-31.747796393767146,-0.10995224535457009,9
salamandra-2b,6,13,300,2048,rank,concept_main_effect_projection,rank=9,standardized,mean_norm,41.70901942663323,41.69564942601277,,empirical,,,,EMPIRICAL,41.69564942601277,0.013370000620462008,0.0003206569703198059,9
salamandra-2b,6,13,300,2048,rank,concept_main_effect_projection,rank=9,standardized,concept_rank_covariance_entropy,1.811912850947979,4.631821281542928,,empirical,,,,EMPIRICAL,4.631821281542928,-2.819908430594949,-0.6088120113424574,9
salamandra-2b,6,13,300,2048,rank,concept_main_effect_projection,rank=9,standardized,concept_rank_singular_entropy,5.154350069397588,171.717244967261,,empirical,,,,EMPIRICAL,171.717244967261,-166.5628948978634,-0.9699835035765901,9
salamandra-2b,6,13,300,2048,rank,concept_main_effect_projection,rank=9,standardized,concept_participation_ratio,1.33105908156711,1.731204972765711,,empirical,,,,EMPIRICAL,1.731204972765711,-0.4001458911986011,-0.23113721222700878,9
salamandra-7b,18,13,300,4096,rank,concept_main_effect_projection,rank=9,raw,lfs_direct,0.6163080265659783,0.6137817024113756,,empirical,,,,EMPIRICAL,0.6137817024113756,0.0025263241546026327,0.004115997828995905,9
salamandra-7b,18,13,300,4096,rank,concept_main_effect_projection,rank=9,raw,ss_language,3048005.4178414177,3048005.41784142,,empirical,,,,EMPIRICAL,3048005.41784142,-2.3283064365386963e-09,-7.638787066814302e-16,9
salamandra-7b,18,13,300,4096,rank,concept_main_effect_projection,rank=9,raw,ss_concept,1897582.3182532643,1917938.3466381407,,empirical,,,,EMPIRICAL,1917938.3466381407,-20356.028384876437,-0.010613494651982695,9
salamandra-7b,18,13,300,4096,rank,concept_main_effect_projection,rank=9,raw,ss_residual,1682658.8966990155,1682658.8966990162,,empirical,,,,EMPIRICAL,1682658.8966990162,-6.984919309616089e-10,-4.15112018444075e-16,9
salamandra-7b,18,13,300,4096,rank,concept_main_effect_projection,rank=9,raw,language_share_total,0.459850935956608,0.4584430102341399,,empirical,,,,EMPIRICAL,0.4584430102341399,0.001407925722468062,0.0030711030401554037,9
salamandra-7b,18,13,300,4096,rank,concept_main_effect_projection,rank=9,raw,concept_share_total,0.286287222455611,0.2884723970402157,,empirical,,,,EMPIRICAL,0.2884723970402157,-0.00218517458460471,-0.007574986747519127,9
salamandra-7b,18,13,300,4096,rank,concept_main_effect_projection,rank=9,raw,residual_share_total,0.2538618415877808,0.2530845927256445,,empirical,,,,EMPIRICAL,0.2530845927256445,0.0007772488621363149,0.003071103040155783,9
salamandra-7b,18,13,300,4096,rank,concept_main_effect_projection,rank=9,raw,lfs_vc_reml,0.6514046021993575,0.6488557586750509,,empirical,,,,EMPIRICAL,0.6488557586750509,0.002548843524306621,0.003928212842729951,9
salamandra-7b,18,13,300,4096,rank,concept_main_effect_projection,rank=9,raw,mexa_external,0.0766666666666666,0.1222222222222222,,empirical,,,,EMPIRICAL,0.1222222222222222,-0.0455555555555556,-0.37272727272727313,9
salamandra-7b,18,13,300,4096,rank,concept_main_effect_projection,rank=9,raw,aar10,-0.0447381171075976,-0.0358230134614729,,empirical,,,,EMPIRICAL,-0.0358230134614729,-0.008915103646124696,-0.2488652624300508,9
salamandra-7b,18,13,300,4096,rank,concept_main_effect_projection,rank=9,raw,mean_alignment_margin,-0.0216836082957926,-0.0148204038220899,,empirical,,,,EMPIRICAL,-0.0148204038220899,-0.006863204473702698,-0.46309159696937885,9
salamandra-7b,18,13,300,4096,rank,concept_main_effect_projection,rank=9,raw,linear_cka,0.6087437043878884,0.6088422106051231,,empirical,,,,EMPIRICAL,0.6088422106051231,-9.850621723472841e-05,-0.00016179268703597917,9
salamandra-7b,18,13,300,4096,rank,concept_main_effect_projection,rank=9,raw,cvp_within_raw,918.0105679364818,923.2300623941424,,empirical,,,,EMPIRICAL,923.2300623941424,-5.219494457660517,-0.005653514405851558,9
salamandra-7b,18,13,300,4096,rank,concept_main_effect_projection,rank=9,raw,cpres_shared_raw,486.5595687828882,491.7790632405488,,empirical,,,,EMPIRICAL,491.7790632405488,-5.2194944576605735,-0.010613494651982592,9
salamandra-7b,18,13,300,4096,rank,concept_main_effect_projection,rank=9,raw,mean_norm,45.09429699390692,45.12557068193456,,empirical,,,,EMPIRICAL,45.12557068193456,-0.03127368802763897,-0.0006930369534397708,9
salamandra-7b,18,13,300,4096,rank,concept_main_effect_projection,rank=9,raw,concept_rank_covariance_entropy,1.0557286298318584,1.180783358447883,,empirical,,,,EMPIRICAL,1.180783358447883,-0.12505472861602462,-0.10590827497806765,9
salamandra-7b,18,13,300,4096,rank,concept_main_effect_projection,rank=9,raw,concept_rank_singular_entropy,2.3743244211613903,62.59619963020002,,empirical,,,,EMPIRICAL,62.59619963020002,-60.22187520903863,-0.9620691921364524,9
salamandra-7b,18,13,300,4096,rank,concept_main_effect_projection,rank=9,raw,concept_participation_ratio,1.0137141107871122,1.035578397350538,,empirical,,,,EMPIRICAL,1.035578397350538,-0.02186428656342576,-0.021113115742240434,9
salamandra-7b,18,13,300,4096,rank,concept_main_effect_projection,rank=9,raw,cvp_within_ratio,0.9943464855941484,1.0,,empirical,,,,EMPIRICAL,1.0,-0.005653514405851601,-0.005653514405851601,9
salamandra-7b,18,13,300,4096,rank,concept_main_effect_projection,rank=9,raw,cpres_shared_ratio,0.9893865053480176,1.0,,empirical,,,,EMPIRICAL,1.0,-0.010613494651982358,-0.010613494651982358,9
salamandra-7b,18,13,300,4096,rank,concept_main_effect_projection,rank=9,standardized,lfs_direct,0.9087756477356976,0.7694086996742854,,empirical,,,,EMPIRICAL,0.7694086996742854,0.13936694806141225,0.18113513418864463,9
salamandra-7b,18,13,300,4096,rank,concept_main_effect_projection,rank=9,standardized,ss_language,8266661.137939693,7537653.188465255,,empirical,,,,EMPIRICAL,7537653.188465255,729007.9494744381,0.09671550696840586,9
salamandra-7b,18,13,300,4096,rank,concept_main_effect_projection,rank=9,standardized,ss_concept,829820.6598911316,2259029.8899249146,,empirical,,,,EMPIRICAL,2259029.8899249146,-1429209.230033783,-0.632665037504788,9
salamandra-7b,18,13,300,4096,rank,concept_main_effect_projection,rank=9,standardized,ss_residual,6877918.202169177,6177716.921609814,,empirical,,,,EMPIRICAL,6177716.921609814,700201.2805593628,0.11334305042531823,9
salamandra-7b,18,13,300,4096,rank,concept_main_effect_projection,rank=9,standardized,language_share_total,0.5174943120204635,0.4718582975551671,,empirical,,,,EMPIRICAL,0.4718582975551671,0.04563601446529636,0.09671550696840474,9
salamandra-7b,18,13,300,4096,rank,concept_main_effect_projection,rank=9,standardized,concept_share_total,0.0519469062932649,0.1414156331333206,,empirical,,,,EMPIRICAL,0.1414156331333206,-0.08946872684005569,-0.6326650375047885,9
salamandra-7b,18,13,300,4096,rank,concept_main_effect_projection,rank=9,standardized,residual_share_total,0.4305587816862715,0.3867260693115121,,empirical,,,,EMPIRICAL,0.3867260693115121,0.043832712374759386,0.11334305042531709,9
salamandra-7b,18,13,300,4096,rank,concept_main_effect_projection,rank=9,standardized,lfs_vc_reml,0.9660876209262926,0.8231100768509098,,empirical,,,,EMPIRICAL,0.8231100768509098,0.14297754407538288,0.17370403800958503,9
salamandra-7b,18,13,300,4096,rank,concept_main_effect_projection,rank=9,standardized,mexa_external,0.1358333333333333,0.4019444444444444,,empirical,,,,EMPIRICAL,0.4019444444444444,-0.2661111111111111,-0.6620594333102972,9
salamandra-7b,18,13,300,4096,rank,concept_main_effect_projection,rank=9,standardized,aar10,-0.2637265266926755,-0.0712756907797958,,empirical,,,,EMPIRICAL,-0.0712756907797958,-0.1924508359128797,-2.700090785615127,9
salamandra-7b,18,13,300,4096,rank,concept_main_effect_projection,rank=9,standardized,mean_alignment_margin,-0.1518056331642991,0.0253440701917312,,empirical,,,,EMPIRICAL,0.0253440701917312,-0.1771497033560303,-6.989789012414725,9
salamandra-7b,18,13,300,4096,rank,concept_main_effect_projection,rank=9,standardized,linear_cka,0.5797821058580374,0.5361479704425348,,empirical,,,,EMPIRICAL,0.5361479704425348,0.04363413541550254,0.08138450170665958,9
salamandra-7b,18,13,300,4096,rank,concept_main_effect_projection,rank=9,standardized,cvp_within_raw,1976.3432979641807,2163.268413214037,,empirical,,,,EMPIRICAL,2163.268413214037,-186.9251152498564,-0.08640865558247382,9
salamandra-7b,18,13,300,4096,rank,concept_main_effect_projection,rank=9,standardized,cpres_shared_raw,212.7745281772132,579.2384333140806,,empirical,,,,EMPIRICAL,579.2384333140806,-366.46390513686737,-0.6326650375047879,9
salamandra-7b,18,13,300,4096,rank,concept_main_effect_projection,rank=9,standardized,mean_norm,62.99952878282958,62.44616808788779,,empirical,,,,EMPIRICAL,62.44616808788779,0.5533606949417873,0.008861403539813333,9
salamandra-7b,18,13,300,4096,rank,concept_main_effect_projection,rank=9,standardized,concept_rank_covariance_entropy,7.909788508850196,118.22308810608946,,empirical,,,,EMPIRICAL,118.22308810608946,-110.31329959723926,-0.9330943842225453,9
salamandra-7b,18,13,300,4096,rank,concept_main_effect_projection,rank=9,standardized,concept_rank_singular_entropy,8.717293779427196,248.67368480520872,,empirical,,,,EMPIRICAL,248.67368480520872,-239.95639102578153,-0.9649448481601275,9
salamandra-7b,18,13,300,4096,rank,concept_main_effect_projection,rank=9,standardized,concept_participation_ratio,6.988336950843488,49.27909360711024,,empirical,,,,EMPIRICAL,49.27909360711024,-42.29075665626675,-0.8581886061752731,9
