model,model_family,language,flores_code,content,delta_matched,delta_mismatched,content_ci_lo,content_ci_hi,R_content,R_content_ci_lo,R_content_ci_hi,R_content_boot_valid_fraction,n_pairs,n_boot
Falcon3-3B-Base,Falcon3,amh,amh_Ethi,0.07435381174087524,0.014712224006652846,-0.059641587734222394,0.0381975818276405,0.11396035879850382,0.08448954812070415,0.04442934270896013,0.12779591853987463,1.0,100,2000
Falcon3-3B-Base,Falcon3,arb,arb_Arab,0.03529304504394536,0.05007458448410034,0.014781539440154985,0.012470788061618806,0.058477205693721834,0.04010410976586606,0.014644857945132787,0.06405821306439312,1.0,100,2000
Falcon3-3B-Base,Falcon3,aze-Latn,azj_Latn,0.1917887556552887,0.20389392495155337,0.012105169296264675,0.14502822521328929,0.24299646595120428,0.21793294681944897,0.17112604874197568,0.26805876862146844,1.0,100,2000
Falcon3-3B-Base,Falcon3,ben,ben_Beng,0.02337083339691161,0.04660079956054689,0.023229966163635277,0.004323389172554013,0.042672347068786615,0.026556690325316733,0.0046887275713713705,0.049366455482142475,1.0,100,2000
Falcon3-3B-Base,Falcon3,ces,ces_Latn,0.36003542304039,0.37206584692001343,0.012030423879623432,0.2982399073839188,0.42460936746001243,0.4091146033795931,0.3500399209379967,0.47384927186183806,1.0,100,2000
Falcon3-3B-Base,Falcon3,deu,deu_Latn,0.528220648765564,0.5259144234657288,-0.0023062252998352207,0.46050539886951447,0.5990557441413403,0.600226442697534,0.5420079752703126,0.6585884993417892,1.0,100,2000
Falcon3-3B-Base,Falcon3,ell,ell_Grek,0.1425836229324341,0.0815756702423096,-0.06100795269012451,0.10346046799421313,0.1868897524476052,0.16202028637022262,0.1177399997080392,0.2096991287826108,1.0,100,2000
Falcon3-3B-Base,Falcon3,eng,,0.8800356185436249,0.9349694275856018,0.05493380904197693,0.7890974410176277,0.9766223980188369,1.0,1.0,1.0,1.0,100,2000
Falcon3-3B-Base,Falcon3,fas,pes_Arab,0.11808295488357544,0.10191830396652221,-0.016164650917053224,0.07140266793966293,0.16819441890716558,0.134179744995994,0.0842896423935904,0.18757672285262844,1.0,100,2000
Falcon3-3B-Base,Falcon3,fra,fra_Latn,0.6736594605445861,0.6243727934360505,-0.049286667108535784,0.5940372662842274,0.7598781517148017,0.765491130528817,0.7146905174031333,0.8142755468220123,1.0,100,2000
Falcon3-3B-Base,Falcon3,hau,hau_Latn,0.2823702716827392,0.24207412958145139,-0.04029614210128782,0.20909810072183602,0.3602643062472343,0.320862321629703,0.23780185284555058,0.4038661980342073,1.0,100,2000
Falcon3-3B-Base,Falcon3,heb,heb_Hebr,0.08899751901626585,0.011206870079040532,-0.07779064893722533,0.05269095003604887,0.12940674376487732,0.10112945105966081,0.061525225377954115,0.14429596747833975,1.0,100,2000
Falcon3-3B-Base,Falcon3,hin,hin_Deva,0.08135069847106932,0.10705124378204342,0.025700545310974116,0.05325878834724423,0.1110517404079437,0.09244023395973106,0.06137050258763541,0.12458163335415472,1.0,100,2000
Falcon3-3B-Base,Falcon3,hye,hye_Armn,0.03424119949340821,-0.04074342012405396,-0.07498461961746215,0.01221187305450443,0.06010404342412952,0.038908879108863946,0.014115263489480638,0.06679424821975903,1.0,100,2000
Falcon3-3B-Base,Falcon3,ind,ind_Latn,0.3971807944774628,0.4051131212711334,0.007932326793670674,0.32963925433158875,0.4728441556990146,0.45132354430694427,0.38469000377922835,0.5187269440688549,1.0,100,2000
Falcon3-3B-Base,Falcon3,ita,ita_Latn,0.5692178487777709,0.5531657826900482,-0.01605206608772275,0.49281910961866376,0.652438159793615,0.6468122843934115,0.5875891720033872,0.7089759306509983,1.0,100,2000
Falcon3-3B-Base,Falcon3,jpn,jpn_Jpan,0.23844124436378472,0.2894271242618561,0.05098587989807133,0.19427345135807988,0.2882524044215679,0.2709449928383379,0.22931013834514233,0.31535970840038374,1.0,100,2000
Falcon3-3B-Base,Falcon3,kat,kat_Geor,0.040969219207763655,-0.005305883884429914,-0.04627510309219357,0.014406603693962091,0.0697606044411659,0.046554046614117515,0.016546356321567594,0.07934666092887471,1.0,100,2000
Falcon3-3B-Base,Falcon3,khm,khm_Khmr,0.2089511513710022,0.16363452672958373,-0.045316624641418446,0.14781681931018828,0.27461745667457577,0.2374348798708812,0.16985907183328308,0.3064134692306324,1.0,100,2000
Falcon3-3B-Base,Falcon3,kor,kor_Hang,0.1725414681434631,0.2034657073020935,0.030924239158630396,0.11982681292295455,0.22892374688386904,0.19606191443592114,0.1386847926160201,0.2555415729687142,1.0,100,2000
Falcon3-3B-Base,Falcon3,mar,mar_Deva,0.047463023662567175,0.01619040012359621,-0.03127262353897097,0.02507751321792608,0.07227342748641973,0.05393307118763438,0.029505768376965207,0.08027580995584357,1.0,100,2000
Falcon3-3B-Base,Falcon3,mya,mya_Mymr,0.1383669471740723,0.1063346123695374,-0.03203233480453491,0.08654507625103,0.1939252650141715,0.15722880331032102,0.09885073753900502,0.21976537095303716,1.0,100,2000
Falcon3-3B-Base,Falcon3,nld,nld_Latn,0.48250975370407106,0.48830259561538697,0.005792841911315933,0.4123200699687004,0.5581633452773094,0.5482843461524646,0.49025724792237246,0.6062791888485812,1.0,100,2000
Falcon3-3B-Base,Falcon3,pol,pol_Latn,0.3419847011566162,0.3456762254238129,0.0036915242671966817,0.28074957740306855,0.4063976603746414,0.38860324963047327,0.3227752227416792,0.4570634693304228,1.0,100,2000
Falcon3-3B-Base,Falcon3,por,por_Latn,0.6855601227283478,0.6346931648254395,-0.050866957902908315,0.6093169822096824,0.7664876490235328,0.7790140629340486,0.7335544655538145,0.8242818192315281,1.0,100,2000
Falcon3-3B-Base,Falcon3,ron,ron_Latn,0.4670579147338867,0.47724304437637327,0.010185129642486574,0.39759157201647755,0.5378558077216147,0.5307261489106805,0.4777348018004666,0.5857516159233697,1.0,100,2000
Falcon3-3B-Base,Falcon3,rus,rus_Cyrl,0.26364678144454956,0.25418726205825803,-0.009459519386291481,0.2147891993522644,0.31675084167718887,0.2995864893296704,0.2573028987782978,0.3446862278093175,1.0,100,2000
Falcon3-3B-Base,Falcon3,som,som_Latn,0.27757477045059203,0.25306042671203616,-0.024514343738555905,0.20910662591457368,0.35024985313415524,0.3154131089716026,0.24148082892320724,0.384746198368158,1.0,100,2000
Falcon3-3B-Base,Falcon3,spa,spa_Latn,0.6843705725669861,0.6492502534389496,-0.035120319128036516,0.6112071326076984,0.763380485266447,0.7776623560982159,0.7309010994391669,0.823107321584507,1.0,100,2000
Falcon3-3B-Base,Falcon3,swa,swh_Latn,0.26934915900230405,0.24222188591957092,-0.027127273082733123,0.20632333481311796,0.33975589925050725,0.3060662015567634,0.23564833769395627,0.37971004468773906,1.0,100,2000
Falcon3-3B-Base,Falcon3,swe,swe_Latn,0.38751895546913145,0.39865167140960694,0.01113271594047546,0.3203669582605362,0.4610974604189395,0.4403446261759705,0.37830245107906346,0.5049543445494291,1.0,100,2000
Falcon3-3B-Base,Falcon3,tam,tam_Taml,0.05564976692199711,0.05519456863403324,-0.0004551982879638583,0.026518570005893728,0.0877423200011254,0.06323581199371472,0.031177794524229932,0.0972285984877905,1.0,100,2000
Falcon3-3B-Base,Falcon3,tel,tel_Telu,0.030558249950408917,0.03583708286285399,0.005278832912445072,0.01009771358966824,0.05172521293163297,0.034723878564119834,0.011230311581974703,0.058986761811366195,1.0,100,2000
Falcon3-3B-Base,Falcon3,tha,tha_Thai,0.23169200897216796,0.2363058352470398,0.004613826274871835,0.16396367537975312,0.30695929092168805,0.26327571758469975,0.18811301977160633,0.3388523110264097,1.0,100,2000
Falcon3-3B-Base,Falcon3,tur,tur_Latn,0.3360420536994934,0.3707124030590057,0.03467034935951233,0.2697563067078591,0.4073472927510738,0.38185051447759694,0.31420276231820027,0.449010857907084,1.0,100,2000
Falcon3-3B-Base,Falcon3,ukr,ukr_Cyrl,0.20027607202529907,0.16476398468017578,-0.0355120873451233,0.15124130040407174,0.25561713242530815,0.2275772341541549,0.17793932401410276,0.2803425197684775,1.0,100,2000
Falcon3-3B-Base,Falcon3,urd,urd_Arab,0.05650407075881958,-0.0017357397079467507,-0.05823981046676632,0.029614283323287985,0.08639945524930949,0.06420657251615387,0.03481672066246342,0.09733981937155077,1.0,100,2000
Falcon3-3B-Base,Falcon3,uzb,uzn_Latn,0.13884468555450438,0.08076363325119021,-0.05808105230331417,0.09928565257787704,0.1831425859332084,0.1577716658608422,0.11538930154722464,0.20113017312513104,1.0,100,2000
Falcon3-3B-Base,Falcon3,vie,vie_Latn,0.2968566381931304,0.3052648222446442,0.008408184051513707,0.22771205681562412,0.37124259218573563,0.3373234354813955,0.26706095150992604,0.4077159294191982,1.0,100,2000
Falcon3-3B-Base,Falcon3,zho-CN,zho_Hans,0.38786616444587707,0.42899891614913943,0.041132751703262346,0.3265524171292782,0.45719905588030807,0.4407391658621257,0.3856031464688958,0.4985159728670906,1.0,100,2000
Falcon3-3B-Base,Falcon3,zul,zul_Latn,0.2985281765460968,0.2786137020587921,-0.019914474487304688,0.22838868460059167,0.37618082633614536,0.3392228340031651,0.2662581526994952,0.41552678991661873,1.0,100,2000
Llama-3.1-8B,Llama-3.1,amh,amh_Ethi,0.3430415320396423,0.3738023364543915,0.030760804414749144,0.28344078072905543,0.40351816466450685,0.3380366063744111,0.28893178367800465,0.3902168123533033,1.0,100,2000
Llama-3.1-8B,Llama-3.1,arb,arb_Arab,0.6249977946281433,0.7586847734451294,0.13368697881698613,0.5566906697750091,0.6957009254992008,0.6158791684243464,0.5798876561556053,0.6545686585059954,1.0,100,2000
Llama-3.1-8B,Llama-3.1,aze-Latn,azj_Latn,0.5881643295288086,0.6326271104812622,0.04446278095245363,0.520782079666853,0.6572674007415772,0.5795830981813107,0.5289134803318589,0.6293822776024268,1.0,100,2000
Llama-3.1-8B,Llama-3.1,ben,ben_Beng,0.6020170104503632,0.6483131754398346,0.046296164989471464,0.532670911937952,0.6748131878972052,0.5932336705189154,0.5496144422958729,0.6365118347461985,1.0,100,2000
Llama-3.1-8B,Llama-3.1,ces,ces_Latn,0.7171040761470795,0.7300565135478974,0.012952437400817873,0.6412658470273017,0.7927590880692005,0.7066416327979875,0.6688781609138059,0.7474518960400284,1.0,100,2000
Llama-3.1-8B,Llama-3.1,deu,deu_Latn,0.7993966579437256,0.7702993452548981,-0.029097312688827516,0.7148430441617966,0.882618917554617,0.7877335778896747,0.7501208080722986,0.8243879664147881,1.0,100,2000
Llama-3.1-8B,Llama-3.1,ell,ell_Grek,0.6830584025382995,0.7213096368312836,0.038251234292984014,0.6104645193815231,0.7562325279712677,0.6730926805763281,0.6347118259317024,0.7111516524080688,1.0,100,2000
Llama-3.1-8B,Llama-3.1,eng,,1.0148058688640595,0.9577854669094086,-0.05702040195465088,0.9178656069636345,1.1135277002751827,1.0,1.0,1.0,1.0,100,2000
Llama-3.1-8B,Llama-3.1,fas,pes_Arab,0.6717419469356537,0.8474281919002533,0.1756862449645996,0.6025606468617916,0.7454421725869179,0.6619413304020203,0.6235622776234957,0.7028764798333459,1.0,100,2000
Llama-3.1-8B,Llama-3.1,fra,fra_Latn,0.7688166606426239,0.7345658504962921,-0.03425081014633181,0.6982468933463097,0.8374758343696593,0.7575997382664057,0.7202586752375153,0.7949179765513793,1.0,100,2000
Llama-3.1-8B,Llama-3.1,hau,hau_Latn,0.5259542751312256,0.5545783412456512,0.028624066114425677,0.45881868693232536,0.6003874710202217,0.5182806793578771,0.4672548140648796,0.5714066890965326,1.0,100,2000
Llama-3.1-8B,Llama-3.1,heb,heb_Hebr,0.6767106485366822,0.7362363600730896,0.05952571153640747,0.6092851589620113,0.7428552294671535,0.6668375393750628,0.6254569204016311,0.7077303722019841,1.0,100,2000
Llama-3.1-8B,Llama-3.1,hin,hin_Deva,0.6369344973564148,0.6513726401329041,0.014438142776489256,0.5734931050539017,0.7018105030357836,0.6276417164096404,0.5884204191003839,0.6663441857328523,1.0,100,2000
Llama-3.1-8B,Llama-3.1,hye,hye_Armn,0.5981586837768554,0.6827926659584045,0.0846339821815491,0.5276827475726604,0.6749459458589553,0.5894316362659734,0.5459825475365286,0.6334660739414946,1.0,100,2000
Llama-3.1-8B,Llama-3.1,ind,ind_Latn,0.7385477674007416,0.740989670753479,0.0024419033527374578,0.6584018408358098,0.819019356817007,0.7277724637397375,0.6840722357591688,0.7707208067830791,1.0,100,2000
Llama-3.1-8B,Llama-3.1,ita,ita_Latn,0.7756546640396118,0.7666679847240448,-0.008986679315567006,0.7031341533362866,0.8492016777992248,0.7643379761962298,0.7263562984869153,0.8040847087845344,1.0,100,2000
Llama-3.1-8B,Llama-3.1,jpn,jpn_Jpan,0.6948480021953582,0.7876474916934967,0.09279948949813846,0.623526575177908,0.7673951774835587,0.6847102717026542,0.6419700500010002,0.726773375144268,1.0,100,2000
Llama-3.1-8B,Llama-3.1,kat,kat_Geor,0.5529192197322845,0.646065444946289,0.09314622521400455,0.4930913092792034,0.6128520030677318,0.5448522093700583,0.5058344094547821,0.5850186615482932,1.0,100,2000
Llama-3.1-8B,Llama-3.1,khm,khm_Khmr,0.6217712879180908,0.6212924957275391,-0.0004787921905517245,0.5449022548794746,0.7092903781831263,0.6126997359742127,0.5687265730711661,0.6584714303683815,1.0,100,2000
Llama-3.1-8B,Llama-3.1,kor,kor_Hang,0.67906325340271,0.7833584582805634,0.10429520487785339,0.6009520471096038,0.7552208272218704,0.669155820080969,0.6285975936786948,0.7107579848237,1.0,100,2000
Llama-3.1-8B,Llama-3.1,mar,mar_Deva,0.5818303084373474,0.6317925596237183,0.04996225118637087,0.5188213938176631,0.6452591163218019,0.5733414895290556,0.5323973589661671,0.6123483175551201,1.0,100,2000
Llama-3.1-8B,Llama-3.1,mya,mya_Mymr,0.4210655212402344,0.46784014225006104,0.04677462100982664,0.34698388031125066,0.5026365666091441,0.41492223701027797,0.3572886862355837,0.47235993357321815,1.0,100,2000
Llama-3.1-8B,Llama-3.1,nld,nld_Latn,0.7980368614196778,0.7635110557079315,-0.03452580571174618,0.7208411568403245,0.871123909085989,0.786393620597577,0.7546274609213974,0.8195957735742387,1.0,100,2000
Llama-3.1-8B,Llama-3.1,pol,pol_Latn,0.7314859735965729,0.7138356137275695,-0.01765035986900326,0.6583749984502792,0.8021413256824017,0.7208137004719675,0.6850282579992376,0.7603754045694556,1.0,100,2000
Llama-3.1-8B,Llama-3.1,por,por_Latn,0.7641865968704223,0.7747242081165314,0.01053761124610904,0.687877973228693,0.8408257737755774,0.7530372264459091,0.7184833589783275,0.788544358761965,1.0,100,2000
Llama-3.1-8B,Llama-3.1,ron,ron_Latn,0.7256351912021637,0.7202892470359802,-0.00534594416618345,0.6517718985974789,0.7988326050937175,0.7150482801350133,0.6709140717858613,0.7595995055731586,1.0,100,2000
Llama-3.1-8B,Llama-3.1,rus,rus_Cyrl,0.6986089146137238,0.7617800796031952,0.06317116498947146,0.6262797645032405,0.7731286236047743,0.6884163129601563,0.6442292519454407,0.7339044519109575,1.0,100,2000
Llama-3.1-8B,Llama-3.1,som,som_Latn,0.4529054796695709,0.5020737874507905,0.04916830778121948,0.3919941879808903,0.5184441928267479,0.44629765511362135,0.4007238424771586,0.4955956109374174,1.0,100,2000
Llama-3.1-8B,Llama-3.1,spa,spa_Latn,0.7555434417724609,0.7836117887496948,0.02806834697723391,0.68104144474864,0.8309571206867694,0.7445201737138074,0.7082781934030851,0.779001712505806,1.0,100,2000
Llama-3.1-8B,Llama-3.1,swa,swh_Latn,0.601912145614624,0.6116806817054748,0.00976853609085085,0.5313235614597798,0.6755707091987133,0.5931303356457573,0.5476236600722685,0.6390894738449134,1.0,100,2000
Llama-3.1-8B,Llama-3.1,swe,swe_Latn,0.7754784083366394,0.7756022906303406,0.0001238822937011874,0.7002845550477504,0.8513017867207525,0.764164292038126,0.7328393445718112,0.7959603897173474,1.0,100,2000
Llama-3.1-8B,Llama-3.1,tam,tam_Taml,0.5631019186973572,0.617882924079895,0.05478100538253788,0.4993530051410198,0.6288321793973446,0.5548863442499352,0.5188555492154558,0.591408337657233,1.0,100,2000
Llama-3.1-8B,Llama-3.1,tel,tel_Telu,0.5682566225528717,0.608403377532959,0.04014675498008729,0.5015114528536797,0.6394935238361359,0.5599658417318374,0.5145250478913802,0.6007401463129565,1.0,100,2000
Llama-3.1-8B,Llama-3.1,tha,tha_Thai,0.7005418252944946,0.8043157076835632,0.10377388238906864,0.6281415059268475,0.7765175985395908,0.6903210227574444,0.6527315469100385,0.7263445911549846,1.0,100,2000
Llama-3.1-8B,Llama-3.1,tur,tur_Latn,0.7028585577011108,0.7308042597770691,0.027945702075958277,0.6283308285474777,0.7776291490793228,0.6926039543778632,0.6572458778146708,0.732958957564135,1.0,100,2000
Llama-3.1-8B,Llama-3.1,ukr,ukr_Cyrl,0.6887535977363587,0.7790227556228637,0.09026915788650515,0.618635655939579,0.7620833434462547,0.678704783711319,0.6387887482254959,0.718572585273351,1.0,100,2000
Llama-3.1-8B,Llama-3.1,urd,urd_Arab,0.611595264673233,0.739769138097763,0.12817387342453002,0.5434478639960288,0.6834729084670544,0.6026721794167713,0.5604498375204752,0.6440309280875772,1.0,100,2000
Llama-3.1-8B,Llama-3.1,uzb,uzn_Latn,0.5343230974674225,0.555452151298523,0.02112905383110052,0.46663165429234504,0.6061438008844852,0.5265274018029934,0.4802099654644637,0.5745593241279691,1.0,100,2000
Llama-3.1-8B,Llama-3.1,vie,vie_Latn,0.729853298664093,0.7596455287933349,0.029792230129241957,0.6558348447084428,0.8039038317501545,0.719204846027415,0.6838327180589721,0.7558770726391726,1.0,100,2000
Llama-3.1-8B,Llama-3.1,zho-CN,zho_Hans,0.6892750859260559,0.8229845297336579,0.13370944380760194,0.6199264140129089,0.7600484137237071,0.6792186634647747,0.6416852166610489,0.7168590618680681,1.0,100,2000
Llama-3.1-8B,Llama-3.1,zul,zul_Latn,0.49347257494926455,0.4987562346458435,0.00528365969657901,0.4250801247954369,0.5667382811009885,0.4862728824200057,0.4358038836725535,0.5403459135146292,1.0,100,2000
Mistral-Nemo-Base-2407,Mistral,amh,amh_Ethi,0.14950864315032958,0.21407540798187255,0.06456676483154299,0.10172642350196838,0.20389882308244703,0.1553130166080216,0.10725625360914587,0.20973869372774023,1.0,100,2000
Mistral-Nemo-Base-2407,Mistral,arb,arb_Arab,0.6589739143848419,0.6181690931320191,-0.04080482125282284,0.5766992842257023,0.7441414011716843,0.6845572560390154,0.6357468166644367,0.7328254392915705,1.0,100,2000
Mistral-Nemo-Base-2407,Mistral,aze-Latn,azj_Latn,0.5419796037673951,0.46350746631622314,-0.07847213745117183,0.4672051211595536,0.6198458025157452,0.5630208757663308,0.5140200089156567,0.615299951660626,1.0,100,2000
Mistral-Nemo-Base-2407,Mistral,ben,ben_Beng,0.5763423645496368,0.5545343768596649,-0.021807987689971848,0.5056206707656384,0.648049687564373,0.5987177018735913,0.5539966796362813,0.6418537267731338,1.0,100,2000
Mistral-Nemo-Base-2407,Mistral,ces,ces_Latn,0.6960518336296082,0.6436097753047944,-0.05244205832481383,0.6211310886144639,0.7793892467617989,0.7230746511949795,0.6810970787664034,0.7687219743623702,1.0,100,2000
Mistral-Nemo-Base-2407,Mistral,deu,deu_Latn,0.7448297107219696,0.6410692822933197,-0.10376042842864987,0.669412965208292,0.8208857865035534,0.7737462316154674,0.7360730018648641,0.8129428738612331,1.0,100,2000
Mistral-Nemo-Base-2407,Mistral,ell,ell_Grek,0.6730989980697631,0.508360550403595,-0.1647384476661682,0.594109513670206,0.7508710929751397,0.6992307177915912,0.6573208716416216,0.7402816359877724,1.0,100,2000
Mistral-Nemo-Base-2407,Mistral,eng,,0.962627900838852,0.9720307064056396,0.009402805566787756,0.8698065169453622,1.056743746072054,1.0,1.0,1.0,1.0,100,2000
Mistral-Nemo-Base-2407,Mistral,fas,pes_Arab,0.6272515869140625,0.5934062337875367,-0.033845353126525826,0.55438374710083,0.6979818107485771,0.651603372775154,0.6071719776772421,0.6987893925690455,1.0,100,2000
Mistral-Nemo-Base-2407,Mistral,fra,fra_Latn,0.760836900472641,0.6287919664382935,-0.1320449340343475,0.6816991834640503,0.8396908630132675,0.7903748684300896,0.7405783240752271,0.8397280930970605,1.0,100,2000
Mistral-Nemo-Base-2407,Mistral,hau,hau_Latn,0.40064088225364686,0.36772913098335264,-0.03291175127029414,0.3243149984478951,0.4880768710374832,0.4161949616300555,0.34656418146337,0.4922115696341467,1.0,100,2000
Mistral-Nemo-Base-2407,Mistral,heb,heb_Hebr,0.6550619637966156,0.5323918354511261,-0.12267012834548945,0.5762989967167378,0.7300151028335093,0.6804934318086795,0.635531773664821,0.7282724182104422,1.0,100,2000
Mistral-Nemo-Base-2407,Mistral,hin,hin_Deva,0.6034256815910339,0.5450575506687164,-0.05836813092231747,0.5314933429062366,0.6783950715065002,0.6268524744246426,0.5798131797290076,0.6760590314953033,1.0,100,2000
Mistral-Nemo-Base-2407,Mistral,hye,hye_Armn,0.5866395545005798,0.48507989645004274,-0.10155965805053706,0.5123145146071911,0.660136312842369,0.6094146595889971,0.5600230783462485,0.6567588220180981,1.0,100,2000
Mistral-Nemo-Base-2407,Mistral,ind,ind_Latn,0.6945986115932464,0.6502791929244995,-0.04431941866874691,0.6205506614744664,0.7742150050699711,0.7215650107252867,0.6780252054925381,0.7673650882351536,1.0,100,2000
Mistral-Nemo-Base-2407,Mistral,ita,ita_Latn,0.775608800649643,0.6286418354511261,-0.14696696519851682,0.695187782138586,0.8613606523871421,0.8057202580288427,0.7653111957904435,0.8465766941664613,1.0,100,2000
Mistral-Nemo-Base-2407,Mistral,jpn,jpn_Jpan,0.6565109455585479,0.5935793030261993,-0.06293164253234858,0.5709452310800552,0.7414869523644446,0.6819986673837856,0.6259601169610624,0.7357554904048921,1.0,100,2000
Mistral-Nemo-Base-2407,Mistral,kat,kat_Geor,0.5629626286029815,0.47642326474189756,-0.0865393638610839,0.4896020940244198,0.6364460548758506,0.5848185244915562,0.5326970334021447,0.6361290379064649,1.0,100,2000
Mistral-Nemo-Base-2407,Mistral,khm,khm_Khmr,0.3357919478416443,0.33693071484565734,0.001138767004013117,0.2569635888338088,0.42687364363670344,0.3488283972955998,0.27750411836174205,0.42724715581364653,1.0,100,2000
Mistral-Nemo-Base-2407,Mistral,kor,kor_Hang,0.6529193198680878,0.6059099793434143,-0.047009340524673426,0.5772368747591973,0.7292867661714554,0.6782676040234463,0.6299604514496463,0.724055346066332,1.0,100,2000
Mistral-Nemo-Base-2407,Mistral,mar,mar_Deva,0.522954283952713,0.46247934460639956,-0.06047493934631344,0.45249199524521827,0.5946743209958076,0.5432569360362409,0.4899516849972784,0.594960249476402,1.0,100,2000
Mistral-Nemo-Base-2407,Mistral,mya,mya_Mymr,0.2966653621196747,0.3511637842655182,0.05449842214584355,0.22705957025289536,0.37246988612413406,0.30818280029194556,0.24272439103355642,0.37483232812513273,1.0,100,2000
Mistral-Nemo-Base-2407,Mistral,nld,nld_Latn,0.7552356684207916,0.7182837462425232,-0.0369519221782684,0.6723513992726803,0.8385745469033717,0.784556179768595,0.7461033497412665,0.8238501617174809,1.0,100,2000
Mistral-Nemo-Base-2407,Mistral,pol,pol_Latn,0.6891372120380401,0.637051693201065,-0.05208551883697504,0.6124247221946716,0.7714363738596439,0.7158915832768955,0.672617089662411,0.7601424710553351,1.0,100,2000
Mistral-Nemo-Base-2407,Mistral,por,por_Latn,0.7840919280052185,0.6434367871284485,-0.14065514087676995,0.7002132886350155,0.8723356941938399,0.8145327258039645,0.7680660056732688,0.8607531117010727,1.0,100,2000
Mistral-Nemo-Base-2407,Mistral,ron,ron_Latn,0.6966159403324127,0.6618134415149689,-0.03480249881744383,0.6261371779441834,0.7660905464589596,0.7236606582100608,0.6911434375742,0.7573121543755077,1.0,100,2000
Mistral-Nemo-Base-2407,Mistral,rus,rus_Cyrl,0.6888696372509002,0.506060289144516,-0.18280934810638427,0.6170312152802944,0.758976593285799,0.71561362043486,0.669795360893863,0.7620468145956131,1.0,100,2000
Mistral-Nemo-Base-2407,Mistral,som,som_Latn,0.37977874636650083,0.3944768488407135,0.014698102474212686,0.3031935974955559,0.4700400949418544,0.3945228951244344,0.3225713844295874,0.47011256348499364,1.0,100,2000
Mistral-Nemo-Base-2407,Mistral,spa,spa_Latn,0.7492075514793396,0.6433639264106751,-0.10584362506866452,0.6769247613847256,0.8254939609467983,0.7782940332671285,0.7355446440620231,0.8225225446889932,1.0,100,2000
Mistral-Nemo-Base-2407,Mistral,swa,swh_Latn,0.6189610266685486,0.5786045062541961,-0.04035652041435238,0.5449622686505318,0.6952091233730315,0.642990948142241,0.5892835661062106,0.6972793715959502,1.0,100,2000
Mistral-Nemo-Base-2407,Mistral,swe,swe_Latn,0.7311962795257568,0.6906992936134339,-0.040496985912322946,0.6491841152310371,0.8166621043086052,0.7595835097742115,0.7112221545173826,0.8098440072761194,1.0,100,2000
Mistral-Nemo-Base-2407,Mistral,tam,tam_Taml,0.5143287813663483,0.42159568548202514,-0.09273309588432309,0.445483513712883,0.5856988785266877,0.5342965655973119,0.48549824966900695,0.5846791241852912,1.0,100,2000
Mistral-Nemo-Base-2407,Mistral,tel,tel_Telu,0.539140145778656,0.49477072954177864,-0.04436941623687742,0.46802651363611236,0.6118974879086018,0.5600711815114015,0.5041443886950565,0.6148252225423595,1.0,100,2000
Mistral-Nemo-Base-2407,Mistral,tha,tha_Thai,0.6423881387710572,0.671843683719635,0.029455544948577897,0.5719670329093933,0.7154256828725337,0.6673275709246201,0.6224970860135147,0.7129073147933453,1.0,100,2000
Mistral-Nemo-Base-2407,Mistral,tur,tur_Latn,0.6508721351623535,0.5928151309490204,-0.05805700421333311,0.5752889632880688,0.7282968656122685,0.6761409414740331,0.6289979622741992,0.7235420488670905,1.0,100,2000
Mistral-Nemo-Base-2407,Mistral,ukr,ukr_Cyrl,0.6617566692829132,0.5509621024131774,-0.11079456686973567,0.5880969717502594,0.7332267602682114,0.6874480458194138,0.6433291121229521,0.7324755956541691,1.0,100,2000
Mistral-Nemo-Base-2407,Mistral,urd,urd_Arab,0.5632753622531891,0.5224374771118164,-0.04083788514137266,0.48905037757754327,0.6387506648302078,0.5851433993990205,0.5299763672818224,0.6377574225395775,1.0,100,2000
Mistral-Nemo-Base-2407,Mistral,uzb,uzn_Latn,0.5123762011528015,0.43630228519439695,-0.0760739159584045,0.43939224642515184,0.5906157493889331,0.5322681803699095,0.479710819089552,0.5875527526586986,1.0,100,2000
Mistral-Nemo-Base-2407,Mistral,vie,vie_Latn,0.7133761811256408,0.6854646515846252,-0.02791152954101555,0.635253398180008,0.7934718819856643,0.7410715817648662,0.6998022855397759,0.7841660639951151,1.0,100,2000
Mistral-Nemo-Base-2407,Mistral,zho-CN,zho_Hans,0.6903881049156189,0.625217673778534,-0.06517043113708493,0.6114352285265923,0.7673060183227062,0.7171910395636796,0.6614322969950923,0.7677342999070013,1.0,100,2000
Mistral-Nemo-Base-2407,Mistral,zul,zul_Latn,0.446106561422348,0.455509375333786,0.009402813911438036,0.37166108202934267,0.52512087520957,0.4634257546800819,0.3985771241953973,0.5262064246503778,1.0,100,2000
OLMo-2-1124-13B,OLMo-2,amh,amh_Ethi,0.16123684763908386,0.14516337037086482,-0.016073477268219057,0.11827536854147908,0.2083651056289673,0.17043360640706193,0.12805752001931942,0.21677729662896295,1.0,100,2000
OLMo-2-1124-13B,OLMo-2,arb,arb_Arab,0.45324419260025023,0.4066352343559265,-0.04660895824432378,0.3837146793603897,0.5258325504362583,0.47909670437635543,0.4182198550523554,0.5430636645789455,1.0,100,2000
OLMo-2-1124-13B,OLMo-2,aze-Latn,azj_Latn,0.3455717360973358,0.2923824894428253,-0.05318924665451052,0.27746573960781096,0.4221560638844968,0.36528273851678644,0.30012599594011186,0.4341937593419426,1.0,100,2000
OLMo-2-1124-13B,OLMo-2,ben,ben_Beng,0.39157879948616026,0.33574831128120425,-0.05583048820495607,0.3297968140244484,0.45710000407695767,0.41391399029558246,0.3657787226589254,0.4609999560164754,1.0,100,2000
OLMo-2-1124-13B,OLMo-2,ces,ces_Latn,0.605952970981598,0.6000528419017792,-0.0059001290798187745,0.5235736650824546,0.6954336096048355,0.6405158105586384,0.5855919253403766,0.6957744374195849,1.0,100,2000
OLMo-2-1124-13B,OLMo-2,deu,deu_Latn,0.7121524918079376,0.6649108612537384,-0.04724163055419928,0.6312097148001193,0.8000621272027492,0.7527728262356648,0.7028876882880506,0.8020892616004285,1.0,100,2000
OLMo-2-1124-13B,OLMo-2,ell,ell_Grek,0.47212754130363466,0.42017900228500366,-0.051948539018631,0.4026486326158047,0.5459924975931644,0.49905713691820197,0.44105890418462695,0.5601624410055679,1.0,100,2000
OLMo-2-1124-13B,OLMo-2,eng,,0.9460390532016754,0.9732891380786896,0.027250084877014122,0.8527739687263965,1.039975560814142,1.0,1.0,1.0,1.0,100,2000
OLMo-2-1124-13B,OLMo-2,fas,pes_Arab,0.5286195182800293,0.45714991092681884,-0.07146960735321051,0.46009914964437487,0.5961519626975059,0.5587713493338619,0.5005548597611895,0.6207110069284847,1.0,100,2000
OLMo-2-1124-13B,OLMo-2,fra,fra_Latn,0.7175499486923218,0.6518769478797912,-0.06567300081253055,0.6433457765877245,0.7985551281869411,0.7584781476662311,0.7050915386769879,0.8143859287318962,1.0,100,2000
OLMo-2-1124-13B,OLMo-2,hau,hau_Latn,0.42171144127845767,0.3073643398284912,-0.11434710144996646,0.33710604456067084,0.5269288705885411,0.4457653622768127,0.361243021755562,0.5356060018901293,1.0,100,2000
OLMo-2-1124-13B,OLMo-2,heb,heb_Hebr,0.3978910744190216,0.3427316439151764,-0.055159430503845266,0.3272270690202714,0.4704617542922496,0.42058630991230306,0.3579217240042564,0.4829785370559422,1.0,100,2000
OLMo-2-1124-13B,OLMo-2,hin,hin_Deva,0.425268657207489,0.3787082350254059,-0.046560422182083144,0.36019481232762346,0.49532962548732756,0.4495254775881126,0.3965159926673354,0.5051336302546597,1.0,100,2000
OLMo-2-1124-13B,OLMo-2,hye,hye_Armn,0.11198444604873657,0.08776195645332337,-0.024222489595413225,0.06449677529931068,0.16421024221181876,0.11837190618056216,0.0703129365255958,0.16662797351022604,1.0,100,2000
OLMo-2-1124-13B,OLMo-2,ind,ind_Latn,0.6730462944507599,0.6498525285720825,-0.023193765878677414,0.5977678741514683,0.7535514957606791,0.7114360577113309,0.6584637632211523,0.766263689228688,1.0,100,2000
OLMo-2-1124-13B,OLMo-2,ita,ita_Latn,0.7387103033065796,0.7364037358760833,-0.0023065674304962734,0.6605345239341259,0.8198939192295075,0.780845463838481,0.7394930895593212,0.8237362179349479,1.0,100,2000
OLMo-2-1124-13B,OLMo-2,jpn,jpn_Jpan,0.5449504101276398,0.4645822477340698,-0.08036816239357,0.4731278733611107,0.6170872768461704,0.5760337359048411,0.5199900410584198,0.6349838339666813,1.0,100,2000
OLMo-2-1124-13B,OLMo-2,kat,kat_Geor,0.11570815086364745,0.07811384558677664,-0.03759430527687082,0.06655686631798742,0.1752584842145443,0.12230800670654866,0.07250419408962584,0.1802169966059879,1.0,100,2000
OLMo-2-1124-13B,OLMo-2,khm,khm_Khmr,0.4578474080562592,0.46359857797622683,0.005751169919967607,0.37461046925187114,0.5560949023663997,0.48396248178842977,0.41585359341561007,0.5607526192934651,1.0,100,2000
OLMo-2-1124-13B,OLMo-2,kor,kor_Hang,0.4950393879413605,0.5006219995021819,0.005582611560821467,0.4241849712729454,0.5645318028032779,0.5232758481439018,0.46252386713755644,0.5818918352906841,1.0,100,2000
OLMo-2-1124-13B,OLMo-2,mar,mar_Deva,0.3762704837322235,0.29284294128417965,-0.08342754244804387,0.3110815524756909,0.44978418108820917,0.39773250634718843,0.3391069737881066,0.45803309244286877,1.0,100,2000
OLMo-2-1124-13B,OLMo-2,mya,mya_Mymr,0.20162524580955501,0.285629061460495,0.08400381565093991,0.14010845765471458,0.26818908944725983,0.21312571096002397,0.15260580327401954,0.27347967074412854,1.0,100,2000
OLMo-2-1124-13B,OLMo-2,nld,nld_Latn,0.6988166582584381,0.6788618528842926,-0.019954805374145564,0.610533901065588,0.7918007927834988,0.7386763325397998,0.6804249515643283,0.7978078487307204,1.0,100,2000
OLMo-2-1124-13B,OLMo-2,pol,pol_Latn,0.6069672465324402,0.6119756245613098,0.005008378028869553,0.5303300000429153,0.6888200469017028,0.6415879391852629,0.5880688325217843,0.6959726007664652,1.0,100,2000
OLMo-2-1124-13B,OLMo-2,por,por_Latn,0.7410100388526917,0.7128813421726227,-0.028128696680069006,0.6565868887603282,0.8312883161008359,0.7832763735755887,0.7322241175702977,0.8341764859022774,1.0,100,2000
OLMo-2-1124-13B,OLMo-2,ron,ron_Latn,0.6869745028018951,0.5893432343006134,-0.09763126850128179,0.600828400015831,0.7825905580222606,0.7261587145657155,0.6686170356956317,0.7830196587122976,1.0,100,2000
OLMo-2-1124-13B,OLMo-2,rus,rus_Cyrl,0.5832604610919953,0.49820066928863527,-0.08505979180336004,0.5057525818049908,0.6674474692940712,0.6165289467893209,0.5520392806134338,0.6827287473071969,1.0,100,2000
OLMo-2-1124-13B,OLMo-2,som,som_Latn,0.39144314885139464,0.34556462526321413,-0.045878523588180585,0.3189668273925782,0.4707571028769016,0.4137706023093185,0.34689196977250963,0.4827002072954045,1.0,100,2000
OLMo-2-1124-13B,OLMo-2,spa,spa_Latn,0.7516085720062256,0.7114530265331268,-0.04015554547309877,0.675551081418991,0.8285321583151817,0.794479434503851,0.747482433740564,0.84429967933758,1.0,100,2000
OLMo-2-1124-13B,OLMo-2,swa,swh_Latn,0.4875676345825195,0.4450272810459137,-0.042540353536605874,0.41610418379306796,0.5742070781588554,0.5153779148254469,0.4501320699750273,0.5841294552645977,1.0,100,2000
OLMo-2-1124-13B,OLMo-2,swe,swe_Latn,0.6851056826114654,0.6545839083194732,-0.030521774291992244,0.5988742894530296,0.7829751051664352,0.724183299085662,0.6557278973232767,0.7898997310356121,1.0,100,2000
OLMo-2-1124-13B,OLMo-2,tam,tam_Taml,0.3142511200904846,0.22937370300292964,-0.08487741708755495,0.2504307943582535,0.38878126740455626,0.33217563167922726,0.2772166108034477,0.393278801455867,1.0,100,2000
OLMo-2-1124-13B,OLMo-2,tel,tel_Telu,0.3406461524963379,0.21917013287544246,-0.12147601962089544,0.2802145187556744,0.4054416762590408,0.3600762054626506,0.30795107850364495,0.41285845384825315,1.0,100,2000
OLMo-2-1124-13B,OLMo-2,tha,tha_Thai,0.5490263319015503,0.6414817321300507,0.09245540022850034,0.46378597867488863,0.6410897135734558,0.5803421434278883,0.5103383968261219,0.6508586727625152,1.0,100,2000
OLMo-2-1124-13B,OLMo-2,tur,tur_Latn,0.574485548734665,0.5678949236869812,-0.0065906250476837425,0.49233726704120634,0.6593002679646015,0.6072535238269883,0.5429857115125243,0.6703046833033043,1.0,100,2000
OLMo-2-1124-13B,OLMo-2,ukr,ukr_Cyrl,0.4988769829273224,0.47830671310424805,-0.020570269823074402,0.42037231811881065,0.5848051775991917,0.5273323350013676,0.4676052508769842,0.5905203173145853,1.0,100,2000
OLMo-2-1124-13B,OLMo-2,urd,urd_Arab,0.3485040307044983,0.30783105731010435,-0.04067297339439398,0.28575690621137617,0.4161598528027534,0.3683822877343782,0.3154535654847545,0.4193817526194197,1.0,100,2000
OLMo-2-1124-13B,OLMo-2,uzb,uzn_Latn,0.2655376899242401,0.17178353667259214,-0.09375415325164799,0.20061988395452493,0.3400601505339145,0.28068364516832806,0.2201688677706039,0.3466735549625451,1.0,100,2000
OLMo-2-1124-13B,OLMo-2,vie,vie_Latn,0.6466278076171875,0.6796415853500366,0.033013777732849095,0.5713525357544422,0.7344690867066382,0.6835106916874184,0.6275368962889496,0.7463011271723252,1.0,100,2000
OLMo-2-1124-13B,OLMo-2,zho-CN,zho_Hans,0.6052018201351166,0.6335334944725036,0.02833167433738707,0.5258904620707034,0.6870954834222793,0.6397218149577811,0.5763039135823553,0.6997417561619522,1.0,100,2000
OLMo-2-1124-13B,OLMo-2,zul,zul_Latn,0.4514701747894287,0.39377216339111326,-0.0576980113983155,0.36735866847634313,0.5557023911774157,0.4772214986913282,0.39803693587338823,0.5609737999841231,1.0,100,2000
Qwen2.5-0.5B,Qwen2.5,amh,amh_Ethi,0.09170260667800902,-0.035763149261474635,-0.12746575593948364,0.0433575928211211,0.14826966613531103,0.08739817830026295,0.041853928259931256,0.13751077106431586,1.0,100,2000
Qwen2.5-0.5B,Qwen2.5,arb,arb_Arab,0.4723354434967041,0.03973750829696653,-0.43259793519973755,0.4158946288228035,0.5293564919233321,0.4501644915417467,0.410206190421627,0.4900964087792247,1.0,100,2000
Qwen2.5-0.5B,Qwen2.5,aze-Latn,azj_Latn,0.255101363658905,0.11927299976348876,-0.13582836389541622,0.19824653565883638,0.31852795463800426,0.2431271615210018,0.1928047884152627,0.29574441312077576,1.0,100,2000
Qwen2.5-0.5B,Qwen2.5,ben,ben_Beng,0.08000461578369142,-0.013832318782806396,-0.0938369345664978,0.05256572943925861,0.1112255603075027,0.07624927936518396,0.0516930644266945,0.10282319324028781,1.0,100,2000
Qwen2.5-0.5B,Qwen2.5,ces,ces_Latn,0.5174473941326141,0.32398340106010437,-0.19346399307250978,0.42323613762855533,0.6202081387341022,0.49315893246308,0.41854130067222267,0.5676796663207677,1.0,100,2000
Qwen2.5-0.5B,Qwen2.5,deu,deu_Latn,0.6235401904582978,0.46566691279411315,-0.15787327766418457,0.5441091797947883,0.7028245948553085,0.5942718393426306,0.5454548404843663,0.6392387038808106,1.0,100,2000
Qwen2.5-0.5B,Qwen2.5,ell,ell_Grek,0.17006563901901245,0.15813449621200562,-0.011931142807006832,0.12411699140071869,0.22369243460893626,0.1620829285030146,0.11752039307457693,0.20819134630183037,1.0,100,2000
Qwen2.5-0.5B,Qwen2.5,eng,,1.0492507791519166,0.926127576828003,-0.12312320232391358,0.9418780494332313,1.1630964383780955,1.0,1.0,1.0,1.0,100,2000
Qwen2.5-0.5B,Qwen2.5,fas,pes_Arab,0.33817577600479126,0.11962716341018673,-0.21854861259460448,0.27579417437314985,0.4047187579870224,0.32230214427682424,0.2755955323536266,0.370055595192726,1.0,100,2000
Qwen2.5-0.5B,Qwen2.5,fra,fra_Latn,0.7101706719398498,0.4342745411396027,-0.2758961308002472,0.6210991830527782,0.8019986697733401,0.6768359729157059,0.629745205051364,0.7245953672639618,1.0,100,2000
Qwen2.5-0.5B,Qwen2.5,hau,hau_Latn,0.3224645245075226,0.2580058968067169,-0.06445862770080572,0.25389840218424803,0.3936910896897315,0.30732836316610856,0.25098328707690076,0.3653688416620051,1.0,100,2000
Qwen2.5-0.5B,Qwen2.5,heb,heb_Hebr,0.3011982297897339,0.01756260156631466,-0.2836356282234192,0.2456752182245254,0.3630495012998579,0.28706028699181424,0.24499707343850924,0.3281398051398757,1.0,100,2000
Qwen2.5-0.5B,Qwen2.5,hin,hin_Deva,0.16038480043411255,0.0870691347122192,-0.07331566572189332,0.12068840789794918,0.20375675916671745,0.1528564987711971,0.11766021028256465,0.18908726864878686,1.0,100,2000
Qwen2.5-0.5B,Qwen2.5,hye,hye_Armn,0.07428783416748043,-0.06416103124618534,-0.13844886541366577,0.036551419198512985,0.11796082109212873,0.07080083774398095,0.035644710200507634,0.10925666060246027,1.0,100,2000
Qwen2.5-0.5B,Qwen2.5,ind,ind_Latn,0.6436142408847809,0.3548886430263519,-0.28872559785842894,0.5545231074392796,0.7397999946475027,0.6134036339768062,0.5591630184256058,0.6685844429990311,1.0,100,2000
Qwen2.5-0.5B,Qwen2.5,ita,ita_Latn,0.6835333395004273,0.46267877459526063,-0.2208545649051667,0.596878819346428,0.7827780107259751,0.6514489701431628,0.5978292370020534,0.7064848134436738,1.0,100,2000
Qwen2.5-0.5B,Qwen2.5,jpn,jpn_Jpan,0.5905231404304504,0.29753109216690066,-0.2929920482635498,0.521459741294384,0.6647816700935364,0.5628045765262673,0.5189236008727169,0.605613524313189,1.0,100,2000
Qwen2.5-0.5B,Qwen2.5,kat,kat_Geor,0.10691107511520387,0.015876901149749753,-0.0910341739654541,0.07171089822053908,0.1453920827507973,0.10189277648344226,0.06947158429703569,0.13617825292824173,1.0,100,2000
Qwen2.5-0.5B,Qwen2.5,khm,khm_Khmr,0.2713771820068359,0.0809241318702698,-0.19045305013656616,0.20035841339826585,0.3529840870499611,0.2586390092806825,0.19612596387077288,0.3250225243575862,1.0,100,2000
Qwen2.5-0.5B,Qwen2.5,kor,kor_Hang,0.513994996547699,0.2012777829170227,-0.3127172136306763,0.447540800511837,0.5850308925509452,0.48986858695797053,0.4448726303717788,0.5357097876313259,1.0,100,2000
Qwen2.5-0.5B,Qwen2.5,mar,mar_Deva,0.10863175153732298,0.018523085117340056,-0.09010866641998291,0.07088472002744668,0.1512419915199279,0.10353268608018316,0.06976979463847306,0.1388945442065686,1.0,100,2000
Qwen2.5-0.5B,Qwen2.5,mya,mya_Mymr,0.2042300081253052,0.09123234748840332,-0.11299766063690188,0.14542948496341704,0.26975662171840664,0.1946436563910672,0.1427055727860815,0.24857842710738862,1.0,100,2000
Qwen2.5-0.5B,Qwen2.5,nld,nld_Latn,0.6340704870223999,0.48335875153541563,-0.1507117354869842,0.5532719716131687,0.7232808971703052,0.6043078543481315,0.5582739631635738,0.6533073468784214,1.0,100,2000
Qwen2.5-0.5B,Qwen2.5,pol,pol_Latn,0.5223990094661712,0.30034208178520205,-0.22205692768096924,0.4331873349249363,0.6284306229650974,0.4978781239394584,0.4299697123540385,0.5730805826047893,1.0,100,2000
Qwen2.5-0.5B,Qwen2.5,por,por_Latn,0.7339244067668915,0.3622030997276306,-0.3717213070392609,0.6438176562786102,0.8357654386460781,0.6994747312554817,0.6495034285517807,0.7577192959311136,1.0,100,2000
Qwen2.5-0.5B,Qwen2.5,ron,ron_Latn,0.55660684466362,0.3140611970424652,-0.2425456476211548,0.4800191564559938,0.6434738963246345,0.5304802776639457,0.4797950834797047,0.5848901901012978,1.0,100,2000
Qwen2.5-0.5B,Qwen2.5,rus,rus_Cyrl,0.5715673542022706,0.22162566900253292,-0.34994168519973756,0.5030703487992286,0.6420808866024017,0.5447385558905702,0.5013212084636912,0.5869529199029495,1.0,100,2000
Qwen2.5-0.5B,Qwen2.5,som,som_Latn,0.3554577469825745,0.284851016998291,-0.07060672998428347,0.28555460405349736,0.43248426055908196,0.3387729168711051,0.282849774966683,0.399291517266765,1.0,100,2000
Qwen2.5-0.5B,Qwen2.5,spa,spa_Latn,0.7194777679443359,0.40483153343200684,-0.3146462345123291,0.6340039785504341,0.8158472129702566,0.6857062031689621,0.6295816174986182,0.7431486421054853,1.0,100,2000
Qwen2.5-0.5B,Qwen2.5,swa,swh_Latn,0.3098917579650879,0.2333684003353119,-0.076523357629776,0.2413166300058365,0.3829163815975189,0.295345749674416,0.2383010703710681,0.3544809068918958,1.0,100,2000
Qwen2.5-0.5B,Qwen2.5,swe,swe_Latn,0.523393988609314,0.4273004710674286,-0.09609351754188537,0.44370584151148795,0.6092898675203323,0.49882639975960785,0.44169988074133415,0.5626179887021938,1.0,100,2000
Qwen2.5-0.5B,Qwen2.5,tam,tam_Taml,0.10138656377792364,0.037738955020904574,-0.06364760875701907,0.06449773794412618,0.14614155930280692,0.09662758016712829,0.06293650201823885,0.13411764605505158,1.0,100,2000
Qwen2.5-0.5B,Qwen2.5,tel,tel_Telu,0.07059352397918701,0.027363986968994142,-0.04322953701019287,0.04020755004882811,0.10557610315084451,0.06727993477045212,0.03941718078196155,0.09636129177186536,1.0,100,2000
Qwen2.5-0.5B,Qwen2.5,tha,tha_Thai,0.6141485154628754,0.39939886569976807,-0.2147496497631073,0.5242908927798271,0.7075800131261347,0.5853210001514381,0.532190000949212,0.6381741653002166,1.0,100,2000
Qwen2.5-0.5B,Qwen2.5,tur,tur_Latn,0.45601731538772583,0.29924720287323,-0.15677011251449588,0.3777531228661537,0.5396571002602576,0.4346123199987646,0.3759731194571162,0.4944032755457368,1.0,100,2000
Qwen2.5-0.5B,Qwen2.5,ukr,ukr_Cyrl,0.38060341358184824,0.1545886135101318,-0.22601480007171634,0.31622348272800455,0.44661572068929656,0.36273827110186235,0.31832705521273374,0.4068345212677548,1.0,100,2000
Qwen2.5-0.5B,Qwen2.5,urd,urd_Arab,0.14034913778305053,-0.04530454874038698,-0.1856536865234375,0.09302526646852494,0.197396054148674,0.13376129002876821,0.09149648156433425,0.1809605218045719,1.0,100,2000
Qwen2.5-0.5B,Qwen2.5,uzb,uzn_Latn,0.17737724304199218,0.09563559770584108,-0.08174164533615112,0.12820843088626865,0.23252440237998961,0.16905133316685436,0.12513633990630643,0.21679003796085008,1.0,100,2000
Qwen2.5-0.5B,Qwen2.5,vie,vie_Latn,0.7183943665027619,0.35660959720611574,-0.3617847692966461,0.6234909060299396,0.8274612961411475,0.6846736555043803,0.629178506992656,0.7462865905693217,1.0,100,2000
Qwen2.5-0.5B,Qwen2.5,zho-CN,zho_Hans,0.7230059397220612,0.5458531165122986,-0.17715282320976258,0.641625018209219,0.8172419522106646,0.6890687661022744,0.6430847106493818,0.7367074776954609,1.0,100,2000
Qwen2.5-0.5B,Qwen2.5,zul,zul_Latn,0.33807475090026856,0.2973072600364685,-0.04076749086380005,0.2746234207153321,0.40819611823558805,0.32220586118937744,0.2672421480735551,0.3770119887639,1.0,100,2000
Qwen2.5-1.5B,Qwen2.5,amh,amh_Ethi,0.09869295716285703,0.06208471894264218,-0.03660823822021487,0.05201406279206276,0.15572163721919058,0.09163798518902576,0.050097575997608106,0.1402659121375742,1.0,100,2000
Qwen2.5-1.5B,Qwen2.5,arb,arb_Arab,0.574758208990097,0.33321945905685424,-0.24153874993324279,0.5064433099925517,0.6471957630515098,0.5336721662498491,0.487500091737769,0.5808410517268885,1.0,100,2000
Qwen2.5-1.5B,Qwen2.5,aze-Latn,azj_Latn,0.3545393919944763,0.2546103119850159,-0.09992908000946046,0.28567098239064215,0.4272768644690513,0.3291954814861228,0.27451699535155655,0.3819737106009526,1.0,100,2000
Qwen2.5-1.5B,Qwen2.5,ben,ben_Beng,0.2903308355808258,0.1472457242012024,-0.1430851113796234,0.23909773942828177,0.34491921544075005,0.26957681252747046,0.22712124020422794,0.308029311433232,1.0,100,2000
Qwen2.5-1.5B,Qwen2.5,ces,ces_Latn,0.6168551886081696,0.47738963961601255,-0.13946554899215702,0.5413039252460002,0.7012549141347408,0.572759883404559,0.5238597549382049,0.622732977791727,1.0,100,2000
Qwen2.5-1.5B,Qwen2.5,deu,deu_Latn,0.7379107129573822,0.6208167934417724,-0.11709391951560978,0.655925292134285,0.8261889971196651,0.6851618689794511,0.640212931907308,0.7295608291960236,1.0,100,2000
Qwen2.5-1.5B,Qwen2.5,ell,ell_Grek,0.35907282948493957,0.3270695960521698,-0.032003233432769757,0.300167950451374,0.42176884421706184,0.3334048505186154,0.2867701869002458,0.383385078577944,1.0,100,2000
Qwen2.5-1.5B,Qwen2.5,eng,,1.0769874191284179,0.9755835890769958,-0.10140383005142212,0.9787487064599991,1.1788289003372192,1.0,1.0,1.0,1.0,100,2000
Qwen2.5-1.5B,Qwen2.5,fas,pes_Arab,0.4937726366519928,0.34301945447921744,-0.1507531821727753,0.416116001278162,0.5797271080613136,0.4584757703591302,0.39811924736359017,0.5206121937099388,1.0,100,2000
Qwen2.5-1.5B,Qwen2.5,fra,fra_Latn,0.7698862981796265,0.5435433125495911,-0.2263429856300354,0.6875519246757031,0.858047359406948,0.7148517099695356,0.6713148732689515,0.756521749407109,1.0,100,2000
Qwen2.5-1.5B,Qwen2.5,hau,hau_Latn,0.3584269905090332,0.329633594751358,-0.028793395757675155,0.28672613480687137,0.42992179298400873,0.3328051787263218,0.2694743078612366,0.3951757524033779,1.0,100,2000
Qwen2.5-1.5B,Qwen2.5,heb,heb_Hebr,0.4725832235813141,0.3398652422428131,-0.13271798133850102,0.4092449362277985,0.5465769177675247,0.4388010622851707,0.39168510886417235,0.4891808800226303,1.0,100,2000
Qwen2.5-1.5B,Qwen2.5,hin,hin_Deva,0.3519451713562012,0.24698357343673705,-0.1049615979194641,0.2940070944130421,0.4123378291726112,0.3267867062374996,0.2827241894167104,0.37214712257166777,1.0,100,2000
Qwen2.5-1.5B,Qwen2.5,hye,hye_Armn,0.15172250866889953,0.08282682657241819,-0.06889568209648132,0.10706139200925824,0.1977730170190334,0.14087676975064872,0.10046829669307492,0.18127510032751382,1.0,100,2000
Qwen2.5-1.5B,Qwen2.5,ind,ind_Latn,0.735784740447998,0.4663797378540039,-0.26940500259399414,0.6535817137658596,0.8253056122064589,0.6831878695885346,0.6414806636031354,0.7252730209765916,1.0,100,2000
Qwen2.5-1.5B,Qwen2.5,ita,ita_Latn,0.7614143037796021,0.6058328199386597,-0.1555814838409424,0.6751499644815921,0.8617335779070854,0.7069853280141358,0.6539317794039963,0.755648432625905,1.0,100,2000
Qwen2.5-1.5B,Qwen2.5,jpn,jpn_Jpan,0.6456821513175964,0.4515819811820984,-0.19410017013549813,0.5667822669744491,0.7268039198219776,0.5995261781610529,0.5480583001024615,0.6535448882676608,1.0,100,2000
Qwen2.5-1.5B,Qwen2.5,kat,kat_Geor,0.170963317155838,0.14687890291213987,-0.02408441424369813,0.11846046900749203,0.2244696271419525,0.15874216738222888,0.11312937993166353,0.20482112775560576,1.0,100,2000
Qwen2.5-1.5B,Qwen2.5,khm,khm_Khmr,0.3275199043750763,0.25019090414047235,-0.07732900023460389,0.2513593130409717,0.4167532083392142,0.3041074561856358,0.23568867756679812,0.3734763758602128,1.0,100,2000
Qwen2.5-1.5B,Qwen2.5,kor,kor_Hang,0.6501042962074279,0.4551539707183838,-0.1949503254890442,0.5705843595862389,0.7328072531223296,0.6036322102383916,0.563411280367433,0.6433873590051924,1.0,100,2000
Qwen2.5-1.5B,Qwen2.5,mar,mar_Deva,0.23370837092399596,0.1348699140548706,-0.0988384568691254,0.1805145838856697,0.29613743990659713,0.21700195078706766,0.1692903156208907,0.2693317058407506,1.0,100,2000
Qwen2.5-1.5B,Qwen2.5,mya,mya_Mymr,0.21838659048080444,0.1518868792057037,-0.06649971127510072,0.14684591773152347,0.2978628553152083,0.2027754332149394,0.13881710553045512,0.26728488620254176,1.0,100,2000
Qwen2.5-1.5B,Qwen2.5,nld,nld_Latn,0.7312931346893311,0.6269695270061493,-0.1043236076831818,0.6545953684151172,0.8118709609806537,0.6790173419863628,0.6400632740609992,0.7155797050986458,1.0,100,2000
Qwen2.5-1.5B,Qwen2.5,pol,pol_Latn,0.646823890209198,0.49506779670715334,-0.1517560935020447,0.5692611331045628,0.7303435792326927,0.600586300936234,0.553028784886602,0.6504830799553467,1.0,100,2000
Qwen2.5-1.5B,Qwen2.5,por,por_Latn,0.7658376681804657,0.4294913566112518,-0.33634631156921385,0.6890081217288971,0.8514669232368469,0.7110924924269229,0.6709256136829335,0.7515662600692316,1.0,100,2000
Qwen2.5-1.5B,Qwen2.5,ron,ron_Latn,0.6302912652492523,0.504407422542572,-0.1258838427066803,0.5528738160133362,0.7056974993646145,0.5852354949135182,0.539989492911879,0.6283089799041776,1.0,100,2000
Qwen2.5-1.5B,Qwen2.5,rus,rus_Cyrl,0.6599181199073791,0.3449943327903748,-0.3149237871170044,0.583926717966795,0.7382670505940914,0.6127445021051744,0.5651010545545178,0.6629310851867248,1.0,100,2000
Qwen2.5-1.5B,Qwen2.5,som,som_Latn,0.3426752197742462,0.33618242502212525,-0.006492794752121009,0.2711759168207646,0.41855233609676357,0.3181794083087486,0.25704401717607717,0.3819042256231991,1.0,100,2000
Qwen2.5-1.5B,Qwen2.5,spa,spa_Latn,0.7579686951637268,0.47310211420059206,-0.2848665809631348,0.6861108947396278,0.8352152942419052,0.7037860254459928,0.6624163774307247,0.7452089605776262,1.0,100,2000
Qwen2.5-1.5B,Qwen2.5,swa,swh_Latn,0.3289776575565338,0.30832300305366517,-0.020654654502868672,0.2655438039302826,0.391974241822958,0.30546100327037073,0.24790512648515842,0.3629669361000216,1.0,100,2000
Qwen2.5-1.5B,Qwen2.5,swe,swe_Latn,0.6510040307044983,0.5585623121261597,-0.09244171857833866,0.5734237827658654,0.7383060727119446,0.6044676280725186,0.5489269296755747,0.6635800000828083,1.0,100,2000
Qwen2.5-1.5B,Qwen2.5,tam,tam_Taml,0.16727997064590455,0.08375389099121094,-0.08352607965469361,0.11579582878947252,0.22794199490547176,0.15532212138678514,0.11179534504912356,0.20130531306623367,1.0,100,2000
Qwen2.5-1.5B,Qwen2.5,tel,tel_Telu,0.13836204409599306,0.08957018494606019,-0.048791859149932885,0.09824433109164239,0.18009960585832602,0.12847136525324168,0.09415645433332959,0.16297714673960612,1.0,100,2000
Qwen2.5-1.5B,Qwen2.5,tha,tha_Thai,0.7018631744384766,0.46503238916397094,-0.23683078527450568,0.6226791312396527,0.7913881745338439,0.6516911543929444,0.6020268068810583,0.7063693653478864,1.0,100,2000
Qwen2.5-1.5B,Qwen2.5,tur,tur_Latn,0.5839796829223632,0.4496421718597412,-0.1343375110626221,0.5047569718062878,0.6688195336461066,0.5422344519074931,0.48429017140036557,0.6004533122117601,1.0,100,2000
Qwen2.5-1.5B,Qwen2.5,ukr,ukr_Cyrl,0.539008355140686,0.3793831670284271,-0.15962518811225898,0.46238400000333785,0.6158279470801353,0.5004778566279758,0.44398363093514104,0.5559421252319419,1.0,100,2000
Qwen2.5-1.5B,Qwen2.5,urd,urd_Arab,0.3007995641231537,0.18238110303878785,-0.11841846108436588,0.24002814641594888,0.36370233798027024,0.2792971939881936,0.2313363868970842,0.3255699520756336,1.0,100,2000
Qwen2.5-1.5B,Qwen2.5,uzb,uzn_Latn,0.23075737118721004,0.16066251873970028,-0.07009485244750976,0.17384768703579903,0.28449314430356015,0.21426190045372756,0.1648147630403747,0.26168779691648525,1.0,100,2000
Qwen2.5-1.5B,Qwen2.5,vie,vie_Latn,0.7349684512615204,0.4046494579315186,-0.3303189933300018,0.6621173345148563,0.8127913763821125,0.6824299320565083,0.646995904103926,0.7178006250704794,1.0,100,2000
Qwen2.5-1.5B,Qwen2.5,zho-CN,zho_Hans,0.8026980817317962,0.6359199416637421,-0.1667781400680542,0.7131558272838592,0.8993795515298842,0.7453179744489513,0.6954333055054776,0.7919684549089013,1.0,100,2000
Qwen2.5-1.5B,Qwen2.5,zul,zul_Latn,0.3590394377708435,0.3249901831150055,-0.03404925465583802,0.29310474765300754,0.43125700572133063,0.3333738457793743,0.27409619517633294,0.3917735962994309,1.0,100,2000
Qwen2.5-3B,Qwen2.5,amh,amh_Ethi,0.1764340031147003,2.1797407376766205,2.00330673456192,0.13078860166668896,0.22788614419102668,0.16022731277452346,0.11936686667376693,0.2007858523108549,1.0,100,2000
Qwen2.5-3B,Qwen2.5,arb,arb_Arab,0.6659905922412872,2.5561638140678404,1.8901732218265535,0.5905431334674359,0.7428498331010341,0.6048147241694811,0.5572132351981094,0.650618636718832,1.0,100,2000
Qwen2.5-3B,Qwen2.5,aze-Latn,azj_Latn,0.4287670266628265,2.4011218667030336,1.972354840040207,0.35725887921452515,0.5029334444701671,0.38938179305405735,0.33529488733644625,0.44190950864395373,1.0,100,2000
Qwen2.5-3B,Qwen2.5,ben,ben_Beng,0.4753251326084137,2.4571750569343567,1.981849924325943,0.40758413457870485,0.5477908280789852,0.43166321314224354,0.3884711885630622,0.4738305997190476,1.0,100,2000
Qwen2.5-3B,Qwen2.5,ces,ces_Latn,0.6853078734874726,2.672349327802658,1.9870414543151855,0.6091706345677377,0.7618662675321101,0.6223575787754259,0.5783759294232044,0.6619114153102906,1.0,100,2000
Qwen2.5-3B,Qwen2.5,deu,deu_Latn,0.7612995779514313,2.7175787591934206,1.956279181241989,0.682246519446373,0.8401349547505378,0.6913689166381181,0.6498885229058093,0.7320308842991939,1.0,100,2000
Qwen2.5-3B,Qwen2.5,ell,ell_Grek,0.5082436561584472,2.536553339958191,2.0283096837997436,0.43555253246426595,0.5808792756795883,0.4615579413455016,0.4123045050492821,0.5091449496210075,1.0,100,2000
Qwen2.5-3B,Qwen2.5,eng,,1.1011481130123137,3.0255756509304046,1.9244275379180908,0.9941457935273648,1.2120597351193425,1.0,1.0,1.0,1.0,100,2000
Qwen2.5-3B,Qwen2.5,fas,pes_Arab,0.578444151878357,2.5451950287818907,1.966750876903534,0.507988300293684,0.654974392145872,0.5253100332669675,0.48210754654642446,0.5701607438328246,1.0,100,2000
Qwen2.5-3B,Qwen2.5,fra,fra_Latn,0.8003833305835724,2.6638084065914156,1.863425076007843,0.71871630397439,0.8820451620221138,0.7268625547511809,0.6869370729434275,0.7656336963101743,1.0,100,2000
Qwen2.5-3B,Qwen2.5,hau,hau_Latn,0.364083548784256,2.3627758765220643,1.9986923277378081,0.2903845157921314,0.4394913602471351,0.330639942512606,0.2700529598913002,0.3883227533668421,1.0,100,2000
Qwen2.5-3B,Qwen2.5,heb,heb_Hebr,0.6212507236003876,2.540877754688263,1.9196270310878754,0.5442335793077946,0.6996404925286769,0.5641845236431335,0.52108396370533,0.6075423146920581,1.0,100,2000
Qwen2.5-3B,Qwen2.5,hin,hin_Deva,0.4862349963188171,2.483916425704956,1.997681429386139,0.4204392233788967,0.5526605064570904,0.4415709299893063,0.39620296234556873,0.486462674505361,1.0,100,2000
Qwen2.5-3B,Qwen2.5,hye,hye_Armn,0.27392526984214777,2.260412484407425,1.986487214565277,0.21160493868589395,0.33703344571590416,0.2487633285705722,0.19882815023776082,0.2963034453047949,1.0,100,2000
Qwen2.5-3B,Qwen2.5,ind,ind_Latn,0.7924675881862641,2.6200192773342135,1.8275516891479493,0.706642351269722,0.8852963480353355,0.7196739283495481,0.6786992953351157,0.7640728149830488,1.0,100,2000
Qwen2.5-3B,Qwen2.5,ita,ita_Latn,0.8046991503238679,2.7521069264411926,1.9474077761173247,0.7232512923777104,0.885142862021923,0.7307819364304439,0.6930465206014211,0.7689421836272239,1.0,100,2000
Qwen2.5-3B,Qwen2.5,jpn,jpn_Jpan,0.7592061030864715,2.618371435403824,1.8591653323173523,0.6760459492206573,0.8433585753142832,0.6894677420002822,0.6437787519491269,0.734869332264155,1.0,100,2000
Qwen2.5-3B,Qwen2.5,kat,kat_Geor,0.3401619863510132,2.354220904111862,2.014058917760849,0.27694708451628686,0.40422707441449157,0.3089157419708617,0.26109985914154443,0.3551800554292554,1.0,100,2000
Qwen2.5-3B,Qwen2.5,khm,khm_Khmr,0.38851272225379946,2.361041805744171,1.9725290834903717,0.3114350634813309,0.4711985718011856,0.352825126486372,0.2934355675244403,0.41501387408926677,1.0,100,2000
Qwen2.5-3B,Qwen2.5,kor,kor_Hang,0.7518440437316894,2.6396063673496246,1.8877623236179353,0.665951977044344,0.8385562702417373,0.6827819390026797,0.639728976944332,0.7244510491075448,1.0,100,2000
Qwen2.5-3B,Qwen2.5,mar,mar_Deva,0.3954237413406372,2.3756390869617463,1.980215345621109,0.33112862101197243,0.46431978449225425,0.35910132040176806,0.3114671453672289,0.41022127131440855,1.0,100,2000
Qwen2.5-3B,Qwen2.5,mya,mya_Mymr,0.2507081925868988,2.262475777864456,2.0117675852775574,0.18381051209568974,0.3188136041760444,0.2276789013433066,0.1707725482953151,0.28445402496906047,1.0,100,2000
Qwen2.5-3B,Qwen2.5,nld,nld_Latn,0.7815301358699799,2.7178166842460634,1.9362865483760834,0.7014373515844345,0.8614268412292003,0.7097411571019423,0.6691612921371715,0.7527417360466613,1.0,100,2000
Qwen2.5-3B,Qwen2.5,pol,pol_Latn,0.743128467798233,2.6394968473911287,1.8963683795928956,0.6558648602366447,0.8314369194507598,0.6748669493382884,0.6265451360900579,0.722004737784465,1.0,100,2000
Qwen2.5-3B,Qwen2.5,por,por_Latn,0.8520774674415589,2.5804837024211884,1.7284062349796294,0.768479145616293,0.941199181884527,0.7738082255897489,0.738662414093902,0.8093182465786952,1.0,100,2000
Qwen2.5-3B,Qwen2.5,ron,ron_Latn,0.6633153712749481,2.6517683124542235,1.9884529411792755,0.5917895694077016,0.7374826562404632,0.6023852408559052,0.5605836354502658,0.6441059679957855,1.0,100,2000
Qwen2.5-3B,Qwen2.5,rus,rus_Cyrl,0.7102942538261413,2.512759258747101,1.8024650049209594,0.6357688475847245,0.7859080509245395,0.6450487862918386,0.6021230184011267,0.6886168984555142,1.0,100,2000
Qwen2.5-3B,Qwen2.5,som,som_Latn,0.34118822574615487,2.322866908311844,1.9816786825656891,0.26830052989721304,0.4148597387969495,0.3098477141397412,0.2509227759925661,0.36912138955888324,1.0,100,2000
Qwen2.5-3B,Qwen2.5,spa,spa_Latn,0.7991312575340271,2.5900143218040466,1.7908830642700195,0.720109522253275,0.8804448812603951,0.725725493319799,0.6872171071764855,0.7640047811838476,1.0,100,2000
Qwen2.5-3B,Qwen2.5,swa,swh_Latn,0.38083038687705995,2.363463126420975,1.9826327395439147,0.3158084217309952,0.45146950954198833,0.3458484670470495,0.2930224508919578,0.4023210724775294,1.0,100,2000
Qwen2.5-3B,Qwen2.5,swe,swe_Latn,0.7156142210960388,2.706530212163925,1.9909159910678864,0.6318893166482449,0.8000942802429198,0.6498800775659471,0.5981780291002131,0.700997499519281,1.0,100,2000
Qwen2.5-3B,Qwen2.5,tam,tam_Taml,0.21368430614471434,2.203835221529007,1.9901509153842927,0.16034713116288182,0.27066633561253545,0.1940559163836344,0.1505051010654115,0.2387203287640721,1.0,100,2000
Qwen2.5-3B,Qwen2.5,tel,tel_Telu,0.34522613167762756,2.3498535883426666,2.0046274566650393,0.28901223164796824,0.40491772484779354,0.3135147103264999,0.2712172159276616,0.3583776323466417,1.0,100,2000
Qwen2.5-3B,Qwen2.5,tha,tha_Thai,0.7508860635757446,2.664817132949829,1.9139310693740845,0.66981084176898,0.8377253099977967,0.6819119559871123,0.6338115702621513,0.7328092743417611,1.0,100,2000
Qwen2.5-3B,Qwen2.5,tur,tur_Latn,0.6382200300693512,2.6070348477363585,1.9688148176670075,0.5608358329236507,0.7154493032395839,0.5795950812860488,0.5314606957017778,0.6255568647669733,1.0,100,2000
Qwen2.5-3B,Qwen2.5,ukr,ukr_Cyrl,0.6314817535877227,2.5921966660022737,1.9607149124145509,0.5533332935869694,0.7113210183084011,0.5734757623660942,0.517362882435864,0.6322191740265599,1.0,100,2000
Qwen2.5-3B,Qwen2.5,urd,urd_Arab,0.4376489222049713,2.412785334587097,1.9751364123821258,0.3791715433299542,0.4994288251101968,0.3974478247142737,0.3592356123148926,0.4361523765714551,1.0,100,2000
Qwen2.5-3B,Qwen2.5,uzb,uzn_Latn,0.3128796017169952,2.2636859118938446,1.9508063101768494,0.250314533829689,0.37713449907302854,0.284139434123061,0.2368695049297876,0.3296826378946399,1.0,100,2000
Qwen2.5-3B,Qwen2.5,vie,vie_Latn,0.7557629668712615,2.54426594376564,1.7885029768943788,0.6741281359791755,0.8431903487443922,0.6863408817945367,0.64776525045601,0.7275513396424799,1.0,100,2000
Qwen2.5-3B,Qwen2.5,zho-CN,zho_Hans,0.8394618558883667,2.7460743844509126,1.9066125285625457,0.7543468260765076,0.9283384818136692,0.7623514457032715,0.7177775385283761,0.8055511629660147,1.0,100,2000
Qwen2.5-3B,Qwen2.5,zul,zul_Latn,0.40395045161247267,2.3953634691238403,1.9914130175113678,0.3343618378043176,0.47964281636476525,0.3668447930291785,0.31038729820128125,0.42576850578299535,1.0,100,2000
Qwen2.5-7B,Qwen2.5,amh,amh_Ethi,0.19146311759948728,0.04075792670249937,-0.15070519089698792,0.13413805094361303,0.2535021556317806,0.17930016348396638,0.12893553365226346,0.23472427538357812,1.0,100,2000
Qwen2.5-7B,Qwen2.5,arb,arb_Arab,0.6817725896835327,0.39123895168304446,-0.29053363800048826,0.6082722144424915,0.7520528473556041,0.6384620616324483,0.6001299464429116,0.6754309091416455,1.0,100,2000
Qwen2.5-7B,Qwen2.5,aze-Latn,azj_Latn,0.5276315951347351,0.3409253478050232,-0.18670624732971194,0.45567964792251586,0.6020181401371956,0.4941130827340989,0.44137450114248744,0.544646668436888,1.0,100,2000
Qwen2.5-7B,Qwen2.5,ben,ben_Beng,0.5448367953300476,0.38124853014945986,-0.16358826518058778,0.46814019456505773,0.6239030477404595,0.5102252992616029,0.46168694801615584,0.5585525085008537,1.0,100,2000
Qwen2.5-7B,Qwen2.5,ces,ces_Latn,0.7244987320899964,0.5081744039058685,-0.2163243281841278,0.6451855335235596,0.806399352043867,0.6784739679179369,0.6327221241085865,0.7241728228409464,1.0,100,2000
Qwen2.5-7B,Qwen2.5,deu,deu_Latn,0.8186501455307007,0.6083207941055297,-0.21032935142517087,0.7293295084834099,0.9085202355980873,0.7666442851770454,0.7268019105128871,0.8049521839045226,1.0,100,2000
Qwen2.5-7B,Qwen2.5,ell,ell_Grek,0.5806226718425751,0.45773087739944457,-0.12289179444313049,0.5071296892762184,0.6552326863706112,0.5437378294531117,0.5013469941146638,0.5866920888804433,1.0,100,2000
Qwen2.5-7B,Qwen2.5,eng,,1.0678357112407684,0.8826146459579468,-0.18522106528282165,0.9679238039851188,1.1685871068239213,1.0,1.0,1.0,1.0,100,2000
Qwen2.5-7B,Qwen2.5,fas,pes_Arab,0.6683799064159394,0.4302757930755615,-0.23810411334037784,0.5918922339379787,0.7492126027643681,0.6259201667261319,0.583378146390148,0.6731766238783934,1.0,100,2000
Qwen2.5-7B,Qwen2.5,fra,fra_Latn,0.805072158575058,0.5438125944137573,-0.26125956416130064,0.7212367793619633,0.8896161845326424,0.7539288582506825,0.7166588504522482,0.7926948793263167,1.0,100,2000
Qwen2.5-7B,Qwen2.5,hau,hau_Latn,0.37958052158355715,0.22945586442947388,-0.15012465715408324,0.30917556577920907,0.45349184766411776,0.35546715434577925,0.29432042146663795,0.41696439697235926,1.0,100,2000
Qwen2.5-7B,Qwen2.5,heb,heb_Hebr,0.6703061020374298,0.4394540023803711,-0.23085209965705863,0.5938121508657932,0.7512205954790114,0.6277239981593888,0.5834981027879136,0.6731506724876807,1.0,100,2000
Qwen2.5-7B,Qwen2.5,hin,hin_Deva,0.5669707655906677,0.4120954215526581,-0.15487534403800962,0.49471830806136136,0.6399755244255065,0.5309531790539931,0.48251806916815576,0.5786300998318189,1.0,100,2000
Qwen2.5-7B,Qwen2.5,hye,hye_Armn,0.34494068384170534,0.19597932696342468,-0.14896135687828063,0.2840726587474346,0.4126368891000747,0.3230278592583335,0.2746797146196231,0.3724203078505154,1.0,100,2000
Qwen2.5-7B,Qwen2.5,ind,ind_Latn,0.7480476450920105,0.475572497844696,-0.2724751472473145,0.6690231905877589,0.8265915668010712,0.7005269042958105,0.6627041283911647,0.7382745810757292,1.0,100,2000
Qwen2.5-7B,Qwen2.5,ita,ita_Latn,0.8045617997646332,0.6318853902816772,-0.17267640948295593,0.721352223008871,0.8843020503818989,0.7534509206755926,0.7171389475108191,0.7902156575004864,1.0,100,2000
Qwen2.5-7B,Qwen2.5,jpn,jpn_Jpan,0.7557345283031464,0.4785479259490967,-0.2771866023540497,0.6738340530991555,0.8398281900286675,0.7077254678297122,0.6630652046185705,0.7541171965832328,1.0,100,2000
Qwen2.5-7B,Qwen2.5,kat,kat_Geor,0.4131128644943237,0.29771906495094297,-0.11539379954338075,0.34673437547683716,0.4808674754202365,0.3868693097127352,0.3403567926858868,0.43395987784065065,1.0,100,2000
Qwen2.5-7B,Qwen2.5,khm,khm_Khmr,0.4468585705757141,0.3069923269748688,-0.13986624360084532,0.3644154390692711,0.5379413921236991,0.41847127406564083,0.3577217329445037,0.4788236894224225,1.0,100,2000
Qwen2.5-7B,Qwen2.5,kor,kor_Hang,0.7525003206729889,0.5376156377792358,-0.21488468289375307,0.6738373385071754,0.8294422047436236,0.7046967176239344,0.6644205959541828,0.7433771270725157,1.0,100,2000
Qwen2.5-7B,Qwen2.5,mar,mar_Deva,0.4795852053165436,0.3397814273834229,-0.13980377793312074,0.40698283645510674,0.5529420028626918,0.44911890496646817,0.39582533585594887,0.49888294958212276,1.0,100,2000
Qwen2.5-7B,Qwen2.5,mya,mya_Mymr,0.25555492281913755,0.0767987883090973,-0.17875613451004027,0.1756504643261433,0.34617262640595425,0.23932044988661816,0.16926921535037276,0.3151196289898529,1.0,100,2000
Qwen2.5-7B,Qwen2.5,nld,nld_Latn,0.7941018521785737,0.6147504591941834,-0.17935139298439026,0.7085551128983498,0.8839613181054591,0.7436554554406778,0.7047581090333864,0.779848939964718,1.0,100,2000
Qwen2.5-7B,Qwen2.5,pol,pol_Latn,0.7512627792358398,0.5415892136096955,-0.20967356562614442,0.6716488291919231,0.8310409501194954,0.7035377926843376,0.6577497672244325,0.7477453940580955,1.0,100,2000
Qwen2.5-7B,Qwen2.5,por,por_Latn,0.8302037012577057,0.49329017996788027,-0.33691352128982544,0.7451915896832942,0.911950470894575,0.7774638856131278,0.742311448317258,0.8122965681592261,1.0,100,2000
Qwen2.5-7B,Qwen2.5,ron,ron_Latn,0.7171480798721314,0.556682620048523,-0.1604654598236084,0.6385242347121239,0.7955354649126528,0.671590275847624,0.6290844488988244,0.7120345091906211,1.0,100,2000
Qwen2.5-7B,Qwen2.5,rus,rus_Cyrl,0.7379308474063874,0.46054359316825866,-0.2773872542381286,0.6606935705542565,0.8194663596451282,0.6910527898986923,0.6492081261341224,0.7302688185967157,1.0,100,2000
Qwen2.5-7B,Qwen2.5,som,som_Latn,0.3417379367351532,0.22201863288879398,-0.11971930384635926,0.2710936979949475,0.41890738576650616,0.32002857100374726,0.25781331666277846,0.38153210666836723,1.0,100,2000
Qwen2.5-7B,Qwen2.5,spa,spa_Latn,0.7794246840476989,0.480086612701416,-0.29933807134628293,0.7016803935468197,0.8585791149437427,0.7299106743134193,0.6940688230229589,0.7661476396847927,1.0,100,2000
Qwen2.5-7B,Qwen2.5,swa,swh_Latn,0.47165504574775696,0.3377333498001099,-0.1339216959476471,0.3998506163060665,0.5422650942504406,0.44169251953534955,0.38621994112806596,0.49561810377625126,1.0,100,2000
Qwen2.5-7B,Qwen2.5,swe,swe_Latn,0.7471877300739288,0.5946481156349183,-0.1525396144390106,0.6665543982088565,0.8332336723208427,0.6997216165450548,0.6560205763082012,0.7424663446258886,1.0,100,2000
Qwen2.5-7B,Qwen2.5,tam,tam_Taml,0.33713318467140196,0.18966489911079407,-0.1474682855606079,0.27113585498929027,0.4093029540777206,0.3157163420575915,0.2664590275778966,0.36281844948871456,1.0,100,2000
Qwen2.5-7B,Qwen2.5,tel,tel_Telu,0.42057769536972045,0.30167272329330447,-0.11890497207641598,0.3565092443227768,0.48231692084670047,0.3938599270865661,0.3490758356963429,0.43649649660287254,1.0,100,2000
Qwen2.5-7B,Qwen2.5,tha,tha_Thai,0.7614554047584534,0.5367454755306243,-0.22470992922782898,0.6796097507178784,0.8474741911590098,0.7130829178523003,0.6729926355466177,0.7557021076994477,1.0,100,2000
Qwen2.5-7B,Qwen2.5,tur,tur_Latn,0.6921423053741456,0.5387324857711792,-0.15340981960296632,0.6141154811382293,0.7674319215416907,0.6481730270754037,0.6046814785976191,0.6935356861955124,1.0,100,2000
Qwen2.5-7B,Qwen2.5,ukr,ukr_Cyrl,0.6887084698677063,0.49471678733825686,-0.1939916825294495,0.6097278001308442,0.7686611884236335,0.644957330624824,0.6039908100206004,0.6837873810470337,1.0,100,2000
Qwen2.5-7B,Qwen2.5,urd,urd_Arab,0.5670421624183655,0.36364333152770995,-0.20339883089065555,0.5004131785929202,0.636150505900383,0.5310200403014174,0.4928892940925687,0.5705527463420681,1.0,100,2000
Qwen2.5-7B,Qwen2.5,uzb,uzn_Latn,0.3832034432888031,0.23169638633728026,-0.1515070569515228,0.32147931399941454,0.4490605687201023,0.35885992503803893,0.3118525991362153,0.4041567316481433,1.0,100,2000
Qwen2.5-7B,Qwen2.5,vie,vie_Latn,0.7670146155357361,0.4769147253036499,-0.29009989023208615,0.6835017204582692,0.8561301407516002,0.7182889722282334,0.6779998060662858,0.7607460448121228,1.0,100,2000
Qwen2.5-7B,Qwen2.5,zho-CN,zho_Hans,0.8354164409637451,0.5786169171333313,-0.2567995238304138,0.7525730613768101,0.9284313130676747,0.7823454789623355,0.7316544633310896,0.8313367287809534,1.0,100,2000
Qwen2.5-7B,Qwen2.5,zul,zul_Latn,0.4322662258148193,0.2862337243556976,-0.1460325014591217,0.36316658443212513,0.5068343911468982,0.40480592778878777,0.35073041289528784,0.4604001426002447,1.0,100,2000
Sailor-1.8B,Sailor,amh,amh_Ethi,0.08654290318489069,0.04259115219116204,-0.04395175099372865,0.048971476167440346,0.12627318358421316,0.09357133124332911,0.05316512814233451,0.1359621760747094,1.0,100,2000
Sailor-1.8B,Sailor,arb,arb_Arab,0.2614949023723602,0.24455343723297118,-0.016941465139389066,0.20797079136967658,0.3170516483783722,0.2827317460803419,0.23318351786839395,0.33351209433654905,1.0,100,2000
Sailor-1.8B,Sailor,aze-Latn,azj_Latn,0.22920302033424378,0.17788439750671386,-0.05131862282752995,0.18371369925141337,0.27868325233459473,0.24781733623897392,0.20170900249592064,0.29435011980232495,1.0,100,2000
Sailor-1.8B,Sailor,ben,ben_Beng,0.025568616390228307,0.039910547733306864,0.01434193134307857,0.010031944870948835,0.04303151124715814,0.0276451261240028,0.010726379360411252,0.04584901167613453,1.0,100,2000
Sailor-1.8B,Sailor,ces,ces_Latn,0.4621528255939484,0.3355283796787262,-0.12662444591522218,0.3954523822963238,0.5330577830076217,0.49968574588149195,0.44249981124648524,0.5570986677086139,1.0,100,2000
Sailor-1.8B,Sailor,deu,deu_Latn,0.5559461331367492,0.5114729177951812,-0.04447321534156801,0.49238244035840034,0.6260779316723346,0.601096310185592,0.5522513958479621,0.6524669111007261,1.0,100,2000
Sailor-1.8B,Sailor,ell,ell_Grek,0.13254756689071656,0.12470290422439576,-0.007844662666320796,0.09283134961128238,0.1735137079954147,0.14331218194207646,0.10069746459574663,0.1851121102893918,1.0,100,2000
Sailor-1.8B,Sailor,eng,,0.9248869502544403,0.7558376002311706,-0.16904935002326965,0.8285924936532975,1.0184803722202778,1.0,1.0,1.0,1.0,100,2000
Sailor-1.8B,Sailor,fas,pes_Arab,0.1995808207988739,0.17759143352508544,-0.021989387273788505,0.15410142540931698,0.24549607262015335,0.21578942241964638,0.168222461306082,0.263405423769135,1.0,100,2000
Sailor-1.8B,Sailor,fra,fra_Latn,0.6187202274799347,0.4985314404964447,-0.12018878698348999,0.5447986810803414,0.6912412353157996,0.6689684910244675,0.6191494968024482,0.7197741811971697,1.0,100,2000
Sailor-1.8B,Sailor,hau,hau_Latn,0.28787522435188295,0.17529857873916627,-0.11257664561271671,0.22759137716889383,0.34455925738811494,0.3112544990203259,0.25184883069192565,0.3682223977396261,1.0,100,2000
Sailor-1.8B,Sailor,heb,heb_Hebr,0.22989115715026856,0.17636294722557067,-0.053528209924697874,0.17154935699701312,0.29274573725461955,0.24856135886339895,0.19287091923276636,0.3082617065312164,1.0,100,2000
Sailor-1.8B,Sailor,hin,hin_Deva,0.1008158409595489,0.06774026274681087,-0.033075578212738016,0.07015850064158435,0.13150821411609645,0.10900342029024632,0.07852569487935995,0.13934092133193607,1.0,100,2000
Sailor-1.8B,Sailor,hye,hye_Armn,0.055228352546691915,0.03538431644439696,-0.019844036102294956,0.025650374054908782,0.08717039990425113,0.05971362503438756,0.02844766338934264,0.09181276044598342,1.0,100,2000
Sailor-1.8B,Sailor,ind,ind_Latn,0.719823614358902,0.40630936741828916,-0.31351424694061286,0.6345048320889473,0.8160847099423407,0.7782828097648857,0.7196744423136427,0.8425357678649824,1.0,100,2000
Sailor-1.8B,Sailor,ita,ita_Latn,0.6015499138832092,0.5108531057834625,-0.09069680809974673,0.5288160041570663,0.6708593968451022,0.6504037209279688,0.5989710036864488,0.7044417891477468,1.0,100,2000
Sailor-1.8B,Sailor,jpn,jpn_Jpan,0.39421608448028567,0.1969105339050293,-0.19730555057525634,0.3309167122542858,0.45774504664540283,0.4262316430909044,0.37636247148135193,0.4773073789194292,1.0,100,2000
Sailor-1.8B,Sailor,kat,kat_Geor,0.08230170249938967,0.09909104466438294,0.016789342164993264,0.04640059959888456,0.12533370900154114,0.08898568898258119,0.0519133299683041,0.13200344699165772,1.0,100,2000
Sailor-1.8B,Sailor,khm,khm_Khmr,0.2491258668899536,0.2661170423030853,0.0169911754131317,0.18865638321638106,0.31284896647930144,0.26935818136629347,0.2110957271510614,0.333512279541431,1.0,100,2000
Sailor-1.8B,Sailor,kor,kor_Hang,0.33843706250190736,0.24833520293235778,-0.09010185956954957,0.2809107449650764,0.3980261439681053,0.36592262698571093,0.30943942381365097,0.4212242798224265,1.0,100,2000
Sailor-1.8B,Sailor,mar,mar_Deva,0.05180775642395018,-0.006335275173187291,-0.05814303159713747,0.013779685318470005,0.0968211047649383,0.056015231277398436,0.015338738262734937,0.10216378174979264,1.0,100,2000
Sailor-1.8B,Sailor,mya,mya_Mymr,0.16967919945716864,0.22619203686714173,0.05651283740997309,0.12284010758996013,0.22353479415178304,0.1834593940486339,0.13463860119012977,0.2359049771376988,1.0,100,2000
Sailor-1.8B,Sailor,nld,nld_Latn,0.5451735901832581,0.459710967540741,-0.08546262264251711,0.4724882311224938,0.6235796075761318,0.5894488943035454,0.5322465658842052,0.6519314263452798,1.0,100,2000
Sailor-1.8B,Sailor,pol,pol_Latn,0.48522342920303346,0.37971588253974914,-0.10550754666328438,0.42292331111431125,0.5500588817894458,0.5246299875563672,0.47145739345360693,0.5778073919238392,1.0,100,2000
Sailor-1.8B,Sailor,por,por_Latn,0.5670088899135589,0.4620910143852234,-0.10491787552833559,0.5033839134275913,0.6327920688986778,0.6130575090907838,0.5686661206098538,0.6585911914364952,1.0,100,2000
Sailor-1.8B,Sailor,ron,ron_Latn,0.5179589676856995,0.37658981800079344,-0.141369149684906,0.44722380352020263,0.592665941864252,0.5600240846118618,0.5031056334634239,0.6177443386488176,1.0,100,2000
Sailor-1.8B,Sailor,rus,rus_Cyrl,0.43887174367904663,0.36396200776100157,-0.07490973591804505,0.37712855988740923,0.5018634055852889,0.47451393227930305,0.4231113273293813,0.5257548481690784,1.0,100,2000
Sailor-1.8B,Sailor,som,som_Latn,0.2894293713569641,0.2099731171131134,-0.07945625424385071,0.23196628910303116,0.34951238614320745,0.3129348633120414,0.25637245336809805,0.3704477522153044,1.0,100,2000
Sailor-1.8B,Sailor,spa,spa_Latn,0.6077993392944336,0.521747817993164,-0.08605152130126954,0.5369532669186592,0.6809355648458004,0.6571606823160663,0.6017737426806383,0.7120773671378787,1.0,100,2000
Sailor-1.8B,Sailor,swa,swh_Latn,0.2709574198722839,0.17072097897529603,-0.10023644089698791,0.21605335003137585,0.3288187208175659,0.2929627451200845,0.2357400559113088,0.3516472172345559,1.0,100,2000
Sailor-1.8B,Sailor,swe,swe_Latn,0.4915454411506653,0.37666993737220766,-0.11487550377845768,0.4303657985031605,0.5573579753935336,0.531465430467409,0.4756437240533174,0.5887865250418794,1.0,100,2000
Sailor-1.8B,Sailor,tam,tam_Taml,0.07466833472251891,0.08946520447731014,0.014796869754791227,0.035710596621036525,0.1252790212929248,0.08073239080946848,0.03966394033339902,0.1320795010268632,1.0,100,2000
Sailor-1.8B,Sailor,tel,tel_Telu,0.048717812299728394,0.07021989107131958,0.02150207877159117,0.022684498518705326,0.0807431175410747,0.05267434283327915,0.025442777421850925,0.08354637256218922,1.0,100,2000
Sailor-1.8B,Sailor,tha,tha_Thai,0.6063586223125458,0.3889406263828278,-0.21741799592971803,0.5293963311612606,0.6852091519534587,0.6556029600652641,0.6036570677686137,0.7102299293722903,1.0,100,2000
Sailor-1.8B,Sailor,tur,tur_Latn,0.3615131878852844,0.2856724524497986,-0.07584073543548586,0.2957027063667774,0.4283091365098953,0.39087283887596275,0.3265593928494713,0.4524878812157215,1.0,100,2000
Sailor-1.8B,Sailor,ukr,ukr_Cyrl,0.43949413776397706,0.2983508253097534,-0.14114331245422365,0.3793375133574008,0.5022400906682014,0.4751868729935808,0.430587955306561,0.520508854195383,1.0,100,2000
Sailor-1.8B,Sailor,urd,urd_Arab,0.07574437975883479,0.05905562877655026,-0.016688750982284534,0.046903637021779944,0.10840052172541613,0.08189582493081687,0.05152743851842154,0.11435102197517405,1.0,100,2000
Sailor-1.8B,Sailor,uzb,uzn_Latn,0.13782271623611442,0.0720410013198852,-0.06578171491622925,0.09934718447923664,0.1801295604705811,0.14901574316536612,0.11044209034505832,0.18841871372318544,1.0,100,2000
Sailor-1.8B,Sailor,vie,vie_Latn,0.7174034476280212,0.384866703748703,-0.33253674387931825,0.6342890306413174,0.8059026691913603,0.7756660934946271,0.7218090770121693,0.8301738765696769,1.0,100,2000
Sailor-1.8B,Sailor,zho-CN,zho_Hans,0.6247771430015564,0.32513363361358644,-0.29964350938796996,0.5473913886845112,0.704009383648634,0.6755173081744504,0.6198069232007278,0.7301616556475589,1.0,100,2000
Sailor-1.8B,Sailor,zul,zul_Latn,0.30371957302093505,0.2276021158695221,-0.07611745715141296,0.23654576015472412,0.36731214106082904,0.32838561830435653,0.260363762096595,0.3950440631629312,1.0,100,2000
Sailor-7B,Sailor,amh,amh_Ethi,0.1011683201789856,0.11994073271751404,0.018772412538528425,0.06440734899044037,0.14264387226104733,0.11314666443006405,0.07441566951804457,0.15830735660570266,1.0,100,2000
Sailor-7B,Sailor,arb,arb_Arab,0.48638638138771056,0.4833755612373352,-0.003010820150375384,0.4168353407680988,0.555241835296154,0.543974601741581,0.49484918525121957,0.5917442607410731,1.0,100,2000
Sailor-7B,Sailor,aze-Latn,azj_Latn,0.36139592409133914,0.3817949604988098,0.02039903640747071,0.2978966625034809,0.4276745006442069,0.4041852555939676,0.3450052210127358,0.46206172821229136,1.0,100,2000
Sailor-7B,Sailor,ben,ben_Beng,0.21901932239532462,0.25047357916831964,0.03145425677299499,0.17627935862541197,0.2645335758924483,0.24495124294760515,0.2026939508219321,0.2881513918897355,1.0,100,2000
Sailor-7B,Sailor,ces,ces_Latn,0.6044356036186218,0.634158900976181,0.029723297357559218,0.5348632875680924,0.674058508247137,0.6760008695530872,0.6272144209423022,0.7241594672846032,1.0,100,2000
Sailor-7B,Sailor,deu,deu_Latn,0.6630550587177276,0.7169511044025421,0.05389604568481445,0.5891439727246761,0.7363514118492602,0.741560876909515,0.6995812725931704,0.7814628591105137,1.0,100,2000
Sailor-7B,Sailor,ell,ell_Grek,0.3718224799633027,0.4515984380245209,0.07977595806121823,0.31464190667867664,0.42856179246306414,0.4158463172417168,0.3655498791656996,0.46351820987412734,1.0,100,2000
Sailor-7B,Sailor,eng,,0.8941343581676483,0.8443070697784424,-0.04982728838920595,0.8066148281097412,0.9868421668708325,1.0,1.0,1.0,1.0,100,2000
Sailor-7B,Sailor,fas,pes_Arab,0.44921387076377867,0.42558013439178466,-0.02363373637199403,0.3906171851158142,0.5064788598120212,0.5024008602961569,0.4582072948636788,0.547961481414524,1.0,100,2000
Sailor-7B,Sailor,fra,fra_Latn,0.6521860957145691,0.6984161365032197,0.04623004078865049,0.588781296133995,0.7199167681634426,0.7294050270600222,0.6888236165813687,0.7701464347719157,1.0,100,2000
Sailor-7B,Sailor,hau,hau_Latn,0.3023064339160919,0.2285741674900055,-0.07373226642608642,0.23727355226874344,0.36896553835272783,0.33809956093803306,0.2674211155515048,0.4082488560719289,1.0,100,2000
Sailor-7B,Sailor,heb,heb_Hebr,0.42109509229660036,0.39341182112693784,-0.027683271169662474,0.3523327361643314,0.49010778963565826,0.4709528142499205,0.41518317629492546,0.5254902439340573,1.0,100,2000
Sailor-7B,Sailor,hin,hin_Deva,0.33209856152534484,0.3427610814571381,0.010662519931793221,0.2775325006246567,0.3920410944521427,0.3714190809152164,0.3221982807897677,0.4255626139959951,1.0,100,2000
Sailor-7B,Sailor,hye,hye_Armn,0.13985175251960752,0.1697844707965851,0.029932718276977563,0.09964318504929542,0.18673395845293994,0.15641022094957413,0.116154410483612,0.2017870219764316,1.0,100,2000
Sailor-7B,Sailor,ind,ind_Latn,0.7557557141780853,0.5038724410533905,-0.25188327312469483,0.675901302665472,0.8419239673912524,0.8452373038509081,0.7986122636788309,0.8945728264458885,1.0,100,2000
Sailor-7B,Sailor,ita,ita_Latn,0.670766009092331,0.6868087375164031,0.016042728424072276,0.5997678047120572,0.7431171333193779,0.7501848049625711,0.7057476340071143,0.7960596748604116,1.0,100,2000
Sailor-7B,Sailor,jpn,jpn_Jpan,0.5302950632572174,0.5798474323749542,0.04955236911773682,0.45997510918974877,0.601302093297243,0.5930820781162602,0.5439496796700286,0.6446860121380579,1.0,100,2000
Sailor-7B,Sailor,kat,kat_Geor,0.26428311824798584,0.29981432914733885,0.03553121089935302,0.2186974554657936,0.3146498158276081,0.29557427900386457,0.25379962799987005,0.34095567290406686,1.0,100,2000
Sailor-7B,Sailor,khm,khm_Khmr,0.3000124752521515,0.30146615624427797,0.0014536809921264738,0.2396330783367157,0.36493189916014657,0.3355339972249448,0.2773259677944786,0.3927386623709673,1.0,100,2000
Sailor-7B,Sailor,kor,kor_Hang,0.5192906415462494,0.509593905210495,-0.009696736335754387,0.45195647248625753,0.5875029454529285,0.5807747312276792,0.5315653421362166,0.6304423772485795,1.0,100,2000
Sailor-7B,Sailor,mar,mar_Deva,0.2476401436328888,0.26210282802581786,0.014462684392929073,0.19144138839840888,0.3207085688114165,0.27696077370338207,0.22110688880916843,0.34742052366331505,1.0,100,2000
Sailor-7B,Sailor,mya,mya_Mymr,0.17737878322601322,0.1782125198841095,0.000833736658096289,0.1208597130775452,0.23812246876955032,0.19838045770829787,0.13804763081143961,0.26023813750877955,1.0,100,2000
Sailor-7B,Sailor,nld,nld_Latn,0.6672499704360962,0.7044306182861328,0.037180647850036615,0.5850167018771172,0.7507822630405425,0.7462524668031919,0.6981533908243336,0.7959140601060796,1.0,100,2000
Sailor-7B,Sailor,pol,pol_Latn,0.642415543794632,0.6662938690185547,0.023878325223922726,0.574954256504774,0.7107494943141938,0.7184776403304036,0.6746344732343978,0.7637363886831166,1.0,100,2000
Sailor-7B,Sailor,por,por_Latn,0.6469593119621276,0.6741190218925476,0.02715970993041995,0.5757284160256385,0.7173208848834037,0.7235593913289977,0.6828019662043221,0.7636977141454031,1.0,100,2000
Sailor-7B,Sailor,ron,ron_Latn,0.6344728362560272,0.6786091828346252,0.044136346578598,0.564290490716696,0.7081618924438954,0.7095945150304412,0.6654818973276349,0.7577983771389534,1.0,100,2000
Sailor-7B,Sailor,rus,rus_Cyrl,0.5846455967426301,0.7009506273269653,0.11630503058433533,0.5193758414983749,0.6481630513072014,0.653867722901003,0.6104272728972159,0.6994384551399165,1.0,100,2000
Sailor-7B,Sailor,som,som_Latn,0.32703092098236086,0.2622850573062897,-0.06474586367607117,0.2608644188940525,0.39501568892598155,0.36575143097346813,0.29965335300200274,0.4310612993462664,1.0,100,2000
Sailor-7B,Sailor,spa,spa_Latn,0.6738587021827698,0.7205366063117981,0.04667790412902832,0.5973085659146309,0.7509041437506676,0.753643673377802,0.7099074876050557,0.8000379666129546,1.0,100,2000
Sailor-7B,Sailor,swa,swh_Latn,0.3440373122692108,0.2608527505397797,-0.08318456172943116,0.28221494406461717,0.40988485002517694,0.38477138153403173,0.3271191419580724,0.44684666592135447,1.0,100,2000
Sailor-7B,Sailor,swe,swe_Latn,0.6152256309986115,0.6355568051338196,0.020331174135208085,0.5422580613791942,0.6912334291040897,0.6880684377898136,0.6426744250534381,0.7370032147081361,1.0,100,2000
Sailor-7B,Sailor,tam,tam_Taml,0.1749519455432892,0.24651161551475526,0.07155966997146605,0.12766044893860817,0.22552197793126105,0.19566628208071396,0.14804624699052163,0.24290513133736,1.0,100,2000
Sailor-7B,Sailor,tel,tel_Telu,0.14739868283271793,0.12946443915367126,-0.01793424367904665,0.10679532822966577,0.1908496204316616,0.16485070894130766,0.12403217652081881,0.20720511239914766,1.0,100,2000
Sailor-7B,Sailor,tha,tha_Thai,0.6449354577064514,0.5098500561714172,-0.13508540153503415,0.5624549253880977,0.731383053779602,0.7212959124265387,0.6627615149545297,0.7807130860216301,1.0,100,2000
Sailor-7B,Sailor,tur,tur_Latn,0.5198312366008758,0.5637216341495513,0.043890397548675554,0.4391586431860924,0.5972091902494431,0.5813793328176844,0.5156031952948275,0.6420923757385297,1.0,100,2000
Sailor-7B,Sailor,ukr,ukr_Cyrl,0.5763528323173523,0.6360796451568603,0.059726812839508085,0.5122784456908702,0.6449997306764126,0.6445930939265924,0.6038045102428979,0.6883211833938404,1.0,100,2000
Sailor-7B,Sailor,urd,urd_Arab,0.22955543637275697,0.1777004063129425,-0.051855030059814435,0.18849960368871682,0.2731325167417526,0.2567348343969082,0.22061639682463127,0.29622930748236287,1.0,100,2000
Sailor-7B,Sailor,uzb,uzn_Latn,0.21764856219291687,0.1807567572593689,-0.036891804933547954,0.16941463702917092,0.26974253132939335,0.24341818453207031,0.19155799162410553,0.2996614832102563,1.0,100,2000
Sailor-7B,Sailor,vie,vie_Latn,0.7308762764930725,0.4951718318462372,-0.23570444464683532,0.6512096176743508,0.8170322252810001,0.8174121370202785,0.7752233990353778,0.8617032348369476,1.0,100,2000
Sailor-7B,Sailor,zho-CN,zho_Hans,0.6640438485145569,0.44670392394065855,-0.2173399245738983,0.5936285394728184,0.7358858983814716,0.7426667395662813,0.6966913176856371,0.790288811210815,1.0,100,2000
Sailor-7B,Sailor,zul,zul_Latn,0.3428342926502228,0.30264891624450685,-0.04018537640571594,0.2802677961289882,0.4072366034388541,0.38342592421209937,0.31858259646254855,0.44834615864213884,1.0,100,2000
SmolLM2-360M,SmolLM2,amh,amh_Ethi,0.08454315900802609,-0.053907141685485854,-0.13845030069351194,0.04518932950496668,0.12861615425348272,0.09150967437146063,0.0500458857076059,0.13674549387842572,1.0,100,2000
SmolLM2-360M,SmolLM2,arb,arb_Arab,0.042468910217285154,-0.08240662574768065,-0.1248755359649658,0.01951591229438779,0.0686573700308799,0.04596842832103796,0.021943685926707385,0.07324628992569454,1.0,100,2000
SmolLM2-360M,SmolLM2,aze-Latn,azj_Latn,0.16056810140609737,0.00821587324142453,-0.15235222816467286,0.11553772306442255,0.20869350242614743,0.1737992150579648,0.12501630878975648,0.22518107126548415,1.0,100,2000
SmolLM2-360M,SmolLM2,ben,ben_Beng,0.026370475292205788,-0.10039931774139406,-0.1267697930335998,0.010822027027606995,0.04249764347076414,0.02854345207021786,0.012465552881381127,0.04527988593023939,1.0,100,2000
SmolLM2-360M,SmolLM2,ces,ces_Latn,0.3424040448665619,0.17591684818267825,-0.16648719668388362,0.27822994157671926,0.40576162385940545,0.3706187823693157,0.3064749003440942,0.4324087173904646,1.0,100,2000
SmolLM2-360M,SmolLM2,deu,deu_Latn,0.4692253267765045,0.3126933431625366,-0.15653198361396792,0.40468599492311474,0.5363193672001361,0.5078903765127083,0.45245302181453656,0.5615315849142464,1.0,100,2000
SmolLM2-360M,SmolLM2,ell,ell_Grek,0.13558263540267945,0.000862383842468275,-0.13472025156021117,0.09123052442073826,0.1822025901675224,0.14675489964771482,0.10111104420998689,0.195387848491386,1.0,100,2000
SmolLM2-360M,SmolLM2,eng,,0.9238712692260742,0.7784467339515686,-0.14542453527450563,0.8220522271096706,1.0155128389298915,1.0,1.0,1.0,1.0,100,2000
SmolLM2-360M,SmolLM2,fas,pes_Arab,0.10306390762329105,-0.008422718048095681,-0.11148662567138672,0.06217666959762574,0.14486248177289962,0.11155656751792656,0.06943992463470709,0.15530726733498582,1.0,100,2000
SmolLM2-360M,SmolLM2,fra,fra_Latn,0.5502601385116577,0.35016875982284545,-0.2000913786888123,0.48158273112773897,0.623165925681591,0.5956026091953373,0.5383184736762818,0.6589775578526877,1.0,100,2000
SmolLM2-360M,SmolLM2,hau,hau_Latn,0.2830134308338165,0.09459517717361449,-0.18841825366020207,0.2102776086330414,0.35572892540693285,0.306334270001595,0.2292044838503722,0.38957249351044,1.0,100,2000
SmolLM2-360M,SmolLM2,heb,heb_Hebr,0.07382237195968631,-0.14832291126251218,-0.2221452832221985,0.03769202142953877,0.11232352691888808,0.07990547430003665,0.04262901470130996,0.11711410062929915,1.0,100,2000
SmolLM2-360M,SmolLM2,hin,hin_Deva,0.07603631496429442,-0.09925808191299439,-0.17529439687728882,0.04757508885860443,0.10333719325065603,0.08230185037358066,0.05323918261914587,0.11092746331569359,1.0,100,2000
SmolLM2-360M,SmolLM2,hye,hye_Armn,0.040118446350097654,-0.037150232791900606,-0.07726867914199827,0.018358369708061213,0.066634505033493,0.04342428180898495,0.020407708602602916,0.07128654606444493,1.0,100,2000
SmolLM2-360M,SmolLM2,ind,ind_Latn,0.40188901901245117,0.24441869974136352,-0.15747031927108765,0.33271447122097025,0.4725947619080544,0.43500543030103433,0.36975217206459743,0.5061963855114724,1.0,100,2000
SmolLM2-360M,SmolLM2,ita,ita_Latn,0.5099734687805175,0.3865579295158386,-0.12341553926467898,0.43764688178896904,0.5871045283675193,0.5519962420822131,0.49338344388456473,0.6163136571542382,1.0,100,2000
SmolLM2-360M,SmolLM2,jpn,jpn_Jpan,0.2302967631816864,0.14442456483840943,-0.085872198343277,0.18064634105563165,0.28172478261590006,0.24927364975274716,0.20018943762165003,0.30126001350743675,1.0,100,2000
SmolLM2-360M,SmolLM2,kat,kat_Geor,0.052512221336364746,-0.07863755941390992,-0.13114978075027467,0.020879498362541153,0.08873786842823032,0.05683932717201409,0.02341012650947291,0.0931760533817755,1.0,100,2000
SmolLM2-360M,SmolLM2,khm,khm_Khmr,0.2378259420394897,0.0805114102363586,-0.1573145318031311,0.17619735264778139,0.3065381184816359,0.2574232471139796,0.19536410045048946,0.32615961222263284,1.0,100,2000
SmolLM2-360M,SmolLM2,kor,kor_Hang,0.21261298894882202,0.10518444299697874,-0.10742854595184329,0.1534672358036041,0.2748095098733902,0.2301326992524918,0.16907432595765687,0.29286512573571977,1.0,100,2000
SmolLM2-360M,SmolLM2,mar,mar_Deva,0.04175758123397828,-0.14918540477752684,-0.19094298601150514,0.017232221126556375,0.06728301036357881,0.04519848449119817,0.019468076140966902,0.07233595996457319,1.0,100,2000
SmolLM2-360M,SmolLM2,mya,mya_Mymr,0.15685253620147704,0.04127001523971556,-0.1155825209617615,0.10548453128337856,0.20966444158554076,0.16977748028994583,0.11814357456721561,0.2252358368011191,1.0,100,2000
SmolLM2-360M,SmolLM2,nld,nld_Latn,0.4553044354915619,0.32796290397644046,-0.12734153151512148,0.3905340419411659,0.522639039337635,0.49282237759484593,0.43378631045182364,0.5535007316545577,1.0,100,2000
SmolLM2-360M,SmolLM2,pol,pol_Latn,0.3325345230102539,0.18816536426544186,-0.14436915874481202,0.26904156905412663,0.39873143982887255,0.3599359933433341,0.2936458724835673,0.4293104046639183,1.0,100,2000
SmolLM2-360M,SmolLM2,por,por_Latn,0.5236066019535065,0.3772097039222717,-0.1463968980312347,0.4536011494994162,0.5985968181490897,0.566752771078303,0.5110609462070673,0.6224410334039759,1.0,100,2000
SmolLM2-360M,SmolLM2,ron,ron_Latn,0.4089880132675171,0.27459641575813293,-0.13439159750938418,0.33296420067548754,0.48497962462902056,0.4426893950389061,0.37248471200476646,0.5135367697529168,1.0,100,2000
SmolLM2-360M,SmolLM2,rus,rus_Cyrl,0.2044819545745849,0.10580334901809689,-0.09867860555648804,0.15525938045978538,0.2552400357127189,0.22133165234792848,0.1711796085389193,0.2698144638861548,1.0,100,2000
SmolLM2-360M,SmolLM2,som,som_Latn,0.2841833448410035,0.10160023450851444,-0.18258311033248906,0.21591191929578785,0.35883248335123047,0.3076005871240736,0.23613960835593845,0.38593650128629864,1.0,100,2000
SmolLM2-360M,SmolLM2,spa,spa_Latn,0.5454439079761505,0.414715918302536,-0.13072798967361451,0.47199891287088397,0.6234970655143259,0.5903895122023528,0.5357831589715959,0.6485037866795864,1.0,100,2000
SmolLM2-360M,SmolLM2,swa,swh_Latn,0.277238187789917,0.12561007499694826,-0.15162811279296876,0.20642069596052173,0.34603382045030595,0.3000831360652216,0.22577252258304234,0.37988906797150335,1.0,100,2000
SmolLM2-360M,SmolLM2,swe,swe_Latn,0.39539411425590515,0.28249231100082395,-0.11290180325508117,0.32622390654683114,0.46822835618257524,0.42797533317290654,0.3655864796274719,0.49559586462230865,1.0,100,2000
SmolLM2-360M,SmolLM2,tam,tam_Taml,0.062698028087616,-0.10593315839767453,-0.16863118648529052,0.03193539762496954,0.09598240679502491,0.06786446356334694,0.03535025550648747,0.102233598087081,1.0,100,2000
SmolLM2-360M,SmolLM2,tel,tel_Telu,0.04256455421447747,-0.0872896575927735,-0.12985421180725096,0.017820174753665905,0.06941928946971879,0.04607195356354543,0.01951655322284003,0.07342270734325207,1.0,100,2000
SmolLM2-360M,SmolLM2,tha,tha_Thai,0.2530386734008789,0.18425205945968628,-0.0687866139411926,0.1928457831144332,0.3218006990551948,0.27388953616108125,0.21184333807710268,0.33875351262120246,1.0,100,2000
SmolLM2-360M,SmolLM2,tur,tur_Latn,0.3123944854736328,0.18548332452774044,-0.12691116094589233,0.2438187021613121,0.3868325307369232,0.33813637882183006,0.26989420900963024,0.4093871487089836,1.0,100,2000
SmolLM2-360M,SmolLM2,ukr,ukr_Cyrl,0.1574671721458435,0.07386390686035156,-0.08360326528549193,0.11717121064662936,0.19956887197494494,0.1704427633925163,0.13138007322168402,0.2093711065292812,1.0,100,2000
SmolLM2-360M,SmolLM2,urd,urd_Arab,0.04915349721908566,-0.12067998886108398,-0.16983348608016968,0.01774276018142695,0.08141623049974435,0.05320383786830115,0.018886438251968948,0.08888718519955584,1.0,100,2000
SmolLM2-360M,SmolLM2,uzb,uzn_Latn,0.13683249235153194,-0.05217881202697758,-0.18901130437850952,0.09171032255887981,0.18351045191287985,0.1481077471606584,0.09995115298057275,0.19972450091115646,1.0,100,2000
SmolLM2-360M,SmolLM2,vie,vie_Latn,0.32942736864089966,0.21434044122695922,-0.11508692741394043,0.25474009257555,0.4074037852883338,0.35657280360808336,0.279270040803627,0.4340593899260394,1.0,100,2000
SmolLM2-360M,SmolLM2,zho-CN,zho_Hans,0.37897895932197573,0.31132337093353274,-0.06765558838844297,0.3148666070103645,0.4426284632086753,0.41020753858862385,0.35517014444449674,0.4630385853473405,1.0,100,2000
SmolLM2-360M,SmolLM2,zul,zul_Latn,0.3024588656425477,0.1504718935489655,-0.15198697209358214,0.22441185909509664,0.3787475060820579,0.3273820452235917,0.24775512319750062,0.4070688065832651,1.0,100,2000
TowerBase-7B,Tower,amh,amh_Ethi,0.056379140615463286,0.02696603417396542,-0.029413106441497857,0.021055483311414745,0.09464372083544732,0.07874095253667121,0.029402233043242396,0.1322538136444119,1.0,100,2000
TowerBase-7B,Tower,arb,arb_Arab,0.310060658454895,0.21917255163192742,-0.09088810682296755,0.25762407422065736,0.36364774656295773,0.4330408609348273,0.37953779549838945,0.4861480350832203,1.0,100,2000
TowerBase-7B,Tower,aze-Latn,azj_Latn,0.2538742059469223,0.10662756264209744,-0.14724664330482484,0.19882609382271768,0.31130844075977804,0.3545690229139267,0.2823867753007108,0.420463287891501,1.0,100,2000
TowerBase-7B,Tower,ben,ben_Beng,0.1509597569704056,0.10925352752208706,-0.04170622944831852,0.11110706150531768,0.19493102900683879,0.21083533606210947,0.16061669676005577,0.25879320342792395,1.0,100,2000
TowerBase-7B,Tower,ces,ces_Latn,0.4543589597940445,0.35106115162372586,-0.10329780817031864,0.3915498720407486,0.5249940088242293,0.6345725900962311,0.5727161068667592,0.6936681188474457,1.0,100,2000
TowerBase-7B,Tower,deu,deu_Latn,0.524237310886383,0.38970072984695425,-0.13453658103942875,0.46200472798943515,0.5851696736663579,0.7321669816856898,0.6739090454816639,0.7877501789057002,1.0,100,2000
TowerBase-7B,Tower,ell,ell_Grek,0.3417758882045746,0.30636356949806215,-0.03541231870651248,0.2896058218181133,0.3986633876860141,0.4773353885410925,0.4150810544468431,0.5390843578724416,1.0,100,2000
TowerBase-7B,Tower,eng,,0.7160078561306,0.6519458478689194,-0.06406200826168064,0.6400342591404915,0.8008042695820329,1.0,1.0,1.0,1.0,100,2000
TowerBase-7B,Tower,fas,pes_Arab,0.3133874773979187,0.1897733187675476,-0.12361415863037112,0.2648707873225212,0.3663747981488705,0.43768720512580067,0.38385236191517086,0.4958665036739475,1.0,100,2000
TowerBase-7B,Tower,fra,fra_Latn,0.5584363126754761,0.3946132302284241,-0.16382308244705204,0.4929049977213144,0.6321024202406407,0.7799304265924384,0.7080208803125685,0.8507033061823557,1.0,100,2000
TowerBase-7B,Tower,hau,hau_Latn,0.2466872090101242,0.15219343721866607,-0.09449377179145815,0.190674383431673,0.3069726352244615,0.34453142782993207,0.27453651422584713,0.4169724071586898,1.0,100,2000
TowerBase-7B,Tower,heb,heb_Hebr,0.24798130273818975,0.17610228776931763,-0.07187901496887213,0.1973323346376419,0.3006907847821712,0.3463388014739295,0.2831140759670351,0.4057283869860803,1.0,100,2000
TowerBase-7B,Tower,hin,hin_Deva,0.29292717337608337,0.24353545546531674,-0.04939171791076662,0.24095054391026496,0.3497771351635456,0.4091116750577292,0.3462721987620207,0.4716196417268625,1.0,100,2000
TowerBase-7B,Tower,hye,hye_Armn,0.09335459113121036,0.06138927459716799,-0.031965316534042394,0.04575531765818603,0.14227384021878242,0.130382076581828,0.06386937250069794,0.19274837478032372,1.0,100,2000
TowerBase-7B,Tower,ind,ind_Latn,0.4737815523147583,0.3492422091960907,-0.12453934311866764,0.4046701768040657,0.5490800839662552,0.6616988183274074,0.601485595191515,0.7206949129304595,1.0,100,2000
TowerBase-7B,Tower,ita,ita_Latn,0.5592144447565078,0.4106840169429779,-0.14853042781353,0.49379549565911296,0.6279634175300597,0.7810171913176703,0.7204251178205946,0.8361868143193903,1.0,100,2000
TowerBase-7B,Tower,jpn,jpn_Jpan,0.4698117035627365,0.3029593414068222,-0.16685236215591437,0.4039985170960426,0.5377863064259291,0.6561543976649367,0.587084931591408,0.7215362896383922,1.0,100,2000
TowerBase-7B,Tower,kat,kat_Geor,0.1753755128383637,0.09555031657218929,-0.07982519626617439,0.1279914945960046,0.2247624686658383,0.24493517960279915,0.18430625667454717,0.3040984326503483,1.0,100,2000
TowerBase-7B,Tower,khm,khm_Khmr,0.20708131909370422,0.17998539209365844,-0.027095927000045802,0.1516917222738266,0.26971729514002796,0.28921654604852903,0.21822824604999516,0.3613953540426838,1.0,100,2000
TowerBase-7B,Tower,kor,kor_Hang,0.49907186627388,0.294886867403984,-0.20418499886989597,0.42926348677277565,0.5749869786947965,0.6970200983141854,0.6211088249673079,0.7738158524706622,1.0,100,2000
TowerBase-7B,Tower,mar,mar_Deva,0.18820903778076173,0.07241450190544127,-0.11579453587532047,0.12685604473948484,0.2506750190854073,0.2628589004565787,0.17769551447942097,0.34420841843162714,1.0,100,2000
TowerBase-7B,Tower,mya,mya_Mymr,0.1350314736366272,0.13730893731117244,0.0022774636745452347,0.0925649983286858,0.1842404770553111,0.18858937437691667,0.13067710447019462,0.24735977680977067,1.0,100,2000
TowerBase-7B,Tower,nld,nld_Latn,0.5564678597450257,0.42292738795280455,-0.13354047179222112,0.49038649624586106,0.6289533440172672,0.7771812208210266,0.7228908506000357,0.8305050070029291,1.0,100,2000
TowerBase-7B,Tower,pol,pol_Latn,0.49580632746219633,0.36664246737957,-0.12916386008262634,0.4216345765739679,0.57213118237257,0.6924593399597575,0.6223574395210494,0.7589753950825879,1.0,100,2000
TowerBase-7B,Tower,por,por_Latn,0.5368486350774765,0.3852114051580429,-0.1516372299194336,0.44879291170835495,0.6210223767757416,0.7497803696996799,0.6468811759513782,0.8247362241656788,1.0,100,2000
TowerBase-7B,Tower,ron,ron_Latn,0.48182939827442167,0.3652688747644424,-0.11656052350997927,0.4225090484470129,0.5442414209842682,0.6729387033241376,0.6233240488497636,0.7202785643942072,1.0,100,2000
TowerBase-7B,Tower,rus,rus_Cyrl,0.4851002794504166,0.3292276734113693,-0.15587260603904732,0.42321541406214236,0.5503042040467262,0.6775069229993674,0.6086256804065687,0.7423037392868566,1.0,100,2000
TowerBase-7B,Tower,som,som_Latn,0.2587811505794525,0.15080059409141536,-0.10798055648803714,0.1974942157864571,0.32978298309445386,0.361422222345352,0.28671325890444543,0.44045489344204664,1.0,100,2000
TowerBase-7B,Tower,spa,spa_Latn,0.549155113697052,0.39996580898761747,-0.14918930470943453,0.475529319152236,0.6304204817861317,0.7669680004137915,0.69673291288049,0.8283613163021006,1.0,100,2000
TowerBase-7B,Tower,swa,swh_Latn,0.2543243718147278,0.16996920824050898,-0.08435516357421878,0.19598238834738732,0.3210302480757236,0.35519773929455173,0.27995333773379516,0.43216266935676884,1.0,100,2000
TowerBase-7B,Tower,swe,swe_Latn,0.5032596099376678,0.39862982273101805,-0.10462978720664981,0.4363838644325733,0.5754223301112651,0.7028688381400569,0.6412579975650008,0.7604281487191914,1.0,100,2000
TowerBase-7B,Tower,tam,tam_Taml,0.12819367885589603,0.040043371915817264,-0.08815030694007878,0.08174374035000799,0.1846716176867485,0.17903948645015072,0.11657738352115223,0.24636101453978393,1.0,100,2000
TowerBase-7B,Tower,tel,tel_Telu,0.0691489458084107,0.044226998090743985,-0.024921947717666714,0.03151876905560494,0.10638688892126083,0.09657568030342661,0.04517733481501113,0.14470615960520838,1.0,100,2000
TowerBase-7B,Tower,tha,tha_Thai,0.3271515989303589,0.23021368980407714,-0.09693790912628178,0.2674128231406212,0.3947832571566103,0.4569106276268097,0.38595577338857695,0.529769934087459,1.0,100,2000
TowerBase-7B,Tower,tur,tur_Latn,0.3718215024471283,0.25196259737014765,-0.11985890507698066,0.3029222168922424,0.443522931098938,0.5192980764994678,0.44104025865703766,0.5920036878498214,1.0,100,2000
TowerBase-7B,Tower,ukr,ukr_Cyrl,0.47632123351097105,0.3238716208934783,-0.15244961261749274,0.4113737893104553,0.5430645402669906,0.6652458201856516,0.5997423129187042,0.7257769158296213,1.0,100,2000
TowerBase-7B,Tower,urd,urd_Arab,0.19940705418586732,0.12998268604278562,-0.0694243681430817,0.15223420515656474,0.24388863575458528,0.27849841657253466,0.22252457986285062,0.3312203092321988,1.0,100,2000
TowerBase-7B,Tower,uzb,uzn_Latn,0.14040144443511962,0.05186123371124265,-0.08854021072387697,0.09252355861663815,0.18954927897453305,0.19608925130216778,0.13421756607033977,0.25983989264261537,1.0,100,2000
TowerBase-7B,Tower,vie,vie_Latn,0.46761776626110074,0.3783263128995895,-0.08929145336151127,0.39894744691252704,0.5463461763113737,0.6530902730427683,0.5843145928573453,0.721022631110484,1.0,100,2000
TowerBase-7B,Tower,zho-CN,zho_Hans,0.4731980884075165,0.3399325442314148,-0.13326554417610173,0.4089593050777912,0.5416940301656723,0.6608839335433283,0.5897786239445268,0.7273430188424131,1.0,100,2000
TowerBase-7B,Tower,zul,zul_Latn,0.25621102452278144,0.13954589188098906,-0.11666513264179237,0.19054456570744518,0.32541732114553457,0.35783270019882085,0.2736496516403611,0.44104117341656557,1.0,100,2000
Yi-1.5-9B,Yi-1.5,amh,amh_Ethi,0.09038526415824888,1.3104381239414216,1.2200528597831726,0.045994152575731306,0.14186734735965723,0.10917341815043036,0.054943712950404934,0.16944809744573253,1.0,100,2000
Yi-1.5-9B,Yi-1.5,arb,arb_Arab,0.3806314158439637,1.5706855630874634,1.1900541472434998,0.3204660135507583,0.4408142289221286,0.45975229601993645,0.41165508954822067,0.5064318250854245,1.0,100,2000
Yi-1.5-9B,Yi-1.5,aze-Latn,azj_Latn,0.3353372156620026,1.5578055775165558,1.2224683618545533,0.2722176585793495,0.4006304091513154,0.40504290613978033,0.3368074979507163,0.47188666033685794,1.0,100,2000
Yi-1.5-9B,Yi-1.5,ben,ben_Beng,0.3162378334999084,1.4223189270496368,1.1060810935497285,0.2650506959855556,0.3686684782207012,0.3819733841926358,0.33836838934200203,0.42277067901451765,1.0,100,2000
Yi-1.5-9B,Yi-1.5,ces,ces_Latn,0.48978315353393564,1.7662802565097808,1.2764971029758454,0.41647468268871307,0.5648899254798889,0.5915931266204836,0.5236180645948264,0.6579431124195037,1.0,100,2000
Yi-1.5-9B,Yi-1.5,deu,deu_Latn,0.5882614743709564,1.8986429512500762,1.3103814768791198,0.5112051132023335,0.6677923984825611,0.710541884469648,0.6593704931910752,0.7572147584311651,1.0,100,2000
Yi-1.5-9B,Yi-1.5,ell,ell_Grek,0.3595978546142578,1.611616266965866,1.2520184123516083,0.2956297418773174,0.4263878887891769,0.4343465421428119,0.376101741318859,0.4963915675124254,1.0,100,2000
Yi-1.5-9B,Yi-1.5,eng,,0.827905415892601,2.1639520782232284,1.3360466623306275,0.7352549782693386,0.9173813583105803,1.0,1.0,1.0,1.0,100,2000
Yi-1.5-9B,Yi-1.5,fas,pes_Arab,0.38402495384216306,1.5847794961929322,1.200754542350769,0.32927496168017384,0.43643147024512297,0.4638512400938083,0.41962268379273254,0.5116852510948757,1.0,100,2000
Yi-1.5-9B,Yi-1.5,fra,fra_Latn,0.6224925434589386,1.9204883825778962,1.2979958391189574,0.5499109864830971,0.6972413541674614,0.7518884784535467,0.697447493350129,0.8052438290089368,1.0,100,2000
Yi-1.5-9B,Yi-1.5,hau,hau_Latn,0.3094743883609772,1.5802841234207152,1.2708097350597383,0.2533343725800514,0.37539805069565774,0.3738040389883418,0.30641421226853177,0.44236503482247513,1.0,100,2000
Yi-1.5-9B,Yi-1.5,heb,heb_Hebr,0.3483169376850128,1.5414621174335479,1.193145179748535,0.282705209851265,0.41095271927118293,0.42072068982599553,0.35580130316429237,0.48051527572854874,1.0,100,2000
Yi-1.5-9B,Yi-1.5,hin,hin_Deva,0.3419588875770569,1.483622018098831,1.1416631305217744,0.2815735445320606,0.4034851034283638,0.41304100808227723,0.35340323869723655,0.470449651879771,1.0,100,2000
Yi-1.5-9B,Yi-1.5,hye,hye_Armn,0.1307665300369263,1.3103645181655883,1.179597988128662,0.08348626127839089,0.1820952355861663,0.15794863462264125,0.10463865465991525,0.2116704535267786,1.0,100,2000
Yi-1.5-9B,Yi-1.5,ind,ind_Latn,0.5463184976577758,1.8434154391288757,1.2970969414710998,0.47340095514059066,0.618113580018282,0.6598803283207973,0.6046752402963007,0.7178223537748707,1.0,100,2000
Yi-1.5-9B,Yi-1.5,ita,ita_Latn,0.6049699449539184,1.8746196949481964,1.269649749994278,0.5293540560901165,0.6800507997870444,0.7307235021547406,0.6727806647344652,0.7847603224235733,1.0,100,2000
Yi-1.5-9B,Yi-1.5,jpn,jpn_Jpan,0.4624906647205353,1.6006331932544708,1.1381425285339355,0.3906961829662323,0.5347823595106601,0.5586274178698347,0.4962764143599334,0.6148279966594014,1.0,100,2000
Yi-1.5-9B,Yi-1.5,kat,kat_Geor,0.1398981964588166,1.3361882960796356,1.196290099620819,0.09669026544690139,0.18823098880052572,0.16897847721890577,0.12059946653770333,0.22004065372658682,1.0,100,2000
Yi-1.5-9B,Yi-1.5,khm,khm_Khmr,0.3605396151542663,1.4760994946956634,1.115559879541397,0.2995566033422946,0.4305945853888987,0.43548406404076095,0.37196879052116083,0.4987714240810345,1.0,100,2000
Yi-1.5-9B,Yi-1.5,kor,kor_Hang,0.4540671002864838,1.654131188392639,1.2000640881061555,0.38579219156503675,0.5242443894743919,0.5484528686129372,0.48759466528494966,0.6108099905841761,1.0,100,2000
Yi-1.5-9B,Yi-1.5,mar,mar_Deva,0.28607769370079045,1.3791786754131317,1.0931009817123414,0.23207749158144,0.34595506983995433,0.3455439331706238,0.289563007356174,0.4075006135435218,1.0,100,2000
Yi-1.5-9B,Yi-1.5,mya,mya_Mymr,0.20880816221237183,1.479354065656662,1.27054590344429,0.1523747581541538,0.27076612594723704,0.25221258153897524,0.1883656532344424,0.3191663065926052,1.0,100,2000
Yi-1.5-9B,Yi-1.5,nld,nld_Latn,0.5749870073795319,1.890637880563736,1.315650873184204,0.503239043623209,0.646585472345352,0.6945080879312926,0.6515498149805954,0.7363011596535441,1.0,100,2000
Yi-1.5-9B,Yi-1.5,pol,pol_Latn,0.5250474071502685,1.7734341835975647,1.2483867764472962,0.4550332465171814,0.5971826472878455,0.6341876705616087,0.5770280213414839,0.6928566814855202,1.0,100,2000
Yi-1.5-9B,Yi-1.5,por,por_Latn,0.5974247932434082,1.9098091340065002,1.312384340763092,0.5279659241735936,0.6670010293126106,0.7216099590305234,0.677248572989014,0.7661554482159288,1.0,100,2000
Yi-1.5-9B,Yi-1.5,ron,ron_Latn,0.5376603949069977,1.7894277489185333,1.2517673540115357,0.4697902591228485,0.6034578361213208,0.6494224878663495,0.5924832196018716,0.7034432945342903,1.0,100,2000
Yi-1.5-9B,Yi-1.5,rus,rus_Cyrl,0.48503554224967954,1.7951448512077333,1.3101093089580536,0.4223106042742729,0.5516478226482867,0.5858586415052516,0.5393324190403971,0.6319091679655188,1.0,100,2000
Yi-1.5-9B,Yi-1.5,som,som_Latn,0.31221156477928164,1.6028732931613923,1.2906617283821107,0.2554805117845535,0.3757863136231899,0.37711018527723084,0.31202764307179737,0.44756697849985244,1.0,100,2000
Yi-1.5-9B,Yi-1.5,spa,spa_Latn,0.6050579977035523,1.9182804667949676,1.3132224690914154,0.5326628578305245,0.6788808759450912,0.7308298582045303,0.6834152165023091,0.7786052461090166,1.0,100,2000
Yi-1.5-9B,Yi-1.5,swa,swh_Latn,0.3236003386974335,1.5732408905029296,1.2496405518054963,0.2637709259390831,0.39494917410612107,0.39086631453974224,0.3264417664396775,0.46226088443108027,1.0,100,2000
Yi-1.5-9B,Yi-1.5,swe,swe_Latn,0.5740855145454407,1.8913913142681122,1.3173057997226716,0.49834303760528564,0.6512607063353061,0.6934192040844351,0.6436056171786281,0.7465767253475355,1.0,100,2000
Yi-1.5-9B,Yi-1.5,tam,tam_Taml,0.29434786558151244,1.409122384786606,1.1147745192050933,0.23745031356811516,0.35549311876296996,0.3555332045559373,0.29999887679548115,0.41435091619199743,1.0,100,2000
Yi-1.5-9B,Yi-1.5,tel,tel_Telu,0.2956223666667938,1.3726029360294343,1.0769805693626404,0.23769467255473137,0.35527661702036856,0.35707263292639585,0.3009667912375459,0.4122044269225689,1.0,100,2000
Yi-1.5-9B,Yi-1.5,tha,tha_Thai,0.4809506869316101,1.7504678177833557,1.2695171308517457,0.408466661900282,0.5534518208503723,0.5809246777460395,0.5181741241354659,0.6439603523912728,1.0,100,2000
Yi-1.5-9B,Yi-1.5,tur,tur_Latn,0.48707968115806577,1.732403745651245,1.2453240644931793,0.41440439042448995,0.5668339384496212,0.5883276903472408,0.5250636749544119,0.6548520568528554,1.0,100,2000
Yi-1.5-9B,Yi-1.5,ukr,ukr_Cyrl,0.41174342155456545,1.6815021026134491,1.2697586810588837,0.3493539716303349,0.47505149173736566,0.49733147488912954,0.44507970921693213,0.5525739286328254,1.0,100,2000
Yi-1.5-9B,Yi-1.5,urd,urd_Arab,0.26885605335235596,1.3867212319374085,1.1178651785850524,0.21843162503838537,0.3192985196113586,0.3247424744316843,0.27765657824989287,0.37287201807344345,1.0,100,2000
Yi-1.5-9B,Yi-1.5,uzb,uzn_Latn,0.20229806423187255,1.4266797924041748,1.2243817281723022,0.14763608640432357,0.2660545678734779,0.24434924611981934,0.18172853747899542,0.31021404205199,1.0,100,2000
Yi-1.5-9B,Yi-1.5,vie,vie_Latn,0.549957971572876,1.864713842868805,1.3147558712959289,0.4771550636589527,0.6237713108956813,0.6642763303824293,0.6093555503170673,0.7232554183951488,1.0,100,2000
Yi-1.5-9B,Yi-1.5,zho-CN,zho_Hans,0.6619220888614654,1.880841977596283,1.2189198887348176,0.5911754854917526,0.7297963814139365,0.799514142745181,0.7555388908434826,0.8461476712212294,1.0,100,2000
Yi-1.5-9B,Yi-1.5,zul,zul_Latn,0.35955881237983706,1.586126080751419,1.226567268371582,0.2891520763039589,0.4354193469285964,0.43429938429884646,0.3573748980642311,0.5131493714389365,1.0,100,2000
granite-3.1-8b-base,Granite,amh,amh_Ethi,0.07136002898216251,-0.02223613142967226,-0.09359616041183477,0.03748367741703988,0.11167849612236022,0.10147484587258482,0.05378636521051022,0.15579490056512646,1.0,100,2000
granite-3.1-8b-base,Granite,arb,arb_Arab,0.3613370639085769,0.2644878321886063,-0.0968492317199707,0.30936898551881314,0.4139655240178108,0.5138257844225446,0.46167736875634396,0.568144414284299,1.0,100,2000
granite-3.1-8b-base,Granite,aze-Latn,azj_Latn,0.28512603282928467,0.15430196404457092,-0.13082406878471375,0.23443183282017707,0.332453326523304,0.405452753429311,0.3440488425234585,0.4612302631253267,1.0,100,2000
granite-3.1-8b-base,Granite,ben,ben_Beng,0.27250651597976683,0.05054043650627136,-0.22196607947349548,0.22540484607219705,0.3191942525506019,0.38750764402343607,0.33255094870653634,0.43673956281127546,1.0,100,2000
granite-3.1-8b-base,Granite,ces,ces_Latn,0.4947236180305481,0.24784955859184266,-0.24687405943870544,0.44000554612278936,0.5512052625715732,0.7035031179951752,0.6531947051872591,0.7526015027541462,1.0,100,2000
granite-3.1-8b-base,Granite,deu,deu_Latn,0.5211819750070572,0.2611271649599075,-0.26005481004714964,0.46997915013134484,0.5787736696898937,0.7411272296236081,0.6981655218240655,0.7855372432872356,1.0,100,2000
granite-3.1-8b-base,Granite,ell,ell_Grek,0.3384208631515503,0.24040616631507875,-0.09801469683647156,0.291925135999918,0.38797727611660954,0.48123866285080646,0.43078462772620635,0.5300933221018483,1.0,100,2000
granite-3.1-8b-base,Granite,eng,,0.7032287496328354,0.5715725845098496,-0.13165616512298586,0.6361103092879057,0.7776482388228178,1.0,1.0,1.0,1.0,100,2000
granite-3.1-8b-base,Granite,fas,pes_Arab,0.3071041804552078,0.1978542059659958,-0.10924997448921203,0.2611052341908216,0.3543978777825832,0.43670595181944816,0.38642273212923023,0.4902473666672473,1.0,100,2000
granite-3.1-8b-base,Granite,fra,fra_Latn,0.48885264933109285,0.2663261157274246,-0.22252653360366823,0.43940460291504857,0.5452847844362259,0.6951545277213552,0.6463265826945366,0.7424827100448099,1.0,100,2000
granite-3.1-8b-base,Granite,hau,hau_Latn,0.28129459083080294,0.10927034318447112,-0.17202424764633178,0.23376379057765007,0.33540327693521965,0.40000439540856425,0.3394806874714382,0.4694786423471439,1.0,100,2000
granite-3.1-8b-base,Granite,heb,heb_Hebr,0.23185717701911926,0.13619178652763364,-0.09566539049148559,0.18931147837638854,0.27608434826135625,0.32970378008603146,0.2776527814728107,0.3807774346286299,1.0,100,2000
granite-3.1-8b-base,Granite,hin,hin_Deva,0.27950993657112116,0.13564706921577455,-0.14386286735534667,0.24170364606380454,0.3204472298920154,0.39746659492669606,0.34834039449041676,0.4484319862394172,1.0,100,2000
granite-3.1-8b-base,Granite,hye,hye_Armn,0.08230435371398924,0.011102942228317253,-0.07120141148567198,0.057733716070651954,0.1099831927716732,0.11703781131951925,0.08444932395523298,0.1508950252261508,1.0,100,2000
granite-3.1-8b-base,Granite,ind,ind_Latn,0.4516835999488831,0.3231017875671387,-0.12858181238174438,0.4005995304584503,0.5092554965615272,0.6422996787101107,0.5968209035859658,0.6906999317819993,1.0,100,2000
granite-3.1-8b-base,Granite,ita,ita_Latn,0.5272647708654403,0.2647860759496689,-0.26247869491577147,0.4745757333487272,0.5855102138370276,0.7497770407434734,0.707622943779355,0.7927986768899301,1.0,100,2000
granite-3.1-8b-base,Granite,jpn,jpn_Jpan,0.4058024936914444,0.2698966026306152,-0.13590589106082918,0.34845976708829407,0.4629927154481411,0.577056176817741,0.5219118880386043,0.629339397480247,1.0,100,2000
granite-3.1-8b-base,Granite,kat,kat_Geor,0.08056943416595459,-0.00587298035621643,-0.08644241452217102,0.049165078043937716,0.11816180983185767,0.11457073421418124,0.07205684769442126,0.16072642510407886,1.0,100,2000
granite-3.1-8b-base,Granite,khm,khm_Khmr,0.3151243984699249,0.08842089295387268,-0.22670350551605226,0.2569558320343495,0.3818497774302959,0.44811080126410546,0.37711757426670744,0.5272290304744317,1.0,100,2000
granite-3.1-8b-base,Granite,kor,kor_Hang,0.39232071161270143,0.28265887379646304,-0.10966183781623841,0.3385478364825249,0.44519878458976736,0.557884915566289,0.5093044249358121,0.6086785998357165,1.0,100,2000
granite-3.1-8b-base,Granite,mar,mar_Deva,0.2481810748577118,0.09255289435386657,-0.15562818050384522,0.2058765786588192,0.29252751693129536,0.3529165651820837,0.30037425544792695,0.4057556367299242,1.0,100,2000
granite-3.1-8b-base,Granite,mya,mya_Mymr,0.15918457388877869,0.05881223559379576,-0.1003723382949829,0.1107681831419468,0.20961380541324615,0.22636243750257787,0.1616020156967551,0.29230348957559604,1.0,100,2000
granite-3.1-8b-base,Granite,nld,nld_Latn,0.53706984937191,0.2959542685747147,-0.24111558079719547,0.48494459870457646,0.5951402197331189,0.7637199839345603,0.7272664174721115,0.8037104005502246,1.0,100,2000
granite-3.1-8b-base,Granite,pol,pol_Latn,0.4435430282354355,0.3040212243795395,-0.139521803855896,0.39504923866689207,0.4970622128844261,0.6307236848138176,0.5899532782743555,0.6714756417892764,1.0,100,2000
granite-3.1-8b-base,Granite,por,por_Latn,0.5217092704772949,0.26101209163665773,-0.2606971788406372,0.4681737989485264,0.5809560462534427,0.7418770503192395,0.6961307623648034,0.7881594277115385,1.0,100,2000
granite-3.1-8b-base,Granite,ron,ron_Latn,0.43782062351703643,0.2965348023176193,-0.14128582119941707,0.3867578174471855,0.49365916545689104,0.6225863543628273,0.57255007241561,0.6710378871583257,1.0,100,2000
granite-3.1-8b-base,Granite,rus,rus_Cyrl,0.3841297549009323,0.30619910001754763,-0.07793065488338474,0.3366882435977459,0.4315892002433538,0.546237273577753,0.4995831176207482,0.5908352935516444,1.0,100,2000
granite-3.1-8b-base,Granite,som,som_Latn,0.34321601390838624,0.21141626596450813,-0.13179974794387822,0.2919596296846867,0.4003427871167661,0.48805742667316093,0.4320413411294,0.5458429324930225,1.0,100,2000
granite-3.1-8b-base,Granite,spa,spa_Latn,0.5097451430559158,0.26504862844944,-0.24469651460647582,0.45936125397682187,0.5675302837044001,0.7248639128051294,0.6764266964502449,0.7725395567853066,1.0,100,2000
granite-3.1-8b-base,Granite,swa,swh_Latn,0.33280271768569947,0.16895654559135437,-0.1638461720943451,0.2798879028558731,0.38502275043725964,0.4732495903494559,0.41547642804871937,0.5310713057083554,1.0,100,2000
granite-3.1-8b-base,Granite,swe,swe_Latn,0.4597545999288559,0.3155626958608627,-0.14419190406799318,0.40594598424434664,0.5200584287643432,0.6537767407389126,0.6026120587720292,0.7020161808373268,1.0,100,2000
granite-3.1-8b-base,Granite,tam,tam_Taml,0.2355628573894501,0.03968432426452637,-0.1958785331249237,0.1882163176238537,0.28876818287372585,0.3349733035124636,0.27918711462807433,0.3920493564559415,1.0,100,2000
granite-3.1-8b-base,Granite,tel,tel_Telu,0.2733425748348236,0.09632853507995605,-0.17701403975486754,0.225229868799448,0.3272800305187702,0.3886965300800617,0.33211592596173295,0.44721855878776956,1.0,100,2000
granite-3.1-8b-base,Granite,tha,tha_Thai,0.3978522515296936,0.21216813683509828,-0.18568411469459534,0.33370922917127605,0.4720122207999229,0.5657508339035019,0.4906495732500845,0.6462636183417658,1.0,100,2000
granite-3.1-8b-base,Granite,tur,tur_Latn,0.4068385899066925,0.2899005711078644,-0.11693801879882815,0.35769601726531985,0.4603536244034767,0.578529518480449,0.5326850207887887,0.626548192107592,1.0,100,2000
granite-3.1-8b-base,Granite,ukr,ukr_Cyrl,0.35453142821788786,0.2641162592172623,-0.09041516900062561,0.30835000300407406,0.40295690001547335,0.5041480860999968,0.4548637740664768,0.5517965587393316,1.0,100,2000
granite-3.1-8b-base,Granite,urd,urd_Arab,0.27125625967979433,0.10651217579841614,-0.16474408388137818,0.22964387911558146,0.31788439017534253,0.38572976406527837,0.33885908879878557,0.4329468673518847,1.0,100,2000
granite-3.1-8b-base,Granite,uzb,uzn_Latn,0.1865016460418701,0.009142633676528907,-0.17735901236534118,0.1439941084086895,0.23038314795494078,0.26520765275771924,0.20804613905231026,0.3203875122404565,1.0,100,2000
granite-3.1-8b-base,Granite,vie,vie_Latn,0.4297341197729111,0.33843731105327607,-0.09129680871963501,0.37512471003830433,0.4875537943542003,0.6110872457891983,0.5580595529787588,0.6673930927856057,1.0,100,2000
granite-3.1-8b-base,Granite,zho-CN,zho_Hans,0.428229141831398,0.3250079667568207,-0.10322117507457733,0.37462642787396905,0.4845408021360635,0.6089471484989512,0.5593331778236196,0.6570364686012762,1.0,100,2000
granite-3.1-8b-base,Granite,zul,zul_Latn,0.3146899294853211,0.11464862823486331,-0.2000413012504578,0.26114419889450086,0.3696293999552727,0.447492980981828,0.3771810572270847,0.5197133723557006,1.0,100,2000
mGPT,mGPT,amh,amh_Ethi,0.0793496060371399,0.1842886877059936,0.10493908166885368,0.04109814977645874,0.12399609482288355,0.09676142769482256,0.05117494132858379,0.14781752611898472,1.0,100,2000
mGPT,mGPT,arb,arb_Arab,0.4224566960334778,0.4750450873374939,0.052588391304016074,0.3655771663784981,0.48424899417161943,0.515157101451822,0.47064786981694795,0.5547752921857594,1.0,100,2000
mGPT,mGPT,aze-Latn,azj_Latn,0.4300287342071533,0.32834530115127564,-0.10168343305587772,0.3667526301145554,0.49710391330718984,0.5243906850930767,0.4687893194417602,0.578922187075018,1.0,100,2000
mGPT,mGPT,ben,ben_Beng,0.29261996507644655,0.3511045694351195,0.058484604358673045,0.25334579235315313,0.336079530954361,0.35683007146315826,0.32164235684300907,0.39777916910471073,1.0,100,2000
mGPT,mGPT,ces,ces_Latn,0.434219331741333,0.5172398114204406,0.08302047967910767,0.3668958104848862,0.5040173169374466,0.5295008327113502,0.463509993844481,0.5918567210601682,1.0,100,2000
mGPT,mGPT,deu,deu_Latn,0.6515305864810944,0.6456523430347443,-0.005878243446350133,0.5719215593039989,0.7342931634783745,0.7944970729312533,0.7486452441921059,0.8379465561671599,1.0,100,2000
mGPT,mGPT,ell,ell_Grek,0.4653675365447998,0.5160744214057922,0.050706884860992375,0.40790506583452235,0.5275629926919937,0.5674839421108284,0.5212747461115589,0.6137670173847515,1.0,100,2000
mGPT,mGPT,eng,,0.8200541055202484,1.0790344274044037,0.25898032188415526,0.7303222347795963,0.9150536045730113,1.0,1.0,1.0,1.0,100,2000
mGPT,mGPT,fas,pes_Arab,0.45575809717178345,0.46918707609176635,0.013428978919982897,0.39141552633047105,0.5229622468352318,0.5557658867918808,0.5032109159002868,0.6048178131404728,1.0,100,2000
mGPT,mGPT,fra,fra_Latn,0.6320714926719666,0.6063123250007628,-0.025759167671203644,0.5557597441077232,0.7138517701625824,0.7707680364223966,0.7167517308038737,0.8223358156595649,1.0,100,2000
mGPT,mGPT,hau,hau_Latn,0.2824972128868103,0.35973316192626953,0.07723594903945921,0.2185812435746193,0.34788203561305997,0.344486066206073,0.2696847700514726,0.4149329952316878,1.0,100,2000
mGPT,mGPT,heb,heb_Hebr,0.4713456106185913,0.4824331021308899,0.011087491512298566,0.41033104586601254,0.5347192921042441,0.5747737953455719,0.530626006760979,0.6186705598524859,1.0,100,2000
mGPT,mGPT,hin,hin_Deva,0.34363781929016113,0.4246996569633483,0.08106183767318725,0.3013047088384628,0.3898451902270316,0.4190428619001362,0.3795520994197926,0.4569569204306845,1.0,100,2000
mGPT,mGPT,hye,hye_Armn,0.2750308227539062,0.31006520986557,0.03503438711166379,0.23084343618154524,0.31967611092329024,0.3353813131383869,0.2958533319848465,0.37630513734053395,1.0,100,2000
mGPT,mGPT,ind,ind_Latn,0.6092400538921356,0.6322870004177092,0.023046946525573663,0.5306794017851353,0.6929350771009921,0.7429266554377278,0.6890768401975295,0.800249992851757,1.0,100,2000
mGPT,mGPT,ita,ita_Latn,0.6650815415382385,0.6430818152427673,-0.021999726295471235,0.5832616693377495,0.7478131453394888,0.8110215375561175,0.758441509192157,0.8671989414537076,1.0,100,2000
mGPT,mGPT,jpn,jpn_Jpan,0.44657655715942385,0.5906448197364806,0.14406826257705682,0.3878386002182961,0.506475279211998,0.5445696255323451,0.500050305290515,0.5890798788481416,1.0,100,2000
mGPT,mGPT,kat,kat_Geor,0.3471252107620239,0.3868092465400696,0.03968403577804564,0.2974715226888657,0.4022290052771568,0.42329549773036634,0.38346835306473404,0.4636198708178499,1.0,100,2000
mGPT,mGPT,khm,khm_Khmr,0.21942532539367676,0.3168661379814148,0.097440812587738,0.14983919507265092,0.29278441363573077,0.26757420506354485,0.18590730492430824,0.3514538907731393,1.0,100,2000
mGPT,mGPT,kor,kor_Hang,0.484215829372406,0.5354419493675231,0.05122611999511717,0.42091852581501,0.5526824816465377,0.5904681485195613,0.5425167569766869,0.6391130214689008,1.0,100,2000
mGPT,mGPT,mar,mar_Deva,0.2882373261451721,0.35910634994506835,0.07086902379989626,0.2436242389678955,0.3350553911924362,0.3514857424709949,0.3091486507625747,0.3921337662382224,1.0,100,2000
mGPT,mGPT,mya,mya_Mymr,0.39573047399520883,0.45549688816070555,0.05976641416549678,0.3309904412627221,0.4631081064343452,0.482566298164137,0.4149233651194148,0.5525645501675889,1.0,100,2000
mGPT,mGPT,nld,nld_Latn,0.6671392786502838,0.6892336308956146,0.02209435224533077,0.5832040911912918,0.7546424494087696,0.8135308074911054,0.7677756509354243,0.8585273939974097,1.0,100,2000
mGPT,mGPT,pol,pol_Latn,0.6359392070770263,0.5775020980834961,-0.05843710899353033,0.5539107938408853,0.7237366261482235,0.7754844501065961,0.7229375227435696,0.8280121212979673,1.0,100,2000
mGPT,mGPT,por,por_Latn,0.665909903049469,0.6364087438583373,-0.029501159191131637,0.5861749558448792,0.7485577954649925,0.8120316678702691,0.7583308170392479,0.8680823720129937,1.0,100,2000
mGPT,mGPT,ron,ron_Latn,0.6034082472324371,0.586973420381546,-0.016434826850891107,0.5260036142766475,0.684618476241827,0.7358151653294028,0.6795767251552611,0.8004123002605879,1.0,100,2000
mGPT,mGPT,rus,rus_Cyrl,0.5502443742752076,0.5497857189178467,-0.00045865535736088424,0.4827708985209465,0.6184807980060577,0.6709854515344795,0.6320632540362655,0.7070394371511489,1.0,100,2000
mGPT,mGPT,som,som_Latn,0.2954525828361511,0.37940359354019165,0.08395101070404049,0.22993933182954784,0.3609658355116844,0.36028425545008863,0.2862284361973429,0.4298839009378173,1.0,100,2000
mGPT,mGPT,spa,spa_Latn,0.6337303900718689,0.6361343789100647,0.0024039888381957295,0.5598190079331398,0.714870551943779,0.7727909485555537,0.7184967270677308,0.8318080072869384,1.0,100,2000
mGPT,mGPT,swa,swh_Latn,0.5073451590538025,0.5639515447616578,0.05660638570785521,0.44505457520484926,0.5709531162381172,0.6186727871229167,0.5729354284302134,0.6674892020570871,1.0,100,2000
mGPT,mGPT,swe,swe_Latn,0.6452301037311554,0.666612230539322,0.021382126808166473,0.5692717907130718,0.7288704011440277,0.7868140643254468,0.742300269155551,0.8307825413307376,1.0,100,2000
mGPT,mGPT,tam,tam_Taml,0.33960442304611205,0.3966027164459229,0.05699829339981075,0.28772989398241045,0.4019236715435981,0.4141244105236989,0.3628694323182687,0.4719112586834076,1.0,100,2000
mGPT,mGPT,tel,tel_Telu,0.3131732487678528,0.4203236007690429,0.10715035200119015,0.26843704360723497,0.3592065320014953,0.38189339783766263,0.34111829909537733,0.42172454139437743,1.0,100,2000
mGPT,mGPT,tha,tha_Thai,0.5080622386932373,0.630899543762207,0.12283730506896968,0.4370879739522935,0.5855073115229605,0.6195472167911639,0.5622712429832794,0.6761750414696784,1.0,100,2000
mGPT,mGPT,tur,tur_Latn,0.5967479562759399,0.5252179431915284,-0.07153001308441166,0.5200002884864807,0.6791685658097267,0.7276933951783079,0.6686765646659177,0.7827465369040117,1.0,100,2000
mGPT,mGPT,ukr,ukr_Cyrl,0.535223069190979,0.49889419078826897,-0.03632887840271,0.4706742500662804,0.6040610160827636,0.6526679954262645,0.6122116095728966,0.6927962350892537,1.0,100,2000
mGPT,mGPT,urd,urd_Arab,0.37275196313858033,0.46598713874816894,0.09323517560958862,0.31794483464956275,0.43112141686677924,0.45454557282181246,0.4113114823728658,0.4956028605095316,1.0,100,2000
mGPT,mGPT,uzb,uzn_Latn,0.3949101495742798,0.23207576990127557,-0.16283437967300418,0.334927950501442,0.4578853105306625,0.48156596853294925,0.4322300295111705,0.5292606718840793,1.0,100,2000
mGPT,mGPT,vie,vie_Latn,0.6282265055179596,0.6207343184947968,-0.007492187023162877,0.5469800747931003,0.713357567667961,0.7660793370693608,0.7091311046756906,0.8242295525023852,1.0,100,2000
mGPT,mGPT,zho-CN,zho_Hans,0.43605135440826415,0.6013586926460266,0.1653073382377624,0.3748957771062851,0.5061023098826408,0.5317348592891075,0.48120120735004335,0.586808597775407,1.0,100,2000
mGPT,mGPT,zul,zul_Latn,0.3068612337112427,0.3834350562095642,0.07657382249832148,0.2442087020277977,0.3748455494642258,0.37419632637113337,0.3006779521194029,0.4521959966569063,1.0,100,2000
occiglot-7b-eu5,Occiglot,amh,amh_Ethi,0.07748157501220704,-0.10356040954589847,-0.1810419845581055,0.03074766194820408,0.12347876885533329,0.08954991580286814,0.03543202636782907,0.1435009237997124,1.0,100,2000
occiglot-7b-eu5,Occiglot,arb,arb_Arab,0.31340880155563355,0.29368552446365354,-0.019723277091979997,0.2619242376685143,0.3632370983958244,0.36222459064317036,0.32049745775540894,0.40441405464430014,1.0,100,2000
occiglot-7b-eu5,Occiglot,aze-Latn,azj_Latn,0.32222792506217957,0.22221821904182434,-0.10000970602035528,0.26390946662426007,0.3804865492880344,0.3724173592767696,0.31259767489379386,0.4312265176323953,1.0,100,2000
occiglot-7b-eu5,Occiglot,ben,ben_Beng,0.179957013130188,0.15897375583648682,-0.020983257293701162,0.13902090936899184,0.2235974786877632,0.2079866777540992,0.17104983303148089,0.24480525903112774,1.0,100,2000
occiglot-7b-eu5,Occiglot,ces,ces_Latn,0.5827923691272736,0.4727351486682892,-0.11005722045898438,0.5146625428497791,0.6518309741318226,0.6735666844366438,0.6265937451543055,0.7207848287713958,1.0,100,2000
occiglot-7b-eu5,Occiglot,deu,deu_Latn,0.7095322370529175,0.4593381774425507,-0.25019405961036684,0.6381708378493787,0.78700047904253,0.8200472444900493,0.7769374027088235,0.8650243500488227,1.0,100,2000
occiglot-7b-eu5,Occiglot,ell,ell_Grek,0.3290912425518036,0.3390126073360443,0.0099213647842407,0.2787245358228683,0.3833379406630993,0.38034969032744015,0.3363682601486897,0.4279377036594523,1.0,100,2000
occiglot-7b-eu5,Occiglot,eng,,0.8652333652973175,0.7792332458496094,-0.08600011944770816,0.772583151102066,0.9579116673469543,1.0,1.0,1.0,1.0,100,2000
occiglot-7b-eu5,Occiglot,fas,pes_Arab,0.2949441933631898,0.2707011234760284,-0.02424306988716128,0.24613728138804436,0.3472806401848793,0.34088398019861266,0.2963669728784272,0.3852052792665177,1.0,100,2000
occiglot-7b-eu5,Occiglot,fra,fra_Latn,0.6734911406040192,0.4636811029911041,-0.20981003761291508,0.6056407748460769,0.7456529817283153,0.7783924749279513,0.7355310797683868,0.8229895721914491,1.0,100,2000
occiglot-7b-eu5,Occiglot,hau,hau_Latn,0.30146432638168336,0.15324386835098266,-0.14822045803070072,0.2340344604253769,0.36476298266649243,0.34841967320353173,0.27541923363193943,0.42059159210415326,1.0,100,2000
occiglot-7b-eu5,Occiglot,heb,heb_Hebr,0.23447603344917298,0.19269962310791017,-0.04177641034126285,0.1908427549898625,0.27989403429627424,0.27099744745580945,0.22849830347147812,0.31153926090797507,1.0,100,2000
occiglot-7b-eu5,Occiglot,hin,hin_Deva,0.23446522712707518,0.2502018666267395,0.0157366394996643,0.18875192672014235,0.28426029908657074,0.2709849579673879,0.22753472603902367,0.31525813692543503,1.0,100,2000
occiglot-7b-eu5,Occiglot,hye,hye_Armn,0.1370873045921326,0.06535958170890806,-0.07172772288322453,0.09414155557751659,0.18184583887457847,0.15843968817016862,0.1123854413718785,0.20325275482113103,1.0,100,2000
occiglot-7b-eu5,Occiglot,ind,ind_Latn,0.5631122207641601,0.45853370666503906,-0.10457851409912115,0.5026034717261791,0.6280245640873909,0.6508212042547152,0.6066927785859523,0.694748095308647,1.0,100,2000
occiglot-7b-eu5,Occiglot,ita,ita_Latn,0.6941729152202606,0.4272464454174042,-0.26692646980285645,0.6218788043260575,0.7660037723779678,0.8022955922206306,0.7722559887868571,0.8358485194225236,1.0,100,2000
occiglot-7b-eu5,Occiglot,jpn,jpn_Jpan,0.4570089042186737,0.49743268013000486,0.040423775911331145,0.39543319937586785,0.5189923030436039,0.5281914943971596,0.4855941157839807,0.5701249953206611,1.0,100,2000
occiglot-7b-eu5,Occiglot,kat,kat_Geor,0.16133419990539555,0.03800700426101682,-0.1233271956443787,0.12542801100015638,0.20075005838274954,0.1864632206479425,0.1479374348359421,0.228709839427657,1.0,100,2000
occiglot-7b-eu5,Occiglot,khm,khm_Khmr,0.233115953207016,0.06230535507202145,-0.17081059813499455,0.17737025892734537,0.29358875250816335,0.26942552443861323,0.20964988129978454,0.33128538773569133,1.0,100,2000
occiglot-7b-eu5,Occiglot,kor,kor_Hang,0.47482064366340637,0.4410729777812958,-0.03374766588211064,0.40834750562906263,0.5442300189733503,0.5487775468532067,0.4996526744902687,0.5983477201730361,1.0,100,2000
occiglot-7b-eu5,Occiglot,mar,mar_Deva,0.14944328904151916,0.13167690396308898,-0.01776638507843019,0.10495210537314414,0.19838498207926747,0.1727202105644255,0.1272063986398931,0.22176061393648894,1.0,100,2000
occiglot-7b-eu5,Occiglot,mya,mya_Mymr,0.16687649488449094,0.0837904334068298,-0.08308606147766114,0.11886079651117318,0.21731592971086494,0.19286876994988245,0.13850841335647304,0.2493209904253652,1.0,100,2000
occiglot-7b-eu5,Occiglot,nld,nld_Latn,0.6347802543640136,0.5093336093425751,-0.1254466450214386,0.5684643733799457,0.7049606191813945,0.7336520756407562,0.6937797895488943,0.7761162890559428,1.0,100,2000
occiglot-7b-eu5,Occiglot,pol,pol_Latn,0.6144674015045166,0.5279919290542603,-0.08647547245025634,0.5470043369829655,0.6859763623178006,0.7101753424561581,0.6667102049406385,0.7554450805606353,1.0,100,2000
occiglot-7b-eu5,Occiglot,por,por_Latn,0.661328684091568,0.5106076717376709,-0.15072101235389712,0.5918962867856026,0.7308138979375361,0.7643356239091839,0.7245547602615051,0.8073713522079089,1.0,100,2000
occiglot-7b-eu5,Occiglot,ron,ron_Latn,0.5713764035701752,0.45086766958236696,-0.12050873398780824,0.5084971465468406,0.6371561087071896,0.6603725959803166,0.6153909020627433,0.7072785976538624,1.0,100,2000
occiglot-7b-eu5,Occiglot,rus,rus_Cyrl,0.5274722385406494,0.5319078361988068,0.004435597658157331,0.4708794546723366,0.5858187148571015,0.6096300254895923,0.5770820612002955,0.644178935837035,1.0,100,2000
occiglot-7b-eu5,Occiglot,som,som_Latn,0.3078179836273193,0.15410173535346983,-0.15371624827384953,0.240489923119545,0.3726430540680885,0.3557629605760115,0.28419938362128155,0.42400718650701347,1.0,100,2000
occiglot-7b-eu5,Occiglot,spa,spa_Latn,0.6754126584529877,0.38409597873687745,-0.29131667971611025,0.6060256843566895,0.7491481911242007,0.7806132837016724,0.733609384362472,0.828209161601923,1.0,100,2000
occiglot-7b-eu5,Occiglot,swa,swh_Latn,0.3346359133720398,0.19795744180679317,-0.13667847156524662,0.2759995228946209,0.38811174374818797,0.3867579855257314,0.32169752205837765,0.448270950924588,1.0,100,2000
occiglot-7b-eu5,Occiglot,swe,swe_Latn,0.6468624305725098,0.5054958808422089,-0.14136654973030094,0.5726741884648799,0.7250461727380753,0.7476161420915968,0.7007326476350455,0.7949857308292309,1.0,100,2000
occiglot-7b-eu5,Occiglot,tam,tam_Taml,0.10316740393638611,0.07203214406967161,-0.031135259866714508,0.06257415235042574,0.15618614530563354,0.11923650667462993,0.07430513384691181,0.17475853412329093,1.0,100,2000
occiglot-7b-eu5,Occiglot,tel,tel_Telu,0.09122416377067565,0.07717687129974359,-0.014047292470932051,0.055888238012790664,0.12674112269282334,0.10543301660509655,0.06742513774445377,0.14087608808144847,1.0,100,2000
occiglot-7b-eu5,Occiglot,tha,tha_Thai,0.42071750640869143,0.34111259937286376,-0.07960490703582764,0.3559837107956409,0.4939071594178675,0.4862474371456093,0.4253738381264605,0.5487736667711745,1.0,100,2000
occiglot-7b-eu5,Occiglot,tur,tur_Latn,0.513258374929428,0.4195993494987488,-0.09365902543067936,0.4453627853691578,0.5838620156049728,0.5932022452151491,0.5334886582854144,0.6525256809705481,1.0,100,2000
occiglot-7b-eu5,Occiglot,ukr,ukr_Cyrl,0.48665731549263,0.5088552701473236,0.022197954654693583,0.42949566248059273,0.5492025180160999,0.5624578697625714,0.5230621121774973,0.6012923702706483,1.0,100,2000
occiglot-7b-eu5,Occiglot,urd,urd_Arab,0.21427252888679507,0.19535863757133484,-0.018913891315460236,0.17234282362461092,0.2582616799473762,0.24764709439188726,0.21409457026651374,0.2790580023087614,1.0,100,2000
occiglot-7b-eu5,Occiglot,uzb,uzn_Latn,0.22733822226524353,0.07334798932075497,-0.15399023294448855,0.17573053354024884,0.2838957948982715,0.2627478682437587,0.20640651651191355,0.3223754295722301,1.0,100,2000
occiglot-7b-eu5,Occiglot,vie,vie_Latn,0.5274448823928833,0.45219714760780333,-0.07524773478508,0.46218653562664985,0.5999798658192157,0.6095984084150974,0.553543810977404,0.6653348271452653,1.0,100,2000
occiglot-7b-eu5,Occiglot,zho-CN,zho_Hans,0.4770680928230286,0.5565604662895203,0.0794923734664917,0.41534597826004027,0.5393264573216439,0.5513750532020862,0.5063685801076817,0.5960840153439688,1.0,100,2000
occiglot-7b-eu5,Occiglot,zul,zul_Latn,0.3384329617023468,0.18460333466529844,-0.1538296270370484,0.2789070727229118,0.402299276560545,0.39114645282553584,0.32777588181602363,0.45725901829824345,1.0,100,2000
xglm-1.7B,XGLM,amh,amh_Ethi,0.032196588516235386,-0.08314643621444702,-0.1153430247306824,-0.06362607634067535,0.12797815227508536,0.038771425361995626,-0.07758691931241096,0.15218355406445397,1.0,100,2000
xglm-1.7B,XGLM,arb,arb_Arab,0.398643844127655,0.4096294164657593,0.010985572338104233,0.3380502020120621,0.4582890614271165,0.48005055072280683,0.42956285018002666,0.531274445235061,1.0,100,2000
xglm-1.7B,XGLM,aze-Latn,azj_Latn,0.25336540937423707,0.24801693439483644,-0.005348474979400621,0.18341878324747085,0.32796246790885913,0.3051049353850394,0.22854003730503883,0.38228817443933105,1.0,100,2000
xglm-1.7B,XGLM,ben,ben_Beng,0.3645124137401581,0.38892137408256533,0.024408960342407186,0.30625528848171235,0.4200761924684046,0.4389491711434241,0.3875184904225527,0.4906399212742995,1.0,100,2000
xglm-1.7B,XGLM,ces,ces_Latn,0.27690349221229554,0.491016331911087,0.2141128396987915,0.22379238903522491,0.3345653567910195,0.3334497092874069,0.27325284945007655,0.40092537868698386,1.0,100,2000
xglm-1.7B,XGLM,deu,deu_Latn,0.5699401485919953,0.633275717496872,0.0633355689048767,0.4962668341398239,0.6401490835249423,0.6863271219184125,0.6381663632050403,0.7324617348282187,1.0,100,2000
xglm-1.7B,XGLM,ell,ell_Grek,0.5030801868438721,0.49960483074188233,-0.003475356101989764,0.43695872458815577,0.5685938471257687,0.6058137465551787,0.550858754768427,0.6633683954428791,1.0,100,2000
xglm-1.7B,XGLM,eng,,0.8304205536842346,1.2332816815376282,0.40286112785339356,0.7347082808315754,0.9286951395869255,1.0,1.0,1.0,1.0,100,2000
xglm-1.7B,XGLM,fas,pes_Arab,0.1884868025779724,0.23099797010421752,0.0425111675262451,0.1347653447389603,0.24390059000253664,0.22697752571481275,0.1647151720410013,0.2902206031514077,1.0,100,2000
xglm-1.7B,XGLM,fra,fra_Latn,0.5714849662780762,0.5654849696159363,-0.005999996662139919,0.4997114458680153,0.6475123130381107,0.6881874054569487,0.6324691261636923,0.7459141583639275,1.0,100,2000
xglm-1.7B,XGLM,hau,hau_Latn,0.2531244933605194,0.4200235116481781,0.16689901828765868,0.18160876849293708,0.32550747931003565,0.3048148221253798,0.2228967122054218,0.39128878939993805,1.0,100,2000
xglm-1.7B,XGLM,heb,heb_Hebr,0.05674938440322878,0.1843615698814392,0.12761218547821046,0.011241825520992284,0.10252515399456023,0.06833812596696347,0.014393518372061228,0.11914802895493799,1.0,100,2000
xglm-1.7B,XGLM,hin,hin_Deva,0.4219116985797882,0.39284340262413026,-0.029068295955657967,0.352059077501297,0.48911272123456,0.5080699131397212,0.44425870626228753,0.571145585821641,1.0,100,2000
xglm-1.7B,XGLM,hye,hye_Armn,-0.011631035804748472,-0.039649472236633274,-0.028018436431884806,-0.07552221924066535,0.05262193590402605,-0.014006199332550656,-0.09231051996931788,0.0626166041735824,1.0,100,2000
xglm-1.7B,XGLM,ind,ind_Latn,0.6096318459510803,0.6668581652641297,0.0572263193130493,0.5201177167892457,0.7044957522451877,0.7341242256666148,0.6643652450474825,0.8022296501368482,1.0,100,2000
xglm-1.7B,XGLM,ita,ita_Latn,0.6211306190490723,0.595477180480957,-0.025653438568115243,0.5447188965380192,0.6995611852407455,0.7479711530421196,0.6931714162893204,0.8042479167422276,1.0,100,2000
xglm-1.7B,XGLM,jpn,jpn_Jpan,0.462047119140625,0.3973559379577637,-0.06469118118286135,0.3888452517390251,0.5365765356421471,0.5564013524119941,0.49103108322315,0.6211866569898594,1.0,100,2000
xglm-1.7B,XGLM,kat,kat_Geor,0.05876837253570555,-0.15993057250976567,-0.2186989450454712,-0.02226699650287627,0.14318527096509923,0.07076940987909612,-0.027075684525077085,0.17277003062104943,1.0,100,2000
xglm-1.7B,XGLM,khm,khm_Khmr,0.09336105585098271,-0.07941130876541137,-0.17277236461639411,-0.019687060892581872,0.20022314864397048,0.11242623443841568,-0.02487547105085629,0.24322159053495457,1.0,100,2000
xglm-1.7B,XGLM,kor,kor_Hang,0.5059856855869294,0.4326341927051544,-0.07335149288177494,0.42975181734561924,0.5841149894595147,0.6093125746250847,0.5454698618406904,0.671461008623121,1.0,100,2000
xglm-1.7B,XGLM,mar,mar_Deva,0.19243361234664916,0.21088186979293824,0.018448257446289036,0.14779017072916031,0.23794515639543523,0.23173031001328223,0.18054644816508322,0.28552750473790456,1.0,100,2000
xglm-1.7B,XGLM,mya,mya_Mymr,0.22999551415443417,0.4023196029663086,0.17232408881187442,0.16890223169326773,0.2972486082911491,0.27696269454559935,0.2049452258408633,0.3565874539188156,1.0,100,2000
xglm-1.7B,XGLM,nld,nld_Latn,0.4462352561950684,0.7417755877971649,0.2955403316020966,0.36847370183467865,0.528894088447094,0.5373605629283933,0.4601378841339926,0.6108426130235256,1.0,100,2000
xglm-1.7B,XGLM,pol,pol_Latn,0.24674909114837645,0.5267929983139038,0.2800439071655273,0.18738636818528176,0.3095181096494198,0.2971375046699557,0.2310765968963828,0.3664944890364118,1.0,100,2000
xglm-1.7B,XGLM,por,por_Latn,0.6381120407581329,0.6260828840732574,-0.012029156684875546,0.5494643484652042,0.7279954718649384,0.7684203358492177,0.7050301868670756,0.8289211474146022,1.0,100,2000
xglm-1.7B,XGLM,ron,ron_Latn,0.36325802564620974,0.5950766015052795,0.23181857585906981,0.2975403834879399,0.43460554227232934,0.43743862556698915,0.36320192946158797,0.5133591609635787,1.0,100,2000
xglm-1.7B,XGLM,rus,rus_Cyrl,0.4899915611743928,0.5232556927204132,0.03326413154602047,0.4283992852270603,0.5581729008257388,0.5900523042216401,0.5414034977650715,0.6436653034572749,1.0,100,2000
xglm-1.7B,XGLM,som,som_Latn,0.24302441716194154,0.4136763536930084,0.17065193653106683,0.18017120325565342,0.3086868063211441,0.2926522183052215,0.2208977515839481,0.37054830107811076,1.0,100,2000
xglm-1.7B,XGLM,spa,spa_Latn,0.5997921431064606,0.5771859562397004,-0.022606186866760254,0.5186873537003994,0.6868080787062645,0.7222751658125867,0.6560603039992774,0.7892809676086565,1.0,100,2000
xglm-1.7B,XGLM,swa,swh_Latn,0.5279277908802033,0.5643465280532837,0.03641873717308044,0.4507441713511944,0.610766988992691,0.6357354578207448,0.5783965305801947,0.7003770589172506,1.0,100,2000
xglm-1.7B,XGLM,swe,swe_Latn,0.3975439071655273,0.6426374626159668,0.24509355545043945,0.3289428313374519,0.4701477924883365,0.47872599660712684,0.4087349456869417,0.5511803282077993,1.0,100,2000
xglm-1.7B,XGLM,tam,tam_Taml,0.34820412755012514,0.3379942786693573,-0.010209848880767813,0.28741974771022794,0.413168133854866,0.419310584263945,0.36279912802505604,0.4787039417633372,1.0,100,2000
xglm-1.7B,XGLM,tel,tel_Telu,0.3452859091758728,0.2971587109565734,-0.04812719821929935,0.28723364442586896,0.40120305281877516,0.41579643909821495,0.3632411259699165,0.4677049095272462,1.0,100,2000
xglm-1.7B,XGLM,tha,tha_Thai,0.5687916564941407,0.6117073702812195,0.04291571378707882,0.4773910000324249,0.6586731630265713,0.6849440972657118,0.6159509216277901,0.7513599043052108,1.0,100,2000
xglm-1.7B,XGLM,tur,tur_Latn,0.532699613571167,0.4818465375900269,-0.050853075981140174,0.45289205515384673,0.6170500949323177,0.6414817302001954,0.5729754512545611,0.7104263580437034,1.0,100,2000
xglm-1.7B,XGLM,ukr,ukr_Cyrl,0.31518614411354057,0.46698179602622986,0.15179565191268923,0.25615626776218403,0.37510017460584627,0.3795500276518798,0.31952016917749315,0.4391946215298081,1.0,100,2000
xglm-1.7B,XGLM,urd,urd_Arab,0.41304224014282226,0.33430001974105833,-0.07874222040176392,0.3466134582161903,0.48249959719181057,0.49738923044513245,0.43955950657416987,0.5525613671713093,1.0,100,2000
xglm-1.7B,XGLM,uzb,uzn_Latn,0.1518413043022156,0.2817717242240906,0.12993041992187498,0.10860275590419773,0.19526803648471835,0.18284868266874915,0.13044091775372843,0.23708910374406877,1.0,100,2000
xglm-1.7B,XGLM,vie,vie_Latn,0.5669127643108368,0.5336441648006439,-0.03326859951019289,0.48046825873851773,0.6651237459778786,0.6826815181725427,0.6181116756534748,0.7514135828883117,1.0,100,2000
xglm-1.7B,XGLM,zho-CN,zho_Hans,0.4315414369106293,0.45549245953559875,0.02395102262496946,0.3583208394646644,0.5134538938403128,0.5196661318124381,0.4533435308432857,0.5871712615275687,1.0,100,2000
xglm-1.7B,XGLM,zul,zul_Latn,0.24201046466827392,0.4700490593910217,0.2280385947227478,0.17714181646704677,0.30786646616458896,0.29143120747020645,0.21879346006110975,0.3680574381040308,1.0,100,2000
xglm-2.9B,XGLM,amh,amh_Ethi,0.0698894798755646,0.42510830402374267,0.3552188241481781,0.023026614725589725,0.12066658630967145,0.08696864983618924,0.028980664959994754,0.14394605943979627,1.0,100,2000
xglm-2.9B,XGLM,arb,arb_Arab,0.44556008458137514,0.6203799498081207,0.1748198652267456,0.37871653053164483,0.5134286502301694,0.554443373250636,0.5025829330119843,0.6046465314063559,1.0,100,2000
xglm-2.9B,XGLM,aze-Latn,azj_Latn,0.2755481553077697,0.5456554591655731,0.27010730385780335,0.21521449097990986,0.3395769487023353,0.3428849531379593,0.2811983823589665,0.40925885068989665,1.0,100,2000
xglm-2.9B,XGLM,ben,ben_Beng,0.39595778584480285,0.5927204370498658,0.19676265120506287,0.33365084147453306,0.4576784533858299,0.4927195636362043,0.4408780535180621,0.5436662736791741,1.0,100,2000
xglm-2.9B,XGLM,ces,ces_Latn,0.2860380828380584,0.7242056953907013,0.4381676125526428,0.23150055819749832,0.34762255355715754,0.3559383459491947,0.29488062145559896,0.42364678730476224,1.0,100,2000
xglm-2.9B,XGLM,deu,deu_Latn,0.5813218140602112,0.8289570951461792,0.24763528108596802,0.5048632486164569,0.6551803842186927,0.7233817361233067,0.6742220024291875,0.774228815398094,1.0,100,2000
xglm-2.9B,XGLM,ell,ell_Grek,0.4919076871871948,0.6821474838256836,0.19023979663848878,0.4251122625470162,0.555898422718048,0.6121171237056263,0.5695354572671099,0.6562155129142259,1.0,100,2000
xglm-2.9B,XGLM,eng,,0.8036169356107712,1.3662243849039077,0.5626074492931366,0.7132126003801823,0.8870205616950989,1.0,1.0,1.0,1.0,100,2000
xglm-2.9B,XGLM,fas,pes_Arab,0.1994392156600952,0.4653468930721283,0.26590767741203303,0.1523913126885891,0.24527068644762035,0.24817696942700176,0.1930226690607463,0.3063714337388809,1.0,100,2000
xglm-2.9B,XGLM,fra,fra_Latn,0.5786204767227173,0.7615957581996917,0.18297528147697448,0.5097720512449742,0.6494987490475177,0.7200202622446598,0.6696302868890971,0.7694239495381623,1.0,100,2000
xglm-2.9B,XGLM,hau,hau_Latn,0.24066947340965272,0.6135959529876709,0.37292647957801817,0.17709739011526107,0.3046628897488117,0.299482829125219,0.22343026353976767,0.3796640880581163,1.0,100,2000
xglm-2.9B,XGLM,heb,heb_Hebr,0.0507053816318512,0.5171236550807953,0.4664182734489441,0.01209496781229969,0.0965066475868225,0.0630964572608387,0.01612285573273206,0.1149620028427081,1.0,100,2000
xglm-2.9B,XGLM,hin,hin_Deva,0.42959958672523496,0.6190957987308502,0.1894962120056152,0.37323071858286866,0.48622236397862434,0.5345825451012022,0.4813929982354652,0.5842745051704191,1.0,100,2000
xglm-2.9B,XGLM,hye,hye_Armn,0.029616506099700915,0.4302643930912018,0.40064788699150083,-0.004121379703283333,0.06626811808347693,0.036854009400873994,-0.005361087992001088,0.08204503936758334,1.0,100,2000
xglm-2.9B,XGLM,ind,ind_Latn,0.6078896999359131,0.8322361779212951,0.22434647798538207,0.5274742526412011,0.6945317791998384,0.7564421218598387,0.6915416163242964,0.8304759436524317,1.0,100,2000
xglm-2.9B,XGLM,ita,ita_Latn,0.6176023244857788,0.7593299782276154,0.14172765374183655,0.5422101234197616,0.6943983575999737,0.7685282590720712,0.7150228741983546,0.8249679082180567,1.0,100,2000
xglm-2.9B,XGLM,jpn,jpn_Jpan,0.47321046233177183,0.6089110684394836,0.13570060610771179,0.40273755896091457,0.5410060297250747,0.5888507837034553,0.5396610619107997,0.6355051876100996,1.0,100,2000
xglm-2.9B,XGLM,kat,kat_Geor,0.04097887396812437,0.3984187209606171,0.35743984699249265,-0.0015538267493248388,0.086676052391529,0.05099304426303471,-0.0018330740732342165,0.10690434774026789,1.0,100,2000
xglm-2.9B,XGLM,khm,khm_Khmr,0.13977395415306096,0.5565960800647736,0.41682212591171264,0.06613680309057236,0.20463807576894755,0.17393107083641646,0.08152974095605704,0.25219639402061594,1.0,100,2000
xglm-2.9B,XGLM,kor,kor_Hang,0.5620094847679138,0.696554104089737,0.13454461932182313,0.4886641673445702,0.6333309946656227,0.6993499761683979,0.6408588296122757,0.7620322104280278,1.0,100,2000
xglm-2.9B,XGLM,mar,mar_Deva,0.2120464551448822,0.45420294880867007,0.24215649366378783,0.16418909817934033,0.26412050101160994,0.26386509012993986,0.2087080870766001,0.32330664507011797,1.0,100,2000
xglm-2.9B,XGLM,mya,mya_Mymr,0.2611357891559601,0.577677092552185,0.316541303396225,0.20424357998371118,0.32275718128681175,0.32495057979022013,0.26031131025545207,0.39557785400291606,1.0,100,2000
xglm-2.9B,XGLM,nld,nld_Latn,0.43663512349128725,0.9486667680740356,0.5120316445827484,0.36387353855371474,0.5122238626778125,0.5433373839482768,0.47362420568336916,0.616405305195776,1.0,100,2000
xglm-2.9B,XGLM,pol,pol_Latn,0.2769110119342804,0.7375294935703277,0.46061848163604735,0.22335525277256968,0.33722241395711894,0.34458085645472414,0.28556018102538105,0.4081089316525246,1.0,100,2000
xglm-2.9B,XGLM,por,por_Latn,0.6237467968463898,0.8049127650260925,0.18116596817970276,0.5434040047824383,0.7067897848784923,0.7761742805635684,0.7188560390412304,0.8354583381077643,1.0,100,2000
xglm-2.9B,XGLM,ron,ron_Latn,0.3439276003837585,0.8128787088394165,0.46895110845565796,0.28590489971637717,0.40991673386096944,0.4279745549692329,0.361055258295136,0.5027693454258199,1.0,100,2000
xglm-2.9B,XGLM,rus,rus_Cyrl,0.4981967484951019,0.7246772503852844,0.22648050189018246,0.43448237112164495,0.5623397473990916,0.6199430679201137,0.5762393352257716,0.6646736917230505,1.0,100,2000
xglm-2.9B,XGLM,som,som_Latn,0.23159727334976193,0.6163751244544983,0.38477785110473633,0.17131626540422434,0.297065869450569,0.28819361948083083,0.2132797550305144,0.3697534032875785,1.0,100,2000
xglm-2.9B,XGLM,spa,spa_Latn,0.5888259601593018,0.8009867334365844,0.21216077327728272,0.5172720841765405,0.6634102444648742,0.7327197002285395,0.6813560096256633,0.7880979247426266,1.0,100,2000
xglm-2.9B,XGLM,swa,swh_Latn,0.5429952561855316,0.7934074413776397,0.25041218519210817,0.46833636251091953,0.6229069771170617,0.6756891649786351,0.6141465357864608,0.7394380650579098,1.0,100,2000
xglm-2.9B,XGLM,swe,swe_Latn,0.4414065361022949,0.868328468799591,0.42692193269729617,0.37466610157489777,0.5131325219273567,0.5492748056221758,0.47658811978665444,0.6208522829519952,1.0,100,2000
xglm-2.9B,XGLM,tam,tam_Taml,0.38558316230773926,0.5688493967056274,0.18326623439788822,0.3225375511050224,0.4467493216991424,0.47980965211327375,0.4280014710159998,0.5315338616729154,1.0,100,2000
xglm-2.9B,XGLM,tel,tel_Telu,0.40558204174041745,0.5365784120559692,0.13099637031555178,0.3452944499850273,0.46938356238603585,0.5046957371949409,0.45803542896543836,0.5533465840175377,1.0,100,2000
xglm-2.9B,XGLM,tha,tha_Thai,0.5780943739414215,0.8030762720108032,0.22498189806938174,0.5002403552532196,0.6521268088817596,0.7193655936357958,0.6678562768221082,0.7778667429418686,1.0,100,2000
xglm-2.9B,XGLM,tur,tur_Latn,0.5778869807720184,0.6755448913574219,0.09765791058540345,0.4955123227536678,0.6609139855504034,0.719107518973338,0.6479055968336469,0.7902415593656709,1.0,100,2000
xglm-2.9B,XGLM,ukr,ukr_Cyrl,0.3404001486301421,0.7138766741752625,0.37347652554512023,0.27958278504014017,0.4007331026196479,0.42358508581134935,0.3680970593787886,0.4767894883356619,1.0,100,2000
xglm-2.9B,XGLM,urd,urd_Arab,0.452565895318985,0.5486734592914582,0.09610756397247315,0.38045275670289996,0.5233167310655117,0.5631612218015569,0.5060197560688228,0.6277514225568948,1.0,100,2000
xglm-2.9B,XGLM,uzb,uzn_Latn,0.14896831274032596,0.46324786424636843,0.3142795515060425,0.09838612186908721,0.20271370813250542,0.18537229137301084,0.12538703758160946,0.24680402929760664,1.0,100,2000
xglm-2.9B,XGLM,vie,vie_Latn,0.6008615362644195,0.7614794099330902,0.16061787366867064,0.5156304491758347,0.6882667107880116,0.747696457899743,0.6875467155569278,0.817615895649482,1.0,100,2000
xglm-2.9B,XGLM,zho-CN,zho_Hans,0.4416005861759186,0.6724301838874817,0.2308295977115631,0.3694247709810734,0.5080554518699646,0.5495162764835088,0.48969612706588694,0.6045262339251313,1.0,100,2000
xglm-2.9B,XGLM,zul,zul_Latn,0.253069372177124,0.6344872772693634,0.3814179050922394,0.1955134835541249,0.31640233814716334,0.3149129404357118,0.24445002530303023,0.39280717725858433,1.0,100,2000
xglm-7.5B,XGLM,amh,amh_Ethi,0.05909373760223385,0.07948709487915041,0.020393357276916557,0.026971285283565502,0.09381116998195631,0.07280843305126726,0.034226187537839875,0.11390126503638452,1.0,100,2000
xglm-7.5B,XGLM,arb,arb_Arab,0.4704838252067566,0.3870824599266052,-0.08340136528015135,0.41133591243624684,0.5311482637524605,0.5796754695031399,0.536205594446863,0.6222553847658254,1.0,100,2000
xglm-7.5B,XGLM,aze-Latn,azj_Latn,0.2989788293838501,0.2866747963428498,-0.012304033041000337,0.23942067089676863,0.3590012299418449,0.36836695335577196,0.30389857040998014,0.42895390430881647,1.0,100,2000
xglm-7.5B,XGLM,ben,ben_Beng,0.40481649041175843,0.33486981987953185,-0.06994667053222652,0.3441886574625969,0.46402766788005817,0.49876781425785655,0.44769670795036465,0.5507556782295565,1.0,100,2000
xglm-7.5B,XGLM,ces,ces_Latn,0.33701759457588204,0.5079960942268371,0.1709784996509552,0.2814685736000538,0.39754508224129675,0.41523389731993643,0.3516663584691838,0.48151290355422305,1.0,100,2000
xglm-7.5B,XGLM,deu,deu_Latn,0.5888962066173553,0.5454563677310944,-0.04343983888626095,0.5193506702482702,0.657684016495943,0.7255694388845721,0.6759266932953844,0.7742744077348193,1.0,100,2000
xglm-7.5B,XGLM,ell,ell_Grek,0.5509128654003144,0.41547114729881285,-0.13544171810150143,0.4798439967036247,0.6231786902546882,0.6787707818986275,0.6247141648254111,0.7336835953823142,1.0,100,2000
xglm-7.5B,XGLM,eng,,0.81163314640522,1.138035779595375,0.32640263319015506,0.7282880985885859,0.8937911994308232,1.0,1.0,1.0,1.0,100,2000
xglm-7.5B,XGLM,fas,pes_Arab,0.22303364276885992,0.2010376906394959,-0.021995952129364015,0.17669400563836102,0.27188966372609136,0.27479612403299636,0.21728316547194182,0.3352801576395661,1.0,100,2000
xglm-7.5B,XGLM,fra,fra_Latn,0.6095082998275757,0.5068806397914887,-0.10262766003608702,0.540610911846161,0.6794726927578449,0.7509652637119746,0.7013394830776036,0.802598367757069,1.0,100,2000
xglm-7.5B,XGLM,hau,hau_Latn,0.2832889437675476,0.3029966306686402,0.01970768690109256,0.21733483055233954,0.35048176610469817,0.3490357004543914,0.27108747924859594,0.43421912192756856,1.0,100,2000
xglm-7.5B,XGLM,heb,heb_Hebr,0.06976485013961792,0.16492766261100772,0.0951628124713898,0.037095327913761245,0.10393971610069269,0.08595613726301263,0.04531250434563268,0.12745962057796167,1.0,100,2000
xglm-7.5B,XGLM,hin,hin_Deva,0.48360704183578496,0.3592080307006836,-0.12439901113510132,0.41910718896985066,0.5496836377382278,0.5958443712873414,0.5416965318407152,0.6533266330385603,1.0,100,2000
xglm-7.5B,XGLM,hye,hye_Armn,0.027059811353683426,0.13534979343414308,0.10828998208045966,0.0009031743109225374,0.0554000748395919,0.033339953491960284,0.001104669847340921,0.0682298737264299,1.0,100,2000
xglm-7.5B,XGLM,ind,ind_Latn,0.6145113062858581,0.5881584060192108,-0.026352900266647324,0.5444674936830997,0.686098686426878,0.7571293866047385,0.7041406990084491,0.8127493938797824,1.0,100,2000
xglm-7.5B,XGLM,ita,ita_Latn,0.6391126394271851,0.5248716330528259,-0.11424100637435909,0.5701554295122624,0.7071343539953232,0.7874402890737764,0.7404683327529168,0.8389598870186284,1.0,100,2000
xglm-7.5B,XGLM,jpn,jpn_Jpan,0.5235756683349609,0.41664069294929507,-0.10693497538566586,0.4501355250775814,0.597303711950779,0.6450890659824753,0.5868466375812286,0.7036635777461874,1.0,100,2000
xglm-7.5B,XGLM,kat,kat_Geor,0.04085446953773502,0.13640216231346133,0.09554769277572632,0.017015952199697534,0.06936861130595207,0.050336127496372375,0.021247046629721423,0.08439846291418142,1.0,100,2000
xglm-7.5B,XGLM,khm,khm_Khmr,0.18039085507392882,0.27139430642127993,0.09100345134735109,0.1302517927289009,0.2335177763104438,0.22225663881877242,0.16234632952731742,0.28436863648266714,1.0,100,2000
xglm-7.5B,XGLM,kor,kor_Hang,0.5889172339439392,0.4331041359901428,-0.15581309795379636,0.508549385547638,0.6672375260293484,0.7255953463116863,0.6644885321401046,0.7876287591863202,1.0,100,2000
xglm-7.5B,XGLM,mar,mar_Deva,0.24279078364372253,0.22478701949119573,-0.01800376415252683,0.1940636144578457,0.2914136205911636,0.29913857599219534,0.24432680175391644,0.3519408521280046,1.0,100,2000
xglm-7.5B,XGLM,mya,mya_Mymr,0.2585926377773285,0.2622101247310639,0.003617486953735383,0.20086323839426043,0.3253150832653045,0.31860778348278823,0.24802084801112315,0.39873433177532663,1.0,100,2000
xglm-7.5B,XGLM,nld,nld_Latn,0.4859655427932739,0.7307977569103241,0.24483221411705017,0.41452341914176943,0.5633215821981429,0.5987502419604834,0.5308141053791378,0.6684172379416947,1.0,100,2000
xglm-7.5B,XGLM,pol,pol_Latn,0.32076063871383664,0.5110198628902435,0.19025922417640687,0.2707030925452709,0.375737138569355,0.39520396639110655,0.3334332752620007,0.4606550176887567,1.0,100,2000
xglm-7.5B,XGLM,por,por_Latn,0.6580923485755921,0.5495926630496979,-0.10849968552589416,0.5881326719522476,0.7292161233723163,0.8108248800462735,0.7658294016824619,0.8624805697363864,1.0,100,2000
xglm-7.5B,XGLM,ron,ron_Latn,0.417015300989151,0.6155409801006317,0.19852567911148075,0.363557705372572,0.4759612357914448,0.5137977703795624,0.45584268281741014,0.5758696196098558,1.0,100,2000
xglm-7.5B,XGLM,rus,rus_Cyrl,0.5347645878791809,0.45178367495536803,-0.08298091292381284,0.46908324024081227,0.6010569943189621,0.6588747517861865,0.6089895133542002,0.7075168729463219,1.0,100,2000
xglm-7.5B,XGLM,som,som_Latn,0.24582949638366697,0.31841099858283994,0.07258150219917303,0.18254088222980494,0.31098814454674717,0.30288252454013614,0.2266781427821014,0.38342527584293695,1.0,100,2000
xglm-7.5B,XGLM,spa,spa_Latn,0.6145460164546966,0.5438077342510224,-0.07073828220367429,0.5503801183402539,0.6764949461519718,0.7571721524392688,0.7145045865294551,0.8050679201431592,1.0,100,2000
xglm-7.5B,XGLM,swa,swh_Latn,0.5820041453838348,0.5018540835380554,-0.0801500618457794,0.5095459704399109,0.655128499597311,0.7170778423251587,0.6668739235514833,0.7641962486722498,1.0,100,2000
xglm-7.5B,XGLM,swe,swe_Latn,0.4712945067882538,0.6295007419586182,0.1582062351703644,0.4026637090742588,0.5424972317814827,0.5806742970954921,0.5088723862166309,0.6495277640021182,1.0,100,2000
xglm-7.5B,XGLM,tam,tam_Taml,0.4253166222572327,0.32509237408638003,-0.10022424817085267,0.35754586681723594,0.4958738059997558,0.5240256933085962,0.4631694430589973,0.5848933428727274,1.0,100,2000
xglm-7.5B,XGLM,tel,tel_Telu,0.43216279029846194,0.2613931941986084,-0.1707695960998535,0.3636090143322945,0.5070784639120102,0.532460745612154,0.4734813002724391,0.594839074539197,1.0,100,2000
xglm-7.5B,XGLM,tha,tha_Thai,0.62240483045578,0.5531611847877502,-0.06924364566802976,0.5491143514215946,0.6949259735941887,0.7668548693611819,0.7096087212338611,0.8246365690962345,1.0,100,2000
xglm-7.5B,XGLM,tur,tur_Latn,0.5542894041538239,0.40338945865631104,-0.1508999454975128,0.48229622277617457,0.6289111533463,0.6829309603837774,0.6213458957093629,0.7438925324839226,1.0,100,2000
xglm-7.5B,XGLM,ukr,ukr_Cyrl,0.3581009554862976,0.3938135814666748,0.0357126259803772,0.30067638894915577,0.4181427437663078,0.4412103634164669,0.3891818125417382,0.49654366392397326,1.0,100,2000
xglm-7.5B,XGLM,urd,urd_Arab,0.4563108742237091,0.3053974890708923,-0.15091338515281677,0.3880705264508724,0.5264524352252483,0.5622132070933055,0.5053626966817814,0.6160222555021732,1.0,100,2000
xglm-7.5B,XGLM,uzb,uzn_Latn,0.16797394633293153,0.20149943470954895,0.03352548837661748,0.11827324703335759,0.22247511994838715,0.20695796749664536,0.14618913357541596,0.26950196957725464,1.0,100,2000
xglm-7.5B,XGLM,vie,vie_Latn,0.6019830858707428,0.5136748540401459,-0.08830823183059688,0.5280191701352597,0.6792135490775107,0.7416935699792055,0.688510355909783,0.7937538479475152,1.0,100,2000
xglm-7.5B,XGLM,zho-CN,zho_Hans,0.477346351146698,0.44122001171112063,-0.03612633943557738,0.4100107298791409,0.5470767355561257,0.5881306761076706,0.5298403701460689,0.6420284922970352,1.0,100,2000
xglm-7.5B,XGLM,zul,zul_Latn,0.2935747396945954,0.37357887864112854,0.0800041389465332,0.22802477520704276,0.36141039854288093,0.3617086623369911,0.28194740710480093,0.4374336944575577,1.0,100,2000
