model,flores_code,mexa_shared,aar_shared,q_L,r_content,log_tokens,macro_family_g,script_g,fertility,acc_native,acc_trans,acc
Qwen3-0.6B-Base,fin_Latn,0.2673333333333333,-0.09429243915019517,0.2858426657658817,,10.461273505456898,Uralic,Latn,1.7471,0.35571687840290384,0.39,0.3728584392014519
Qwen3-0.6B-Base,hin_Deva,0.138,-0.11615133266336611,0.2858426657658817,0.4211705730458695,10.225085947081105,Indo-European,Deva,4.2175,0.396709323583181,0.36666666666666664,0.3816879951249238
Qwen3-0.6B-Base,ita_Latn,0.9206666666666666,0.010226621390872414,0.2858426657658817,0.7153717927322304,11.218657350111846,Indo-European,Latn,1.3051,0.46167883211678834,0.58,0.5208394160583941
Qwen3-0.6B-Base,khm_Khmr,0.005333333333333333,-0.14797100041165318,0.2858426657658817,0.2871942040471673,8.873125289337338,other,other,5.2412,,0.30666666666666664,0.30666666666666664
Qwen3-0.6B-Base,lvs_Latn,0.19066666666666668,-0.09647380100795133,0.2858426657658817,,9.894602930159628,Balto-Slavic,Latn,2.1688,,0.42,0.42
Qwen3-0.6B-Base,npi_Deva,0.035333333333333335,-0.12030528026355754,0.2858426657658817,,9.314204818644845,Indo-European,Deva,4.2745,,0.31666666666666665,0.31666666666666665
Qwen3-0.6B-Base,pol_Latn,0.658,-0.05481933929759846,0.2858426657658817,0.5086686142059015,11.069183544489329,Balto-Slavic,Latn,1.7446,0.38321167883211676,0.5,0.44160583941605835
Qwen3-0.6B-Base,slv_Latn,0.41,-0.09412356138120352,0.2858426657658817,,9.903501694149961,Balto-Slavic,Latn,1.791,,0.4633333333333333,0.4633333333333333
Qwen3-0.6B-Base,swe_Latn,0.7813333333333333,-0.05005208762819452,0.2858426657658817,0.5984991709826473,10.585304823582218,Indo-European,Latn,1.4982,,0.4766666666666667,0.4766666666666667
Qwen3-0.6B-Base,afr_Latn,0.5613333333333334,-0.06646493172512355,0.2858426657658817,,9.04883387717687,Indo-European,Latn,1.4949,,0.4633333333333333,0.4633333333333333
Qwen3-0.6B-Base,ces_Latn,0.702,-0.031590544159262914,0.2858426657658817,0.4775883539978843,10.755192300065602,Balto-Slavic,Latn,2.0635,,0.49,0.49
Qwen3-0.6B-Base,fra_Latn,0.8873333333333333,-0.015994873288620832,0.2858426657658817,0.7510259466284437,11.504243358607456,Indo-European,Latn,1.2989,0.4343675417661098,0.54,0.4871837708830549
Qwen3-0.6B-Base,mal_Mlym,0.008666666666666666,-0.15728898000327854,0.2858426657658817,,9.322334431411548,Dravidian,other,6.2127,,0.2966666666666667,0.2966666666666667
Qwen3-0.6B-Base,por_Latn,0.92,0.007792848475271943,0.2858426657658817,0.7038339489136546,11.136535917638877,Indo-European,Latn,1.286,0.41560798548094374,0.5366666666666666,0.4761373260738052
Qwen3-0.6B-Base,swh_Latn,0.026,-0.2146737725654844,0.2858426657658817,0.2264330531499917,7.487255902011655,Atlantic-Congo,Latn,1.7453,,0.2833333333333333,0.2833333333333333
Qwen3-0.6B-Base,tur_Latn,0.5066666666666667,-0.07739813690605898,0.2858426657658817,0.44967734830956124,10.808162253319553,Turkic,Latn,1.4769,0.3704379562043796,0.4166666666666667,0.39355231143552316
Qwen3-0.6B-Base,yor_Latn,0.012666666666666666,-0.21625907356495627,0.2858426657658817,,4.632892380992985,Atlantic-Congo,Latn,2.3489,,0.2633333333333333,0.2633333333333333
Qwen3-0.6B-Base,als_Latn,0.11133333333333334,-0.1295057151111479,0.2858426657658817,,9.562161153905935,Indo-European,Latn,1.8695,,0.37333333333333335,0.37333333333333335
Qwen3-0.6B-Base,azj_Latn,0.108,-0.10083603617012357,0.2858426657658817,0.36112526188054633,9.545721659518483,Turkic,Latn,2.1428,,0.36666666666666664,0.36666666666666664
Qwen3-0.6B-Base,hrv_Latn,0.5606666666666666,-0.06442989120610058,0.2858426657658817,,7.610626216540094,Balto-Slavic,Latn,1.7484,,0.49666666666666665,0.49666666666666665
Qwen3-0.6B-Base,jpn_Jpan,0.712,-0.06629677686974425,0.2858426657658817,0.5499885569846433,11.032916144087627,other,other,3.1242,0.46706586826347307,0.5,0.48353293413173654
Qwen3-0.6B-Base,kir_Cyrl,0.029333333333333333,-0.16330679956015903,0.2858426657658817,,8.70022124395045,Turkic,Cyrl,2.5432,,0.36,0.36
Qwen3-0.6B-Base,mar_Deva,0.043333333333333335,-0.11269317317732458,0.2858426657658817,0.35053790137922436,9.291197362643686,Indo-European,Deva,4.3906,,0.35,0.35
Qwen3-0.6B-Base,tam_Taml,0.013333333333333334,-0.14673420456995206,0.2858426657658817,0.3015719312609387,9.641283555217916,Dravidian,other,4.9487,0.30727272727272725,0.35,0.3286363636363636
Qwen3-0.6B-Base,ukr_Cyrl,0.64,-0.053099172170093925,0.2858426657658817,0.5464420395246102,10.582360317494818,Balto-Slavic,Cyrl,2.3475,0.4727272727272727,0.45,0.46136363636363636
Qwen3-0.6B-Base,zho_Hans,0.8573333333333333,-0.052664479076373234,0.2858426657658817,0.7694560776675988,11.356131798505956,Sino-Tibetan,other,2.9106,0.5302752293577981,0.6366666666666667,0.5834709480122324
Qwen3-0.6B-Base,amh_Ethi,0.008,-0.1668617803865582,0.2858426657658817,0.056200424124254474,8.5541337799261,Afro-Asiatic,other,5.9294,,0.2966666666666667,0.2966666666666667
Qwen3-0.6B-Base,dan_Latn,0.75,-0.053344587070607546,0.2858426657658817,,10.360245901721395,Indo-European,Latn,1.4893,,0.46,0.46
Qwen3-0.6B-Base,hun_Latn,0.3933333333333333,-0.07593962191231544,0.2858426657658817,,10.637669631397417,Uralic,Latn,1.8957,0.30727272727272725,0.45666666666666667,0.38196969696969696
Qwen3-0.6B-Base,kor_Hang,0.6326666666666667,-0.06611420404184358,0.2858426657658817,0.5509191151150261,10.393846195528992,other,other,3.2567,0.444,0.49333333333333335,0.4686666666666667
Qwen3-0.6B-Base,mkd_Cyrl,0.4593333333333333,-0.0586451460372628,0.2858426657658817,,9.301746425904852,Balto-Slavic,Cyrl,2.0778,,0.41333333333333333,0.41333333333333333
Qwen3-0.6B-Base,ron_Latn,0.7366666666666667,-0.04448115468133316,0.2858426657658817,0.5330620674851486,10.598220789235437,Indo-European,Latn,1.5856,,0.52,0.52
Qwen3-0.6B-Base,som_Latn,0.025333333333333333,-0.20304885756536536,0.2858426657658817,0.28621453941426606,3.7819706739125523,Afro-Asiatic,Latn,1.7642,,0.26666666666666666,0.26666666666666666
Qwen3-0.6B-Base,tel_Telu,0.010666666666666666,-0.12196025862735863,0.2858426657658817,0.23192726123103508,9.195061276656201,Dravidian,other,6.8005,0.3248175182481752,0.2733333333333333,0.29907542579075425
Qwen3-0.6B-Base,urd_Arab,0.09666666666666666,-0.09817014555876431,0.2858426657658817,0.34408696353576734,9.431854501264098,Indo-European,Arab,3.0968,0.3409090909090909,0.39,0.3654545454545455
Qwen3-0.6B-Base,zho_Hant,,,,,11.356131798505956,Sino-Tibetan,other,2.9106,,0.6066666666666667,0.6066666666666667
Qwen3-0.6B-Base,ben_Beng,0.072,-0.1217171824826004,0.2858426657658817,0.3230872042726093,9.981044874347496,Indo-European,other,4.9675,0.3248175182481752,0.4166666666666667,0.37074209245742096
Qwen3-0.6B-Base,deu_Latn,0.8866666666666667,0.002619573079465033,0.2858426657658817,0.6613452793046675,11.552705133249123,Indo-European,Latn,1.291,0.3669064748201439,0.55,0.45845323741007193
Qwen3-0.6B-Base,hye_Armn,0.024666666666666667,-0.14365863330374223,0.2858426657658817,0.2856075420970173,9.379338026785135,Indo-European,other,4.5443,,0.31,0.31
Qwen3-0.6B-Base,kan_Knda,0.014666666666666666,-0.12876380900743167,0.2858426657658817,,9.094221311622814,Dravidian,other,6.3937,,0.30333333333333334,0.30333333333333334
Qwen3-0.6B-Base,lao_Laoo,0.012,-0.1581290152452946,0.2858426657658817,,8.225972821174405,Tai-Kadai,other,5.355,,0.22,0.22
Qwen3-0.6B-Base,rus_Cyrl,0.8033333333333333,-0.04709953881550595,0.2858426657658817,0.6292193576888571,11.867586387163913,Balto-Slavic,Cyrl,1.6852,0.4438405797101449,0.5633333333333334,0.5035869565217391
Qwen3-0.6B-Base,zsm_Latn,0.758,-0.0585013184206259,0.2858426657658817,,7.287263587861631,Austronesian,Latn,1.3675,0.3592814371257485,0.5466666666666666,0.45297405189620754
Qwen3-0.6B-Base,arb_Arab,0.7093333333333334,-0.05675510701108222,0.2858426657658817,0.4926129541335259,10.841073612355865,Afro-Asiatic,Arab,1.7374,0.39855072463768115,0.51,0.4542753623188406
Qwen3-0.6B-Base,ell_Grek,0.20466666666666666,-0.10561537325892068,0.2858426657658817,0.4299610587129096,10.634956550916772,Indo-European,other,3.8961,0.3351449275362319,0.4066666666666667,0.3709057971014493
Qwen3-0.6B-Base,guj_Gujr,0.018666666666666668,-0.12588886761534127,0.2858426657658817,,9.053743034427566,Indo-European,other,6.8984,,0.2866666666666667,0.2866666666666667
Qwen3-0.6B-Base,kat_Geor,0.016,-0.14025752989118875,0.2858426657658817,0.3004391656444054,9.417907523376437,other,other,4.4992,0.306,0.31666666666666665,0.31133333333333335
Qwen3-0.6B-Base,pan_Guru,0.005333333333333333,-0.11986727616220645,0.2858426657658817,,8.861860543889303,Indo-European,other,6.8486,,0.25666666666666665,0.25666666666666665
Qwen3-0.6B-Base,spa_Latn,0.9253333333333333,0.003727583674697653,0.2858426657658817,0.6735705276526313,11.572692346038526,Indo-European,Latn,1.2347,0.46,0.49333333333333335,0.4766666666666667
Qwen3-0.6B-Base,uzn_Latn,0.04,-0.15257003724806148,0.2858426657658817,0.26429436123032707,7.876511046298704,Turkic,Latn,1.8354,,0.4066666666666667,0.4066666666666667
Qwen3-0.6B-Base,arb_Latn,,,,,10.841073612355865,Afro-Asiatic,Latn,1.7374,,0.25666666666666665,0.25666666666666665
Qwen3-0.6B-Base,eng_Latn,,,0.2858426657658817,,12.454382979077453,Indo-European,Latn,1.0,,0.54,0.54
Qwen3-0.6B-Base,kaz_Cyrl,0.06066666666666667,-0.12081953267244662,0.2858426657658817,,9.447543326977344,Turkic,Cyrl,2.7857,,0.3333333333333333,0.3333333333333333
Qwen3-0.6B-Base,lit_Latn,0.19066666666666668,-0.10883439498438816,0.2858426657658817,,10.153726802927073,Balto-Slavic,Latn,1.9958,,0.3566666666666667,0.3566666666666667
Qwen3-0.6B-Base,mya_Mymr,0.006,-0.13690948901573516,0.2858426657658817,0.097216767320849,8.94576714414124,Sino-Tibetan,other,7.053,,0.29333333333333333,0.29333333333333333
Qwen3-0.6B-Base,pbt_Arab,0.007333333333333333,-0.1705713934715718,0.2858426657658817,,8.559915920992061,Indo-European,Arab,2.9847,,0.2633333333333333,0.2633333333333333
Qwen3-0.6B-Base,srp_Cyrl,0.26466666666666666,-0.1032366867448547,0.2858426657658817,,9.664593347362308,Balto-Slavic,Cyrl,2.2577,,0.4766666666666667,0.4766666666666667
Qwen3-0.6B-Base,tha_Thai,0.5893333333333334,-0.06500858860716252,0.2858426657658817,0.656159482695147,10.196379987855126,Tai-Kadai,other,2.5147,,0.51,0.51
Qwen3-0.6B-Base,vie_Latn,0.8413333333333334,-0.04223299764282119,0.2858426657658817,0.6970459156918151,10.743353922054286,other,Latn,1.2567,0.43636363636363634,0.55,0.49318181818181817
Qwen3-0.6B-Base,bul_Cyrl,0.6253333333333333,-0.042870493660417626,0.2858426657658817,,10.360175858097726,Balto-Slavic,Cyrl,2.0365,0.3927272727272727,0.51,0.45136363636363636
Qwen3-0.6B-Base,est_Latn,0.104,-0.15350851923461428,0.2858426657658817,,9.944761723531126,Uralic,Latn,1.7888,0.28125,0.44333333333333336,0.3622916666666667
Qwen3-0.6B-Base,ind_Latn,0.864,-0.028137761730609695,0.2858426657658817,0.6296154428661391,10.081454105942349,Austronesian,Latn,1.3162,0.4690909090909091,0.5366666666666666,0.5028787878787879
Qwen3-0.6B-Base,nld_Latn,0.84,-0.015724055930882625,0.2858426657658817,0.6531787100625414,10.903264809073452,Indo-European,Latn,1.3473,0.30490018148820325,0.55,0.4274500907441017
Qwen3-0.6B-Base,pes_Arab,0.36733333333333335,-0.08151035833261493,0.2858426657658817,0.4708569280589327,10.662263375070816,Indo-European,Arab,2.6158,0.3686131386861314,0.5033333333333333,0.43597323600973237
Qwen3-0.6B-Base,sin_Sinh,,,,,8.944625322846782,Indo-European,other,6.5211,,0.31666666666666665,0.31666666666666665
Qwen3-0.6B-Base,cat_Latn,0.8033333333333333,-0.023632909018884863,0.2858426657658817,,10.097961053275002,Indo-European,Latn,1.4294,,0.5333333333333333,0.5333333333333333
Qwen3-0.6B-Base,eus_Latn,0.046,-0.20432522989092747,0.2858426657658817,,9.101082328203272,other,Latn,1.6796,,0.35333333333333333,0.35333333333333333
Qwen3-0.6B-Base,heb_Hebr,0.5293333333333333,-0.07488023633851093,0.2858426657658817,0.44592401332104814,9.693476506485494,Afro-Asiatic,other,1.8212,0.45454545454545453,0.39,0.42227272727272724
Qwen3-0.6B-Base,isl_Latn,0.06533333333333333,-0.15808965224999605,0.2858426657658817,,9.371177412080817,Indo-European,Latn,2.027,,0.38,0.38
Qwen3-0.6B-Base,khk_Cyrl,0.010666666666666666,-0.15370407169855316,0.2858426657658817,,9.267328434893145,other,Cyrl,2.8953,,0.27666666666666667,0.27666666666666667
Qwen3-0.6B-Base,nob_Latn,0.744,-0.04708501349506749,0.2858426657658817,,10.265445888776227,Indo-European,Latn,1.4828,,0.43666666666666665,0.43666666666666665
Qwen3-0.6B-Base,plt_Latn,0.03,-0.20190836560759393,0.2858426657658817,,8.15437957359287,Austronesian,Latn,1.752,,0.29333333333333333,0.29333333333333333
Qwen3-0.6B-Base,slk_Latn,0.6086666666666667,-0.0463034978299413,0.2858426657658817,,10.215972316299656,Balto-Slavic,Latn,1.9416,,0.43666666666666665,0.43666666666666665
Qwen3-1.7B-Base,fin_Latn,0.7586666666666667,-0.037732848648686194,0.2937551398184892,,10.461273505456898,Uralic,Latn,1.7471,0.4047186932849365,0.5566666666666666,0.48069267997580156
Qwen3-1.7B-Base,hin_Deva,0.62,-0.04210871672148131,0.2937551398184892,0.5173986289133091,10.225085947081105,Indo-European,Deva,4.2175,0.4460694698354662,0.52,0.4830347349177331
Qwen3-1.7B-Base,ita_Latn,0.9586666666666667,0.02066356368416417,0.2937551398184892,0.6614373115148253,11.218657350111846,Indo-European,Latn,1.3051,0.6259124087591241,0.6933333333333334,0.6596228710462287
Qwen3-1.7B-Base,khm_Khmr,0.09533333333333334,-0.08787467584174179,0.2937551398184892,0.38656859601451526,8.873125289337338,other,other,5.2412,,0.3933333333333333,0.3933333333333333
Qwen3-1.7B-Base,lvs_Latn,0.7326666666666667,-0.039377354125062936,0.2937551398184892,,9.894602930159628,Balto-Slavic,Latn,2.1688,,0.6133333333333333,0.6133333333333333
Qwen3-1.7B-Base,npi_Deva,0.36733333333333335,-0.05814650216267305,0.2937551398184892,,9.314204818644845,Indo-European,Deva,4.2745,,0.45666666666666667,0.45666666666666667
Qwen3-1.7B-Base,pol_Latn,0.8893333333333333,-0.007224030311419815,0.2937551398184892,0.5735909454544713,11.069183544489329,Balto-Slavic,Latn,1.7446,0.48175182481751827,0.67,0.5758759124087591
Qwen3-1.7B-Base,slv_Latn,0.7833333333333333,-0.04002967216653892,0.2937551398184892,,9.903501694149961,Balto-Slavic,Latn,1.791,,0.6566666666666666,0.6566666666666666
Qwen3-1.7B-Base,swe_Latn,0.9273333333333333,0.013735298042563026,0.2937551398184892,0.5962122972448188,10.585304823582218,Indo-European,Latn,1.4982,,0.6866666666666666,0.6866666666666666
Qwen3-1.7B-Base,afr_Latn,0.8426666666666667,-0.023635742051174417,0.2937551398184892,,9.04883387717687,Indo-European,Latn,1.4949,,0.6133333333333333,0.6133333333333333
Qwen3-1.7B-Base,ces_Latn,0.906,0.012875432407168251,0.2937551398184892,0.5322254426127228,10.755192300065602,Balto-Slavic,Latn,2.0635,,0.67,0.67
Qwen3-1.7B-Base,fra_Latn,0.9366666666666666,0.00031628866640941075,0.2937551398184892,0.681177845492416,11.504243358607456,Indo-European,Latn,1.2989,0.5202863961813843,0.7433333333333333,0.6318098647573588
Qwen3-1.7B-Base,mal_Mlym,0.19933333333333333,-0.0766959336058167,0.2937551398184892,,9.322334431411548,Dravidian,other,6.2127,,0.44333333333333336,0.44333333333333336
Qwen3-1.7B-Base,por_Latn,0.9646666666666667,0.03064755848817806,0.2937551398184892,0.6435862556310352,11.136535917638877,Indo-European,Latn,1.286,0.5045372050816697,0.7166666666666667,0.6106019358741681
Qwen3-1.7B-Base,swh_Latn,0.03133333333333333,-0.19605283688896383,0.2937551398184892,0.29123487675170867,7.487255902011655,Atlantic-Congo,Latn,1.7453,,0.29333333333333333,0.29333333333333333
Qwen3-1.7B-Base,tur_Latn,0.7993333333333333,-0.031853422563980854,0.2937551398184892,0.48927631063834937,10.808162253319553,Turkic,Latn,1.4769,0.46715328467153283,0.5966666666666667,0.5319099756690997
Qwen3-1.7B-Base,yor_Latn,0.012666666666666666,-0.19261620977642666,0.2937551398184892,,4.632892380992985,Atlantic-Congo,Latn,2.3489,,0.25333333333333335,0.25333333333333335
Qwen3-1.7B-Base,als_Latn,0.5953333333333334,-0.06160846176744977,0.2937551398184892,,9.562161153905935,Indo-European,Latn,1.8695,,0.52,0.52
Qwen3-1.7B-Base,azj_Latn,0.494,-0.05479508481230504,0.2937551398184892,0.37769846985989497,9.545721659518483,Turkic,Latn,2.1428,,0.5666666666666667,0.5666666666666667
Qwen3-1.7B-Base,hrv_Latn,0.868,-0.006534578542079972,0.2937551398184892,,7.610626216540094,Balto-Slavic,Latn,1.7484,,0.6,0.6
Qwen3-1.7B-Base,jpn_Jpan,0.8433333333333334,-0.032969241309390405,0.2937551398184892,0.5472016155979715,11.032916144087627,other,other,3.1242,0.6227544910179641,0.6466666666666666,0.6347105788423153
Qwen3-1.7B-Base,kir_Cyrl,0.11333333333333333,-0.1289881275324854,0.2937551398184892,,8.70022124395045,Turkic,Cyrl,2.5432,,0.45666666666666667,0.45666666666666667
Qwen3-1.7B-Base,mar_Deva,0.5106666666666667,-0.04777585165104121,0.2937551398184892,0.43641093650454177,9.291197362643686,Indo-European,Deva,4.3906,,0.52,0.52
Qwen3-1.7B-Base,tam_Taml,0.22,-0.0749398445855319,0.2937551398184892,0.41554553867027266,9.641283555217916,Dravidian,other,4.9487,0.3418181818181818,0.53,0.4359090909090909
Qwen3-1.7B-Base,ukr_Cyrl,0.886,-0.007935070933762571,0.2937551398184892,0.5654903134279158,10.582360317494818,Balto-Slavic,Cyrl,2.3475,0.5672727272727273,0.62,0.5936363636363636
Qwen3-1.7B-Base,zho_Hans,0.8913333333333333,-0.03854080103906663,0.2937551398184892,0.7760784368715054,11.356131798505956,Sino-Tibetan,other,2.9106,0.6330275229357798,0.78,0.7065137614678899
Qwen3-1.7B-Base,amh_Ethi,0.01,-0.14070581659760037,0.2937551398184892,0.09919375219266409,8.5541337799261,Afro-Asiatic,other,5.9294,,0.31666666666666665,0.31666666666666665
Qwen3-1.7B-Base,dan_Latn,0.92,0.006042885915188636,0.2937551398184892,,10.360245901721395,Indo-European,Latn,1.4893,,0.6566666666666666,0.6566666666666666
Qwen3-1.7B-Base,hun_Latn,0.8166666666666667,-0.032901385538433414,0.2937551398184892,,10.637669631397417,Uralic,Latn,1.8957,0.37272727272727274,0.5666666666666667,0.4696969696969697
Qwen3-1.7B-Base,kor_Hang,0.8253333333333334,-0.043501553135688306,0.2937551398184892,0.5394137342792842,10.393846195528992,other,other,3.2567,0.566,0.6666666666666666,0.6163333333333333
Qwen3-1.7B-Base,mkd_Cyrl,0.8246666666666667,-0.020384448350145308,0.2937551398184892,,9.301746425904852,Balto-Slavic,Cyrl,2.0778,,0.5333333333333333,0.5333333333333333
Qwen3-1.7B-Base,ron_Latn,0.908,-0.004511695933259861,0.2937551398184892,0.5721492120529268,10.598220789235437,Indo-European,Latn,1.5856,,0.63,0.63
Qwen3-1.7B-Base,som_Latn,0.022,-0.21388278679213651,0.2937551398184892,0.2965733761845249,3.7819706739125523,Afro-Asiatic,Latn,1.7642,,0.25666666666666665,0.25666666666666665
Qwen3-1.7B-Base,tel_Telu,0.14066666666666666,-0.07195885269591368,0.2937551398184892,0.3843090627907162,9.195061276656201,Dravidian,other,6.8005,0.34306569343065696,0.39666666666666667,0.3698661800486618
Qwen3-1.7B-Base,urd_Arab,0.642,-0.04920455020253526,0.2937551398184892,0.37801246177161585,9.431854501264098,Indo-European,Arab,3.0968,0.3721590909090909,0.5266666666666666,0.4494128787878787
Qwen3-1.7B-Base,zho_Hant,,,,,11.356131798505956,Sino-Tibetan,other,2.9106,,0.6866666666666666,0.6866666666666666
Qwen3-1.7B-Base,ben_Beng,0.5633333333333334,-0.045058480544261516,0.2937551398184892,0.4658507698058988,9.981044874347496,Indo-European,other,4.9675,0.4142335766423358,0.5033333333333333,0.45878345498783457
Qwen3-1.7B-Base,deu_Latn,0.9473333333333334,0.02470858236628305,0.2937551398184892,0.6619974733466424,11.552705133249123,Indo-European,Latn,1.291,0.4316546762589928,0.6533333333333333,0.542494004796163
Qwen3-1.7B-Base,hye_Armn,0.406,-0.05868812423832231,0.2937551398184892,0.39376632736301476,9.379338026785135,Indo-European,other,4.5443,,0.4533333333333333,0.4533333333333333
Qwen3-1.7B-Base,kan_Knda,0.25133333333333335,-0.06980638628117454,0.2937551398184892,,9.094221311622814,Dravidian,other,6.3937,,0.42,0.42
Qwen3-1.7B-Base,lao_Laoo,0.08133333333333333,-0.09238208132497878,0.2937551398184892,,8.225972821174405,Tai-Kadai,other,5.355,,0.3233333333333333,0.3233333333333333
Qwen3-1.7B-Base,rus_Cyrl,0.898,-0.018923433116424727,0.2937551398184892,0.5900752791117158,11.867586387163913,Balto-Slavic,Cyrl,1.6852,0.5163043478260869,0.69,0.6031521739130434
Qwen3-1.7B-Base,zsm_Latn,0.916,-0.011480455695859992,0.2937551398184892,,7.287263587861631,Austronesian,Latn,1.3675,0.4630738522954092,0.71,0.5865369261477046
Qwen3-1.7B-Base,arb_Arab,0.8726666666666667,-0.034779520232162436,0.2937551398184892,0.5318623316916553,10.841073612355865,Afro-Asiatic,Arab,1.7374,0.5126811594202898,0.65,0.581340579710145
Qwen3-1.7B-Base,ell_Grek,0.806,-0.037260267748727906,0.2937551398184892,0.47434592827632405,10.634956550916772,Indo-European,other,3.8961,0.4365942028985507,0.6066666666666667,0.5216304347826087
Qwen3-1.7B-Base,guj_Gujr,0.30466666666666664,-0.06298453561249488,0.2937551398184892,,9.053743034427566,Indo-European,other,6.8984,,0.45,0.45
Qwen3-1.7B-Base,kat_Geor,0.286,-0.0804405232556195,0.2937551398184892,0.4168161165930456,9.417907523376437,other,other,4.4992,0.404,0.45666666666666667,0.43033333333333335
Qwen3-1.7B-Base,pan_Guru,0.10266666666666667,-0.06285815793148415,0.2937551398184892,,8.861860543889303,Indo-European,other,6.8486,,0.4,0.4
Qwen3-1.7B-Base,spa_Latn,0.962,0.026072981000177676,0.2937551398184892,0.6829654664783951,11.572692346038526,Indo-European,Latn,1.2347,0.58,0.7266666666666667,0.6533333333333333
Qwen3-1.7B-Base,uzn_Latn,0.23933333333333334,-0.11878976069562774,0.2937551398184892,0.33826258499131173,7.876511046298704,Turkic,Latn,1.8354,,0.5,0.5
Qwen3-1.7B-Base,arb_Latn,,,,,10.841073612355865,Afro-Asiatic,Latn,1.7374,,0.28,0.28
Qwen3-1.7B-Base,eng_Latn,,,0.2937551398184892,,12.454382979077453,Indo-European,Latn,1.0,,0.81,0.81
Qwen3-1.7B-Base,kaz_Cyrl,0.362,-0.07967270461208162,0.2937551398184892,,9.447543326977344,Turkic,Cyrl,2.7857,,0.44,0.44
Qwen3-1.7B-Base,lit_Latn,0.71,-0.0438660675574702,0.2937551398184892,,10.153726802927073,Balto-Slavic,Latn,1.9958,,0.5466666666666666,0.5466666666666666
Qwen3-1.7B-Base,mya_Mymr,0.03133333333333333,-0.09837852246774731,0.2937551398184892,0.17200794410968787,8.94576714414124,Sino-Tibetan,other,7.053,,0.37333333333333335,0.37333333333333335
Qwen3-1.7B-Base,pbt_Arab,0.07,-0.13425098930963802,0.2937551398184892,,8.559915920992061,Indo-European,Arab,2.9847,,0.3433333333333333,0.3433333333333333
Qwen3-1.7B-Base,srp_Cyrl,0.5913333333333334,-0.040498763033273315,0.2937551398184892,,9.664593347362308,Balto-Slavic,Cyrl,2.2577,,0.6366666666666667,0.6366666666666667
Qwen3-1.7B-Base,tha_Thai,0.8566666666666667,-0.03673120955751585,0.2937551398184892,0.6422925390553696,10.196379987855126,Tai-Kadai,other,2.5147,,0.6633333333333333,0.6633333333333333
Qwen3-1.7B-Base,vie_Latn,0.92,-0.012695795803790523,0.2937551398184892,0.6382081323983525,10.743353922054286,other,Latn,1.2567,0.5127272727272727,0.6833333333333333,0.598030303030303
Qwen3-1.7B-Base,bul_Cyrl,0.892,-0.008959787540611582,0.2937551398184892,,10.360175858097726,Balto-Slavic,Cyrl,2.0365,0.52,0.65,0.585
Qwen3-1.7B-Base,est_Latn,0.6073333333333333,-0.08098308033221586,0.2937551398184892,,9.944761723531126,Uralic,Latn,1.7888,0.33035714285714285,0.5366666666666666,0.4335119047619047
Qwen3-1.7B-Base,ind_Latn,0.946,0.02066381964700498,0.2937551398184892,0.6151930119517518,10.081454105942349,Austronesian,Latn,1.3162,0.5727272727272728,0.6733333333333333,0.623030303030303
Qwen3-1.7B-Base,nld_Latn,0.938,0.014683248822242468,0.2937551398184892,0.6056207645408767,10.903264809073452,Indo-European,Latn,1.3473,0.5117967332123412,0.66,0.5858983666061706
Qwen3-1.7B-Base,pes_Arab,0.7913333333333333,-0.029647940583008056,0.2937551398184892,0.4835283968480705,10.662263375070816,Indo-European,Arab,2.6158,0.39233576642335766,0.6166666666666667,0.5045012165450122
Qwen3-1.7B-Base,sin_Sinh,,,,,8.944625322846782,Indo-European,other,6.5211,,0.35,0.35
Qwen3-1.7B-Base,cat_Latn,0.9353333333333333,0.012961138417888617,0.2937551398184892,,10.097961053275002,Indo-European,Latn,1.4294,,0.67,0.67
Qwen3-1.7B-Base,eus_Latn,0.11333333333333333,-0.15906362635093374,0.2937551398184892,,9.101082328203272,other,Latn,1.6796,,0.42,0.42
Qwen3-1.7B-Base,heb_Hebr,0.822,-0.019212437132136526,0.2937551398184892,0.4349594759843764,9.693476506485494,Afro-Asiatic,other,1.8212,0.5418181818181819,0.6066666666666667,0.5742424242424242
Qwen3-1.7B-Base,isl_Latn,0.31666666666666665,-0.09765801799711513,0.2937551398184892,,9.371177412080817,Indo-European,Latn,2.027,,0.44666666666666666,0.44666666666666666
Qwen3-1.7B-Base,khk_Cyrl,0.050666666666666665,-0.1216493820777472,0.2937551398184892,,9.267328434893145,other,Cyrl,2.8953,,0.36,0.36
Qwen3-1.7B-Base,nob_Latn,0.9193333333333333,0.00868401331090185,0.2937551398184892,,10.265445888776227,Indo-European,Latn,1.4828,,0.69,0.69
Qwen3-1.7B-Base,plt_Latn,0.023333333333333334,-0.16147845819115578,0.2937551398184892,,8.15437957359287,Austronesian,Latn,1.752,,0.2966666666666667,0.2966666666666667
Qwen3-1.7B-Base,slk_Latn,0.8653333333333333,0.0004550001991049069,0.2937551398184892,,10.215972316299656,Balto-Slavic,Latn,1.9416,,0.6633333333333333,0.6633333333333333
Qwen3-4B-Base,fin_Latn,0.8186666666666667,-0.013968079950904985,0.4134750963105809,,10.461273505456898,Uralic,Latn,1.7471,0.4519056261343013,0.79,0.6209528130671507
Qwen3-4B-Base,hin_Deva,0.6606666666666666,-0.04326553188192213,0.4134750963105809,0.6144854760630635,10.225085947081105,Indo-European,Deva,4.2175,0.5740402193784278,0.7266666666666667,0.6503534430225473
Qwen3-4B-Base,ita_Latn,0.958,0.03558041901519476,0.4134750963105809,0.671251545704549,11.218657350111846,Indo-European,Latn,1.3051,0.698905109489051,0.8666666666666667,0.7827858880778589
Qwen3-4B-Base,khm_Khmr,0.208,-0.07988103767825433,0.4134750963105809,0.4633743077945575,8.873125289337338,other,other,5.2412,,0.55,0.55
Qwen3-4B-Base,lvs_Latn,0.82,-0.01186507441580121,0.4134750963105809,,9.894602930159628,Balto-Slavic,Latn,2.1688,,0.8133333333333334,0.8133333333333334
Qwen3-4B-Base,npi_Deva,0.4786666666666667,-0.05339931636468828,0.4134750963105809,,9.314204818644845,Indo-European,Deva,4.2745,,0.6466666666666666,0.6466666666666666
Qwen3-4B-Base,pol_Latn,0.8926666666666667,-0.00146503714596015,0.4134750963105809,0.6420133044466054,11.069183544489329,Balto-Slavic,Latn,1.7446,0.5492700729927007,0.83,0.6896350364963504
Qwen3-4B-Base,slv_Latn,0.8366666666666667,-0.016242577193633104,0.4134750963105809,,9.903501694149961,Balto-Slavic,Latn,1.791,,0.8066666666666666,0.8066666666666666
Qwen3-4B-Base,swe_Latn,0.9393333333333334,0.02091201780885454,0.4134750963105809,0.6258597455931386,10.585304823582218,Indo-European,Latn,1.4982,,0.8233333333333334,0.8233333333333334
Qwen3-4B-Base,afr_Latn,0.8906666666666667,0.008867687282634058,0.4134750963105809,,9.04883387717687,Indo-European,Latn,1.4949,,0.8133333333333334,0.8133333333333334
Qwen3-4B-Base,ces_Latn,0.9113333333333333,0.02213267371145735,0.4134750963105809,0.6062977256769814,10.755192300065602,Balto-Slavic,Latn,2.0635,,0.85,0.85
Qwen3-4B-Base,fra_Latn,0.9486666666666667,0.01739179124212388,0.4134750963105809,0.6920349945165852,11.504243358607456,Indo-European,Latn,1.2989,0.6467780429594272,0.9133333333333333,0.7800556881463803
Qwen3-4B-Base,mal_Mlym,0.28733333333333333,-0.09345703142999308,0.4134750963105809,,9.322334431411548,Dravidian,other,6.2127,,0.6833333333333333,0.6833333333333333
Qwen3-4B-Base,por_Latn,0.962,0.03980702751127332,0.4134750963105809,0.6718698449458549,11.136535917638877,Indo-European,Latn,1.286,0.6225045372050817,0.8633333333333333,0.7429189352692075
Qwen3-4B-Base,swh_Latn,0.14266666666666666,-0.13910995185827338,0.4134750963105809,0.35444241141502997,7.487255902011655,Atlantic-Congo,Latn,1.7453,,0.47,0.47
Qwen3-4B-Base,tur_Latn,0.834,-0.024652394457138908,0.4134750963105809,0.5867339445809923,10.808162253319553,Turkic,Latn,1.4769,0.5474452554744526,0.81,0.6787226277372262
Qwen3-4B-Base,yor_Latn,0.012666666666666666,-0.15084157623891964,0.4134750963105809,,4.632892380992985,Atlantic-Congo,Latn,2.3489,,0.2966666666666667,0.2966666666666667
Qwen3-4B-Base,als_Latn,0.766,-0.02754507770792665,0.4134750963105809,,9.562161153905935,Indo-European,Latn,1.8695,,0.69,0.69
Qwen3-4B-Base,azj_Latn,0.5833333333333334,-0.04547538687054044,0.4134750963105809,0.4815023662211284,9.545721659518483,Turkic,Latn,2.1428,,0.6866666666666666,0.6866666666666666
Qwen3-4B-Base,hrv_Latn,0.8993333333333333,0.015660640075983293,0.4134750963105809,,7.610626216540094,Balto-Slavic,Latn,1.7484,,0.7766666666666666,0.7766666666666666
Qwen3-4B-Base,jpn_Jpan,0.8446666666666667,-0.03864776002886945,0.4134750963105809,0.6281015263790845,11.032916144087627,other,other,3.1242,0.7704590818363274,0.7766666666666666,0.7735628742514971
Qwen3-4B-Base,kir_Cyrl,0.312,-0.09886105443484156,0.4134750963105809,,8.70022124395045,Turkic,Cyrl,2.5432,,0.6,0.6
Qwen3-4B-Base,mar_Deva,0.586,-0.04898862984233174,0.4134750963105809,0.5826064485916358,9.291197362643686,Indo-European,Deva,4.3906,,0.6633333333333333,0.6633333333333333
Qwen3-4B-Base,tam_Taml,0.31266666666666665,-0.09160501993303365,0.4134750963105809,0.5294822327680435,9.641283555217916,Dravidian,other,4.9487,0.38,0.6866666666666666,0.5333333333333333
Qwen3-4B-Base,ukr_Cyrl,0.8886666666666667,0.0017043176346349606,0.4134750963105809,0.6322287071932733,10.582360317494818,Balto-Slavic,Cyrl,2.3475,0.6563636363636364,0.8466666666666667,0.7515151515151515
Qwen3-4B-Base,zho_Hans,0.88,-0.03974111925605289,0.4134750963105809,0.7225836929445046,11.356131798505956,Sino-Tibetan,other,2.9106,0.7431192660550459,0.8766666666666667,0.8098929663608563
Qwen3-4B-Base,amh_Ethi,0.03333333333333333,-0.12108597893580139,0.4134750963105809,0.19051698420379992,8.5541337799261,Afro-Asiatic,other,5.9294,,0.4066666666666667,0.4066666666666667
Qwen3-4B-Base,dan_Latn,0.94,0.02472412527022995,0.4134750963105809,,10.360245901721395,Indo-European,Latn,1.4893,,0.82,0.82
Qwen3-4B-Base,hun_Latn,0.8573333333333333,-0.020715705848955067,0.4134750963105809,,10.637669631397417,Uralic,Latn,1.8957,0.49636363636363634,0.74,0.6181818181818182
Qwen3-4B-Base,kor_Hang,0.8473333333333334,-0.021261495684201156,0.4134750963105809,0.6345586974313946,10.393846195528992,other,other,3.2567,0.614,0.7966666666666666,0.7053333333333334
Qwen3-4B-Base,mkd_Cyrl,0.872,-0.00067568791165467,0.4134750963105809,,9.301746425904852,Balto-Slavic,Cyrl,2.0778,,0.77,0.77
Qwen3-4B-Base,ron_Latn,0.92,0.0018009782084244137,0.4134750963105809,0.5776348263935984,10.598220789235437,Indo-European,Latn,1.5856,,0.8166666666666667,0.8166666666666667
Qwen3-4B-Base,som_Latn,0.028666666666666667,-0.16211159635032882,0.4134750963105809,0.2589540821772849,3.7819706739125523,Afro-Asiatic,Latn,1.7642,,0.25333333333333335,0.25333333333333335
Qwen3-4B-Base,tel_Telu,0.236,-0.08335439397393413,0.4134750963105809,0.5152029604546075,9.195061276656201,Dravidian,other,6.8005,0.39416058394160586,0.6233333333333333,0.5087469586374695
Qwen3-4B-Base,urd_Arab,0.6873333333333334,-0.031431568435519155,0.4134750963105809,0.46648206799003106,9.431854501264098,Indo-European,Arab,3.0968,0.3806818181818182,0.6933333333333334,0.5370075757575757
Qwen3-4B-Base,zho_Hant,,,,,11.356131798505956,Sino-Tibetan,other,2.9106,,0.83,0.83
Qwen3-4B-Base,ben_Beng,0.6186666666666667,-0.04488915148900183,0.4134750963105809,0.536475545289468,9.981044874347496,Indo-European,other,4.9675,0.5054744525547445,0.6633333333333333,0.5844038929440389
Qwen3-4B-Base,deu_Latn,0.9593333333333334,0.03734085299843636,0.4134750963105809,0.7083267885652295,11.552705133249123,Indo-European,Latn,1.291,0.5179856115107914,0.8633333333333333,0.6906594724220623
Qwen3-4B-Base,hye_Armn,0.5186666666666667,-0.054530118419929136,0.4134750963105809,0.4694138875871858,9.379338026785135,Indo-European,other,4.5443,,0.68,0.68
Qwen3-4B-Base,kan_Knda,0.298,-0.07623803255473285,0.4134750963105809,,9.094221311622814,Dravidian,other,6.3937,,0.6666666666666666,0.6666666666666666
Qwen3-4B-Base,lao_Laoo,0.186,-0.08403209115716194,0.4134750963105809,,8.225972821174405,Tai-Kadai,other,5.355,,0.49,0.49
Qwen3-4B-Base,rus_Cyrl,0.9146666666666666,-0.006541863008082333,0.4134750963105809,0.6700889611211951,11.867586387163913,Balto-Slavic,Cyrl,1.6852,0.6068840579710145,0.8266666666666667,0.7167753623188406
Qwen3-4B-Base,zsm_Latn,0.914,0.01318876287876925,0.4134750963105809,,7.287263587861631,Austronesian,Latn,1.3675,0.5788423153692615,0.8233333333333334,0.7010878243512975
Qwen3-4B-Base,arb_Arab,0.894,-0.012065563189847731,0.4134750963105809,0.6148112499859829,10.841073612355865,Afro-Asiatic,Arab,1.7374,0.5851449275362319,0.82,0.7025724637681159
Qwen3-4B-Base,ell_Grek,0.804,-0.0395715160884236,0.4134750963105809,0.5307545331533546,10.634956550916772,Indo-European,other,3.8961,0.532608695652174,0.7866666666666666,0.6596376811594202
Qwen3-4B-Base,guj_Gujr,0.3426666666666667,-0.07731166083569581,0.4134750963105809,,9.053743034427566,Indo-European,other,6.8984,,0.6366666666666667,0.6366666666666667
Qwen3-4B-Base,kat_Geor,0.40066666666666667,-0.06956683185165116,0.4134750963105809,0.5126429968742865,9.417907523376437,other,other,4.4992,0.458,0.63,0.544
Qwen3-4B-Base,pan_Guru,0.22933333333333333,-0.0618169202092011,0.4134750963105809,,8.861860543889303,Indo-European,other,6.8486,,0.6666666666666666,0.6666666666666666
Qwen3-4B-Base,spa_Latn,0.9526666666666667,0.03040922182560364,0.4134750963105809,0.7163738282848392,11.572692346038526,Indo-European,Latn,1.2347,0.6854545454545454,0.8533333333333334,0.7693939393939394
Qwen3-4B-Base,uzn_Latn,0.42333333333333334,-0.07827493723677655,0.4134750963105809,0.4213038299389544,7.876511046298704,Turkic,Latn,1.8354,,0.6766666666666666,0.6766666666666666
Qwen3-4B-Base,arb_Latn,,,,,10.841073612355865,Afro-Asiatic,Latn,1.7374,,0.2966666666666667,0.2966666666666667
Qwen3-4B-Base,eng_Latn,,,0.4134750963105809,,12.454382979077453,Indo-European,Latn,1.0,,0.9333333333333333,0.9333333333333333
Qwen3-4B-Base,kaz_Cyrl,0.5273333333333333,-0.06801129484589573,0.4134750963105809,,9.447543326977344,Turkic,Cyrl,2.7857,,0.64,0.64
Qwen3-4B-Base,lit_Latn,0.8,-0.030440472126733197,0.4134750963105809,,10.153726802927073,Balto-Slavic,Latn,1.9958,,0.7333333333333333,0.7333333333333333
Qwen3-4B-Base,mya_Mymr,0.06666666666666667,-0.10444113580633758,0.4134750963105809,0.27151224149855374,8.94576714414124,Sino-Tibetan,other,7.053,,0.5966666666666667,0.5966666666666667
Qwen3-4B-Base,pbt_Arab,0.18133333333333335,-0.1112616699749005,0.4134750963105809,,8.559915920992061,Indo-European,Arab,2.9847,,0.46,0.46
Qwen3-4B-Base,srp_Cyrl,0.686,-0.025569953926057088,0.4134750963105809,,9.664593347362308,Balto-Slavic,Cyrl,2.2577,,0.8133333333333334,0.8133333333333334
Qwen3-4B-Base,tha_Thai,0.872,-0.006516123565910834,0.4134750963105809,0.6872192794962617,10.196379987855126,Tai-Kadai,other,2.5147,,0.8233333333333334,0.8233333333333334
Qwen3-4B-Base,vie_Latn,0.926,0.003834287314548514,0.4134750963105809,0.7366055938492507,10.743353922054286,other,Latn,1.2567,0.6181818181818182,0.8,0.7090909090909091
Qwen3-4B-Base,bul_Cyrl,0.9026666666666666,0.008532012428267842,0.4134750963105809,,10.360175858097726,Balto-Slavic,Cyrl,2.0365,0.649090909090909,0.8566666666666667,0.7528787878787879
Qwen3-4B-Base,est_Latn,0.7473333333333333,-0.049968082338542275,0.4134750963105809,,9.944761723531126,Uralic,Latn,1.7888,0.48660714285714285,0.6866666666666666,0.5866369047619048
Qwen3-4B-Base,ind_Latn,0.9493333333333334,0.038183548295663165,0.4134750963105809,0.6798838546246145,10.081454105942349,Austronesian,Latn,1.3162,0.649090909090909,0.8233333333333334,0.7362121212121212
Qwen3-4B-Base,nld_Latn,0.9533333333333334,0.03049034836634418,0.4134750963105809,0.6562826827938375,10.903264809073452,Indo-European,Latn,1.3473,0.6297640653357531,0.8266666666666667,0.7282153660012098
Qwen3-4B-Base,pes_Arab,0.8286666666666667,-0.02353072911825647,0.4134750963105809,0.5696463886659081,10.662263375070816,Indo-European,Arab,2.6158,0.4653284671532847,0.79,0.6276642335766424
Qwen3-4B-Base,sin_Sinh,,,,,8.944625322846782,Indo-European,other,6.5211,,0.5433333333333333,0.5433333333333333
Qwen3-4B-Base,cat_Latn,0.9306666666666666,0.015449092677297304,0.4134750963105809,,10.097961053275002,Indo-European,Latn,1.4294,,0.83,0.83
Qwen3-4B-Base,eus_Latn,0.3993333333333333,-0.10224109557748333,0.4134750963105809,,9.101082328203272,other,Latn,1.6796,,0.5933333333333334,0.5933333333333334
Qwen3-4B-Base,heb_Hebr,0.8493333333333334,-0.025172955928077487,0.4134750963105809,0.5019770035527048,9.693476506485494,Afro-Asiatic,other,1.8212,0.6636363636363637,0.7233333333333334,0.6934848484848486
Qwen3-4B-Base,isl_Latn,0.566,-0.051301370318414544,0.4134750963105809,,9.371177412080817,Indo-European,Latn,2.027,,0.58,0.58
Qwen3-4B-Base,khk_Cyrl,0.22933333333333333,-0.0993577912518749,0.4134750963105809,,9.267328434893145,other,Cyrl,2.8953,,0.6,0.6
Qwen3-4B-Base,nob_Latn,0.9386666666666666,0.027014590346194793,0.4134750963105809,,10.265445888776227,Indo-European,Latn,1.4828,,0.8566666666666667,0.8566666666666667
Qwen3-4B-Base,plt_Latn,0.034,-0.16298809717238266,0.4134750963105809,,8.15437957359287,Austronesian,Latn,1.752,,0.35,0.35
Qwen3-4B-Base,slk_Latn,0.902,0.01674204336917266,0.4134750963105809,,10.215972316299656,Balto-Slavic,Latn,1.9416,,0.8133333333333334,0.8133333333333334
Qwen3-8B-Base,fin_Latn,0.8666666666666667,0.0020534725013667526,0.40397353566320693,,10.461273505456898,Uralic,Latn,1.7471,0.5099818511796733,0.81,0.6599909255898366
Qwen3-8B-Base,hin_Deva,0.7413333333333333,-0.024890174311378774,0.40397353566320693,,10.225085947081105,Indo-European,Deva,4.2175,0.6051188299817185,0.7533333333333333,0.679226081657526
Qwen3-8B-Base,ita_Latn,0.9713333333333334,0.04722769054988362,0.40397353566320693,,11.218657350111846,Indo-European,Latn,1.3051,0.7445255474452555,0.8733333333333333,0.8089294403892944
Qwen3-8B-Base,khm_Khmr,0.3546666666666667,-0.04795310212765328,0.40397353566320693,,8.873125289337338,other,other,5.2412,,0.6066666666666667,0.6066666666666667
Qwen3-8B-Base,lvs_Latn,0.8593333333333333,0.004852969192629105,0.40397353566320693,,9.894602930159628,Balto-Slavic,Latn,2.1688,,0.83,0.83
Qwen3-8B-Base,npi_Deva,0.6213333333333333,-0.03276771852649942,0.40397353566320693,,9.314204818644845,Indo-European,Deva,4.2745,,0.67,0.67
Qwen3-8B-Base,pol_Latn,0.9266666666666666,0.014333450738167323,0.40397353566320693,,11.069183544489329,Balto-Slavic,Latn,1.7446,0.6076642335766423,0.8633333333333333,0.7354987834549878
Qwen3-8B-Base,slv_Latn,0.878,0.00391279420500837,0.40397353566320693,,9.903501694149961,Balto-Slavic,Latn,1.791,,0.8333333333333334,0.8333333333333334
Qwen3-8B-Base,swe_Latn,0.958,0.04636214962533555,0.40397353566320693,,10.585304823582218,Indo-European,Latn,1.4982,,0.8533333333333334,0.8533333333333334
Qwen3-8B-Base,afr_Latn,0.9193333333333333,0.035601308716127475,0.40397353566320693,,9.04883387717687,Indo-European,Latn,1.4949,,0.8233333333333334,0.8233333333333334
Qwen3-8B-Base,ces_Latn,0.9313333333333333,0.03374709151565698,0.40397353566320693,,10.755192300065602,Balto-Slavic,Latn,2.0635,,0.85,0.85
Qwen3-8B-Base,fra_Latn,0.958,0.03180262637887909,0.40397353566320693,,11.504243358607456,Indo-European,Latn,1.2989,0.6515513126491647,0.9033333333333333,0.777442322991249
Qwen3-8B-Base,mal_Mlym,0.45866666666666667,-0.06812080583674668,0.40397353566320693,,9.322334431411548,Dravidian,other,6.2127,,0.7633333333333333,0.7633333333333333
Qwen3-8B-Base,por_Latn,0.9753333333333334,0.06036201912406545,0.40397353566320693,,11.136535917638877,Indo-European,Latn,1.286,0.6297640653357531,0.8833333333333333,0.7565486993345432
Qwen3-8B-Base,swh_Latn,0.30866666666666664,-0.08255351774199585,0.40397353566320693,,7.487255902011655,Atlantic-Congo,Latn,1.7453,,0.5733333333333334,0.5733333333333334
Qwen3-8B-Base,tur_Latn,0.856,-0.03258648316777215,0.40397353566320693,,10.808162253319553,Turkic,Latn,1.4769,0.5912408759124088,0.8666666666666667,0.7289537712895378
Qwen3-8B-Base,yor_Latn,0.02,-0.11751176798717228,0.40397353566320693,,4.632892380992985,Atlantic-Congo,Latn,2.3489,,0.30333333333333334,0.30333333333333334
Qwen3-8B-Base,als_Latn,0.8373333333333334,0.0047701020830245465,0.40397353566320693,,9.562161153905935,Indo-European,Latn,1.8695,,0.79,0.79
Qwen3-8B-Base,azj_Latn,0.6966666666666667,-0.030968133797433767,0.40397353566320693,,9.545721659518483,Turkic,Latn,2.1428,,0.76,0.76
Qwen3-8B-Base,hrv_Latn,0.922,0.03165492865329715,0.40397353566320693,,7.610626216540094,Balto-Slavic,Latn,1.7484,,0.8066666666666666,0.8066666666666666
Qwen3-8B-Base,jpn_Jpan,0.8613333333333333,-0.022844842328172663,0.40397353566320693,,11.032916144087627,other,other,3.1242,0.7884231536926147,0.83,0.8092115768463073
Qwen3-8B-Base,kir_Cyrl,0.39466666666666667,-0.06764892031465287,0.40397353566320693,,8.70022124395045,Turkic,Cyrl,2.5432,,0.66,0.66
Qwen3-8B-Base,mar_Deva,0.7246666666666667,-0.02699139037576699,0.40397353566320693,,9.291197362643686,Indo-European,Deva,4.3906,,0.77,0.77
Qwen3-8B-Base,tam_Taml,0.424,-0.06716700304375721,0.40397353566320693,,9.641283555217916,Dravidian,other,4.9487,0.4109090909090909,0.73,0.5704545454545454
Qwen3-8B-Base,ukr_Cyrl,0.922,0.017803038377686875,0.40397353566320693,,10.582360317494818,Balto-Slavic,Cyrl,2.3475,0.6636363636363637,0.88,0.7718181818181818
Qwen3-8B-Base,zho_Hans,0.9006666666666666,-0.015354056562415105,0.40397353566320693,,11.356131798505956,Sino-Tibetan,other,2.9106,0.7926605504587156,0.8933333333333333,0.8429969418960245
Qwen3-8B-Base,amh_Ethi,0.06466666666666666,-0.0917690378608173,0.40397353566320693,,8.5541337799261,Afro-Asiatic,other,5.9294,,0.4766666666666667,0.4766666666666667
Qwen3-8B-Base,dan_Latn,0.9573333333333334,0.04391952908330396,0.40397353566320693,,10.360245901721395,Indo-European,Latn,1.4893,,0.8833333333333333,0.8833333333333333
Qwen3-8B-Base,hun_Latn,0.894,0.0018696017182799525,0.40397353566320693,,10.637669631397417,Uralic,Latn,1.8957,0.5,0.81,0.655
Qwen3-8B-Base,kor_Hang,0.8806666666666667,-0.0020881198079661743,0.40397353566320693,,10.393846195528992,other,other,3.2567,0.63,0.83,0.73
Qwen3-8B-Base,mkd_Cyrl,0.9046666666666666,0.020970477704879375,0.40397353566320693,,9.301746425904852,Balto-Slavic,Cyrl,2.0778,,0.7866666666666666,0.7866666666666666
Qwen3-8B-Base,ron_Latn,0.9426666666666667,0.024804214353850527,0.40397353566320693,,10.598220789235437,Indo-European,Latn,1.5856,,0.82,0.82
Qwen3-8B-Base,som_Latn,0.034666666666666665,-0.1317246690056821,0.40397353566320693,,3.7819706739125523,Afro-Asiatic,Latn,1.7642,,0.25333333333333335,0.25333333333333335
Qwen3-8B-Base,tel_Telu,0.31133333333333335,-0.06208906888058633,0.40397353566320693,,9.195061276656201,Dravidian,other,6.8005,0.41058394160583944,0.7133333333333334,0.5619586374695864
Qwen3-8B-Base,urd_Arab,0.7693333333333333,-0.010842460315142502,0.40397353566320693,,9.431854501264098,Indo-European,Arab,3.0968,0.4431818181818182,0.7633333333333333,0.6032575757575758
Qwen3-8B-Base,zho_Hant,,,,,11.356131798505956,Sino-Tibetan,other,2.9106,,0.8466666666666667,0.8466666666666667
Qwen3-8B-Base,ben_Beng,0.7473333333333333,-0.025909459806546443,0.40397353566320693,,9.981044874347496,Indo-European,other,4.9675,0.5072992700729927,0.76,0.6336496350364964
Qwen3-8B-Base,deu_Latn,0.968,0.05265068701627392,0.40397353566320693,,11.552705133249123,Indo-European,Latn,1.291,0.5683453237410072,0.8866666666666667,0.727505995203837
Qwen3-8B-Base,hye_Armn,0.6886666666666666,-0.024651489421611838,0.40397353566320693,,9.379338026785135,Indo-European,other,4.5443,,0.74,0.74
Qwen3-8B-Base,kan_Knda,0.47733333333333333,-0.05865077369626248,0.40397353566320693,,9.094221311622814,Dravidian,other,6.3937,,0.7233333333333334,0.7233333333333334
Qwen3-8B-Base,lao_Laoo,0.39466666666666667,-0.04451001971780767,0.40397353566320693,,8.225972821174405,Tai-Kadai,other,5.355,,0.6133333333333333,0.6133333333333333
Qwen3-8B-Base,rus_Cyrl,0.9266666666666666,0.007625354187018747,0.40397353566320693,,11.867586387163913,Balto-Slavic,Cyrl,1.6852,0.6195652173913043,0.8333333333333334,0.7264492753623188
Qwen3-8B-Base,zsm_Latn,0.9253333333333333,0.03797809077452244,0.40397353566320693,,7.287263587861631,Austronesian,Latn,1.3675,0.6187624750499002,0.8966666666666666,0.7577145708582834
Qwen3-8B-Base,arb_Arab,0.9233333333333333,0.012026000122109757,0.40397353566320693,,10.841073612355865,Afro-Asiatic,Arab,1.7374,0.5996376811594203,0.87,0.7348188405797101
Qwen3-8B-Base,ell_Grek,0.878,-0.036224969620164374,0.40397353566320693,,10.634956550916772,Indo-European,other,3.8961,0.5942028985507246,0.8366666666666667,0.7154347826086956
Qwen3-8B-Base,guj_Gujr,0.51,-0.0543680170332363,0.40397353566320693,,9.053743034427566,Indo-European,other,6.8984,,0.7033333333333334,0.7033333333333334
Qwen3-8B-Base,kat_Geor,0.598,-0.033265320265348494,0.40397353566320693,,9.417907523376437,other,other,4.4992,0.542,0.7433333333333333,0.6426666666666667
Qwen3-8B-Base,pan_Guru,0.33466666666666667,-0.04312106375540954,0.40397353566320693,,8.861860543889303,Indo-European,other,6.8486,,0.7466666666666667,0.7466666666666667
Qwen3-8B-Base,spa_Latn,0.974,0.04671272035745248,0.40397353566320693,,11.572692346038526,Indo-European,Latn,1.2347,0.7018181818181818,0.89,0.7959090909090909
Qwen3-8B-Base,uzn_Latn,0.5206666666666667,-0.04916994783473669,0.40397353566320693,,7.876511046298704,Turkic,Latn,1.8354,,0.7533333333333333,0.7533333333333333
Qwen3-8B-Base,arb_Latn,,,,,10.841073612355865,Afro-Asiatic,Latn,1.7374,,0.3566666666666667,0.3566666666666667
Qwen3-8B-Base,eng_Latn,,,0.40397353566320693,,12.454382979077453,Indo-European,Latn,1.0,,0.9533333333333334,0.9533333333333334
Qwen3-8B-Base,kaz_Cyrl,0.612,-0.042461319764325996,0.40397353566320693,,9.447543326977344,Turkic,Cyrl,2.7857,,0.73,0.73
Qwen3-8B-Base,lit_Latn,0.8606666666666667,-0.0020656027341980406,0.40397353566320693,,10.153726802927073,Balto-Slavic,Latn,1.9958,,0.78,0.78
Qwen3-8B-Base,mya_Mymr,0.072,-0.20981038851058528,0.40397353566320693,,8.94576714414124,Sino-Tibetan,other,7.053,,0.61,0.61
Qwen3-8B-Base,pbt_Arab,0.322,-0.0781965074428518,0.40397353566320693,,8.559915920992061,Indo-European,Arab,2.9847,,0.5433333333333333,0.5433333333333333
Qwen3-8B-Base,srp_Cyrl,0.738,0.005321631617834935,0.40397353566320693,,9.664593347362308,Balto-Slavic,Cyrl,2.2577,,0.86,0.86
Qwen3-8B-Base,tha_Thai,0.8766666666666667,0.00539642766010641,0.40397353566320693,,10.196379987855126,Tai-Kadai,other,2.5147,,0.8533333333333334,0.8533333333333334
Qwen3-8B-Base,vie_Latn,0.9426666666666667,0.0208122094409382,0.40397353566320693,,10.743353922054286,other,Latn,1.2567,0.6563636363636364,0.8166666666666667,0.7365151515151516
Qwen3-8B-Base,bul_Cyrl,0.9353333333333333,0.02131167843993557,0.40397353566320693,,10.360175858097726,Balto-Slavic,Cyrl,2.0365,0.6781818181818182,0.8733333333333333,0.7757575757575758
Qwen3-8B-Base,est_Latn,0.824,-0.009178619706233574,0.40397353566320693,,9.944761723531126,Uralic,Latn,1.7888,0.5982142857142857,0.76,0.6791071428571429
Qwen3-8B-Base,ind_Latn,0.9573333333333334,0.05206091107253477,0.40397353566320693,,10.081454105942349,Austronesian,Latn,1.3162,0.6781818181818182,0.8766666666666667,0.7774242424242425
Qwen3-8B-Base,nld_Latn,0.9726666666666667,0.04342048275654339,0.40397353566320693,,10.903264809073452,Indo-European,Latn,1.3473,0.6860254083484574,0.84,0.7630127041742287
Qwen3-8B-Base,pes_Arab,0.88,-0.0010037384936187814,0.40397353566320693,,10.662263375070816,Indo-European,Arab,2.6158,0.4854014598540146,0.8333333333333334,0.6593673965936739
Qwen3-8B-Base,sin_Sinh,,,,,8.944625322846782,Indo-European,other,6.5211,,0.65,0.65
Qwen3-8B-Base,cat_Latn,0.9506666666666667,0.03508502041519756,0.40397353566320693,,10.097961053275002,Indo-European,Latn,1.4294,,0.8533333333333334,0.8533333333333334
Qwen3-8B-Base,eus_Latn,0.49933333333333335,-0.06192580067179662,0.40397353566320693,,9.101082328203272,other,Latn,1.6796,,0.7133333333333334,0.7133333333333334
Qwen3-8B-Base,heb_Hebr,0.9013333333333333,0.01818996834212144,0.40397353566320693,,9.693476506485494,Afro-Asiatic,other,1.8212,0.66,0.7966666666666666,0.7283333333333333
Qwen3-8B-Base,isl_Latn,0.7193333333333334,-0.013701283345488424,0.40397353566320693,,9.371177412080817,Indo-European,Latn,2.027,,0.6666666666666666,0.6666666666666666
Qwen3-8B-Base,khk_Cyrl,0.358,-0.07317422236991983,0.40397353566320693,,9.267328434893145,other,Cyrl,2.8953,,0.61,0.61
Qwen3-8B-Base,nob_Latn,0.9553333333333334,0.04563781420614083,0.40397353566320693,,10.265445888776227,Indo-European,Latn,1.4828,,0.8866666666666667,0.8866666666666667
Qwen3-8B-Base,plt_Latn,0.04733333333333333,-0.12228835756063954,0.40397353566320693,,8.15437957359287,Austronesian,Latn,1.752,,0.38,0.38
Qwen3-8B-Base,slk_Latn,0.9353333333333333,0.03125444002993501,0.40397353566320693,,10.215972316299656,Balto-Slavic,Latn,1.9416,,0.8466666666666667,0.8466666666666667
OLMo-2-0425-1B,fin_Latn,0.08,-0.07118410387223596,0.09889412837160094,,10.461273505456898,Uralic,Latn,1.7611,0.2831215970961887,0.25333333333333335,0.26822746521476104
OLMo-2-0425-1B,hin_Deva,0.006,-0.108072536553205,0.09889412837160094,0.22521438081966144,10.225085947081105,Indo-European,Deva,4.461,0.2742230347349177,0.24,0.25711151736745885
OLMo-2-0425-1B,ita_Latn,0.702,-0.03137200932320317,0.09889412837160094,0.48428327621047845,11.218657350111846,Indo-European,Latn,1.3157,0.26277372262773724,0.28,0.27138686131386863
OLMo-2-0425-1B,khm_Khmr,0.004,-0.10201314451418923,0.09889412837160094,0.17034161744432424,8.873125289337338,other,other,7.0834,,0.27,0.27
OLMo-2-0425-1B,lvs_Latn,0.018,-0.12430177019786394,0.09889412837160094,,9.894602930159628,Balto-Slavic,Latn,2.2351,,0.26666666666666666,0.26666666666666666
OLMo-2-0425-1B,npi_Deva,0.004,-0.10850292421681672,0.09889412837160094,,9.314204818644845,Indo-European,Deva,4.5657,,0.22333333333333333,0.22333333333333333
OLMo-2-0425-1B,pol_Latn,0.043333333333333335,-0.0843257493408692,0.09889412837160094,0.3089619863129863,11.069183544489329,Balto-Slavic,Latn,1.8515,0.23722627737226276,0.28,0.2586131386861314
OLMo-2-0425-1B,slv_Latn,0.035333333333333335,-0.12037480552988958,0.09889412837160094,,9.903501694149961,Balto-Slavic,Latn,1.803,,0.2733333333333333,0.2733333333333333
OLMo-2-0425-1B,swe_Latn,0.31866666666666665,-0.07198050524184946,0.09889412837160094,0.40259850140603426,10.585304823582218,Indo-European,Latn,1.5056,,0.2833333333333333,0.2833333333333333
OLMo-2-0425-1B,afr_Latn,0.19,-0.07186477824984824,0.09889412837160094,,9.04883387717687,Indo-European,Latn,1.503,,0.25666666666666665,0.25666666666666665
OLMo-2-0425-1B,ces_Latn,0.03933333333333333,-0.09670686899004034,0.09889412837160094,0.2927362167087643,10.755192300065602,Balto-Slavic,Latn,2.0947,,0.2633333333333333,0.2633333333333333
OLMo-2-0425-1B,fra_Latn,0.8366666666666667,-0.022975349048464332,0.09889412837160094,0.5106846008571121,11.504243358607456,Indo-European,Latn,1.3148,0.29832935560859186,0.27666666666666667,0.2874980111376293
OLMo-2-0425-1B,mal_Mlym,0.0006666666666666666,-0.11699107989193137,0.09889412837160094,,9.322334431411548,Dravidian,other,7.615,,0.2633333333333333,0.2633333333333333
OLMo-2-0425-1B,por_Latn,0.7986666666666666,-0.01605047763153339,0.09889412837160094,0.4279012200284863,11.136535917638877,Indo-European,Latn,1.3109,0.294010889292196,0.2833333333333333,0.28867211131276466
OLMo-2-0425-1B,swh_Latn,0.022,-0.11424186310669038,0.09889412837160094,0.2531313838023561,7.487255902011655,Atlantic-Congo,Latn,1.7574,,0.27666666666666667,0.27666666666666667
OLMo-2-0425-1B,tur_Latn,0.03266666666666666,-0.11265033660824192,0.09889412837160094,0.26425634713641216,10.808162253319553,Turkic,Latn,1.7281,0.25364963503649635,0.25333333333333335,0.25349148418491485
OLMo-2-0425-1B,yor_Latn,0.007333333333333333,-0.12603309096833962,0.09889412837160094,,4.632892380992985,Atlantic-Congo,Latn,3.0247,,0.24666666666666667,0.24666666666666667
OLMo-2-0425-1B,als_Latn,0.026,-0.11653158609762322,0.09889412837160094,,9.562161153905935,Indo-European,Latn,1.8829,,0.25333333333333335,0.25333333333333335
OLMo-2-0425-1B,azj_Latn,0.015333333333333332,-0.11948275187084699,0.09889412837160094,0.17651940969748112,9.545721659518483,Turkic,Latn,2.2624,,0.24333333333333335,0.24333333333333335
OLMo-2-0425-1B,hrv_Latn,0.035333333333333335,-0.1131304199789115,0.09889412837160094,,7.610626216540094,Balto-Slavic,Latn,1.7596,,0.29,0.29
OLMo-2-0425-1B,jpn_Jpan,0.07533333333333334,-0.0845267746058122,0.09889412837160094,0.28346737442837366,11.032916144087627,other,other,4.7947,0.2754491017964072,0.24666666666666667,0.2610578842315369
OLMo-2-0425-1B,kir_Cyrl,0.004666666666666667,-0.15375276970014998,0.09889412837160094,,8.70022124395045,Turkic,Cyrl,3.2266,,0.23333333333333334,0.23333333333333334
OLMo-2-0425-1B,mar_Deva,0.005333333333333333,-0.11070092285445066,0.09889412837160094,0.12278643090754035,9.291197362643686,Indo-European,Deva,4.7653,,0.22333333333333333,0.22333333333333333
OLMo-2-0425-1B,tam_Taml,0.0013333333333333333,-0.10747688104967734,0.09889412837160094,0.09955480202418891,9.641283555217916,Dravidian,other,6.1222,0.2690909090909091,0.29,0.27954545454545454
OLMo-2-0425-1B,ukr_Cyrl,0.013333333333333334,-0.08381648811373917,0.09889412837160094,0.16343529463070192,10.582360317494818,Balto-Slavic,Cyrl,2.7664,0.30363636363636365,0.2733333333333333,0.28848484848484846
OLMo-2-0425-1B,zho_Hans,0.37133333333333335,-0.03341922384677175,0.09889412837160094,0.42817693227793263,11.356131798505956,Sino-Tibetan,other,4.8381,0.27522935779816515,0.2966666666666667,0.28594801223241595
OLMo-2-0425-1B,amh_Ethi,0.0026666666666666666,-0.1406758194363931,0.09889412837160094,0.04697220066741419,8.5541337799261,Afro-Asiatic,other,11.1132,,0.2733333333333333,0.2733333333333333
OLMo-2-0425-1B,dan_Latn,0.282,-0.06870280750772821,0.09889412837160094,,10.360245901721395,Indo-European,Latn,1.4974,,0.24666666666666667,0.24666666666666667
OLMo-2-0425-1B,hun_Latn,0.018666666666666668,-0.11432488508448037,0.09889412837160094,,10.637669631397417,Uralic,Latn,1.9194,0.2781818181818182,0.26666666666666666,0.27242424242424246
OLMo-2-0425-1B,kor_Hang,0.025333333333333333,-0.10285701770323677,0.09889412837160094,0.15374644010179456,10.393846195528992,other,other,4.6943,0.264,0.2866666666666667,0.2753333333333333
OLMo-2-0425-1B,mkd_Cyrl,0.017333333333333333,-0.09973756745669149,0.09889412837160094,,9.301746425904852,Balto-Slavic,Cyrl,2.5146,,0.2866666666666667,0.2866666666666667
OLMo-2-0425-1B,ron_Latn,0.43,-0.06141317092724412,0.09889412837160094,0.3178890763560391,10.598220789235437,Indo-European,Latn,1.6005,,0.30333333333333334,0.30333333333333334
OLMo-2-0425-1B,som_Latn,0.02,-0.12175109975024934,0.09889412837160094,0.27704345080971693,3.7819706739125523,Afro-Asiatic,Latn,1.7769,,0.29333333333333333,0.29333333333333333
OLMo-2-0425-1B,tel_Telu,0.0013333333333333333,-0.11442985866433938,0.09889412837160094,0.05647127855888126,9.195061276656201,Dravidian,other,7.9996,0.24452554744525548,0.2833333333333333,0.2639294403892944
OLMo-2-0425-1B,urd_Arab,0.0033333333333333335,-0.0999300460376595,0.09889412837160094,0.11693720493556413,9.431854501264098,Indo-European,Arab,4.2191,0.21022727272727273,0.31,0.2601136363636364
OLMo-2-0425-1B,zho_Hant,,,,,11.356131798505956,Sino-Tibetan,other,4.8381,,0.26,0.26
OLMo-2-0425-1B,ben_Beng,0.0013333333333333333,-0.11351912607833853,0.09889412837160094,0.07351553689496422,9.981044874347496,Indo-European,other,5.6039,0.24817518248175183,0.27666666666666667,0.26242092457420924
OLMo-2-0425-1B,deu_Latn,0.6446666666666667,-0.028310692574527056,0.09889412837160094,0.4370154417384202,11.552705133249123,Indo-European,Latn,1.318,0.2446043165467626,0.26666666666666666,0.2556354916067146
OLMo-2-0425-1B,hye_Armn,0.0013333333333333333,-0.10813600338315392,0.09889412837160094,0.07500176400249897,9.379338026785135,Indo-European,other,8.4067,,0.23666666666666666,0.23666666666666666
OLMo-2-0425-1B,kan_Knda,0.0026666666666666666,-0.12303441710316873,0.09889412837160094,,9.094221311622814,Dravidian,other,8.0789,,0.26,0.26
OLMo-2-0425-1B,lao_Laoo,0.007333333333333333,-0.10885944581441764,0.09889412837160094,,8.225972821174405,Tai-Kadai,other,8.8648,,0.22666666666666666,0.22666666666666666
OLMo-2-0425-1B,rus_Cyrl,0.382,-0.03840033420527358,0.09889412837160094,0.2813510252237313,11.867586387163913,Balto-Slavic,Cyrl,2.2871,0.28442028985507245,0.30666666666666664,0.2955434782608696
OLMo-2-0425-1B,zsm_Latn,0.37866666666666665,-0.03807779408987508,0.09889412837160094,,7.287263587861631,Austronesian,Latn,1.3733,0.281437125748503,0.2966666666666667,0.28905189620758487
OLMo-2-0425-1B,arb_Arab,0.034,-0.12068170119177903,0.09889412837160094,0.1252805538664295,10.841073612355865,Afro-Asiatic,Arab,3.274,0.28442028985507245,0.25,0.26721014492753625
OLMo-2-0425-1B,ell_Grek,0.002,-0.0955932622062776,0.09889412837160094,0.1864949226346199,10.634956550916772,Indo-European,other,4.0309,0.26992753623188404,0.2966666666666667,0.28329710144927533
OLMo-2-0425-1B,guj_Gujr,0.002,-0.11904683279514652,0.09889412837160094,,9.053743034427566,Indo-European,other,7.7429,,0.22666666666666666,0.22666666666666666
OLMo-2-0425-1B,kat_Geor,0.0026666666666666666,-0.12371363260918779,0.09889412837160094,0.06185944985931698,9.417907523376437,other,other,8.3474,0.238,0.24333333333333335,0.24066666666666667
OLMo-2-0425-1B,pan_Guru,0.0,-0.11009570948434505,0.09889412837160094,,8.861860543889303,Indo-European,other,7.3922,,0.25333333333333335,0.25333333333333335
OLMo-2-0425-1B,spa_Latn,0.8713333333333333,-0.00901885671199456,0.09889412837160094,0.4533204729419343,11.572692346038526,Indo-European,Latn,1.2507,0.25636363636363635,0.2966666666666667,0.2765151515151515
OLMo-2-0425-1B,uzn_Latn,0.01,-0.13720367942856546,0.09889412837160094,0.1642029098173579,7.876511046298704,Turkic,Latn,1.8888,,0.2733333333333333,0.2733333333333333
OLMo-2-0425-1B,arb_Latn,,,,,10.841073612355865,Afro-Asiatic,Latn,3.274,,0.25,0.25
OLMo-2-0425-1B,eng_Latn,,,0.09889412837160094,,12.454382979077453,Indo-European,Latn,1.0,,0.39,0.39
OLMo-2-0425-1B,kaz_Cyrl,0.002,-0.14350562691160917,0.09889412837160094,,9.447543326977344,Turkic,Cyrl,3.4673,,0.25333333333333335,0.25333333333333335
OLMo-2-0425-1B,lit_Latn,0.017333333333333333,-0.13674277730283496,0.09889412837160094,,10.153726802927073,Balto-Slavic,Latn,2.157,,0.2733333333333333,0.2733333333333333
OLMo-2-0425-1B,mya_Mymr,0.0013333333333333333,-0.11598539988540367,0.09889412837160094,0.01898675907156504,8.94576714414124,Sino-Tibetan,other,9.2193,,0.23,0.23
OLMo-2-0425-1B,pbt_Arab,0.002,-0.13502793346652964,0.09889412837160094,,8.559915920992061,Indo-European,Arab,3.9141,,0.22333333333333333,0.22333333333333333
OLMo-2-0425-1B,srp_Cyrl,0.007333333333333333,-0.11145225580152425,0.09889412837160094,,9.664593347362308,Balto-Slavic,Cyrl,2.743,,0.27666666666666667,0.27666666666666667
OLMo-2-0425-1B,tha_Thai,0.014,-0.08755336381159388,0.09889412837160094,0.30336215578169634,10.196379987855126,Tai-Kadai,other,4.0847,,0.26666666666666666,0.26666666666666666
OLMo-2-0425-1B,vie_Latn,0.04666666666666667,-0.0741923853862879,0.09889412837160094,0.3431777889518061,10.743353922054286,other,Latn,2.1646,0.24727272727272728,0.27,0.25863636363636366
OLMo-2-0425-1B,bul_Cyrl,0.030666666666666665,-0.07916950354216351,0.09889412837160094,,10.360175858097726,Balto-Slavic,Cyrl,2.3968,0.28,0.2866666666666667,0.2833333333333333
OLMo-2-0425-1B,est_Latn,0.026,-0.1273886094203128,0.09889412837160094,,9.944761723531126,Uralic,Latn,1.8058,0.26785714285714285,0.2633333333333333,0.2655952380952381
OLMo-2-0425-1B,ind_Latn,0.47,-0.023905024156452778,0.09889412837160094,0.4550683770997598,10.081454105942349,Austronesian,Latn,1.3219,0.2927272727272727,0.2966666666666667,0.2946969696969697
OLMo-2-0425-1B,nld_Latn,0.4,-0.04541512433600253,0.09889412837160094,0.37938126427424174,10.903264809073452,Indo-European,Latn,1.3539,0.2958257713248639,0.27,0.28291288566243195
OLMo-2-0425-1B,pes_Arab,0.018,-0.07158736697365611,0.09889412837160094,0.19872115641172666,10.662263375070816,Indo-European,Arab,3.2702,0.2737226277372263,0.24,0.2568613138686131
OLMo-2-0425-1B,sin_Sinh,,,,,8.944625322846782,Indo-European,other,8.1866,,0.22333333333333333,0.22333333333333333
OLMo-2-0425-1B,cat_Latn,0.464,-0.0613069548636354,0.09889412837160094,,10.097961053275002,Indo-European,Latn,1.4437,,0.26666666666666666,0.26666666666666666
OLMo-2-0425-1B,eus_Latn,0.028,-0.13852941835933819,0.09889412837160094,,9.101082328203272,other,Latn,1.6898,,0.24666666666666667,0.24666666666666667
OLMo-2-0425-1B,heb_Hebr,0.014666666666666666,-0.09000115822855655,0.09889412837160094,0.1749687276395552,9.693476506485494,Afro-Asiatic,other,4.3273,0.2927272727272727,0.2833333333333333,0.288030303030303
OLMo-2-0425-1B,isl_Latn,0.03,-0.11897445874709542,0.09889412837160094,,9.371177412080817,Indo-European,Latn,2.054,,0.2966666666666667,0.2966666666666667
OLMo-2-0425-1B,khk_Cyrl,0.0026666666666666666,-0.1600773111238667,0.09889412837160094,,9.267328434893145,other,Cyrl,3.5425,,0.21,0.21
OLMo-2-0425-1B,nob_Latn,0.2713333333333333,-0.08056786785485265,0.09889412837160094,,10.265445888776227,Indo-European,Latn,1.4896,,0.2966666666666667,0.2966666666666667
OLMo-2-0425-1B,plt_Latn,0.020666666666666667,-0.13798265515108202,0.09889412837160094,,8.15437957359287,Austronesian,Latn,1.7663,,0.23666666666666666,0.23666666666666666
OLMo-2-0425-1B,slk_Latn,0.037333333333333336,-0.10610823246374451,0.09889412837160094,,10.215972316299656,Balto-Slavic,Latn,1.9858,,0.29,0.29
OLMo-2-1124-7B,fin_Latn,0.5353333333333333,-0.08394905979478155,0.1561458710978394,,10.461273505456898,Uralic,Latn,1.7611,0.308529945553539,0.33666666666666667,0.3225983061101029
OLMo-2-1124-7B,hin_Deva,0.264,-0.05594658716126154,0.1561458710978394,,10.225085947081105,Indo-European,Deva,4.461,0.3546617915904936,0.30666666666666664,0.3306642291285801
OLMo-2-1124-7B,ita_Latn,0.8166666666666667,-0.033191272351457246,0.1561458710978394,,11.218657350111846,Indo-European,Latn,1.3157,0.4251824817518248,0.43666666666666665,0.43092457420924574
OLMo-2-1124-7B,khm_Khmr,0.015333333333333332,-0.06651324723371337,0.1561458710978394,,8.873125289337338,other,other,7.0834,,0.2966666666666667,0.2966666666666667
OLMo-2-1124-7B,lvs_Latn,0.06266666666666666,-0.13355087736484667,0.1561458710978394,,9.894602930159628,Balto-Slavic,Latn,2.2351,,0.31,0.31
OLMo-2-1124-7B,npi_Deva,0.06266666666666666,-0.07585511264512197,0.1561458710978394,,9.314204818644845,Indo-European,Deva,4.5657,,0.32666666666666666,0.32666666666666666
OLMo-2-1124-7B,pol_Latn,0.502,-0.06603835376368324,0.1561458710978394,,11.069183544489329,Balto-Slavic,Latn,1.8515,0.3010948905109489,0.31333333333333335,0.3072141119221411
OLMo-2-1124-7B,slv_Latn,0.2853333333333333,-0.11982824437834727,0.1561458710978394,,9.903501694149961,Balto-Slavic,Latn,1.803,,0.35,0.35
OLMo-2-1124-7B,swe_Latn,0.7006666666666667,-0.06637433754132935,0.1561458710978394,,10.585304823582218,Indo-European,Latn,1.5056,,0.38666666666666666,0.38666666666666666
OLMo-2-1124-7B,afr_Latn,0.5886666666666667,-0.07045424032983452,0.1561458710978394,,9.04883387717687,Indo-European,Latn,1.503,,0.42333333333333334,0.42333333333333334
OLMo-2-1124-7B,ces_Latn,0.40066666666666667,-0.08083486363433906,0.1561458710978394,,10.755192300065602,Balto-Slavic,Latn,2.0947,,0.33666666666666667,0.33666666666666667
OLMo-2-1124-7B,fra_Latn,0.86,-0.03160424153987394,0.1561458710978394,,11.504243358607456,Indo-European,Latn,1.3148,0.4630071599045346,0.5133333333333333,0.48817024661893393
OLMo-2-1124-7B,mal_Mlym,0.006,-0.06973531926252384,0.1561458710978394,,9.322334431411548,Dravidian,other,7.615,,0.27666666666666667,0.27666666666666667
OLMo-2-1124-7B,por_Latn,0.8333333333333334,-0.0059594112884803355,0.1561458710978394,,11.136535917638877,Indo-European,Latn,1.3109,0.47005444646098005,0.5066666666666667,0.4883605565638234
OLMo-2-1124-7B,swh_Latn,0.1,-0.13277128301965932,0.1561458710978394,,7.487255902011655,Atlantic-Congo,Latn,1.7574,,0.29333333333333333,0.29333333333333333
OLMo-2-1124-7B,tur_Latn,0.23666666666666666,-0.08634590244639968,0.1561458710978394,,10.808162253319553,Turkic,Latn,1.7281,0.3248175182481752,0.3433333333333333,0.3340754257907542
OLMo-2-1124-7B,yor_Latn,0.013333333333333334,-0.12463891432063685,0.1561458710978394,,4.632892380992985,Atlantic-Congo,Latn,3.0247,,0.23,0.23
OLMo-2-1124-7B,als_Latn,0.12533333333333332,-0.15622916333898546,0.1561458710978394,,9.562161153905935,Indo-European,Latn,1.8829,,0.2833333333333333,0.2833333333333333
OLMo-2-1124-7B,azj_Latn,0.04,-0.1298170361251358,0.1561458710978394,,9.545721659518483,Turkic,Latn,2.2624,,0.24666666666666667,0.24666666666666667
OLMo-2-1124-7B,hrv_Latn,0.4,-0.08241298711774761,0.1561458710978394,,7.610626216540094,Balto-Slavic,Latn,1.7596,,0.33666666666666667,0.33666666666666667
OLMo-2-1124-7B,jpn_Jpan,0.44533333333333336,-0.047723868011276795,0.1561458710978394,,11.032916144087627,other,other,4.7947,0.3532934131736527,0.37333333333333335,0.363313373253493
OLMo-2-1124-7B,kir_Cyrl,0.010666666666666666,-0.14283123506745568,0.1561458710978394,,8.70022124395045,Turkic,Cyrl,3.2266,,0.33,0.33
OLMo-2-1124-7B,mar_Deva,0.088,-0.07209843434122096,0.1561458710978394,,9.291197362643686,Indo-European,Deva,4.7653,,0.38666666666666666,0.38666666666666666
OLMo-2-1124-7B,tam_Taml,0.008,-0.06930321023230647,0.1561458710978394,,9.641283555217916,Dravidian,other,6.1222,0.3109090909090909,0.25666666666666665,0.2837878787878788
OLMo-2-1124-7B,ukr_Cyrl,0.29733333333333334,-0.06871921613349126,0.1561458710978394,,10.582360317494818,Balto-Slavic,Cyrl,2.7664,0.35454545454545455,0.2966666666666667,0.3256060606060606
OLMo-2-1124-7B,zho_Hans,0.6693333333333333,-0.04887481231709115,0.1561458710978394,,11.356131798505956,Sino-Tibetan,other,4.8381,0.3651376146788991,0.5733333333333334,0.4692354740061162
OLMo-2-1124-7B,amh_Ethi,0.005333333333333333,-0.08243019317524293,0.1561458710978394,,8.5541337799261,Afro-Asiatic,other,11.1132,,0.26,0.26
OLMo-2-1124-7B,dan_Latn,0.6553333333333333,-0.07839627961836125,0.1561458710978394,,10.360245901721395,Indo-European,Latn,1.4974,,0.4,0.4
OLMo-2-1124-7B,hun_Latn,0.09466666666666666,-0.136161452409232,0.1561458710978394,,10.637669631397417,Uralic,Latn,1.9194,0.23636363636363636,0.34,0.2881818181818182
OLMo-2-1124-7B,kor_Hang,0.258,-0.056827005285044564,0.1561458710978394,,10.393846195528992,other,other,4.6943,0.31,0.3433333333333333,0.32666666666666666
OLMo-2-1124-7B,mkd_Cyrl,0.162,-0.08346909502582722,0.1561458710978394,,9.301746425904852,Balto-Slavic,Cyrl,2.5146,,0.32666666666666666,0.32666666666666666
OLMo-2-1124-7B,ron_Latn,0.7593333333333333,-0.06222345763335774,0.1561458710978394,,10.598220789235437,Indo-European,Latn,1.6005,,0.38666666666666666,0.38666666666666666
OLMo-2-1124-7B,som_Latn,0.029333333333333333,-0.13095976801372194,0.1561458710978394,,3.7819706739125523,Afro-Asiatic,Latn,1.7769,,0.2733333333333333,0.2733333333333333
OLMo-2-1124-7B,tel_Telu,0.004,-0.06377572236051568,0.1561458710978394,,9.195061276656201,Dravidian,other,7.9996,0.2755474452554745,0.24333333333333335,0.25944038929440394
OLMo-2-1124-7B,urd_Arab,0.07333333333333333,-0.09844143141520532,0.1561458710978394,,9.431854501264098,Indo-European,Arab,4.2191,0.33806818181818177,0.34,0.33903409090909087
OLMo-2-1124-7B,zho_Hant,,,,,11.356131798505956,Sino-Tibetan,other,4.8381,,0.48,0.48
OLMo-2-1124-7B,ben_Beng,0.04733333333333333,-0.06294788718014357,0.1561458710978394,,9.981044874347496,Indo-European,other,5.6039,0.29014598540145986,0.3333333333333333,0.31173965936739656
OLMo-2-1124-7B,deu_Latn,0.8373333333333334,-0.01866005991197226,0.1561458710978394,,11.552705133249123,Indo-European,Latn,1.318,0.33093525179856115,0.5,0.41546762589928055
OLMo-2-1124-7B,hye_Armn,0.0026666666666666666,-0.088537455844734,0.1561458710978394,,9.379338026785135,Indo-European,other,8.4067,,0.2733333333333333,0.2733333333333333
OLMo-2-1124-7B,kan_Knda,0.023333333333333334,-0.07063336521030567,0.1561458710978394,,9.094221311622814,Dravidian,other,8.0789,,0.27,0.27
OLMo-2-1124-7B,lao_Laoo,0.016,-0.06964367931242835,0.1561458710978394,,8.225972821174405,Tai-Kadai,other,8.8648,,0.26,0.26
OLMo-2-1124-7B,rus_Cyrl,0.74,-0.0405617485654914,0.1561458710978394,,11.867586387163913,Balto-Slavic,Cyrl,2.2871,0.35507246376811596,0.43333333333333335,0.39420289855072466
OLMo-2-1124-7B,zsm_Latn,0.7133333333333334,-0.041756402726454374,0.1561458710978394,,7.287263587861631,Austronesian,Latn,1.3733,0.36926147704590817,0.42,0.39463073852295405
OLMo-2-1124-7B,arb_Arab,0.41533333333333333,-0.09241308241896841,0.1561458710978394,,10.841073612355865,Afro-Asiatic,Arab,3.274,0.35507246376811596,0.34,0.347536231884058
OLMo-2-1124-7B,ell_Grek,0.204,-0.06612454473187893,0.1561458710978394,,10.634956550916772,Indo-European,other,4.0309,0.28804347826086957,0.31333333333333335,0.30068840579710143
OLMo-2-1124-7B,guj_Gujr,0.034666666666666665,-0.06652137058825175,0.1561458710978394,,9.053743034427566,Indo-European,other,7.7429,,0.30666666666666664,0.30666666666666664
OLMo-2-1124-7B,kat_Geor,0.0033333333333333335,-0.09949677875015855,0.1561458710978394,,9.417907523376437,other,other,8.3474,0.242,0.29,0.266
OLMo-2-1124-7B,pan_Guru,0.0033333333333333335,-0.062018029961076734,0.1561458710978394,,8.861860543889303,Indo-European,other,7.3922,,0.24,0.24
OLMo-2-1124-7B,spa_Latn,0.872,-0.013888039187090803,0.1561458710978394,,11.572692346038526,Indo-European,Latn,1.2507,0.44727272727272727,0.5333333333333333,0.4903030303030303
OLMo-2-1124-7B,uzn_Latn,0.017333333333333333,-0.13961375752820737,0.1561458710978394,,7.876511046298704,Turkic,Latn,1.8888,,0.34,0.34
OLMo-2-1124-7B,arb_Latn,,,,,10.841073612355865,Afro-Asiatic,Latn,3.274,,0.2633333333333333,0.2633333333333333
OLMo-2-1124-7B,eng_Latn,,,0.1561458710978394,,12.454382979077453,Indo-European,Latn,1.0,,0.76,0.76
OLMo-2-1124-7B,kaz_Cyrl,0.01,-0.13194895364715706,0.1561458710978394,,9.447543326977344,Turkic,Cyrl,3.4673,,0.2733333333333333,0.2733333333333333
OLMo-2-1124-7B,lit_Latn,0.062,-0.13842889073768833,0.1561458710978394,,10.153726802927073,Balto-Slavic,Latn,2.157,,0.32,0.32
OLMo-2-1124-7B,mya_Mymr,0.004,-0.07608341392297215,0.1561458710978394,,8.94576714414124,Sino-Tibetan,other,9.2193,,0.25333333333333335,0.25333333333333335
OLMo-2-1124-7B,pbt_Arab,0.006,-0.16776278678086431,0.1561458710978394,,8.559915920992061,Indo-European,Arab,3.9141,,0.2733333333333333,0.2733333333333333
OLMo-2-1124-7B,srp_Cyrl,0.09466666666666666,-0.08997541648426344,0.1561458710978394,,9.664593347362308,Balto-Slavic,Cyrl,2.743,,0.27,0.27
OLMo-2-1124-7B,tha_Thai,0.096,-0.04534406341222683,0.1561458710978394,,10.196379987855126,Tai-Kadai,other,4.0847,,0.2966666666666667,0.2966666666666667
OLMo-2-1124-7B,vie_Latn,0.414,-0.06345943870553308,0.1561458710978394,,10.743353922054286,other,Latn,2.1646,0.3,0.3566666666666667,0.32833333333333337
OLMo-2-1124-7B,bul_Cyrl,0.44333333333333336,-0.06701793936082344,0.1561458710978394,,10.360175858097726,Balto-Slavic,Cyrl,2.3968,0.3690909090909091,0.30666666666666664,0.3378787878787879
OLMo-2-1124-7B,est_Latn,0.09466666666666666,-0.1720021905595037,0.1561458710978394,,9.944761723531126,Uralic,Latn,1.8058,0.2857142857142857,0.3333333333333333,0.30952380952380953
OLMo-2-1124-7B,ind_Latn,0.7426666666666667,-0.026581345074827126,0.1561458710978394,,10.081454105942349,Austronesian,Latn,1.3219,0.42727272727272725,0.44,0.4336363636363636
OLMo-2-1124-7B,nld_Latn,0.7393333333333333,-0.037344137431948185,0.1561458710978394,,10.903264809073452,Indo-European,Latn,1.3539,0.41560798548094374,0.45,0.4328039927404719
OLMo-2-1124-7B,pes_Arab,0.45666666666666667,-0.08147939318067425,0.1561458710978394,,10.662263375070816,Indo-European,Arab,3.2702,0.3248175182481752,0.34,0.3324087591240876
OLMo-2-1124-7B,sin_Sinh,,,,,8.944625322846782,Indo-European,other,8.1866,,0.25,0.25
OLMo-2-1124-7B,cat_Latn,0.68,-0.06185157932379546,0.1561458710978394,,10.097961053275002,Indo-European,Latn,1.4437,,0.4033333333333333,0.4033333333333333
OLMo-2-1124-7B,eus_Latn,0.037333333333333336,-0.15728268383956748,0.1561458710978394,,9.101082328203272,other,Latn,1.6898,,0.30333333333333334,0.30333333333333334
OLMo-2-1124-7B,heb_Hebr,0.24866666666666667,-0.06122071627154187,0.1561458710978394,,9.693476506485494,Afro-Asiatic,other,4.3273,0.42363636363636364,0.2966666666666667,0.36015151515151517
OLMo-2-1124-7B,isl_Latn,0.17,-0.12453699840182983,0.1561458710978394,,9.371177412080817,Indo-European,Latn,2.054,,0.31666666666666665,0.31666666666666665
OLMo-2-1124-7B,khk_Cyrl,0.007333333333333333,-0.13421536057184794,0.1561458710978394,,9.267328434893145,other,Cyrl,3.5425,,0.24666666666666667,0.24666666666666667
OLMo-2-1124-7B,nob_Latn,0.6293333333333333,-0.08419387784096569,0.1561458710978394,,10.265445888776227,Indo-European,Latn,1.4896,,0.39666666666666667,0.39666666666666667
OLMo-2-1124-7B,plt_Latn,0.02666666666666667,-0.1798489033651053,0.1561458710978394,,8.15437957359287,Austronesian,Latn,1.7663,,0.2866666666666667,0.2866666666666667
OLMo-2-1124-7B,slk_Latn,0.2846666666666667,-0.10113612538558571,0.1561458710978394,,10.215972316299656,Balto-Slavic,Latn,1.9858,,0.33666666666666667,0.33666666666666667
Mistral-7B-v0.3,fin_Latn,0.03333333333333333,-0.22321511790860357,0.28847535011767667,,10.461273505456898,Uralic,Latn,1.7698,0.3430127041742287,0.4266666666666667,0.38483968542044766
Mistral-7B-v0.3,hin_Deva,0.0006666666666666666,-0.4318525298279648,0.28847535011767667,,10.225085947081105,Indo-European,Deva,4.2653,0.35648994515539306,0.32666666666666666,0.3415783059110299
Mistral-7B-v0.3,ita_Latn,0.22533333333333333,-0.10277618730781746,0.28847535011767667,,11.218657350111846,Indo-European,Latn,1.275,0.5766423357664233,0.61,0.5933211678832117
Mistral-7B-v0.3,khm_Khmr,0.0013333333333333333,-0.4026948254797431,0.28847535011767667,,8.873125289337338,other,other,4.8562,,0.25,0.25
Mistral-7B-v0.3,lvs_Latn,0.016666666666666666,-0.24487997789326404,0.28847535011767667,,9.894602930159628,Balto-Slavic,Latn,2.0704,,0.3433333333333333,0.3433333333333333
Mistral-7B-v0.3,npi_Deva,0.0026666666666666666,-0.4225719800320284,0.28847535011767667,,9.314204818644845,Indo-European,Deva,4.182,,0.36666666666666664,0.36666666666666664
Mistral-7B-v0.3,pol_Latn,0.051333333333333335,-0.18921109475461678,0.28847535011767667,,11.069183544489329,Balto-Slavic,Latn,1.7959,0.3978102189781022,0.5433333333333333,0.47057177615571777
Mistral-7B-v0.3,slv_Latn,0.048,-0.1683112144772998,0.28847535011767667,,9.903501694149961,Balto-Slavic,Latn,1.7043,,0.47,0.47
Mistral-7B-v0.3,swe_Latn,0.20933333333333334,-0.11258147453691983,0.28847535011767667,,10.585304823582218,Indo-European,Latn,1.448,,0.5633333333333334,0.5633333333333334
Mistral-7B-v0.3,afr_Latn,0.13866666666666666,-0.130199905608106,0.28847535011767667,,9.04883387717687,Indo-European,Latn,1.465,,0.5,0.5
Mistral-7B-v0.3,ces_Latn,0.064,-0.1601509120598375,0.28847535011767667,,10.755192300065602,Balto-Slavic,Latn,1.8581,,0.5266666666666666,0.5266666666666666
Mistral-7B-v0.3,fra_Latn,0.2653333333333333,-0.10186078875192511,0.28847535011767667,,11.504243358607456,Indo-European,Latn,1.3019,0.5274463007159904,0.6233333333333333,0.5753898170246619
Mistral-7B-v0.3,mal_Mlym,0.0,-0.27671321850725605,0.28847535011767667,,9.322334431411548,Dravidian,other,9.1366,,0.2833333333333333,0.2833333333333333
Mistral-7B-v0.3,por_Latn,0.23,-0.09171813279685861,0.28847535011767667,,11.136535917638877,Indo-European,Latn,1.3473,0.49909255898366606,0.6333333333333333,0.5662129461584997
Mistral-7B-v0.3,swh_Latn,0.025333333333333333,-0.20707886837752862,0.28847535011767667,,7.487255902011655,Atlantic-Congo,Latn,1.7241,,0.2633333333333333,0.2633333333333333
Mistral-7B-v0.3,tur_Latn,0.020666666666666667,-0.22114770088733554,0.28847535011767667,,10.808162253319553,Turkic,Latn,1.988,0.3613138686131387,0.41333333333333333,0.38732360097323604
Mistral-7B-v0.3,yor_Latn,0.006,-0.3009047309781649,0.28847535011767667,,4.632892380992985,Atlantic-Congo,Latn,2.6017,,0.25666666666666665,0.25666666666666665
Mistral-7B-v0.3,als_Latn,0.024666666666666667,-0.22523741781878756,0.28847535011767667,,9.562161153905935,Indo-European,Latn,1.9624,,0.32,0.32
Mistral-7B-v0.3,azj_Latn,0.006666666666666667,-0.26232055948922456,0.28847535011767667,,9.545721659518483,Turkic,Latn,2.3203,,0.31333333333333335,0.31333333333333335
Mistral-7B-v0.3,hrv_Latn,0.05333333333333334,-0.16856060748335472,0.28847535011767667,,7.610626216540094,Balto-Slavic,Latn,1.7132,,0.5366666666666666,0.5366666666666666
Mistral-7B-v0.3,jpn_Jpan,0.011333333333333334,-0.21671829645304,0.28847535011767667,,11.032916144087627,other,other,4.4367,0.49500998003992014,0.42333333333333334,0.45917165668662674
Mistral-7B-v0.3,kir_Cyrl,0.009333333333333334,-0.27414053639427094,0.28847535011767667,,8.70022124395045,Turkic,Cyrl,2.4157,,0.31333333333333335,0.31333333333333335
Mistral-7B-v0.3,mar_Deva,0.0006666666666666666,-0.43014258431757135,0.28847535011767667,,9.291197362643686,Indo-European,Deva,4.3281,,0.31666666666666665,0.31666666666666665
Mistral-7B-v0.3,tam_Taml,0.0006666666666666666,-0.44658902350554397,0.28847535011767667,,9.641283555217916,Dravidian,other,4.6357,0.25272727272727274,0.26666666666666666,0.2596969696969697
Mistral-7B-v0.3,ukr_Cyrl,0.03266666666666666,-0.18359225152476047,0.28847535011767667,,10.582360317494818,Balto-Slavic,Cyrl,1.8431,0.5309090909090909,0.53,0.5304545454545455
Mistral-7B-v0.3,zho_Hans,0.068,-0.13015635191283928,0.28847535011767667,,11.356131798505956,Sino-Tibetan,other,4.1507,0.42385321100917434,0.64,0.5319266055045871
Mistral-7B-v0.3,amh_Ethi,0.002,-0.23380626081715714,0.28847535011767667,,8.5541337799261,Afro-Asiatic,other,9.2196,,0.2866666666666667,0.2866666666666667
Mistral-7B-v0.3,dan_Latn,0.164,-0.11432030855960408,0.28847535011767667,,10.360245901721395,Indo-European,Latn,1.5,,0.5566666666666666,0.5566666666666666
Mistral-7B-v0.3,hun_Latn,0.035333333333333335,-0.20397233472493947,0.28847535011767667,,10.637669631397417,Uralic,Latn,1.7772,0.3527272727272727,0.4866666666666667,0.4196969696969697
Mistral-7B-v0.3,kor_Hang,0.0033333333333333335,-0.27756101998235416,0.28847535011767667,,10.393846195528992,other,other,4.7549,0.424,0.53,0.477
Mistral-7B-v0.3,mkd_Cyrl,0.023333333333333334,-0.20107358630772287,0.28847535011767667,,9.301746425904852,Balto-Slavic,Cyrl,1.8058,,0.45666666666666667,0.45666666666666667
Mistral-7B-v0.3,ron_Latn,0.096,-0.13287196043851626,0.28847535011767667,,10.598220789235437,Indo-European,Latn,1.5271,,0.5466666666666666,0.5466666666666666
Mistral-7B-v0.3,som_Latn,0.02,-0.2527909975537859,0.28847535011767667,,3.7819706739125523,Afro-Asiatic,Latn,1.7756,,0.3,0.3
Mistral-7B-v0.3,tel_Telu,0.0006666666666666666,-0.35382666646510796,0.28847535011767667,,9.195061276656201,Dravidian,other,6.8033,0.28832116788321166,0.25666666666666665,0.27249391727493916
Mistral-7B-v0.3,urd_Arab,0.0006666666666666666,-0.3697917171119441,0.28847535011767667,,9.431854501264098,Indo-European,Arab,4.1239,0.26704545454545453,0.35333333333333333,0.31018939393939393
Mistral-7B-v0.3,zho_Hant,,,,,11.356131798505956,Sino-Tibetan,other,4.1507,,0.5733333333333334,0.5733333333333334
Mistral-7B-v0.3,ben_Beng,0.0,-0.4268990352227174,0.28847535011767667,,9.981044874347496,Indo-European,other,4.7725,0.30474452554744524,0.33666666666666667,0.32070559610705596
Mistral-7B-v0.3,deu_Latn,0.19133333333333333,-0.11327616713969112,0.28847535011767667,,11.552705133249123,Indo-European,Latn,1.3,0.4028776978417266,0.5233333333333333,0.46310551558753
Mistral-7B-v0.3,hye_Armn,0.0006666666666666666,-0.4356050391504393,0.28847535011767667,,9.379338026785135,Indo-European,other,4.4773,,0.2633333333333333,0.2633333333333333
Mistral-7B-v0.3,kan_Knda,0.0,-0.40862869357933707,0.28847535011767667,,9.094221311622814,Dravidian,other,5.6977,,0.2733333333333333,0.2733333333333333
Mistral-7B-v0.3,lao_Laoo,0.0013333333333333333,-0.22787030331944058,0.28847535011767667,,8.225972821174405,Tai-Kadai,other,9.7567,,0.29,0.29
Mistral-7B-v0.3,rus_Cyrl,0.05733333333333333,-0.1723573886216117,0.28847535011767667,,11.867586387163913,Balto-Slavic,Cyrl,1.7156,0.4365942028985507,0.6166666666666667,0.5266304347826087
Mistral-7B-v0.3,zsm_Latn,0.058,-0.1832632033316132,0.28847535011767667,,7.287263587861631,Austronesian,Latn,1.6127,0.4291417165668663,0.53,0.47957085828343315
Mistral-7B-v0.3,arb_Arab,0.0,-0.35039401495524913,0.28847535011767667,,10.841073612355865,Afro-Asiatic,Arab,3.7678,0.43478260869565216,0.36,0.3973913043478261
Mistral-7B-v0.3,ell_Grek,0.0,-0.4294124222573894,0.28847535011767667,,10.634956550916772,Indo-European,other,4.0826,0.3278985507246377,0.35,0.33894927536231884
Mistral-7B-v0.3,guj_Gujr,0.0,-0.28157358365682955,0.28847535011767667,,9.053743034427566,Indo-European,other,8.6059,,0.28,0.28
Mistral-7B-v0.3,kat_Geor,0.0013333333333333333,-0.40608795358787975,0.28847535011767667,,9.417907523376437,other,other,4.1277,0.278,0.29,0.28400000000000003
Mistral-7B-v0.3,pan_Guru,0.0,-0.28394797587402004,0.28847535011767667,,8.861860543889303,Indo-European,other,9.7603,,0.26,0.26
Mistral-7B-v0.3,spa_Latn,0.292,-0.08473248607211437,0.28847535011767667,,11.572692346038526,Indo-European,Latn,1.2834,0.5418181818181819,0.66,0.600909090909091
Mistral-7B-v0.3,uzn_Latn,0.013333333333333334,-0.28033557806308046,0.28847535011767667,,7.876511046298704,Turkic,Latn,1.778,,0.36666666666666664,0.36666666666666664
Mistral-7B-v0.3,arb_Latn,,,,,10.841073612355865,Afro-Asiatic,Latn,3.7678,,0.27666666666666667,0.27666666666666667
Mistral-7B-v0.3,eng_Latn,,,0.28847535011767667,,12.454382979077453,Indo-European,Latn,1.0,,0.7666666666666667,0.7666666666666667
Mistral-7B-v0.3,kaz_Cyrl,0.006,-0.2796948051465236,0.28847535011767667,,9.447543326977344,Turkic,Cyrl,2.4568,,0.31666666666666665,0.31666666666666665
Mistral-7B-v0.3,lit_Latn,0.016,-0.23940824570685587,0.28847535011767667,,10.153726802927073,Balto-Slavic,Latn,1.9341,,0.30666666666666664,0.30666666666666664
Mistral-7B-v0.3,mya_Mymr,0.0006666666666666666,-0.31875795880236135,0.28847535011767667,,8.94576714414124,Sino-Tibetan,other,7.485,,0.28,0.28
Mistral-7B-v0.3,pbt_Arab,0.0,-0.40504301737432136,0.28847535011767667,,8.559915920992061,Indo-European,Arab,4.4362,,0.2833333333333333,0.2833333333333333
Mistral-7B-v0.3,srp_Cyrl,0.02266666666666667,-0.2628728273428668,0.28847535011767667,,9.664593347362308,Balto-Slavic,Cyrl,1.8288,,0.51,0.51
Mistral-7B-v0.3,tha_Thai,0.008,-0.3546445272358713,0.28847535011767667,,10.196379987855126,Tai-Kadai,other,3.9367,,0.3433333333333333,0.3433333333333333
Mistral-7B-v0.3,vie_Latn,0.01,-0.27605266812480683,0.28847535011767667,,10.743353922054286,other,Latn,2.5754,0.37636363636363634,0.4766666666666667,0.4265151515151515
Mistral-7B-v0.3,bul_Cyrl,0.04466666666666667,-0.17897646392498465,0.28847535011767667,,10.360175858097726,Balto-Slavic,Cyrl,1.7556,0.5636363636363636,0.5333333333333333,0.5484848484848485
Mistral-7B-v0.3,est_Latn,0.051333333333333335,-0.18892455416982387,0.28847535011767667,,9.944761723531126,Uralic,Latn,1.7697,0.25892857142857145,0.37,0.31446428571428575
Mistral-7B-v0.3,ind_Latn,0.056,-0.17986156367189937,0.28847535011767667,,10.081454105942349,Austronesian,Latn,1.6053,0.48,0.54,0.51
Mistral-7B-v0.3,nld_Latn,0.18866666666666668,-0.10723057241491603,0.28847535011767667,,10.903264809073452,Indo-European,Latn,1.3522,0.5099818511796733,0.5666666666666667,0.53832425892317
Mistral-7B-v0.3,pes_Arab,0.002,-0.346841566973503,0.28847535011767667,,10.662263375070816,Indo-European,Arab,4.004,0.31386861313868614,0.37666666666666665,0.3452676399026764
Mistral-7B-v0.3,sin_Sinh,,,,,8.944625322846782,Indo-European,other,6.9151,,0.2866666666666667,0.2866666666666667
Mistral-7B-v0.3,cat_Latn,0.19866666666666666,-0.1078265930733963,0.28847535011767667,,10.097961053275002,Indo-European,Latn,1.3663,,0.64,0.64
Mistral-7B-v0.3,eus_Latn,0.037333333333333336,-0.21086535548790783,0.28847535011767667,,9.101082328203272,other,Latn,1.6714,,0.29,0.29
Mistral-7B-v0.3,heb_Hebr,0.0013333333333333333,-0.31751875812052344,0.28847535011767667,,9.693476506485494,Afro-Asiatic,other,4.0468,0.42363636363636364,0.29333333333333333,0.3584848484848485
Mistral-7B-v0.3,isl_Latn,0.03,-0.23791918274865428,0.28847535011767667,,9.371177412080817,Indo-European,Latn,1.9896,,0.3433333333333333,0.3433333333333333
Mistral-7B-v0.3,khk_Cyrl,0.004,-0.3133892765578478,0.28847535011767667,,9.267328434893145,other,Cyrl,2.733,,0.26,0.26
Mistral-7B-v0.3,nob_Latn,0.162,-0.12163610261746671,0.28847535011767667,,10.265445888776227,Indo-European,Latn,1.5038,,0.53,0.53
Mistral-7B-v0.3,plt_Latn,0.023333333333333334,-0.30735641824939736,0.28847535011767667,,8.15437957359287,Austronesian,Latn,1.7082,,0.2866666666666667,0.2866666666666667
Mistral-7B-v0.3,slk_Latn,0.054,-0.19368832982195788,0.28847535011767667,,10.215972316299656,Balto-Slavic,Latn,1.8175,,0.45666666666666667,0.45666666666666667
bloom-1b7,fin_Latn,0.03133333333333333,-0.13596351466912432,0.10106921235761135,,10.461273505456898,Uralic,Latn,1.6705,0.22141560798548093,0.27,0.24570780399274048
bloom-1b7,hin_Deva,0.9046666666666666,-0.0009988445807014952,0.10106921235761135,,10.225085947081105,Indo-European,Deva,1.2613,0.2449725776965265,0.2733333333333333,0.2591529555149299
bloom-1b7,ita_Latn,0.758,0.013802580178303811,0.10106921235761135,,11.218657350111846,Indo-European,Latn,1.2931,0.28832116788321166,0.26666666666666666,0.27749391727493916
bloom-1b7,khm_Khmr,0.005333333333333333,-0.10099655618864595,0.10106921235761135,,8.873125289337338,other,other,5.0014,,0.26,0.26
bloom-1b7,lvs_Latn,0.029333333333333333,-0.11143282401519004,0.10106921235761135,,9.894602930159628,Balto-Slavic,Latn,1.9751,,0.25,0.25
bloom-1b7,npi_Deva,0.7706666666666667,-0.003974692388863289,0.10106921235761135,,9.314204818644845,Indo-European,Deva,1.1422,,0.23666666666666666,0.23666666666666666
bloom-1b7,pol_Latn,0.032,-0.09792193163351759,0.10106921235761135,,11.069183544489329,Balto-Slavic,Latn,2.0183,0.25,0.24666666666666667,0.24833333333333335
bloom-1b7,slv_Latn,0.035333333333333335,-0.10219395172236695,0.10106921235761135,,9.903501694149961,Balto-Slavic,Latn,1.7412,,0.27,0.27
bloom-1b7,swe_Latn,0.13733333333333334,-0.08026721923808705,0.10106921235761135,,10.585304823582218,Indo-European,Latn,1.5766,,0.2633333333333333,0.2633333333333333
bloom-1b7,afr_Latn,0.098,-0.11383738645899714,0.10106921235761135,,9.04883387717687,Indo-European,Latn,1.5183,,0.23666666666666666,0.23666666666666666
bloom-1b7,ces_Latn,0.04133333333333333,-0.08557423399501922,0.10106921235761135,,10.755192300065602,Balto-Slavic,Latn,2.0292,,0.25666666666666665,0.25666666666666665
bloom-1b7,fra_Latn,0.9693333333333334,0.022971662788814403,0.10106921235761135,,11.504243358607456,Indo-European,Latn,1.0153,0.2649164677804296,0.2733333333333333,0.26912490055688143
bloom-1b7,mal_Mlym,0.6893333333333334,-0.022526426337872968,0.10106921235761135,,9.322334431411548,Dravidian,other,1.1939,,0.27,0.27
bloom-1b7,por_Latn,0.9826666666666667,0.05316645004332038,0.10106921235761135,,11.136535917638877,Indo-European,Latn,1.0141,0.25226860254083483,0.2633333333333333,0.25780096793708407
bloom-1b7,swh_Latn,0.6073333333333333,-0.025012332167402118,0.10106921235761135,,7.487255902011655,Atlantic-Congo,Latn,1.0901,,0.2633333333333333,0.2633333333333333
bloom-1b7,tur_Latn,0.024666666666666667,-0.14859291499619498,0.10106921235761135,,10.808162253319553,Turkic,Latn,1.7719,0.2755474452554745,0.27,0.27277372262773725
bloom-1b7,yor_Latn,0.016,-0.13344488668535803,0.10106921235761135,,4.632892380992985,Atlantic-Congo,Latn,2.2114,,0.23,0.23
bloom-1b7,als_Latn,0.04,-0.09853540790467102,0.10106921235761135,,9.562161153905935,Indo-European,Latn,1.8128,,0.25,0.25
bloom-1b7,azj_Latn,0.018666666666666668,-0.14129324880164887,0.10106921235761135,,9.545721659518483,Turkic,Latn,1.9969,,0.26666666666666666,0.26666666666666666
bloom-1b7,hrv_Latn,0.04133333333333333,-0.09448653084354097,0.10106921235761135,,7.610626216540094,Balto-Slavic,Latn,1.7581,,0.21,0.21
bloom-1b7,jpn_Jpan,0.30533333333333335,-0.03939212907184467,0.10106921235761135,,11.032916144087627,other,other,3.9055,0.2714570858283433,0.24666666666666667,0.259061876247505
bloom-1b7,kir_Cyrl,0.0033333333333333335,-0.1624651022869814,0.10106921235761135,,8.70022124395045,Turkic,Cyrl,2.7978,,0.24,0.24
bloom-1b7,mar_Deva,0.764,-0.008732318246804226,0.10106921235761135,,9.291197362643686,Indo-European,Deva,1.1994,,0.24666666666666667,0.24666666666666667
bloom-1b7,tam_Taml,0.6686666666666666,-0.02219854734171463,0.10106921235761135,,9.641283555217916,Dravidian,other,1.0547,0.27636363636363637,0.26666666666666666,0.2715151515151515
bloom-1b7,ukr_Cyrl,0.014,-0.0735080379479551,0.10106921235761135,,10.582360317494818,Balto-Slavic,Cyrl,2.5494,0.2509090909090909,0.2633333333333333,0.2571212121212121
bloom-1b7,zho_Hans,0.922,-0.005999433413438143,0.10106921235761135,,11.356131798505956,Sino-Tibetan,other,2.5662,0.25504587155963304,0.24666666666666667,0.25085626911314984
bloom-1b7,amh_Ethi,0.002,-0.10910075878392211,0.10106921235761135,,8.5541337799261,Afro-Asiatic,other,7.2607,,0.2833333333333333,0.2833333333333333
bloom-1b7,dan_Latn,0.12933333333333333,-0.08222305848612041,0.10106921235761135,,10.360245901721395,Indo-European,Latn,1.5482,,0.25333333333333335,0.25333333333333335
bloom-1b7,hun_Latn,0.022,-0.12730572219728542,0.10106921235761135,,10.637669631397417,Uralic,Latn,1.8404,0.24363636363636362,0.2,0.2218181818181818
bloom-1b7,kor_Hang,0.011333333333333334,-0.11398708537310959,0.10106921235761135,,10.393846195528992,other,other,5.3954,0.228,0.25333333333333335,0.2406666666666667
bloom-1b7,mkd_Cyrl,0.019333333333333334,-0.08631973839886015,0.10106921235761135,,9.301746425904852,Balto-Slavic,Cyrl,2.2529,,0.21,0.21
bloom-1b7,ron_Latn,0.18333333333333332,-0.05742219289784966,0.10106921235761135,,10.598220789235437,Indo-European,Latn,1.6284,,0.21666666666666667,0.21666666666666667
bloom-1b7,som_Latn,0.024666666666666667,-0.23094169336696108,0.10106921235761135,,3.7819706739125523,Afro-Asiatic,Latn,1.6694,,0.19666666666666666,0.19666666666666666
bloom-1b7,tel_Telu,0.636,-0.03174484413820178,0.10106921235761135,,9.195061276656201,Dravidian,other,1.2417,0.23175182481751824,0.25,0.2408759124087591
bloom-1b7,urd_Arab,0.816,-0.008248317237373721,0.10106921235761135,,9.431854501264098,Indo-European,Arab,1.3231,0.33238636363636365,0.22333333333333333,0.27785984848484846
bloom-1b7,zho_Hant,,,,,11.356131798505956,Sino-Tibetan,other,2.5662,,0.23333333333333334,0.23333333333333334
bloom-1b7,ben_Beng,0.8926666666666667,0.004731563645209782,0.10106921235761135,,9.981044874347496,Indo-European,other,1.2106,0.28102189781021897,0.31,0.2955109489051095
bloom-1b7,deu_Latn,0.2773333333333333,-0.11181757462840809,0.10106921235761135,,11.552705133249123,Indo-European,Latn,1.4099,0.2302158273381295,0.20666666666666667,0.2184412470023981
bloom-1b7,hye_Armn,0.0026666666666666666,-0.12585586263650883,0.10106921235761135,,9.379338026785135,Indo-European,other,3.7045,,0.27,0.27
bloom-1b7,kan_Knda,0.5993333333333334,-0.024092023228633953,0.10106921235761135,,9.094221311622814,Dravidian,other,1.197,,0.24666666666666667,0.24666666666666667
bloom-1b7,lao_Laoo,0.0033333333333333335,-0.0883220926745021,0.10106921235761135,,8.225972821174405,Tai-Kadai,other,7.986,,0.26,0.26
bloom-1b7,rus_Cyrl,0.19666666666666666,-0.05254204727394069,0.10106921235761135,,11.867586387163913,Balto-Slavic,Cyrl,2.2388,0.24094202898550723,0.25,0.2454710144927536
bloom-1b7,zsm_Latn,0.9313333333333333,0.03408776958317493,0.10106921235761135,,7.287263587861631,Austronesian,Latn,0.9466,0.25149700598802394,0.25333333333333335,0.2524151696606787
bloom-1b7,arb_Arab,0.9386666666666666,0.007778599815562826,0.10106921235761135,,10.841073612355865,Afro-Asiatic,Arab,1.2181,0.21920289855072464,0.26,0.2396014492753623
bloom-1b7,ell_Grek,0.004,-0.08453961372985454,0.10106921235761135,,10.634956550916772,Indo-European,other,2.9728,0.29347826086956524,0.26,0.2767391304347826
bloom-1b7,guj_Gujr,0.712,-0.006866677955610559,0.10106921235761135,,9.053743034427566,Indo-European,other,1.352,,0.2633333333333333,0.2633333333333333
bloom-1b7,kat_Geor,0.0033333333333333335,-0.13837777918826674,0.10106921235761135,,9.417907523376437,other,other,4.2148,0.254,0.27,0.262
bloom-1b7,pan_Guru,0.6366666666666667,-0.011597374787238037,0.10106921235761135,,8.861860543889303,Indo-European,other,1.3677,,0.27666666666666667,0.27666666666666667
bloom-1b7,spa_Latn,0.9813333333333333,0.03839269688914624,0.10106921235761135,,11.572692346038526,Indo-European,Latn,0.9971,0.24909090909090909,0.29,0.26954545454545453
bloom-1b7,uzn_Latn,0.014666666666666666,-0.17202258247759766,0.10106921235761135,,7.876511046298704,Turkic,Latn,1.7097,,0.25666666666666665,0.25666666666666665
bloom-1b7,arb_Latn,,,,,10.841073612355865,Afro-Asiatic,Latn,1.2181,,0.24666666666666667,0.24666666666666667
bloom-1b7,eng_Latn,,,0.10106921235761135,,12.454382979077453,Indo-European,Latn,1.0,,0.31333333333333335,0.31333333333333335
bloom-1b7,kaz_Cyrl,0.004666666666666667,-0.1477970842210731,0.10106921235761135,,9.447543326977344,Turkic,Cyrl,2.9647,,0.22666666666666666,0.22666666666666666
bloom-1b7,lit_Latn,0.028666666666666667,-0.11973920295068552,0.10106921235761135,,10.153726802927073,Balto-Slavic,Latn,1.8931,,0.23,0.23
bloom-1b7,mya_Mymr,0.0013333333333333333,-0.10442655188387555,0.10106921235761135,,8.94576714414124,Sino-Tibetan,other,8.5236,,0.26666666666666666,0.26666666666666666
bloom-1b7,pbt_Arab,0.007333333333333333,-0.12141269627492955,0.10106921235761135,,8.559915920992061,Indo-European,Arab,2.6877,,0.2633333333333333,0.2633333333333333
bloom-1b7,srp_Cyrl,0.008,-0.1070207657351273,0.10106921235761135,,9.664593347362308,Balto-Slavic,Cyrl,2.4338,,0.2633333333333333,0.2633333333333333
bloom-1b7,tha_Thai,0.01,-0.08353431171907671,0.10106921235761135,,10.196379987855126,Tai-Kadai,other,4.3353,,0.26,0.26
bloom-1b7,vie_Latn,0.9673333333333334,0.01852584889214606,0.10106921235761135,,10.743353922054286,other,Latn,1.1413,0.27090909090909093,0.22333333333333333,0.24712121212121213
bloom-1b7,bul_Cyrl,0.016,-0.08151675711557514,0.10106921235761135,,10.360175858097726,Balto-Slavic,Cyrl,2.2848,0.24363636363636362,0.2733333333333333,0.2584848484848485
bloom-1b7,est_Latn,0.037333333333333336,-0.14733851757699137,0.10106921235761135,,9.944761723531126,Uralic,Latn,1.7028,0.23214285714285715,0.21,0.22107142857142859
bloom-1b7,ind_Latn,0.9846666666666667,0.06092221454051711,0.10106921235761135,,10.081454105942349,Austronesian,Latn,0.8461,0.26,0.24333333333333335,0.2516666666666667
bloom-1b7,nld_Latn,0.14333333333333334,-0.098152319833438,0.10106921235761135,,10.903264809073452,Indo-European,Latn,1.4488,0.2613430127041742,0.19666666666666666,0.22900483968542043
bloom-1b7,pes_Arab,0.044,-0.08304431515307785,0.10106921235761135,,10.662263375070816,Indo-European,Arab,1.7821,0.2208029197080292,0.26,0.24040145985401462
bloom-1b7,sin_Sinh,,,,,8.944625322846782,Indo-European,other,7.5809,,0.26666666666666666,0.26666666666666666
bloom-1b7,cat_Latn,0.9826666666666667,0.03222675595629764,0.10106921235761135,,10.097961053275002,Indo-European,Latn,1.0421,,0.2866666666666667,0.2866666666666667
bloom-1b7,eus_Latn,0.8186666666666667,-0.0018185790361178622,0.10106921235761135,,9.101082328203272,other,Latn,1.0313,,0.22666666666666666,0.22666666666666666
bloom-1b7,heb_Hebr,0.009333333333333334,-0.10991548566988946,0.10106921235761135,,9.693476506485494,Afro-Asiatic,other,3.4849,0.24,0.2733333333333333,0.25666666666666665
bloom-1b7,isl_Latn,0.028666666666666667,-0.1283908139128051,0.10106921235761135,,9.371177412080817,Indo-European,Latn,1.9114,,0.23333333333333334,0.23333333333333334
bloom-1b7,khk_Cyrl,0.004666666666666667,-0.15460235244600715,0.10106921235761135,,9.267328434893145,other,Cyrl,3.1115,,0.26,0.26
bloom-1b7,nob_Latn,0.112,-0.07905404771890476,0.10106921235761135,,10.265445888776227,Indo-European,Latn,1.5488,,0.27666666666666667,0.27666666666666667
bloom-1b7,plt_Latn,0.028666666666666667,-0.1634030046729952,0.10106921235761135,,8.15437957359287,Austronesian,Latn,1.6069,,0.29,0.29
bloom-1b7,slk_Latn,0.04,-0.09638007244327976,0.10106921235761135,,10.215972316299656,Balto-Slavic,Latn,1.8798,,0.25666666666666665,0.25666666666666665
bloom-7b1,fin_Latn,0.04733333333333333,-0.1150605773550352,0.11581730369470478,,10.461273505456898,Uralic,Latn,1.6705,0.2323049001814882,0.25,0.2411524500907441
bloom-7b1,hin_Deva,0.9206666666666666,0.0044729183136391,0.11581730369470478,,10.225085947081105,Indo-European,Deva,1.2613,0.2413162705667276,0.22666666666666666,0.23399146861669712
bloom-7b1,ita_Latn,0.914,0.038032842287215776,0.11581730369470478,,11.218657350111846,Indo-European,Latn,1.2931,0.2518248175182482,0.24,0.2459124087591241
bloom-7b1,khm_Khmr,0.010666666666666666,-0.07517175087820263,0.11581730369470478,,8.873125289337338,other,other,5.0014,,0.22333333333333333,0.22333333333333333
bloom-7b1,lvs_Latn,0.03933333333333333,-0.08830898099080861,0.11581730369470478,,9.894602930159628,Balto-Slavic,Latn,1.9751,,0.26666666666666666,0.26666666666666666
bloom-7b1,npi_Deva,0.86,0.005658751570994615,0.11581730369470478,,9.314204818644845,Indo-European,Deva,1.1422,,0.24333333333333335,0.24333333333333335
bloom-7b1,pol_Latn,0.10933333333333334,-0.05969957293949908,0.11581730369470478,,11.069183544489329,Balto-Slavic,Latn,2.0183,0.2664233576642336,0.25666666666666665,0.2615450121654501
bloom-7b1,slv_Latn,0.07733333333333334,-0.07311291743974778,0.11581730369470478,,9.903501694149961,Balto-Slavic,Latn,1.7412,,0.22333333333333333,0.22333333333333333
bloom-7b1,swe_Latn,0.30866666666666664,-0.041515595888172024,0.11581730369470478,,10.585304823582218,Indo-European,Latn,1.5766,,0.24,0.24
bloom-7b1,afr_Latn,0.20866666666666667,-0.06041789246768065,0.11581730369470478,,9.04883387717687,Indo-European,Latn,1.5183,,0.27,0.27
bloom-7b1,ces_Latn,0.104,-0.05525528705058522,0.11581730369470478,,10.755192300065602,Balto-Slavic,Latn,2.0292,,0.20666666666666667,0.20666666666666667
bloom-7b1,fra_Latn,0.9726666666666667,0.03402246383764025,0.11581730369470478,,11.504243358607456,Indo-European,Latn,1.0153,0.2386634844868735,0.23333333333333334,0.23599840891010343
bloom-7b1,mal_Mlym,0.7853333333333333,-0.01634150500709154,0.11581730369470478,,9.322334431411548,Dravidian,other,1.1939,,0.23,0.23
bloom-7b1,por_Latn,0.986,0.06405954797697128,0.11581730369470478,,11.136535917638877,Indo-European,Latn,1.0141,0.22141560798548093,0.24666666666666667,0.2340411373260738
bloom-7b1,swh_Latn,0.8286666666666667,-0.0057592628970733655,0.11581730369470478,,7.487255902011655,Atlantic-Congo,Latn,1.0901,,0.25333333333333335,0.25333333333333335
bloom-7b1,tur_Latn,0.04666666666666667,-0.1346560672884461,0.11581730369470478,,10.808162253319553,Turkic,Latn,1.7719,0.25547445255474455,0.23666666666666666,0.24607055961070562
bloom-7b1,yor_Latn,0.04733333333333333,-0.10165729799332622,0.11581730369470478,,4.632892380992985,Atlantic-Congo,Latn,2.2114,,0.24333333333333335,0.24333333333333335
bloom-7b1,als_Latn,0.06666666666666667,-0.08440680540129383,0.11581730369470478,,9.562161153905935,Indo-European,Latn,1.8128,,0.26,0.26
bloom-7b1,azj_Latn,0.02666666666666667,-0.13151402287833017,0.11581730369470478,,9.545721659518483,Turkic,Latn,1.9969,,0.25333333333333335,0.25333333333333335
bloom-7b1,hrv_Latn,0.1,-0.06331570445508099,0.11581730369470478,,7.610626216540094,Balto-Slavic,Latn,1.7581,,0.23,0.23
bloom-7b1,jpn_Jpan,0.5313333333333333,-0.02498337655146979,0.11581730369470478,,11.032916144087627,other,other,3.9055,0.25349301397205587,0.22333333333333333,0.2384131736526946
bloom-7b1,kir_Cyrl,0.005333333333333333,-0.13266563624792743,0.11581730369470478,,8.70022124395045,Turkic,Cyrl,2.7978,,0.24666666666666667,0.24666666666666667
bloom-7b1,mar_Deva,0.8593333333333333,0.0017728371266460016,0.11581730369470478,,9.291197362643686,Indo-European,Deva,1.1994,,0.24666666666666667,0.24666666666666667
bloom-7b1,tam_Taml,0.7746666666666666,-0.017644445461505516,0.11581730369470478,,9.641283555217916,Dravidian,other,1.0547,0.19090909090909092,0.24,0.21545454545454545
bloom-7b1,ukr_Cyrl,0.1,-0.048040492487189966,0.11581730369470478,,10.582360317494818,Balto-Slavic,Cyrl,2.5494,0.25636363636363635,0.25333333333333335,0.2548484848484849
bloom-7b1,zho_Hans,0.934,0.003171807534234046,0.11581730369470478,,11.356131798505956,Sino-Tibetan,other,2.5662,0.24587155963302754,0.24666666666666667,0.24626911314984712
bloom-7b1,amh_Ethi,0.0033333333333333335,-0.11020057597005234,0.11581730369470478,,8.5541337799261,Afro-Asiatic,other,7.2607,,0.24,0.24
bloom-7b1,dan_Latn,0.33,-0.041534528916168205,0.11581730369470478,,10.360245901721395,Indo-European,Latn,1.5482,,0.24,0.24
bloom-7b1,hun_Latn,0.029333333333333333,-0.1057835087247779,0.11581730369470478,,10.637669631397417,Uralic,Latn,1.8404,0.2509090909090909,0.2,0.22545454545454546
bloom-7b1,kor_Hang,0.07133333333333333,-0.10710288521961736,0.11581730369470478,,10.393846195528992,other,other,5.3954,0.252,0.24,0.246
bloom-7b1,mkd_Cyrl,0.03666666666666667,-0.059335185946778495,0.11581730369470478,,9.301746425904852,Balto-Slavic,Cyrl,2.2529,,0.25333333333333335,0.25333333333333335
bloom-7b1,ron_Latn,0.37,-0.028393621146310017,0.11581730369470478,,10.598220789235437,Indo-European,Latn,1.6284,,0.23333333333333334,0.23333333333333334
bloom-7b1,som_Latn,0.03666666666666667,-0.23894966158307862,0.11581730369470478,,3.7819706739125523,Afro-Asiatic,Latn,1.6694,,0.20666666666666667,0.20666666666666667
bloom-7b1,tel_Telu,0.7533333333333333,-0.026105285876387607,0.11581730369470478,,9.195061276656201,Dravidian,other,1.2417,0.27007299270072993,0.23333333333333334,0.25170316301703166
bloom-7b1,urd_Arab,0.8633333333333333,0.0017563318410657909,0.11581730369470478,,9.431854501264098,Indo-European,Arab,1.3231,0.18181818181818182,0.24333333333333335,0.21257575757575758
bloom-7b1,zho_Hant,,,,,11.356131798505956,Sino-Tibetan,other,2.5662,,0.24333333333333335,0.24333333333333335
bloom-7b1,ben_Beng,0.9206666666666666,0.011250614478957364,0.11581730369470478,,9.981044874347496,Indo-European,other,1.2106,0.21532846715328466,0.23333333333333334,0.22433090024330898
bloom-7b1,deu_Latn,0.6533333333333333,-0.04318480885665508,0.11581730369470478,,11.552705133249123,Indo-European,Latn,1.4099,0.2158273381294964,0.20333333333333334,0.20958033573141488
bloom-7b1,hye_Armn,0.004666666666666667,-0.11544011305262639,0.11581730369470478,,9.379338026785135,Indo-European,other,3.7045,,0.23666666666666666,0.23666666666666666
bloom-7b1,kan_Knda,0.738,-0.0170147812336145,0.11581730369470478,,9.094221311622814,Dravidian,other,1.197,,0.24,0.24
bloom-7b1,lao_Laoo,0.014666666666666666,-0.07290520986958236,0.11581730369470478,,8.225972821174405,Tai-Kadai,other,7.986,,0.24333333333333335,0.24333333333333335
bloom-7b1,rus_Cyrl,0.5493333333333333,-0.03772796897754796,0.11581730369470478,,11.867586387163913,Balto-Slavic,Cyrl,2.2388,0.23550724637681159,0.26666666666666666,0.2510869565217391
bloom-7b1,zsm_Latn,0.952,0.04816182446586725,0.11581730369470478,,7.287263587861631,Austronesian,Latn,0.9466,0.2694610778443114,0.24666666666666667,0.25806387225548905
bloom-7b1,arb_Arab,0.9466666666666667,0.01655520104554305,0.11581730369470478,,10.841073612355865,Afro-Asiatic,Arab,1.2181,0.286231884057971,0.26,0.2731159420289855
bloom-7b1,ell_Grek,0.02266666666666667,-0.05537488242435624,0.11581730369470478,,10.634956550916772,Indo-European,other,2.9728,0.2318840579710145,0.24333333333333335,0.2376086956521739
bloom-7b1,guj_Gujr,0.8006666666666666,0.0006092878766999391,0.11581730369470478,,9.053743034427566,Indo-European,other,1.352,,0.22666666666666666,0.22666666666666666
bloom-7b1,kat_Geor,0.004666666666666667,-0.09529251357563763,0.11581730369470478,,9.417907523376437,other,other,4.2148,0.284,0.25,0.267
bloom-7b1,pan_Guru,0.7786666666666666,-0.00439073041521546,0.11581730369470478,,8.861860543889303,Indo-European,other,1.3677,,0.22333333333333333,0.22333333333333333
bloom-7b1,spa_Latn,0.984,0.05053221399078631,0.11581730369470478,,11.572692346038526,Indo-European,Latn,0.9971,0.21454545454545454,0.21666666666666667,0.2156060606060606
bloom-7b1,uzn_Latn,0.023333333333333334,-0.14808382914241,0.11581730369470478,,7.876511046298704,Turkic,Latn,1.7097,,0.27,0.27
bloom-7b1,arb_Latn,,,,,10.841073612355865,Afro-Asiatic,Latn,1.2181,,0.22333333333333333,0.22333333333333333
bloom-7b1,eng_Latn,,,0.11581730369470478,,12.454382979077453,Indo-European,Latn,1.0,,0.25,0.25
bloom-7b1,kaz_Cyrl,0.008,-0.11906163819121943,0.11581730369470478,,9.447543326977344,Turkic,Cyrl,2.9647,,0.2633333333333333,0.2633333333333333
bloom-7b1,lit_Latn,0.036,-0.09875806489525246,0.11581730369470478,,10.153726802927073,Balto-Slavic,Latn,1.8931,,0.22666666666666666,0.22666666666666666
bloom-7b1,mya_Mymr,0.0013333333333333333,-0.08986979135771442,0.11581730369470478,,8.94576714414124,Sino-Tibetan,other,8.5236,,0.25666666666666665,0.25666666666666665
bloom-7b1,pbt_Arab,0.008666666666666666,-0.11379915135968739,0.11581730369470478,,8.559915920992061,Indo-European,Arab,2.6877,,0.25333333333333335,0.25333333333333335
bloom-7b1,srp_Cyrl,0.022,-0.07581002419519711,0.11581730369470478,,9.664593347362308,Balto-Slavic,Cyrl,2.4338,,0.23666666666666666,0.23666666666666666
bloom-7b1,tha_Thai,0.018,-0.07898573086916554,0.11581730369470478,,10.196379987855126,Tai-Kadai,other,4.3353,,0.24,0.24
bloom-7b1,vie_Latn,0.968,0.02342545458335338,0.11581730369470478,,10.743353922054286,other,Latn,1.1413,0.25272727272727274,0.22666666666666666,0.2396969696969697
bloom-7b1,bul_Cyrl,0.06266666666666666,-0.05204103035623118,0.11581730369470478,,10.360175858097726,Balto-Slavic,Cyrl,2.2848,0.24181818181818182,0.21666666666666667,0.22924242424242425
bloom-7b1,est_Latn,0.05466666666666667,-0.11993057945079158,0.11581730369470478,,9.944761723531126,Uralic,Latn,1.7028,0.27232142857142855,0.23666666666666666,0.2544940476190476
bloom-7b1,ind_Latn,0.9873333333333333,0.07447537287977808,0.11581730369470478,,10.081454105942349,Austronesian,Latn,0.8461,0.24181818181818182,0.26666666666666666,0.25424242424242427
bloom-7b1,nld_Latn,0.426,-0.02352701973761482,0.11581730369470478,,10.903264809073452,Indo-European,Latn,1.4488,0.2595281306715064,0.26666666666666666,0.26309739866908655
bloom-7b1,pes_Arab,0.08933333333333333,-0.053082089291275156,0.11581730369470478,,10.662263375070816,Indo-European,Arab,1.7821,0.23905109489051096,0.24,0.23952554744525548
bloom-7b1,sin_Sinh,,,,,8.944625322846782,Indo-European,other,7.5809,,0.2866666666666667,0.2866666666666667
bloom-7b1,cat_Latn,0.9826666666666667,0.04536926979287834,0.11581730369470478,,10.097961053275002,Indo-European,Latn,1.0421,,0.23333333333333334,0.23333333333333334
bloom-7b1,eus_Latn,0.8966666666666666,0.01132802935269079,0.11581730369470478,,9.101082328203272,other,Latn,1.0313,,0.25666666666666665,0.25666666666666665
bloom-7b1,heb_Hebr,0.03266666666666666,-0.06584478447062388,0.11581730369470478,,9.693476506485494,Afro-Asiatic,other,3.4849,0.2545454545454545,0.25666666666666665,0.2556060606060606
bloom-7b1,isl_Latn,0.04733333333333333,-0.09342698220456556,0.11581730369470478,,9.371177412080817,Indo-European,Latn,1.9114,,0.23666666666666666,0.23666666666666666
bloom-7b1,khk_Cyrl,0.008666666666666666,-0.13241654397094818,0.11581730369470478,,9.267328434893145,other,Cyrl,3.1115,,0.22,0.22
bloom-7b1,nob_Latn,0.30866666666666664,-0.04201864650582006,0.11581730369470478,,10.265445888776227,Indo-European,Latn,1.5488,,0.23333333333333334,0.23333333333333334
bloom-7b1,plt_Latn,0.03133333333333333,-0.15039021176551487,0.11581730369470478,,8.15437957359287,Austronesian,Latn,1.6069,,0.25,0.25
bloom-7b1,slk_Latn,0.098,-0.06267290688039755,0.11581730369470478,,10.215972316299656,Balto-Slavic,Latn,1.8798,,0.2733333333333333,0.2733333333333333
EuroLLM-1.7B,fin_Latn,0.9466666666666667,0.02830163003998144,0.14688897904630072,,10.461273505456898,Uralic,Latn,1.2058,0.2250453720508167,0.23333333333333334,0.22918935269207502
EuroLLM-1.7B,hin_Deva,0.908,0.007957429894542345,0.14688897904630072,,10.225085947081105,Indo-European,Deva,1.5511,0.22851919561243145,0.25333333333333335,0.2409262644728824
EuroLLM-1.7B,ita_Latn,0.9886666666666667,0.06876268377949689,0.14688897904630072,,11.218657350111846,Indo-European,Latn,0.9742,0.2791970802919708,0.26666666666666666,0.27293187347931874
EuroLLM-1.7B,khm_Khmr,0.0033333333333333335,-0.1540228698167285,0.14688897904630072,,8.873125289337338,other,other,9.8175,,0.26,0.26
EuroLLM-1.7B,lvs_Latn,0.94,0.029356088666265538,0.14688897904630072,,9.894602930159628,Balto-Slavic,Latn,1.3953,,0.25,0.25
EuroLLM-1.7B,npi_Deva,0.10866666666666666,-0.12544394894318572,0.14688897904630072,,9.314204818644845,Indo-European,Deva,1.8958,,0.24666666666666667,0.24666666666666667
EuroLLM-1.7B,pol_Latn,0.9533333333333334,0.02583820127419873,0.14688897904630072,,11.069183544489329,Balto-Slavic,Latn,1.3636,0.24087591240875914,0.26666666666666666,0.2537712895377129
EuroLLM-1.7B,slv_Latn,0.9526666666666667,0.025394264340915067,0.14688897904630072,,9.903501694149961,Balto-Slavic,Latn,1.2411,,0.25333333333333335,0.25333333333333335
EuroLLM-1.7B,swe_Latn,0.9886666666666667,0.0751704570440635,0.14688897904630072,,10.585304823582218,Indo-European,Latn,1.1856,,0.25666666666666665,0.25666666666666665
EuroLLM-1.7B,afr_Latn,0.6673333333333333,-0.01319354101203687,0.14688897904630072,,9.04883387717687,Indo-European,Latn,1.2458,,0.25333333333333335,0.25333333333333335
EuroLLM-1.7B,ces_Latn,0.9766666666666667,0.04717927702918747,0.14688897904630072,,10.755192300065602,Balto-Slavic,Latn,1.4583,,0.25666666666666665,0.25666666666666665
EuroLLM-1.7B,fra_Latn,0.97,0.03352262948120723,0.14688897904630072,,11.504243358607456,Indo-European,Latn,1.1156,0.24821002386634844,0.27666666666666667,0.26243834526650756
EuroLLM-1.7B,mal_Mlym,0.0006666666666666666,-0.1591406216240342,0.14688897904630072,,9.322334431411548,Dravidian,other,10.6542,,0.27,0.27
EuroLLM-1.7B,por_Latn,0.9866666666666667,0.06465923252354952,0.14688897904630072,,11.136535917638877,Indo-European,Latn,1.029,0.2323049001814882,0.22,0.22615245009074408
EuroLLM-1.7B,swh_Latn,0.028,-0.2184443593804113,0.14688897904630072,,7.487255902011655,Atlantic-Congo,Latn,1.5312,,0.25333333333333335,0.25333333333333335
EuroLLM-1.7B,tur_Latn,0.922,0.003002623079333923,0.14688897904630072,,10.808162253319553,Turkic,Latn,1.1797,0.2572992700729927,0.24,0.24864963503649634
EuroLLM-1.7B,yor_Latn,0.010666666666666666,-0.21926409069796013,0.14688897904630072,,4.632892380992985,Atlantic-Congo,Latn,2.7445,,0.23333333333333334,0.23333333333333334
EuroLLM-1.7B,als_Latn,0.04066666666666666,-0.1442042098384689,0.14688897904630072,,9.562161153905935,Indo-European,Latn,1.7587,,0.25333333333333335,0.25333333333333335
EuroLLM-1.7B,azj_Latn,0.17466666666666666,-0.06370961319843799,0.14688897904630072,,9.545721659518483,Turkic,Latn,1.8967,,0.2633333333333333,0.2633333333333333
EuroLLM-1.7B,hrv_Latn,0.9346666666666666,0.02433490008492384,0.14688897904630072,,7.610626216540094,Balto-Slavic,Latn,1.2366,,0.26,0.26
EuroLLM-1.7B,jpn_Jpan,0.9133333333333333,0.002747242593261863,0.14688897904630072,,11.032916144087627,other,other,2.7131,0.24151696606786427,0.32,0.28075848303393214
EuroLLM-1.7B,kir_Cyrl,0.015333333333333332,-0.1476014084186476,0.14688897904630072,,8.70022124395045,Turkic,Cyrl,2.1535,,0.25666666666666665,0.25666666666666665
EuroLLM-1.7B,mar_Deva,0.068,-0.11965216566451688,0.14688897904630072,,9.291197362643686,Indo-European,Deva,2.0177,,0.29333333333333333,0.29333333333333333
EuroLLM-1.7B,tam_Taml,0.0013333333333333333,-0.17314520276901338,0.14688897904630072,,9.641283555217916,Dravidian,other,6.4096,0.28,0.29,0.28500000000000003
EuroLLM-1.7B,ukr_Cyrl,0.9673333333333334,0.022020650781244832,0.14688897904630072,,10.582360317494818,Balto-Slavic,Cyrl,1.3911,0.23272727272727273,0.25666666666666665,0.2446969696969697
EuroLLM-1.7B,zho_Hans,0.9326666666666666,-0.0020952181136673965,0.14688897904630072,,11.356131798505956,Sino-Tibetan,other,3.3334,0.25321100917431194,0.28,0.266605504587156
EuroLLM-1.7B,amh_Ethi,0.002,-0.15031299202425963,0.14688897904630072,,8.5541337799261,Afro-Asiatic,other,11.091,,0.27666666666666667,0.27666666666666667
EuroLLM-1.7B,dan_Latn,0.9846666666666667,0.06678194556634315,0.14688897904630072,,10.360245901721395,Indo-European,Latn,1.1776,,0.2833333333333333,0.2833333333333333
EuroLLM-1.7B,hun_Latn,0.9386666666666666,0.007592753117024326,0.14688897904630072,,10.637669631397417,Uralic,Latn,1.2629,0.24545454545454545,0.24333333333333335,0.24439393939393939
EuroLLM-1.7B,kor_Hang,0.9206666666666666,0.008647915862956495,0.14688897904630072,,10.393846195528992,other,other,2.4424,0.264,0.25666666666666665,0.2603333333333333
EuroLLM-1.7B,mkd_Cyrl,0.5106666666666667,-0.022727404413209272,0.14688897904630072,,9.301746425904852,Balto-Slavic,Cyrl,1.5664,,0.23666666666666666,0.23666666666666666
EuroLLM-1.7B,ron_Latn,0.9686666666666667,0.03001694921397597,0.14688897904630072,,10.598220789235437,Indo-European,Latn,1.1933,,0.21333333333333335,0.21333333333333335
EuroLLM-1.7B,som_Latn,0.026,-0.2333159527149342,0.14688897904630072,,3.7819706739125523,Afro-Asiatic,Latn,1.6397,,0.20666666666666667,0.20666666666666667
EuroLLM-1.7B,tel_Telu,0.0006666666666666666,-0.1500429585657049,0.14688897904630072,,9.195061276656201,Dravidian,other,9.3212,0.23175182481751824,0.23666666666666666,0.23420924574209245
EuroLLM-1.7B,urd_Arab,0.0026666666666666666,-0.13442613724959815,0.14688897904630072,,9.431854501264098,Indo-European,Arab,3.6226,0.23295454545454544,0.22,0.22647727272727272
EuroLLM-1.7B,zho_Hant,,,,,11.356131798505956,Sino-Tibetan,other,3.3334,,0.2966666666666667,0.2966666666666667
EuroLLM-1.7B,ben_Beng,0.0013333333333333333,-0.17399283311023964,0.14688897904630072,,9.981044874347496,Indo-European,other,5.7863,0.24087591240875914,0.2733333333333333,0.25710462287104624
EuroLLM-1.7B,deu_Latn,0.9786666666666667,0.050959177022074274,0.14688897904630072,,11.552705133249123,Indo-European,Latn,1.0169,0.2949640287769784,0.24666666666666667,0.27081534772182253
EuroLLM-1.7B,hye_Armn,0.0033333333333333335,-0.13212064827504244,0.14688897904630072,,9.379338026785135,Indo-European,other,5.2254,,0.2633333333333333,0.2633333333333333
EuroLLM-1.7B,kan_Knda,0.0006666666666666666,-0.14383223959034974,0.14688897904630072,,9.094221311622814,Dravidian,other,11.511,,0.2633333333333333,0.2633333333333333
EuroLLM-1.7B,lao_Laoo,0.0026666666666666666,-0.154291780217277,0.14688897904630072,,8.225972821174405,Tai-Kadai,other,11.1009,,0.26,0.26
EuroLLM-1.7B,rus_Cyrl,0.952,0.011620123770176087,0.14688897904630072,,11.867586387163913,Balto-Slavic,Cyrl,1.1894,0.24818840579710144,0.23333333333333334,0.2407608695652174
EuroLLM-1.7B,zsm_Latn,0.07933333333333334,-0.09831069617689613,0.14688897904630072,,7.287263587861631,Austronesian,Latn,1.4229,0.23353293413173654,0.27,0.25176646706586825
EuroLLM-1.7B,arb_Arab,0.9333333333333333,0.014116332872511217,0.14688897904630072,,10.841073612355865,Afro-Asiatic,Arab,1.5275,0.23007246376811594,0.27,0.250036231884058
EuroLLM-1.7B,ell_Grek,0.97,0.03230043609817411,0.14688897904630072,,10.634956550916772,Indo-European,other,1.3918,0.22644927536231885,0.26666666666666666,0.24655797101449275
EuroLLM-1.7B,guj_Gujr,0.0006666666666666666,-0.1517479911321359,0.14688897904630072,,9.053743034427566,Indo-European,other,10.1765,,0.26,0.26
EuroLLM-1.7B,kat_Geor,0.005333333333333333,-0.15957355303240572,0.14688897904630072,,9.417907523376437,other,other,4.753,0.256,0.29,0.273
EuroLLM-1.7B,pan_Guru,0.0,-0.1605252424576546,0.14688897904630072,,8.861860543889303,Indo-European,other,10.9248,,0.2833333333333333,0.2833333333333333
EuroLLM-1.7B,spa_Latn,0.9813333333333333,0.05046659272734801,0.14688897904630072,,11.572692346038526,Indo-European,Latn,1.0247,0.24727272727272728,0.27,0.25863636363636366
EuroLLM-1.7B,uzn_Latn,0.030666666666666665,-0.18281103736962906,0.14688897904630072,,7.876511046298704,Turkic,Latn,1.6324,,0.24666666666666667,0.24666666666666667
EuroLLM-1.7B,arb_Latn,,,,,10.841073612355865,Afro-Asiatic,Latn,1.5275,,0.2633333333333333,0.2633333333333333
EuroLLM-1.7B,eng_Latn,,,0.14688897904630072,,12.454382979077453,Indo-European,Latn,1.0,,0.27,0.27
EuroLLM-1.7B,kaz_Cyrl,0.015333333333333332,-0.13307458666212438,0.14688897904630072,,9.447543326977344,Turkic,Cyrl,2.2464,,0.22666666666666666,0.22666666666666666
EuroLLM-1.7B,lit_Latn,0.9393333333333334,0.018225451938266673,0.14688897904630072,,10.153726802927073,Balto-Slavic,Latn,1.3047,,0.22,0.22
EuroLLM-1.7B,mya_Mymr,0.0006666666666666666,-0.14817362282080254,0.14688897904630072,,8.94576714414124,Sino-Tibetan,other,11.58,,0.2633333333333333,0.2633333333333333
EuroLLM-1.7B,pbt_Arab,0.005333333333333333,-0.15579890591255327,0.14688897904630072,,8.559915920992061,Indo-European,Arab,3.3186,,0.23666666666666666,0.23666666666666666
EuroLLM-1.7B,srp_Cyrl,0.222,-0.06196704505769418,0.14688897904630072,,9.664593347362308,Balto-Slavic,Cyrl,1.8069,,0.28,0.28
EuroLLM-1.7B,tha_Thai,0.009333333333333334,-0.13470440143186746,0.14688897904630072,,10.196379987855126,Tai-Kadai,other,4.6693,,0.3,0.3
EuroLLM-1.7B,vie_Latn,0.018666666666666668,-0.11201325526363419,0.14688897904630072,,10.743353922054286,other,Latn,2.7007,0.23636363636363636,0.24666666666666667,0.24151515151515152
EuroLLM-1.7B,bul_Cyrl,0.9686666666666667,0.03038106624044503,0.14688897904630072,,10.360175858097726,Balto-Slavic,Cyrl,1.2658,0.2636363636363636,0.24,0.25181818181818183
EuroLLM-1.7B,est_Latn,0.9446666666666667,0.024667713301703864,0.14688897904630072,,9.944761723531126,Uralic,Latn,1.2586,0.21428571428571427,0.25,0.23214285714285715
EuroLLM-1.7B,ind_Latn,0.08466666666666667,-0.08265723158576362,0.14688897904630072,,10.081454105942349,Austronesian,Latn,1.4122,0.25272727272727274,0.25,0.25136363636363634
EuroLLM-1.7B,nld_Latn,0.982,0.05487422109433016,0.14688897904630072,,10.903264809073452,Indo-European,Latn,1.0172,0.23593466424682397,0.23,0.23296733212341197
EuroLLM-1.7B,pes_Arab,0.011333333333333334,-0.10673199384117242,0.14688897904630072,,10.662263375070816,Indo-European,Arab,2.5935,0.26277372262773724,0.28,0.27138686131386863
EuroLLM-1.7B,sin_Sinh,,,,,8.944625322846782,Indo-European,other,10.9055,,0.27,0.27
EuroLLM-1.7B,cat_Latn,0.9533333333333334,0.033464532547721436,0.14688897904630072,,10.097961053275002,Indo-European,Latn,1.1852,,0.23666666666666666,0.23666666666666666
EuroLLM-1.7B,eus_Latn,0.04733333333333333,-0.17836647840420705,0.14688897904630072,,9.101082328203272,other,Latn,1.4877,,0.26666666666666666,0.26666666666666666
EuroLLM-1.7B,heb_Hebr,0.05466666666666667,-0.10932348427648442,0.14688897904630072,,9.693476506485494,Afro-Asiatic,other,4.1431,0.24,0.24666666666666667,0.24333333333333335
EuroLLM-1.7B,isl_Latn,0.072,-0.11971777868732625,0.14688897904630072,,9.371177412080817,Indo-European,Latn,1.7853,,0.21,0.21
EuroLLM-1.7B,khk_Cyrl,0.010666666666666666,-0.16424531573338375,0.14688897904630072,,9.267328434893145,other,Cyrl,2.4459,,0.2633333333333333,0.2633333333333333
EuroLLM-1.7B,nob_Latn,0.982,0.0668855316285489,0.14688897904630072,,10.265445888776227,Indo-European,Latn,1.1685,,0.26666666666666666,0.26666666666666666
EuroLLM-1.7B,plt_Latn,0.026,-0.2308105049009245,0.14688897904630072,,8.15437957359287,Austronesian,Latn,1.5625,,0.2633333333333333,0.2633333333333333
EuroLLM-1.7B,slk_Latn,0.9693333333333334,0.04347305763238629,0.14688897904630072,,10.215972316299656,Balto-Slavic,Latn,1.2619,,0.22,0.22
SmolLM2-1.7B,fin_Latn,0.038,-0.09545079577990073,0.09945883576478176,,10.461273505456898,Uralic,Latn,1.9839,0.2958257713248639,0.30666666666666664,0.30124621899576526
SmolLM2-1.7B,hin_Deva,0.012,-0.0724839383169976,0.09945883576478176,,10.225085947081105,Indo-European,Deva,4.7998,0.25594149908592323,0.25,0.2529707495429616
SmolLM2-1.7B,ita_Latn,0.7953333333333333,-0.03867528700770249,0.09945883576478176,,11.218657350111846,Indo-European,Latn,1.525,0.32299270072992703,0.31666666666666665,0.31982968369829684
SmolLM2-1.7B,khm_Khmr,0.004,-0.10767397427295412,0.09945883576478176,,8.873125289337338,other,other,9.1233,,0.2833333333333333,0.2833333333333333
SmolLM2-1.7B,lvs_Latn,0.027333333333333334,-0.09702422632277859,0.09945883576478176,,9.894602930159628,Balto-Slavic,Latn,2.3249,,0.28,0.28
SmolLM2-1.7B,npi_Deva,0.013333333333333334,-0.12665590520084638,0.09945883576478176,,9.314204818644845,Indo-European,Deva,4.9684,,0.27,0.27
SmolLM2-1.7B,pol_Latn,0.14066666666666666,-0.04510574365387553,0.09945883576478176,,11.069183544489329,Balto-Slavic,Latn,2.3802,0.2737226277372263,0.27,0.2718613138686131
SmolLM2-1.7B,slv_Latn,0.128,-0.08895867888749878,0.09945883576478176,,9.903501694149961,Balto-Slavic,Latn,1.9513,,0.28,0.28
SmolLM2-1.7B,swe_Latn,0.5746666666666667,-0.03286722778180527,0.09945883576478176,,10.585304823582218,Indo-European,Latn,1.8109,,0.29333333333333333,0.29333333333333333
SmolLM2-1.7B,afr_Latn,0.31933333333333336,-0.055355010357751824,0.09945883576478176,,9.04883387717687,Indo-European,Latn,1.7021,,0.31333333333333335,0.31333333333333335
SmolLM2-1.7B,ces_Latn,0.13533333333333333,-0.05446797212911304,0.09945883576478176,,10.755192300065602,Balto-Slavic,Latn,2.4253,,0.29333333333333333,0.29333333333333333
SmolLM2-1.7B,fra_Latn,0.8153333333333334,-0.06397899381544148,0.09945883576478176,,11.504243358607456,Indo-European,Latn,1.5494,0.3412887828162291,0.33,0.33564439140811453
SmolLM2-1.7B,mal_Mlym,0.002,-0.10858081680900933,0.09945883576478176,,9.322334431411548,Dravidian,other,9.8331,,0.23666666666666666,0.23666666666666666
SmolLM2-1.7B,por_Latn,0.8673333333333333,0.011903457704206642,0.09945883576478176,,11.136535917638877,Indo-European,Latn,1.6192,0.32123411978221417,0.32,0.3206170598911071
SmolLM2-1.7B,swh_Latn,0.029333333333333333,-0.10896897290364677,0.09945883576478176,,7.487255902011655,Atlantic-Congo,Latn,1.8768,,0.28,0.28
SmolLM2-1.7B,tur_Latn,0.04733333333333333,-0.07813342228956181,0.09945883576478176,,10.808162253319553,Turkic,Latn,2.1623,0.25364963503649635,0.29333333333333333,0.27349148418491487
SmolLM2-1.7B,yor_Latn,0.008,-0.15546522035416085,0.09945883576478176,,4.632892380992985,Atlantic-Congo,Latn,3.6949,,0.25,0.25
SmolLM2-1.7B,als_Latn,0.038,-0.11371290471518501,0.09945883576478176,,9.562161153905935,Indo-European,Latn,2.1651,,0.26666666666666666,0.26666666666666666
SmolLM2-1.7B,azj_Latn,0.019333333333333334,-0.10339459477704087,0.09945883576478176,,9.545721659518483,Turkic,Latn,2.5151,,0.2633333333333333,0.2633333333333333
SmolLM2-1.7B,hrv_Latn,0.22333333333333333,-0.05634496029874666,0.09945883576478176,,7.610626216540094,Balto-Slavic,Latn,1.9876,,0.2833333333333333,0.2833333333333333
SmolLM2-1.7B,jpn_Jpan,0.128,-0.05225516865483186,0.09945883576478176,,11.032916144087627,other,other,7.574,0.34331337325349304,0.31666666666666665,0.3299900199600798
SmolLM2-1.7B,kir_Cyrl,0.008,-0.1385245431904464,0.09945883576478176,,8.70022124395045,Turkic,Cyrl,3.9591,,0.27666666666666667,0.27666666666666667
SmolLM2-1.7B,mar_Deva,0.006666666666666667,-0.12386839662865717,0.09945883576478176,,9.291197362643686,Indo-European,Deva,5.1509,,0.2833333333333333,0.2833333333333333
SmolLM2-1.7B,tam_Taml,0.0013333333333333333,-0.10916169735400627,0.09945883576478176,,9.641283555217916,Dravidian,other,7.6241,0.2672727272727273,0.2966666666666667,0.281969696969697
SmolLM2-1.7B,ukr_Cyrl,0.16333333333333333,-0.04953456287635766,0.09945883576478176,,10.582360317494818,Balto-Slavic,Cyrl,3.6423,0.2818181818181818,0.27,0.2759090909090909
SmolLM2-1.7B,zho_Hans,0.5246666666666666,-0.025625352505292374,0.09945883576478176,,11.356131798505956,Sino-Tibetan,other,6.9495,0.29908256880733947,0.3433333333333333,0.3212079510703364
SmolLM2-1.7B,amh_Ethi,0.004,-0.09912573949044315,0.09945883576478176,,8.5541337799261,Afro-Asiatic,other,10.9377,,0.27,0.27
SmolLM2-1.7B,dan_Latn,0.5873333333333334,-0.04246101812891477,0.09945883576478176,,10.360245901721395,Indo-European,Latn,1.724,,0.3,0.3
SmolLM2-1.7B,hun_Latn,0.022,-0.08568830452667157,0.09945883576478176,,10.637669631397417,Uralic,Latn,2.2792,0.27090909090909093,0.29333333333333333,0.2821212121212121
SmolLM2-1.7B,kor_Hang,0.014666666666666666,-0.07461333979836668,0.09945883576478176,,10.393846195528992,other,other,9.2384,0.3,0.30333333333333334,0.30166666666666664
SmolLM2-1.7B,mkd_Cyrl,0.06866666666666667,-0.05705097911610817,0.09945883576478176,,9.301746425904852,Balto-Slavic,Cyrl,3.3697,,0.33666666666666667,0.33666666666666667
SmolLM2-1.7B,ron_Latn,0.29933333333333334,-0.06493786019822219,0.09945883576478176,,10.598220789235437,Indo-European,Latn,1.935,,0.3,0.3
SmolLM2-1.7B,som_Latn,0.020666666666666667,-0.14233102049612786,0.09945883576478176,,3.7819706739125523,Afro-Asiatic,Latn,1.8966,,0.30333333333333334,0.30333333333333334
SmolLM2-1.7B,tel_Telu,0.002,-0.09807984985904315,0.09945883576478176,,9.195061276656201,Dravidian,other,12.2036,0.2664233576642336,0.23666666666666666,0.2515450121654501
SmolLM2-1.7B,urd_Arab,0.0033333333333333335,-0.08781465973397871,0.09945883576478176,,9.431854501264098,Indo-European,Arab,5.3802,0.34375,0.27666666666666667,0.3102083333333333
SmolLM2-1.7B,zho_Hant,,,,,11.356131798505956,Sino-Tibetan,other,6.9495,,0.3333333333333333,0.3333333333333333
SmolLM2-1.7B,ben_Beng,0.0013333333333333333,-0.08617418550417348,0.09945883576478176,,9.981044874347496,Indo-European,other,8.3417,0.2956204379562044,0.25,0.2728102189781022
SmolLM2-1.7B,deu_Latn,0.622,-0.04711925486232816,0.09945883576478176,,11.552705133249123,Indo-European,Latn,1.705,0.302158273381295,0.31,0.30607913669064746
SmolLM2-1.7B,hye_Armn,0.0026666666666666666,-0.09284216644293779,0.09945883576478176,,9.379338026785135,Indo-European,other,8.1973,,0.31,0.31
SmolLM2-1.7B,kan_Knda,0.0026666666666666666,-0.1030432883561226,0.09945883576478176,,9.094221311622814,Dravidian,other,12.2679,,0.21,0.21
SmolLM2-1.7B,lao_Laoo,0.008,-0.08507430859789819,0.09945883576478176,,8.225972821174405,Tai-Kadai,other,11.7937,,0.25,0.25
SmolLM2-1.7B,rus_Cyrl,0.41,-0.04391938108407814,0.09945883576478176,,11.867586387163913,Balto-Slavic,Cyrl,3.463,0.3079710144927536,0.31,0.3089855072463768
SmolLM2-1.7B,zsm_Latn,0.568,-0.03935732405680194,0.09945883576478176,,7.287263587861631,Austronesian,Latn,1.6711,0.2894211576846307,0.31333333333333335,0.30137724550898204
SmolLM2-1.7B,arb_Arab,0.05533333333333333,-0.11402311796701187,0.09945883576478176,,10.841073612355865,Afro-Asiatic,Arab,4.3379,0.21920289855072464,0.3,0.25960144927536233
SmolLM2-1.7B,ell_Grek,0.02266666666666667,-0.060209277750781984,0.09945883576478176,,10.634956550916772,Indo-European,other,3.706,0.26992753623188404,0.29,0.27996376811594204
SmolLM2-1.7B,guj_Gujr,0.0013333333333333333,-0.0978483028334157,0.09945883576478176,,9.053743034427566,Indo-European,other,11.9871,,0.25333333333333335,0.25333333333333335
SmolLM2-1.7B,kat_Geor,0.002,-0.09638841280500818,0.09945883576478176,,9.417907523376437,other,other,8.148,0.278,0.27666666666666667,0.2773333333333333
SmolLM2-1.7B,pan_Guru,0.0006666666666666666,-0.11496919607553892,0.09945883576478176,,8.861860543889303,Indo-European,other,7.9751,,0.27,0.27
SmolLM2-1.7B,spa_Latn,0.896,0.00699901854519815,0.09945883576478176,,11.572692346038526,Indo-European,Latn,1.5328,0.3418181818181818,0.3233333333333333,0.3325757575757575
SmolLM2-1.7B,uzn_Latn,0.016666666666666666,-0.12634861429445293,0.09945883576478176,,7.876511046298704,Turkic,Latn,1.9031,,0.2866666666666667,0.2866666666666667
SmolLM2-1.7B,arb_Latn,,,,,10.841073612355865,Afro-Asiatic,Latn,4.3379,,0.25333333333333335,0.25333333333333335
SmolLM2-1.7B,eng_Latn,,,0.09945883576478176,,12.454382979077453,Indo-European,Latn,1.0,,0.47333333333333333,0.47333333333333333
SmolLM2-1.7B,kaz_Cyrl,0.0033333333333333335,-0.12104858552636524,0.09945883576478176,,9.447543326977344,Turkic,Cyrl,4.0549,,0.29333333333333333,0.29333333333333333
SmolLM2-1.7B,lit_Latn,0.019333333333333334,-0.10198046367507572,0.09945883576478176,,10.153726802927073,Balto-Slavic,Latn,2.2922,,0.3,0.3
SmolLM2-1.7B,mya_Mymr,0.002,-0.09969941852374754,0.09945883576478176,,8.94576714414124,Sino-Tibetan,other,12.6398,,0.26,0.26
SmolLM2-1.7B,pbt_Arab,0.0026666666666666666,-0.13278078301451635,0.09945883576478176,,8.559915920992061,Indo-European,Arab,5.0026,,0.27,0.27
SmolLM2-1.7B,srp_Cyrl,0.04533333333333334,-0.0770159080900296,0.09945883576478176,,9.664593347362308,Balto-Slavic,Cyrl,3.6305,,0.27,0.27
SmolLM2-1.7B,tha_Thai,0.007333333333333333,-0.07207920810001617,0.09945883576478176,,10.196379987855126,Tai-Kadai,other,7.6953,,0.27666666666666667,0.27666666666666667
SmolLM2-1.7B,vie_Latn,0.04666666666666667,-0.07338129787135735,0.09945883576478176,,10.743353922054286,other,Latn,3.3841,0.25272727272727274,0.2866666666666667,0.2696969696969697
SmolLM2-1.7B,bul_Cyrl,0.11733333333333333,-0.0457297912853495,0.09945883576478176,,10.360175858097726,Balto-Slavic,Cyrl,3.3847,0.27454545454545454,0.29333333333333333,0.28393939393939394
SmolLM2-1.7B,est_Latn,0.03666666666666667,-0.12384789260385015,0.09945883576478176,,9.944761723531126,Uralic,Latn,1.961,0.24553571428571427,0.31333333333333335,0.2794345238095238
SmolLM2-1.7B,ind_Latn,0.6046666666666667,-0.041046861113973716,0.09945883576478176,,10.081454105942349,Austronesian,Latn,1.6717,0.3054545454545455,0.30333333333333334,0.30439393939393944
SmolLM2-1.7B,nld_Latn,0.5893333333333334,-0.036771751911442226,0.09945883576478176,,10.903264809073452,Indo-European,Latn,1.6266,0.279491833030853,0.35333333333333333,0.3164125831820932
SmolLM2-1.7B,pes_Arab,0.014,-0.08597696756114562,0.09945883576478176,,10.662263375070816,Indo-European,Arab,4.551,0.2718978102189781,0.28,0.27594890510948905
SmolLM2-1.7B,sin_Sinh,,,,,8.944625322846782,Indo-European,other,11.6228,,0.2633333333333333,0.2633333333333333
SmolLM2-1.7B,cat_Latn,0.5273333333333333,-0.06889294061182312,0.09945883576478176,,10.097961053275002,Indo-European,Latn,1.561,,0.30333333333333334,0.30333333333333334
SmolLM2-1.7B,eus_Latn,0.03,-0.14995224800102916,0.09945883576478176,,9.101082328203272,other,Latn,1.8232,,0.25333333333333335,0.25333333333333335
SmolLM2-1.7B,heb_Hebr,0.032,-0.07235634681393972,0.09945883576478176,,9.693476506485494,Afro-Asiatic,other,4.7508,0.2545454545454545,0.3,0.2772727272727272
SmolLM2-1.7B,isl_Latn,0.051333333333333335,-0.08092595997273486,0.09945883576478176,,9.371177412080817,Indo-European,Latn,2.2748,,0.27666666666666667,0.27666666666666667
SmolLM2-1.7B,khk_Cyrl,0.0026666666666666666,-0.13087459370987659,0.09945883576478176,,9.267328434893145,other,Cyrl,4.4845,,0.26,0.26
SmolLM2-1.7B,nob_Latn,0.5566666666666666,-0.045591560904235946,0.09945883576478176,,10.265445888776227,Indo-European,Latn,1.7384,,0.2866666666666667,0.2866666666666667
SmolLM2-1.7B,plt_Latn,0.019333333333333334,-0.15365297537473316,0.09945883576478176,,8.15437957359287,Austronesian,Latn,1.865,,0.2633333333333333,0.2633333333333333
SmolLM2-1.7B,slk_Latn,0.168,-0.06424308531177929,0.09945883576478176,,10.215972316299656,Balto-Slavic,Latn,2.2127,,0.2833333333333333,0.2833333333333333
Falcon3-7B-Base,fin_Latn,0.138,-0.0884712186573001,0.1835812071786107,,10.461273505456898,Uralic,Latn,1.8271,0.3629764065335753,0.31,0.33648820326678763
Falcon3-7B-Base,hin_Deva,0.048666666666666664,-0.07345165434852693,0.1835812071786107,,10.225085947081105,Indo-European,Deva,4.546,0.3382084095063985,0.37,0.35410420475319926
Falcon3-7B-Base,ita_Latn,0.902,0.013770474338178728,0.1835812071786107,,11.218657350111846,Indo-European,Latn,1.2913,0.5967153284671532,0.58,0.5883576642335766
Falcon3-7B-Base,khm_Khmr,0.004,-0.14446095927066996,0.1835812071786107,,8.873125289337338,other,other,9.3076,,0.29333333333333333,0.29333333333333333
Falcon3-7B-Base,lvs_Latn,0.052,-0.13761771823537855,0.1835812071786107,,9.894602930159628,Balto-Slavic,Latn,2.2543,,0.30333333333333334,0.30333333333333334
Falcon3-7B-Base,npi_Deva,0.016666666666666666,-0.11320711714845823,0.1835812071786107,,9.314204818644845,Indo-European,Deva,4.8086,,0.29333333333333333,0.29333333333333333
Falcon3-7B-Base,pol_Latn,0.48533333333333334,-0.03954577716426448,0.1835812071786107,,11.069183544489329,Balto-Slavic,Latn,2.2352,0.33211678832116787,0.39666666666666667,0.36439172749391724
Falcon3-7B-Base,slv_Latn,0.30666666666666664,-0.08486619503146381,0.1835812071786107,,9.903501694149961,Balto-Slavic,Latn,1.8414,,0.3333333333333333,0.3333333333333333
Falcon3-7B-Base,swe_Latn,0.6446666666666667,-0.03816863594190183,0.1835812071786107,,10.585304823582218,Indo-European,Latn,1.6779,,0.4166666666666667,0.4166666666666667
Falcon3-7B-Base,afr_Latn,0.4013333333333333,-0.0688655242387051,0.1835812071786107,,9.04883387717687,Indo-European,Latn,1.6107,,0.35,0.35
Falcon3-7B-Base,ces_Latn,0.45,-0.04848620786364744,0.1835812071786107,,10.755192300065602,Balto-Slavic,Latn,2.2327,,0.38,0.38
Falcon3-7B-Base,fra_Latn,0.946,0.02095499790035469,0.1835812071786107,,11.504243358607456,Indo-European,Latn,1.1582,0.5871121718377088,0.7333333333333333,0.6602227525855211
Falcon3-7B-Base,mal_Mlym,0.0006666666666666666,-0.10591915817521737,0.1835812071786107,,9.322334431411548,Dravidian,other,8.7818,,0.27666666666666667,0.27666666666666667
Falcon3-7B-Base,por_Latn,0.9726666666666667,0.049421668958256504,0.1835812071786107,,11.136535917638877,Indo-European,Latn,1.1616,0.5263157894736842,0.7166666666666667,0.6214912280701754
Falcon3-7B-Base,swh_Latn,0.058666666666666666,-0.12877989686942592,0.1835812071786107,,7.487255902011655,Atlantic-Congo,Latn,1.7245,,0.25333333333333335,0.25333333333333335
Falcon3-7B-Base,tur_Latn,0.178,-0.07298317158579753,0.1835812071786107,,10.808162253319553,Turkic,Latn,2.0344,0.3521897810218978,0.33666666666666667,0.34442822384428223
Falcon3-7B-Base,yor_Latn,0.01,-0.1349930745408071,0.1835812071786107,,4.632892380992985,Atlantic-Congo,Latn,3.3154,,0.25333333333333335,0.25333333333333335
Falcon3-7B-Base,als_Latn,0.12333333333333334,-0.11060897697080499,0.1835812071786107,,9.562161153905935,Indo-European,Latn,2.0329,,0.31,0.31
Falcon3-7B-Base,azj_Latn,0.034666666666666665,-0.1016812955464443,0.1835812071786107,,9.545721659518483,Turkic,Latn,2.4599,,0.26,0.26
Falcon3-7B-Base,hrv_Latn,0.4553333333333333,-0.05387832146170181,0.1835812071786107,,7.610626216540094,Balto-Slavic,Latn,1.845,,0.38666666666666666,0.38666666666666666
Falcon3-7B-Base,jpn_Jpan,0.288,-0.056953200206669455,0.1835812071786107,,11.032916144087627,other,other,6.0826,0.37325349301397204,0.39666666666666667,0.3849600798403193
Falcon3-7B-Base,kir_Cyrl,0.007333333333333333,-0.13826786294621968,0.1835812071786107,,8.70022124395045,Turkic,Cyrl,4.2624,,0.32666666666666666,0.32666666666666666
Falcon3-7B-Base,mar_Deva,0.011333333333333334,-0.1101694766867076,0.1835812071786107,,9.291197362643686,Indo-European,Deva,4.9844,,0.2833333333333333,0.2833333333333333
Falcon3-7B-Base,tam_Taml,0.0013333333333333333,-0.10044524498679991,0.1835812071786107,,9.641283555217916,Dravidian,other,6.8074,0.28545454545454546,0.31333333333333335,0.29939393939393943
Falcon3-7B-Base,ukr_Cyrl,0.218,-0.06390760586415978,0.1835812071786107,,10.582360317494818,Balto-Slavic,Cyrl,4.2166,0.39636363636363636,0.3466666666666667,0.3715151515151515
Falcon3-7B-Base,zho_Hans,0.6633333333333333,-0.04206634932506345,0.1835812071786107,,11.356131798505956,Sino-Tibetan,other,5.2566,0.42201834862385323,0.64,0.5310091743119266
Falcon3-7B-Base,amh_Ethi,0.006,-0.13521648097901273,0.1835812071786107,,8.5541337799261,Afro-Asiatic,other,8.7125,,0.27666666666666667,0.27666666666666667
Falcon3-7B-Base,dan_Latn,0.6193333333333333,-0.03662549049621255,0.1835812071786107,,10.360245901721395,Indo-European,Latn,1.6146,,0.3933333333333333,0.3933333333333333
Falcon3-7B-Base,hun_Latn,0.07266666666666667,-0.09658135679768369,0.1835812071786107,,10.637669631397417,Uralic,Latn,2.0912,0.2690909090909091,0.33666666666666667,0.30287878787878786
Falcon3-7B-Base,kor_Hang,0.06066666666666667,-0.07905282524033669,0.1835812071786107,,10.393846195528992,other,other,7.2379,0.312,0.39,0.351
Falcon3-7B-Base,mkd_Cyrl,0.15866666666666668,-0.07614700190638554,0.1835812071786107,,9.301746425904852,Balto-Slavic,Cyrl,4.0121,,0.33,0.33
Falcon3-7B-Base,ron_Latn,0.6386666666666667,-0.035333799441318446,0.1835812071786107,,10.598220789235437,Indo-European,Latn,1.7222,,0.41333333333333333,0.41333333333333333
Falcon3-7B-Base,som_Latn,0.02,-0.15430271874649226,0.1835812071786107,,3.7819706739125523,Afro-Asiatic,Latn,1.7572,,0.24,0.24
Falcon3-7B-Base,tel_Telu,0.0026666666666666666,-0.09694490261164916,0.1835812071786107,,9.195061276656201,Dravidian,other,8.0251,0.28284671532846717,0.26666666666666666,0.27475669099756694
Falcon3-7B-Base,urd_Arab,0.010666666666666666,-0.09034473563408436,0.1835812071786107,,9.431854501264098,Indo-European,Arab,4.4813,0.29261363636363635,0.36,0.32630681818181817
Falcon3-7B-Base,zho_Hant,,,,,11.356131798505956,Sino-Tibetan,other,5.2566,,0.52,0.52
Falcon3-7B-Base,ben_Beng,0.004666666666666667,-0.08877339903711776,0.1835812071786107,,9.981044874347496,Indo-European,other,6.6116,0.2937956204379562,0.32666666666666666,0.3102311435523114
Falcon3-7B-Base,deu_Latn,0.8166666666666667,0.002792280079544097,0.1835812071786107,,11.552705133249123,Indo-European,Latn,1.5468,0.37410071942446044,0.44333333333333336,0.4087170263788969
Falcon3-7B-Base,hye_Armn,0.0026666666666666666,-0.11916696062180186,0.1835812071786107,,9.379338026785135,Indo-European,other,7.83,,0.28,0.28
Falcon3-7B-Base,kan_Knda,0.0033333333333333335,-0.11339796573331241,0.1835812071786107,,9.094221311622814,Dravidian,other,11.97,,0.30333333333333334,0.30333333333333334
Falcon3-7B-Base,lao_Laoo,0.007333333333333333,-0.12391380658855435,0.1835812071786107,,8.225972821174405,Tai-Kadai,other,8.826,,0.26,0.26
Falcon3-7B-Base,rus_Cyrl,0.464,-0.061554844046545,0.1835812071786107,,11.867586387163913,Balto-Slavic,Cyrl,3.9509,0.38405797101449274,0.45666666666666667,0.42036231884057973
Falcon3-7B-Base,zsm_Latn,0.482,-0.06019540411776361,0.1835812071786107,,7.287263587861631,Austronesian,Latn,1.5361,0.34331337325349304,0.37,0.35665668662674654
Falcon3-7B-Base,arb_Arab,0.16733333333333333,-0.11545583466307652,0.1835812071786107,,10.841073612355865,Afro-Asiatic,Arab,3.6352,0.33695652173913043,0.3,0.3184782608695652
Falcon3-7B-Base,ell_Grek,0.12866666666666668,-0.09124330281575974,0.1835812071786107,,10.634956550916772,Indo-European,other,4.0475,0.3079710144927536,0.2966666666666667,0.30231884057971015
Falcon3-7B-Base,guj_Gujr,0.006666666666666667,-0.10089030227999302,0.1835812071786107,,9.053743034427566,Indo-European,other,9.406,,0.3,0.3
Falcon3-7B-Base,kat_Geor,0.004,-0.10562614724968215,0.1835812071786107,,9.417907523376437,other,other,8.3223,0.264,0.2866666666666667,0.2753333333333333
Falcon3-7B-Base,pan_Guru,0.0026666666666666666,-0.13188797956180798,0.1835812071786107,,8.861860543889303,Indo-European,other,8.2654,,0.31333333333333335,0.31333333333333335
Falcon3-7B-Base,spa_Latn,0.964,0.03583005241652425,0.1835812071786107,,11.572692346038526,Indo-European,Latn,1.14,0.6436363636363637,0.7266666666666667,0.6851515151515152
Falcon3-7B-Base,uzn_Latn,0.013333333333333334,-0.15135230835121946,0.1835812071786107,,7.876511046298704,Turkic,Latn,1.8301,,0.27,0.27
Falcon3-7B-Base,arb_Latn,,,,,10.841073612355865,Afro-Asiatic,Latn,3.6352,,0.2833333333333333,0.2833333333333333
Falcon3-7B-Base,eng_Latn,,,0.1835812071786107,,12.454382979077453,Indo-European,Latn,1.0,,0.7666666666666667,0.7666666666666667
Falcon3-7B-Base,kaz_Cyrl,0.008,-0.13300335109142358,0.1835812071786107,,9.447543326977344,Turkic,Cyrl,4.3596,,0.30666666666666664,0.30666666666666664
Falcon3-7B-Base,lit_Latn,0.082,-0.1322977904757194,0.1835812071786107,,10.153726802927073,Balto-Slavic,Latn,2.1121,,0.23333333333333334,0.23333333333333334
Falcon3-7B-Base,mya_Mymr,0.0033333333333333335,-0.11837983021892833,0.1835812071786107,,8.94576714414124,Sino-Tibetan,other,9.1527,,0.27666666666666667,0.27666666666666667
Falcon3-7B-Base,pbt_Arab,0.0026666666666666666,-0.13651596766909793,0.1835812071786107,,8.559915920992061,Indo-European,Arab,4.1994,,0.2966666666666667,0.2966666666666667
Falcon3-7B-Base,srp_Cyrl,0.10466666666666667,-0.07526542363764402,0.1835812071786107,,9.664593347362308,Balto-Slavic,Cyrl,4.0902,,0.34,0.34
Falcon3-7B-Base,tha_Thai,0.029333333333333333,-0.12834242187275174,0.1835812071786107,,10.196379987855126,Tai-Kadai,other,6.2534,,0.2966666666666667,0.2966666666666667
Falcon3-7B-Base,vie_Latn,0.194,-0.05896730032148911,0.1835812071786107,,10.743353922054286,other,Latn,2.907,0.28363636363636363,0.35,0.3168181818181818
Falcon3-7B-Base,bul_Cyrl,0.22866666666666666,-0.07045490034966043,0.1835812071786107,,10.360175858097726,Balto-Slavic,Cyrl,3.8464,0.3509090909090909,0.34,0.34545454545454546
Falcon3-7B-Base,est_Latn,0.06666666666666667,-0.14813320168821878,0.1835812071786107,,9.944761723531126,Uralic,Latn,1.8547,0.2857142857142857,0.31333333333333335,0.2995238095238095
Falcon3-7B-Base,ind_Latn,0.6346666666666667,-0.03059091102851904,0.1835812071786107,,10.081454105942349,Austronesian,Latn,1.5172,0.4090909090909091,0.44,0.42454545454545456
Falcon3-7B-Base,nld_Latn,0.7173333333333334,-0.01618836823493281,0.1835812071786107,,10.903264809073452,Indo-European,Latn,1.4967,0.44283121597096187,0.4033333333333333,0.4230822746521476
Falcon3-7B-Base,pes_Arab,0.142,-0.07160535640999159,0.1835812071786107,,10.662263375070816,Indo-European,Arab,3.7501,0.3175182481751825,0.3,0.3087591240875912
Falcon3-7B-Base,sin_Sinh,,,,,8.944625322846782,Indo-European,other,11.1584,,0.29,0.29
Falcon3-7B-Base,cat_Latn,0.8346666666666667,-0.006396100367092603,0.1835812071786107,,10.097961053275002,Indo-European,Latn,1.3955,,0.5633333333333334,0.5633333333333334
Falcon3-7B-Base,eus_Latn,0.06466666666666666,-0.1418291234081026,0.1835812071786107,,9.101082328203272,other,Latn,1.6635,,0.25666666666666665,0.25666666666666665
Falcon3-7B-Base,heb_Hebr,0.10666666666666667,-0.0785110839768388,0.1835812071786107,,9.693476506485494,Afro-Asiatic,other,3.8586,0.4381818181818182,0.29333333333333333,0.3657575757575757
Falcon3-7B-Base,isl_Latn,0.13133333333333333,-0.08823677520242823,0.1835812071786107,,9.371177412080817,Indo-European,Latn,2.1189,,0.3333333333333333,0.3333333333333333
Falcon3-7B-Base,khk_Cyrl,0.0033333333333333335,-0.13031548647892108,0.1835812071786107,,9.267328434893145,other,Cyrl,4.7379,,0.2733333333333333,0.2733333333333333
Falcon3-7B-Base,nob_Latn,0.604,-0.042844364711543625,0.1835812071786107,,10.265445888776227,Indo-European,Latn,1.5996,,0.37333333333333335,0.37333333333333335
Falcon3-7B-Base,plt_Latn,0.025333333333333333,-0.14551436093516168,0.1835812071786107,,8.15437957359287,Austronesian,Latn,1.7124,,0.27,0.27
Falcon3-7B-Base,slk_Latn,0.35733333333333334,-0.058014143550624106,0.1835812071786107,,10.215972316299656,Balto-Slavic,Latn,2.0978,,0.33666666666666667,0.33666666666666667
salamandra-2b,fin_Latn,0.478,-0.16344789993054307,0.3489313272646326,,10.461273505456898,Uralic,Latn,0.995,0.22323049001814882,0.2733333333333333,0.24828191167574107
salamandra-2b,hin_Deva,0.0006666666666666666,-0.8760260475107411,0.3489313272646326,,10.225085947081105,Indo-European,Deva,10.5921,0.25594149908592323,0.2733333333333333,0.2646374162096283
salamandra-2b,ita_Latn,0.706,-0.0968930125707925,0.3489313272646326,,11.218657350111846,Indo-European,Latn,0.9546,0.2354014598540146,0.24333333333333335,0.23936739659367395
salamandra-2b,khm_Khmr,0.0,-0.8207392044562243,0.3489313272646326,,8.873125289337338,other,other,11.439,,0.21333333333333335,0.21333333333333335
salamandra-2b,lvs_Latn,0.422,-0.4135146908635358,0.3489313272646326,,9.894602930159628,Balto-Slavic,Latn,1.1257,,0.26,0.26
salamandra-2b,npi_Deva,0.0,-0.851319853094579,0.3489313272646326,,9.314204818644845,Indo-European,Deva,10.7609,,0.20666666666666667,0.20666666666666667
salamandra-2b,pol_Latn,0.4533333333333333,-0.2583958579261774,0.3489313272646326,,11.069183544489329,Balto-Slavic,Latn,1.2014,0.27007299270072993,0.25666666666666665,0.26336982968369826
salamandra-2b,slv_Latn,0.5486666666666666,-0.20621720251166567,0.3489313272646326,,9.903501694149961,Balto-Slavic,Latn,1.0457,,0.21666666666666667,0.21666666666666667
salamandra-2b,swe_Latn,0.7666666666666667,-0.0997780050500548,0.3489313272646326,,10.585304823582218,Indo-European,Latn,1.019,,0.24666666666666667,0.24666666666666667
salamandra-2b,afr_Latn,0.21666666666666667,-0.17050347889649944,0.3489313272646326,,9.04883387717687,Indo-European,Latn,1.1984,,0.23666666666666666,0.23666666666666666
salamandra-2b,ces_Latn,0.6313333333333333,-0.1583020473192521,0.3489313272646326,,10.755192300065602,Balto-Slavic,Latn,1.1655,,0.24333333333333335,0.24333333333333335
salamandra-2b,fra_Latn,0.536,-0.23359448846403671,0.3489313272646326,,11.504243358607456,Indo-European,Latn,1.0887,0.26730310262529833,0.2966666666666667,0.2819848846459825
salamandra-2b,mal_Mlym,0.0006666666666666666,-0.8413918040403198,0.3489313272646326,,9.322334431411548,Dravidian,other,11.7708,,0.2733333333333333,0.2733333333333333
salamandra-2b,por_Latn,0.7553333333333333,-0.10986660448013026,0.3489313272646326,,11.136535917638877,Indo-European,Latn,0.9898,0.23593466424682397,0.27,0.252967332123412
salamandra-2b,swh_Latn,0.013333333333333334,-0.41547838067572673,0.3489313272646326,,7.487255902011655,Atlantic-Congo,Latn,1.4659,,0.2633333333333333,0.2633333333333333
salamandra-2b,tur_Latn,0.010666666666666666,-0.5123842752544837,0.3489313272646326,,10.808162253319553,Turkic,Latn,1.9058,0.2208029197080292,0.26,0.24040145985401462
salamandra-2b,yor_Latn,0.0013333333333333333,-0.845840279985267,0.3489313272646326,,4.632892380992985,Atlantic-Congo,Latn,3.3715,,0.23,0.23
salamandra-2b,als_Latn,0.015333333333333332,-0.5285176368918172,0.3489313272646326,,9.562161153905935,Indo-European,Latn,1.6762,,0.2633333333333333,0.2633333333333333
salamandra-2b,azj_Latn,0.002,-0.6889927280452377,0.3489313272646326,,9.545721659518483,Turkic,Latn,2.5803,,0.26,0.26
salamandra-2b,hrv_Latn,0.62,-0.14910652911706548,0.3489313272646326,,7.610626216540094,Balto-Slavic,Latn,0.9934,,0.22333333333333333,0.22333333333333333
salamandra-2b,jpn_Jpan,0.0006666666666666666,-0.9137521005084369,0.3489313272646326,,11.032916144087627,other,other,11.6856,0.26147704590818366,0.27666666666666667,0.26907185628742514
salamandra-2b,kir_Cyrl,0.005333333333333333,-0.6111290247689797,0.3489313272646326,,8.70022124395045,Turkic,Cyrl,2.2448,,0.2833333333333333,0.2833333333333333
salamandra-2b,mar_Deva,0.0,-0.8435281271959506,0.3489313272646326,,9.291197362643686,Indo-European,Deva,11.2092,,0.2,0.2
salamandra-2b,tam_Taml,0.0006666666666666666,-0.8114586086661202,0.3489313272646326,,9.641283555217916,Dravidian,other,11.3061,0.27454545454545454,0.2866666666666667,0.28060606060606064
salamandra-2b,ukr_Cyrl,0.486,-0.348947578909174,0.3489313272646326,,10.582360317494818,Balto-Slavic,Cyrl,1.1426,0.36,0.26666666666666666,0.31333333333333335
salamandra-2b,zho_Hans,0.0013333333333333333,-0.9622290163885647,0.3489313272646326,,11.356131798505956,Sino-Tibetan,other,9.5686,0.25504587155963304,0.2733333333333333,0.26418960244648315
salamandra-2b,amh_Ethi,0.0006666666666666666,-0.9076784593914082,0.3489313272646326,,8.5541337799261,Afro-Asiatic,other,11.0,,0.27,0.27
salamandra-2b,dan_Latn,0.7306666666666667,-0.1737135874150781,0.3489313272646326,,10.360245901721395,Indo-European,Latn,1.0255,,0.2833333333333333,0.2833333333333333
salamandra-2b,hun_Latn,0.30266666666666664,-0.2406807623754241,0.3489313272646326,,10.637669631397417,Uralic,Latn,1.1512,0.26181818181818184,0.20333333333333334,0.2325757575757576
salamandra-2b,kor_Hang,0.0013333333333333333,-0.9495425715668397,0.3489313272646326,,10.393846195528992,other,other,10.2019,0.242,0.26,0.251
salamandra-2b,mkd_Cyrl,0.13066666666666665,-0.27119914109005466,0.3489313272646326,,9.301746425904852,Balto-Slavic,Cyrl,1.3327,,0.20333333333333334,0.20333333333333334
salamandra-2b,ron_Latn,0.5413333333333333,-0.15831377198684557,0.3489313272646326,,10.598220789235437,Indo-European,Latn,1.0331,,0.17666666666666667,0.17666666666666667
salamandra-2b,som_Latn,0.014666666666666666,-0.47681934046307645,0.3489313272646326,,3.7819706739125523,Afro-Asiatic,Latn,1.5545,,0.20333333333333334,0.20333333333333334
salamandra-2b,tel_Telu,0.0006666666666666666,-0.8535984427667859,0.3489313272646326,,9.195061276656201,Dravidian,other,11.4316,0.23905109489051096,0.2633333333333333,0.25119221411192216
salamandra-2b,urd_Arab,0.0006666666666666666,-0.9998374184307856,0.3489313272646326,,9.431854501264098,Indo-European,Arab,7.0461,0.1875,0.21,0.19874999999999998
salamandra-2b,zho_Hant,,,,,11.356131798505956,Sino-Tibetan,other,9.5686,,0.23666666666666666,0.23666666666666666
salamandra-2b,ben_Beng,0.0,-0.8167064677846416,0.3489313272646326,,9.981044874347496,Indo-European,other,11.3257,0.25547445255474455,0.22333333333333333,0.23940389294403894
salamandra-2b,deu_Latn,0.6386666666666667,-0.22294760397534744,0.3489313272646326,,11.552705133249123,Indo-European,Latn,0.9779,0.30935251798561153,0.25333333333333335,0.28134292565947244
salamandra-2b,hye_Armn,0.0,-0.8684685858933555,0.3489313272646326,,9.379338026785135,Indo-European,other,7.6473,,0.29333333333333333,0.29333333333333333
salamandra-2b,kan_Knda,0.0,-0.8402492017773082,0.3489313272646326,,9.094221311622814,Dravidian,other,11.4753,,0.2733333333333333,0.2733333333333333
salamandra-2b,lao_Laoo,0.0,-0.8298435896415273,0.3489313272646326,,8.225972821174405,Tai-Kadai,other,10.9973,,0.25333333333333335,0.25333333333333335
salamandra-2b,rus_Cyrl,0.502,-0.25495278649240055,0.3489313272646326,,11.867586387163913,Balto-Slavic,Cyrl,1.0878,0.2463768115942029,0.21666666666666667,0.23152173913043478
salamandra-2b,zsm_Latn,0.04066666666666666,-0.31881097915946394,0.3489313272646326,,7.287263587861631,Austronesian,Latn,1.3467,0.24750499001996007,0.26666666666666666,0.2570858283433134
salamandra-2b,arb_Arab,0.0,-0.8935173177257141,0.3489313272646326,,10.841073612355865,Afro-Asiatic,Arab,7.0591,0.22282608695652173,0.24333333333333335,0.23307971014492754
salamandra-2b,ell_Grek,0.42866666666666664,-0.17162861912848004,0.3489313272646326,,10.634956550916772,Indo-European,other,1.0844,0.19927536231884058,0.28,0.2396376811594203
salamandra-2b,guj_Gujr,0.0006666666666666666,-0.8643605311834229,0.3489313272646326,,9.053743034427566,Indo-European,other,11.1886,,0.24666666666666667,0.24666666666666667
salamandra-2b,kat_Geor,0.0006666666666666666,-0.8773589231866524,0.3489313272646326,,9.417907523376437,other,other,11.0643,0.242,0.2733333333333333,0.25766666666666665
salamandra-2b,pan_Guru,0.0,-0.8763179139526932,0.3489313272646326,,8.861860543889303,Indo-European,other,10.8518,,0.2,0.2
salamandra-2b,spa_Latn,0.7566666666666667,-0.1470255062798778,0.3489313272646326,,11.572692346038526,Indo-European,Latn,0.9846,0.26,0.25333333333333335,0.2566666666666667
salamandra-2b,uzn_Latn,0.006,-0.5413462160340852,0.3489313272646326,,7.876511046298704,Turkic,Latn,1.5979,,0.25,0.25
salamandra-2b,arb_Latn,,,,,10.841073612355865,Afro-Asiatic,Latn,7.0591,,0.25,0.25
salamandra-2b,eng_Latn,,,0.3489313272646326,,12.454382979077453,Indo-European,Latn,1.0,,0.24333333333333335,0.24333333333333335
salamandra-2b,kaz_Cyrl,0.002,-0.6568730097346088,0.3489313272646326,,9.447543326977344,Turkic,Cyrl,2.3945,,0.22666666666666666,0.22666666666666666
salamandra-2b,lit_Latn,0.448,-0.33788298971451736,0.3489313272646326,,10.153726802927073,Balto-Slavic,Latn,1.0555,,0.20333333333333334,0.20333333333333334
salamandra-2b,mya_Mymr,0.0006666666666666666,-0.7936760649118473,0.3489313272646326,,8.94576714414124,Sino-Tibetan,other,12.0769,,0.22333333333333333,0.22333333333333333
salamandra-2b,pbt_Arab,0.0,-0.974115925347131,0.3489313272646326,,8.559915920992061,Indo-European,Arab,7.1641,,0.2633333333333333,0.2633333333333333
salamandra-2b,srp_Cyrl,0.2633333333333333,-0.5587053060683425,0.3489313272646326,,9.664593347362308,Balto-Slavic,Cyrl,1.1932,,0.22,0.22
salamandra-2b,tha_Thai,0.0006666666666666666,-0.7203828689674016,0.3489313272646326,,10.196379987855126,Tai-Kadai,other,11.2672,,0.26666666666666666,0.26666666666666666
salamandra-2b,vie_Latn,0.0033333333333333335,-0.8624052238505493,0.3489313272646326,,10.743353922054286,other,Latn,3.2591,0.2672727272727273,0.26,0.26363636363636367
salamandra-2b,bul_Cyrl,0.5213333333333333,-0.17630953793616114,0.3489313272646326,,10.360175858097726,Balto-Slavic,Cyrl,1.0608,0.23272727272727273,0.23,0.23136363636363638
salamandra-2b,est_Latn,0.5206666666666667,-0.20838399874390182,0.3489313272646326,,9.944761723531126,Uralic,Latn,1.0506,0.2544642857142857,0.17,0.21223214285714287
salamandra-2b,ind_Latn,0.051333333333333335,-0.2915877435384608,0.3489313272646326,,10.081454105942349,Austronesian,Latn,1.3328,0.23454545454545456,0.2633333333333333,0.24893939393939393
salamandra-2b,nld_Latn,0.69,-0.12889048926608387,0.3489313272646326,,10.903264809073452,Indo-European,Latn,0.9794,0.24500907441016334,0.26666666666666666,0.255837870538415
salamandra-2b,pes_Arab,0.0006666666666666666,-0.9745700166136935,0.3489313272646326,,10.662263375070816,Indo-European,Arab,6.877,0.25364963503649635,0.20666666666666667,0.2301581508515815
salamandra-2b,sin_Sinh,,,,,8.944625322846782,Indo-European,other,10.873,,0.2733333333333333,0.2733333333333333
salamandra-2b,cat_Latn,0.61,-0.17550778374339637,0.3489313272646326,,10.097961053275002,Indo-European,Latn,1.046,,0.24,0.24
salamandra-2b,eus_Latn,0.38666666666666666,-0.19409287620828047,0.3489313272646326,,9.101082328203272,other,Latn,0.9308,,0.24333333333333335,0.24333333333333335
salamandra-2b,heb_Hebr,0.0,-0.8038521732636011,0.3489313272646326,,9.693476506485494,Afro-Asiatic,other,7.2925,0.2727272727272727,0.26666666666666666,0.26969696969696966
salamandra-2b,isl_Latn,0.024,-0.4447281172493469,0.3489313272646326,,9.371177412080817,Indo-European,Latn,1.681,,0.20333333333333334,0.20333333333333334
salamandra-2b,khk_Cyrl,0.002,-0.659166960552292,0.3489313272646326,,9.267328434893145,other,Cyrl,2.5557,,0.26,0.26
salamandra-2b,nob_Latn,0.73,-0.1190033656172379,0.3489313272646326,,10.265445888776227,Indo-European,Latn,1.011,,0.2633333333333333,0.2633333333333333
salamandra-2b,plt_Latn,0.01,-0.5554315508779737,0.3489313272646326,,8.15437957359287,Austronesian,Latn,1.4987,,0.26666666666666666,0.26666666666666666
salamandra-2b,slk_Latn,0.568,-0.10528638882314562,0.3489313272646326,,10.215972316299656,Balto-Slavic,Latn,1.0963,,0.2633333333333333,0.2633333333333333
salamandra-7b,fin_Latn,0.9593333333333334,0.029784325474735845,0.2219792018860769,,10.461273505456898,Uralic,Latn,0.995,0.3502722323049002,0.33666666666666667,0.3434694494857834
salamandra-7b,hin_Deva,0.012666666666666666,-0.1147466378917963,0.2219792018860769,,10.225085947081105,Indo-European,Deva,10.5921,0.2979890310786106,0.29,0.2939945155393053
salamandra-7b,ita_Latn,0.978,0.06104921813651809,0.2219792018860769,,11.218657350111846,Indo-European,Latn,0.9546,0.4324817518248175,0.37666666666666665,0.40457420924574206
salamandra-7b,khm_Khmr,0.005333333333333333,-0.14317414462735112,0.2219792018860769,,8.873125289337338,other,other,11.439,,0.21666666666666667,0.21666666666666667
salamandra-7b,lvs_Latn,0.9513333333333334,0.02368694796972576,0.2219792018860769,,9.894602930159628,Balto-Slavic,Latn,1.1257,,0.32,0.32
salamandra-7b,npi_Deva,0.017333333333333333,-0.14082239207450872,0.2219792018860769,,9.314204818644845,Indo-European,Deva,10.7609,,0.23,0.23
salamandra-7b,pol_Latn,0.958,0.021300433794379292,0.2219792018860769,,11.069183544489329,Balto-Slavic,Latn,1.2014,0.3357664233576642,0.37333333333333335,0.3545498783454988
salamandra-7b,slv_Latn,0.9573333333333334,0.018852497463231695,0.2219792018860769,,9.903501694149961,Balto-Slavic,Latn,1.0457,,0.4,0.4
salamandra-7b,swe_Latn,0.98,0.07070454603026574,0.2219792018860769,,10.585304823582218,Indo-European,Latn,1.019,,0.36,0.36
salamandra-7b,afr_Latn,0.8813333333333333,0.013084768935369577,0.2219792018860769,,9.04883387717687,Indo-European,Latn,1.1984,,0.31333333333333335,0.31333333333333335
salamandra-7b,ces_Latn,0.9706666666666667,0.0396559969167031,0.2219792018860769,,10.755192300065602,Balto-Slavic,Latn,1.1655,,0.3466666666666667,0.3466666666666667
salamandra-7b,fra_Latn,0.952,-0.0014339795184931188,0.2219792018860769,,11.504243358607456,Indo-European,Latn,1.0887,0.44630071599045346,0.38333333333333336,0.4148170246618934
salamandra-7b,mal_Mlym,0.0006666666666666666,-0.15354543832548473,0.2219792018860769,,9.322334431411548,Dravidian,other,11.7708,,0.24666666666666667,0.24666666666666667
salamandra-7b,por_Latn,0.9806666666666667,0.06066551095557374,0.2219792018860769,,11.136535917638877,Indo-European,Latn,0.9898,0.35390199637023595,0.3933333333333333,0.3736176648517846
salamandra-7b,swh_Latn,0.06666666666666667,-0.14588490307963312,0.2219792018860769,,7.487255902011655,Atlantic-Congo,Latn,1.4659,,0.2733333333333333,0.2733333333333333
salamandra-7b,tur_Latn,0.5693333333333334,-0.09224888356600483,0.2219792018860769,,10.808162253319553,Turkic,Latn,1.9058,0.3266423357664234,0.30333333333333334,0.31498783454987833
salamandra-7b,yor_Latn,0.010666666666666666,-0.12511504920679375,0.2219792018860769,,4.632892380992985,Atlantic-Congo,Latn,3.3715,,0.23333333333333334,0.23333333333333334
salamandra-7b,als_Latn,0.2906666666666667,-0.0920199044045702,0.2219792018860769,,9.562161153905935,Indo-European,Latn,1.6762,,0.25333333333333335,0.25333333333333335
salamandra-7b,azj_Latn,0.17466666666666666,-0.10358133209831694,0.2219792018860769,,9.545721659518483,Turkic,Latn,2.5803,,0.26,0.26
salamandra-7b,hrv_Latn,0.9673333333333334,0.03902553525052768,0.2219792018860769,,7.610626216540094,Balto-Slavic,Latn,0.9934,,0.37333333333333335,0.37333333333333335
salamandra-7b,jpn_Jpan,0.38,-0.0522780850502656,0.2219792018860769,,11.032916144087627,other,other,11.6856,0.33532934131736525,0.32666666666666666,0.33099800399201595
salamandra-7b,kir_Cyrl,0.054,-0.11703873048999104,0.2219792018860769,,8.70022124395045,Turkic,Cyrl,2.2448,,0.26666666666666666,0.26666666666666666
salamandra-7b,mar_Deva,0.004666666666666667,-0.1426363541313291,0.2219792018860769,,9.291197362643686,Indo-European,Deva,11.2092,,0.26,0.26
salamandra-7b,tam_Taml,0.002,-0.1483622472710273,0.2219792018860769,,9.641283555217916,Dravidian,other,11.3061,0.2545454545454545,0.31333333333333335,0.28393939393939394
salamandra-7b,ukr_Cyrl,0.954,0.018244726484856245,0.2219792018860769,,10.582360317494818,Balto-Slavic,Cyrl,1.1426,0.45636363636363636,0.34,0.3981818181818182
salamandra-7b,zho_Hans,0.7266666666666667,-0.02623042726702499,0.2219792018860769,,11.356131798505956,Sino-Tibetan,other,9.5686,0.28256880733944956,0.3433333333333333,0.31295107033639147
salamandra-7b,amh_Ethi,0.007333333333333333,-0.1164422566722774,0.2219792018860769,,8.5541337799261,Afro-Asiatic,other,11.0,,0.27666666666666667,0.27666666666666667
salamandra-7b,dan_Latn,0.974,0.0625180862811071,0.2219792018860769,,10.360245901721395,Indo-European,Latn,1.0255,,0.36333333333333334,0.36333333333333334
salamandra-7b,hun_Latn,0.9473333333333334,0.010284115447537318,0.2219792018860769,,10.637669631397417,Uralic,Latn,1.1512,0.3690909090909091,0.31666666666666665,0.3428787878787879
salamandra-7b,kor_Hang,0.196,-0.08263654277062316,0.2219792018860769,,10.393846195528992,other,other,10.2019,0.284,0.36666666666666664,0.3253333333333333
salamandra-7b,mkd_Cyrl,0.9033333333333333,0.006368735288690654,0.2219792018860769,,9.301746425904852,Balto-Slavic,Cyrl,1.3327,,0.3466666666666667,0.3466666666666667
salamandra-7b,ron_Latn,0.9626666666666667,0.03481186606438103,0.2219792018860769,,10.598220789235437,Indo-European,Latn,1.0331,,0.35,0.35
salamandra-7b,som_Latn,0.022,-0.1335154683289738,0.2219792018860769,,3.7819706739125523,Afro-Asiatic,Latn,1.5545,,0.21333333333333335,0.21333333333333335
salamandra-7b,tel_Telu,0.0033333333333333335,-0.1584250500071341,0.2219792018860769,,9.195061276656201,Dravidian,other,11.4316,0.2591240875912409,0.26,0.2595620437956204
salamandra-7b,urd_Arab,0.006,-0.11404584745416639,0.2219792018860769,,9.431854501264098,Indo-European,Arab,7.0461,0.3096590909090909,0.23666666666666666,0.27316287878787876
salamandra-7b,zho_Hant,,,,,11.356131798505956,Sino-Tibetan,other,9.5686,,0.3466666666666667,0.3466666666666667
salamandra-7b,ben_Beng,0.006666666666666667,-0.1274036130942492,0.2219792018860769,,9.981044874347496,Indo-European,other,11.3257,0.2755474452554745,0.28,0.27777372262773725
salamandra-7b,deu_Latn,0.972,0.04231706161343885,0.2219792018860769,,11.552705133249123,Indo-European,Latn,0.9779,0.35251798561151076,0.3933333333333333,0.37292565947242207
salamandra-7b,hye_Armn,0.01,-0.12322672893920235,0.2219792018860769,,9.379338026785135,Indo-European,other,7.6473,,0.32,0.32
salamandra-7b,kan_Knda,0.006,-0.14859709567004512,0.2219792018860769,,9.094221311622814,Dravidian,other,11.4753,,0.29333333333333333,0.29333333333333333
salamandra-7b,lao_Laoo,0.024,-0.12933951883582437,0.2219792018860769,,8.225972821174405,Tai-Kadai,other,10.9973,,0.2966666666666667,0.2966666666666667
salamandra-7b,rus_Cyrl,0.944,0.00854394355771467,0.2219792018860769,,11.867586387163913,Balto-Slavic,Cyrl,1.0878,0.3605072463768116,0.3566666666666667,0.3585869565217391
salamandra-7b,zsm_Latn,0.848,-0.01106122701823406,0.2219792018860769,,7.287263587861631,Austronesian,Latn,1.3467,0.2934131736526946,0.3433333333333333,0.31837325349301393
salamandra-7b,arb_Arab,0.358,-0.06635427944541504,0.2219792018860769,,10.841073612355865,Afro-Asiatic,Arab,7.0591,0.302536231884058,0.2733333333333333,0.28793478260869565
salamandra-7b,ell_Grek,0.9686666666666667,0.030236072616982988,0.2219792018860769,,10.634956550916772,Indo-European,other,1.0844,0.3442028985507246,0.33666666666666667,0.34043478260869564
salamandra-7b,guj_Gujr,0.004666666666666667,-0.13810686506637296,0.2219792018860769,,9.053743034427566,Indo-European,other,11.1886,,0.2966666666666667,0.2966666666666667
salamandra-7b,kat_Geor,0.012,-0.5343226988367756,0.2219792018860769,,9.417907523376437,other,other,11.0643,0.326,0.2633333333333333,0.29466666666666663
salamandra-7b,pan_Guru,0.0006666666666666666,-0.1395185714638469,0.2219792018860769,,8.861860543889303,Indo-European,other,10.8518,,0.2866666666666667,0.2866666666666667
salamandra-7b,spa_Latn,0.9746666666666667,0.04632837824160978,0.2219792018860769,,11.572692346038526,Indo-European,Latn,0.9846,0.45636363636363636,0.38666666666666666,0.4215151515151515
salamandra-7b,uzn_Latn,0.04133333333333333,-0.13008984846022026,0.2219792018860769,,7.876511046298704,Turkic,Latn,1.5979,,0.2833333333333333,0.2833333333333333
salamandra-7b,arb_Latn,,,,,10.841073612355865,Afro-Asiatic,Latn,7.0591,,0.22666666666666666,0.22666666666666666
salamandra-7b,eng_Latn,,,0.2219792018860769,,12.454382979077453,Indo-European,Latn,1.0,,0.4,0.4
salamandra-7b,kaz_Cyrl,0.08866666666666667,-0.0930885657657877,0.2219792018860769,,9.447543326977344,Turkic,Cyrl,2.3945,,0.2633333333333333,0.2633333333333333
salamandra-7b,lit_Latn,0.9553333333333334,0.014974063161680063,0.2219792018860769,,10.153726802927073,Balto-Slavic,Latn,1.0555,,0.3466666666666667,0.3466666666666667
salamandra-7b,mya_Mymr,0.0013333333333333333,-0.15699423577758556,0.2219792018860769,,8.94576714414124,Sino-Tibetan,other,12.0769,,0.2733333333333333,0.2733333333333333
salamandra-7b,pbt_Arab,0.0026666666666666666,-0.14645790596915742,0.2219792018860769,,8.559915920992061,Indo-European,Arab,7.1641,,0.27,0.27
salamandra-7b,srp_Cyrl,0.8333333333333334,0.010819916847425485,0.2219792018860769,,9.664593347362308,Balto-Slavic,Cyrl,1.1932,,0.3566666666666667,0.3566666666666667
salamandra-7b,tha_Thai,0.046,-0.09090079671451559,0.2219792018860769,,10.196379987855126,Tai-Kadai,other,11.2672,,0.2833333333333333,0.2833333333333333
salamandra-7b,vie_Latn,0.5786666666666667,-0.018525375875362033,0.2219792018860769,,10.743353922054286,other,Latn,3.2591,0.24,0.31,0.275
salamandra-7b,bul_Cyrl,0.9606666666666667,0.02280417829243095,0.2219792018860769,,10.360175858097726,Balto-Slavic,Cyrl,1.0608,0.4509090909090909,0.36,0.40545454545454546
salamandra-7b,est_Latn,0.9546666666666667,0.02637583393405924,0.2219792018860769,,9.944761723531126,Uralic,Latn,1.0506,0.3169642857142857,0.3433333333333333,0.33014880952380954
salamandra-7b,ind_Latn,0.9,0.019007424253491813,0.2219792018860769,,10.081454105942349,Austronesian,Latn,1.3328,0.3418181818181818,0.33666666666666667,0.33924242424242423
salamandra-7b,nld_Latn,0.9766666666666667,0.05719602956474592,0.2219792018860769,,10.903264809073452,Indo-European,Latn,0.9794,0.4283121597096189,0.33,0.3791560798548095
salamandra-7b,pes_Arab,0.136,-0.07306222940389998,0.2219792018860769,,10.662263375070816,Indo-European,Arab,6.877,0.2572992700729927,0.26666666666666666,0.2619829683698297
salamandra-7b,sin_Sinh,,,,,8.944625322846782,Indo-European,other,10.873,,0.29,0.29
salamandra-7b,cat_Latn,0.9653333333333334,0.03403280684862094,0.2219792018860769,,10.097961053275002,Indo-European,Latn,1.046,,0.37,0.37
salamandra-7b,eus_Latn,0.9026666666666666,-0.004553491224439456,0.2219792018860769,,9.101082328203272,other,Latn,0.9308,,0.30666666666666664,0.30666666666666664
salamandra-7b,heb_Hebr,0.25933333333333336,-0.049535625731116646,0.2219792018860769,,9.693476506485494,Afro-Asiatic,other,7.2925,0.30363636363636365,0.32,0.3118181818181818
salamandra-7b,isl_Latn,0.496,-0.05826625607421098,0.2219792018860769,,9.371177412080817,Indo-European,Latn,1.681,,0.29333333333333333,0.29333333333333333
salamandra-7b,khk_Cyrl,0.015333333333333332,-0.12864351237503688,0.2219792018860769,,9.267328434893145,other,Cyrl,2.5557,,0.23,0.23
salamandra-7b,nob_Latn,0.9773333333333334,0.06979069877173238,0.2219792018860769,,10.265445888776227,Indo-European,Latn,1.011,,0.3566666666666667,0.3566666666666667
salamandra-7b,plt_Latn,0.028666666666666667,-0.14332432924699298,0.2219792018860769,,8.15437957359287,Austronesian,Latn,1.4987,,0.22666666666666666,0.22666666666666666
salamandra-7b,slk_Latn,0.964,0.040532151092618825,0.2219792018860769,,10.215972316299656,Balto-Slavic,Latn,1.0963,,0.34,0.34
granite-3.1-8b-base,fin_Latn,,,,,10.461273505456898,Uralic,Latn,1.6693,0.33030852994555354,0.3333333333333333,0.33182093163944343
granite-3.1-8b-base,hin_Deva,,,,,10.225085947081105,Indo-European,Deva,4.2796,0.3692870201096892,0.29333333333333333,0.3313101767215113
granite-3.1-8b-base,ita_Latn,,,,,11.218657350111846,Indo-European,Latn,1.2933,0.5802919708029197,0.57,0.5751459854014598
granite-3.1-8b-base,khm_Khmr,,,,,8.873125289337338,other,other,7.0021,,0.2633333333333333,0.2633333333333333
granite-3.1-8b-base,lvs_Latn,,,,,9.894602930159628,Balto-Slavic,Latn,1.9359,,0.29,0.29
granite-3.1-8b-base,npi_Deva,,,,,9.314204818644845,Indo-European,Deva,4.3408,,0.32666666666666666,0.32666666666666666
granite-3.1-8b-base,pol_Latn,,,,,11.069183544489329,Balto-Slavic,Latn,1.745,0.3248175182481752,0.37,0.3474087591240876
granite-3.1-8b-base,slv_Latn,,,,,9.903501694149961,Balto-Slavic,Latn,1.6251,,0.38333333333333336,0.38333333333333336
granite-3.1-8b-base,swe_Latn,,,,,10.585304823582218,Indo-European,Latn,1.4425,,0.44666666666666666,0.44666666666666666
granite-3.1-8b-base,afr_Latn,,,,,9.04883387717687,Indo-European,Latn,1.4448,,0.45666666666666667,0.45666666666666667
granite-3.1-8b-base,ces_Latn,,,,,10.755192300065602,Balto-Slavic,Latn,1.7557,,0.5266666666666666,0.5266666666666666
granite-3.1-8b-base,fra_Latn,,,,,11.504243358607456,Indo-European,Latn,1.34,0.5107398568019093,0.6733333333333333,0.5920365950676213
granite-3.1-8b-base,mal_Mlym,,,,,9.322334431411548,Dravidian,other,5.5645,,0.2866666666666667,0.2866666666666667
granite-3.1-8b-base,por_Latn,,,,,11.136535917638877,Indo-European,Latn,1.2916,0.47186932849364793,0.6466666666666666,0.5592679975801573
granite-3.1-8b-base,swh_Latn,,,,,7.487255902011655,Atlantic-Congo,Latn,1.5846,,0.30333333333333334,0.30333333333333334
granite-3.1-8b-base,tur_Latn,,,,,10.808162253319553,Turkic,Latn,1.5808,0.3594890510948905,0.37,0.36474452554744524
granite-3.1-8b-base,yor_Latn,,,,,4.632892380992985,Atlantic-Congo,Latn,2.566,,0.25333333333333335,0.25333333333333335
granite-3.1-8b-base,als_Latn,,,,,9.562161153905935,Indo-European,Latn,1.8249,,0.29,0.29
granite-3.1-8b-base,azj_Latn,,,,,9.545721659518483,Turkic,Latn,1.9498,,0.29333333333333333,0.29333333333333333
granite-3.1-8b-base,hrv_Latn,,,,,7.610626216540094,Balto-Slavic,Latn,1.6464,,0.3933333333333333,0.3933333333333333
granite-3.1-8b-base,jpn_Jpan,,,,,11.032916144087627,other,other,3.4027,0.43912175648702595,0.42,0.42956087824351297
granite-3.1-8b-base,kir_Cyrl,,,,,8.70022124395045,Turkic,Cyrl,2.7184,,0.33666666666666667,0.33666666666666667
granite-3.1-8b-base,mar_Deva,,,,,9.291197362643686,Indo-European,Deva,4.511,,0.3333333333333333,0.3333333333333333
granite-3.1-8b-base,tam_Taml,,,,,9.641283555217916,Dravidian,other,3.7518,0.29454545454545455,0.31666666666666665,0.3056060606060606
granite-3.1-8b-base,ukr_Cyrl,,,,,10.582360317494818,Balto-Slavic,Cyrl,2.3159,0.4018181818181818,0.4166666666666667,0.40924242424242424
granite-3.1-8b-base,zho_Hans,,,,,11.356131798505956,Sino-Tibetan,other,3.382,0.3743119266055046,0.5533333333333333,0.463822629969419
granite-3.1-8b-base,amh_Ethi,,,,,8.5541337799261,Afro-Asiatic,other,9.142,,0.25,0.25
granite-3.1-8b-base,dan_Latn,,,,,10.360245901721395,Indo-European,Latn,1.4501,,0.45,0.45
granite-3.1-8b-base,hun_Latn,,,,,10.637669631397417,Uralic,Latn,1.6974,0.27090909090909093,0.39,0.33045454545454545
granite-3.1-8b-base,kor_Hang,,,,,10.393846195528992,other,other,3.3708,0.422,0.4766666666666667,0.44933333333333336
granite-3.1-8b-base,mkd_Cyrl,,,,,9.301746425904852,Balto-Slavic,Cyrl,2.1605,,0.41,0.41
granite-3.1-8b-base,ron_Latn,,,,,10.598220789235437,Indo-European,Latn,1.6711,,0.49,0.49
granite-3.1-8b-base,som_Latn,,,,,3.7819706739125523,Afro-Asiatic,Latn,1.6601,,0.29333333333333333,0.29333333333333333
granite-3.1-8b-base,tel_Telu,,,,,9.195061276656201,Dravidian,other,4.7337,0.2755474452554745,0.26666666666666666,0.27110705596107054
granite-3.1-8b-base,urd_Arab,,,,,9.431854501264098,Indo-European,Arab,3.543,0.28125,0.36333333333333334,0.32229166666666664
granite-3.1-8b-base,zho_Hant,,,,,11.356131798505956,Sino-Tibetan,other,3.382,,0.54,0.54
granite-3.1-8b-base,ben_Beng,,,,,9.981044874347496,Indo-European,other,3.5987,0.32299270072992703,0.32,0.3214963503649635
granite-3.1-8b-base,deu_Latn,,,,,11.552705133249123,Indo-European,Latn,1.3487,0.3669064748201439,0.52,0.4434532374100719
granite-3.1-8b-base,hye_Armn,,,,,9.379338026785135,Indo-European,other,4.4952,,0.28,0.28
granite-3.1-8b-base,kan_Knda,,,,,9.094221311622814,Dravidian,other,7.9149,,0.2833333333333333,0.2833333333333333
granite-3.1-8b-base,lao_Laoo,,,,,8.225972821174405,Tai-Kadai,other,6.7752,,0.24,0.24
granite-3.1-8b-base,rus_Cyrl,,,,,11.867586387163913,Balto-Slavic,Cyrl,1.9505,0.39492753623188404,0.48,0.437463768115942
granite-3.1-8b-base,zsm_Latn,,,,,7.287263587861631,Austronesian,Latn,1.3866,0.35728542914171657,0.43333333333333335,0.39530938123752496
granite-3.1-8b-base,arb_Arab,,,,,10.841073612355865,Afro-Asiatic,Arab,2.8925,0.38768115942028986,0.3933333333333333,0.39050724637681156
granite-3.1-8b-base,ell_Grek,,,,,10.634956550916772,Indo-European,other,3.3495,0.32065217391304346,0.37,0.3453260869565217
granite-3.1-8b-base,guj_Gujr,,,,,9.053743034427566,Indo-European,other,10.1093,,0.30333333333333334,0.30333333333333334
granite-3.1-8b-base,kat_Geor,,,,,9.417907523376437,other,other,4.5717,0.274,0.26,0.267
granite-3.1-8b-base,pan_Guru,,,,,8.861860543889303,Indo-European,other,9.7885,,0.28,0.28
granite-3.1-8b-base,spa_Latn,,,,,11.572692346038526,Indo-European,Latn,1.2649,0.5436363636363636,0.56,0.5518181818181818
granite-3.1-8b-base,uzn_Latn,,,,,7.876511046298704,Turkic,Latn,1.6623,,0.3,0.3
granite-3.1-8b-base,arb_Latn,,,,,10.841073612355865,Afro-Asiatic,Latn,2.8925,,0.21,0.21
granite-3.1-8b-base,eng_Latn,,,,,12.454382979077453,Indo-European,Latn,1.0,,0.7533333333333333,0.7533333333333333
granite-3.1-8b-base,kaz_Cyrl,,,,,9.447543326977344,Turkic,Cyrl,2.8969,,0.29333333333333333,0.29333333333333333
granite-3.1-8b-base,lit_Latn,,,,,10.153726802927073,Balto-Slavic,Latn,1.8518,,0.30666666666666664,0.30666666666666664
granite-3.1-8b-base,mya_Mymr,,,,,8.94576714414124,Sino-Tibetan,other,7.5669,,0.2633333333333333,0.2633333333333333
granite-3.1-8b-base,pbt_Arab,,,,,8.559915920992061,Indo-European,Arab,3.3274,,0.23333333333333334,0.23333333333333334
granite-3.1-8b-base,srp_Cyrl,,,,,9.664593347362308,Balto-Slavic,Cyrl,2.3476,,0.37666666666666665,0.37666666666666665
granite-3.1-8b-base,tha_Thai,,,,,10.196379987855126,Tai-Kadai,other,3.4482,,0.2733333333333333,0.2733333333333333
granite-3.1-8b-base,vie_Latn,,,,,10.743353922054286,other,Latn,1.9595,0.3181818181818182,0.38666666666666666,0.3524242424242424
granite-3.1-8b-base,bul_Cyrl,,,,,10.360175858097726,Balto-Slavic,Cyrl,2.0638,0.4018181818181818,0.41333333333333333,0.4075757575757576
granite-3.1-8b-base,est_Latn,,,,,9.944761723531126,Uralic,Latn,1.6449,0.24107142857142858,0.37,0.3055357142857143
granite-3.1-8b-base,ind_Latn,,,,,10.081454105942349,Austronesian,Latn,1.3718,0.39454545454545453,0.49333333333333335,0.44393939393939397
granite-3.1-8b-base,nld_Latn,,,,,10.903264809073452,Indo-European,Latn,1.3414,0.5263157894736842,0.49,0.5081578947368421
granite-3.1-8b-base,pes_Arab,,,,,10.662263375070816,Indo-European,Arab,2.7787,0.28832116788321166,0.31333333333333335,0.30082725060827253
granite-3.1-8b-base,sin_Sinh,,,,,8.944625322846782,Indo-European,other,6.7614,,0.3,0.3
granite-3.1-8b-base,cat_Latn,,,,,10.097961053275002,Indo-European,Latn,1.3397,,0.5866666666666667,0.5866666666666667
granite-3.1-8b-base,eus_Latn,,,,,9.101082328203272,other,Latn,1.5331,,0.3433333333333333,0.3433333333333333
granite-3.1-8b-base,heb_Hebr,,,,,9.693476506485494,Afro-Asiatic,other,3.2181,0.39090909090909093,0.27666666666666667,0.3337878787878788
granite-3.1-8b-base,isl_Latn,,,,,9.371177412080817,Indo-European,Latn,1.7876,,0.3233333333333333,0.3233333333333333
granite-3.1-8b-base,khk_Cyrl,,,,,9.267328434893145,other,Cyrl,2.9543,,0.22666666666666666,0.22666666666666666
granite-3.1-8b-base,nob_Latn,,,,,10.265445888776227,Indo-European,Latn,1.4347,,0.47,0.47
granite-3.1-8b-base,plt_Latn,,,,,8.15437957359287,Austronesian,Latn,1.5885,,0.27,0.27
granite-3.1-8b-base,slk_Latn,,,,,10.215972316299656,Balto-Slavic,Latn,1.7327,,0.42,0.42
Yi-1.5-9B,fin_Latn,,,,,10.461273505456898,Uralic,Latn,1.9509,0.38294010889292196,0.64,0.511470054446461
Yi-1.5-9B,hin_Deva,,,,,10.225085947081105,Indo-European,Deva,9.5672,0.41316270566727603,0.4766666666666667,0.4449146861669714
Yi-1.5-9B,ita_Latn,,,,,11.218657350111846,Indo-European,Latn,1.4999,0.6441605839416058,0.7766666666666666,0.7104136253041362
Yi-1.5-9B,khm_Khmr,,,,,8.873125289337338,other,other,11.745,,0.38666666666666666,0.38666666666666666
Yi-1.5-9B,lvs_Latn,,,,,9.894602930159628,Balto-Slavic,Latn,2.2772,,0.5066666666666667,0.5066666666666667
Yi-1.5-9B,npi_Deva,,,,,9.314204818644845,Indo-European,Deva,9.2829,,0.3933333333333333,0.3933333333333333
Yi-1.5-9B,pol_Latn,,,,,11.069183544489329,Balto-Slavic,Latn,2.2156,0.4653284671532847,0.6566666666666666,0.5609975669099756
Yi-1.5-9B,slv_Latn,,,,,9.903501694149961,Balto-Slavic,Latn,1.8939,,0.6033333333333334,0.6033333333333334
Yi-1.5-9B,swe_Latn,,,,,10.585304823582218,Indo-European,Latn,1.7452,,0.7366666666666667,0.7366666666666667
Yi-1.5-9B,afr_Latn,,,,,9.04883387717687,Indo-European,Latn,1.6493,,0.63,0.63
Yi-1.5-9B,ces_Latn,,,,,10.755192300065602,Balto-Slavic,Latn,2.2574,,0.61,0.61
Yi-1.5-9B,fra_Latn,,,,,11.504243358607456,Indo-European,Latn,1.5021,0.5918854415274463,0.7933333333333333,0.6926093874303898
Yi-1.5-9B,mal_Mlym,,,,,9.322334431411548,Dravidian,other,12.0733,,0.3466666666666667,0.3466666666666667
Yi-1.5-9B,por_Latn,,,,,11.136535917638877,Indo-European,Latn,1.5679,0.5535390199637024,0.8,0.6767695099818511
Yi-1.5-9B,swh_Latn,,,,,7.487255902011655,Atlantic-Congo,Latn,1.8244,,0.37,0.37
Yi-1.5-9B,tur_Latn,,,,,10.808162253319553,Turkic,Latn,2.1069,0.4908759124087591,0.5533333333333333,0.5221046228710462
Yi-1.5-9B,yor_Latn,,,,,4.632892380992985,Atlantic-Congo,Latn,3.7232,,0.25333333333333335,0.25333333333333335
Yi-1.5-9B,als_Latn,,,,,9.562161153905935,Indo-European,Latn,2.0924,,0.44,0.44
Yi-1.5-9B,azj_Latn,,,,,9.545721659518483,Turkic,Latn,2.4469,,0.42,0.42
Yi-1.5-9B,hrv_Latn,,,,,7.610626216540094,Balto-Slavic,Latn,1.9348,,0.59,0.59
Yi-1.5-9B,jpn_Jpan,,,,,11.032916144087627,other,other,5.3467,0.6167664670658682,0.73,0.6733832335329342
Yi-1.5-9B,kir_Cyrl,,,,,8.70022124395045,Turkic,Cyrl,2.9145,,0.37666666666666665,0.37666666666666665
Yi-1.5-9B,mar_Deva,,,,,9.291197362643686,Indo-European,Deva,9.6865,,0.44333333333333336,0.44333333333333336
Yi-1.5-9B,tam_Taml,,,,,9.641283555217916,Dravidian,other,11.6059,0.2963636363636364,0.41333333333333333,0.35484848484848486
Yi-1.5-9B,ukr_Cyrl,,,,,10.582360317494818,Balto-Slavic,Cyrl,2.4803,0.5472727272727272,0.66,0.6036363636363636
Yi-1.5-9B,zho_Hans,,,,,11.356131798505956,Sino-Tibetan,other,2.6945,0.7155963302752294,0.83,0.7727981651376147
Yi-1.5-9B,amh_Ethi,,,,,8.5541337799261,Afro-Asiatic,other,11.2777,,0.29,0.29
Yi-1.5-9B,dan_Latn,,,,,10.360245901721395,Indo-European,Latn,1.684,,0.6966666666666667,0.6966666666666667
Yi-1.5-9B,hun_Latn,,,,,10.637669631397417,Uralic,Latn,2.1683,0.3618181818181818,0.58,0.4709090909090909
Yi-1.5-9B,kor_Hang,,,,,10.393846195528992,other,other,8.1136,0.484,0.66,0.5720000000000001
Yi-1.5-9B,mkd_Cyrl,,,,,9.301746425904852,Balto-Slavic,Cyrl,2.069,,0.5266666666666666,0.5266666666666666
Yi-1.5-9B,ron_Latn,,,,,10.598220789235437,Indo-European,Latn,2.0221,,0.73,0.73
Yi-1.5-9B,som_Latn,,,,,3.7819706739125523,Afro-Asiatic,Latn,1.8586,,0.3466666666666667,0.3466666666666667
Yi-1.5-9B,tel_Telu,,,,,9.195061276656201,Dravidian,other,11.7259,0.3302919708029197,0.36333333333333334,0.3468126520681265
Yi-1.5-9B,urd_Arab,,,,,9.431854501264098,Indo-European,Arab,5.6704,0.38920454545454547,0.47,0.4296022727272727
Yi-1.5-9B,zho_Hant,,,,,11.356131798505956,Sino-Tibetan,other,2.6945,,0.76,0.76
Yi-1.5-9B,ben_Beng,,,,,9.981044874347496,Indo-European,other,11.6184,0.35766423357664234,0.44,0.3988321167883212
Yi-1.5-9B,deu_Latn,,,,,11.552705133249123,Indo-European,Latn,1.6763,0.460431654676259,0.75,0.6052158273381295
Yi-1.5-9B,hye_Armn,,,,,9.379338026785135,Indo-European,other,7.8509,,0.3433333333333333,0.3433333333333333
Yi-1.5-9B,kan_Knda,,,,,9.094221311622814,Dravidian,other,11.7199,,0.4033333333333333,0.4033333333333333
Yi-1.5-9B,lao_Laoo,,,,,8.225972821174405,Tai-Kadai,other,11.297,,0.4766666666666667,0.4766666666666667
Yi-1.5-9B,rus_Cyrl,,,,,11.867586387163913,Balto-Slavic,Cyrl,2.1364,0.5072463768115942,0.75,0.6286231884057971
Yi-1.5-9B,zsm_Latn,,,,,7.287263587861631,Austronesian,Latn,1.6717,0.43912175648702595,0.7033333333333334,0.5712275449101797
Yi-1.5-9B,arb_Arab,,,,,10.841073612355865,Afro-Asiatic,Arab,5.0139,0.4492753623188406,0.58,0.5146376811594202
Yi-1.5-9B,ell_Grek,,,,,10.634956550916772,Indo-European,other,4.721,0.358695652173913,0.5433333333333333,0.45101449275362315
Yi-1.5-9B,guj_Gujr,,,,,9.053743034427566,Indo-European,other,11.4761,,0.38,0.38
Yi-1.5-9B,kat_Geor,,,,,9.417907523376437,other,other,11.3617,0.284,0.31333333333333335,0.29866666666666664
Yi-1.5-9B,pan_Guru,,,,,8.861860543889303,Indo-European,other,11.1279,,0.3333333333333333,0.3333333333333333
Yi-1.5-9B,spa_Latn,,,,,11.572692346038526,Indo-European,Latn,1.5139,0.6127272727272727,0.8,0.7063636363636363
Yi-1.5-9B,uzn_Latn,,,,,7.876511046298704,Turkic,Latn,1.8952,,0.43333333333333335,0.43333333333333335
Yi-1.5-9B,arb_Latn,,,,,10.841073612355865,Afro-Asiatic,Latn,5.0139,,0.25666666666666665,0.25666666666666665
Yi-1.5-9B,eng_Latn,,,,,12.454382979077453,Indo-European,Latn,1.0,,0.87,0.87
Yi-1.5-9B,kaz_Cyrl,,,,,9.447543326977344,Turkic,Cyrl,3.2025,,0.3566666666666667,0.3566666666666667
Yi-1.5-9B,lit_Latn,,,,,10.153726802927073,Balto-Slavic,Latn,2.2264,,0.3933333333333333,0.3933333333333333
Yi-1.5-9B,mya_Mymr,,,,,8.94576714414124,Sino-Tibetan,other,12.3864,,0.2866666666666667,0.2866666666666667
Yi-1.5-9B,pbt_Arab,,,,,8.559915920992061,Indo-European,Arab,5.2051,,0.2833333333333333,0.2833333333333333
Yi-1.5-9B,srp_Cyrl,,,,,9.664593347362308,Balto-Slavic,Cyrl,2.3623,,0.5233333333333333,0.5233333333333333
Yi-1.5-9B,tha_Thai,,,,,10.196379987855126,Tai-Kadai,other,10.1904,,0.48,0.48
Yi-1.5-9B,vie_Latn,,,,,10.743353922054286,other,Latn,3.827,0.44,0.6466666666666666,0.5433333333333333
Yi-1.5-9B,bul_Cyrl,,,,,10.360175858097726,Balto-Slavic,Cyrl,1.7054,0.4781818181818182,0.6566666666666666,0.5674242424242424
Yi-1.5-9B,est_Latn,,,,,9.944761723531126,Uralic,Latn,1.9054,0.32142857142857145,0.5066666666666667,0.4140476190476191
Yi-1.5-9B,ind_Latn,,,,,10.081454105942349,Austronesian,Latn,1.6575,0.5363636363636364,0.67,0.6031818181818183
Yi-1.5-9B,nld_Latn,,,,,10.903264809073452,Indo-European,Latn,1.5941,0.5517241379310345,0.77,0.6608620689655172
Yi-1.5-9B,pes_Arab,,,,,10.662263375070816,Indo-European,Arab,5.03,0.3740875912408759,0.56,0.46704379562043796
Yi-1.5-9B,sin_Sinh,,,,,8.944625322846782,Indo-European,other,11.096,,0.32666666666666666,0.32666666666666666
Yi-1.5-9B,cat_Latn,,,,,10.097961053275002,Indo-European,Latn,1.544,,0.7433333333333333,0.7433333333333333
Yi-1.5-9B,eus_Latn,,,,,9.101082328203272,other,Latn,1.8079,,0.42,0.42
Yi-1.5-9B,heb_Hebr,,,,,9.693476506485494,Afro-Asiatic,other,7.1035,0.5472727272727272,0.39,0.46863636363636363
Yi-1.5-9B,isl_Latn,,,,,9.371177412080817,Indo-European,Latn,2.4091,,0.49333333333333335,0.49333333333333335
Yi-1.5-9B,khk_Cyrl,,,,,9.267328434893145,other,Cyrl,3.2498,,0.2966666666666667,0.2966666666666667
Yi-1.5-9B,nob_Latn,,,,,10.265445888776227,Indo-European,Latn,1.6866,,0.7266666666666667,0.7266666666666667
Yi-1.5-9B,plt_Latn,,,,,8.15437957359287,Austronesian,Latn,1.8071,,0.2733333333333333,0.2733333333333333
Yi-1.5-9B,slk_Latn,,,,,10.215972316299656,Balto-Slavic,Latn,2.1496,,0.5966666666666667,0.5966666666666667
Llama-3.1-8B,fin_Latn,,,,,10.461273505456898,Uralic,Latn,1.7486,0.41379310344827586,0.5533333333333333,0.48356321839080463
Llama-3.1-8B,hin_Deva,,,,,10.225085947081105,Indo-European,Deva,2.4225,0.47714808043875684,0.5933333333333334,0.5352407068860451
Llama-3.1-8B,ita_Latn,,,,,11.218657350111846,Indo-European,Latn,1.314,0.6222627737226277,0.71,0.6661313868613139
Llama-3.1-8B,khm_Khmr,,,,,8.873125289337338,other,other,7.0812,,0.38333333333333336,0.38333333333333336
Llama-3.1-8B,lvs_Latn,,,,,9.894602930159628,Balto-Slavic,Latn,2.2069,,0.49666666666666665,0.49666666666666665
Llama-3.1-8B,npi_Deva,,,,,9.314204818644845,Indo-European,Deva,2.5177,,0.47,0.47
Llama-3.1-8B,pol_Latn,,,,,11.069183544489329,Balto-Slavic,Latn,1.8042,0.4708029197080292,0.6433333333333333,0.5570681265206813
Llama-3.1-8B,slv_Latn,,,,,9.903501694149961,Balto-Slavic,Latn,1.7151,,0.5,0.5
Llama-3.1-8B,swe_Latn,,,,,10.585304823582218,Indo-European,Latn,1.5013,,0.7066666666666667,0.7066666666666667
Llama-3.1-8B,afr_Latn,,,,,9.04883387717687,Indo-European,Latn,1.4947,,0.61,0.61
Llama-3.1-8B,ces_Latn,,,,,10.755192300065602,Balto-Slavic,Latn,1.5544,,0.62,0.62
Llama-3.1-8B,fra_Latn,,,,,11.504243358607456,Indo-European,Latn,1.3131,0.5847255369928401,0.7566666666666667,0.6706961018297535
Llama-3.1-8B,mal_Mlym,,,,,9.322334431411548,Dravidian,other,7.6125,,0.44,0.44
Llama-3.1-8B,por_Latn,,,,,11.136535917638877,Indo-European,Latn,1.3098,0.52994555353902,0.7633333333333333,0.6466394434361766
Llama-3.1-8B,swh_Latn,,,,,7.487255902011655,Atlantic-Congo,Latn,1.739,,0.38,0.38
Llama-3.1-8B,tur_Latn,,,,,10.808162253319553,Turkic,Latn,1.2728,0.5291970802919708,0.66,0.5945985401459855
Llama-3.1-8B,yor_Latn,,,,,4.632892380992985,Atlantic-Congo,Latn,2.7323,,0.32,0.32
Llama-3.1-8B,als_Latn,,,,,9.562161153905935,Indo-European,Latn,1.863,,0.5066666666666667,0.5066666666666667
Llama-3.1-8B,azj_Latn,,,,,9.545721659518483,Turkic,Latn,2.0719,,0.5333333333333333,0.5333333333333333
Llama-3.1-8B,hrv_Latn,,,,,7.610626216540094,Balto-Slavic,Latn,1.6867,,0.5333333333333333,0.5333333333333333
Llama-3.1-8B,jpn_Jpan,,,,,11.032916144087627,other,other,3.2394,0.5668662674650699,0.6533333333333333,0.6100998003992015
Llama-3.1-8B,kir_Cyrl,,,,,8.70022124395045,Turkic,Cyrl,2.6772,,0.5166666666666667,0.5166666666666667
Llama-3.1-8B,mar_Deva,,,,,9.291197362643686,Indo-European,Deva,2.6778,,0.5333333333333333,0.5333333333333333
Llama-3.1-8B,tam_Taml,,,,,9.641283555217916,Dravidian,other,6.1203,0.36727272727272725,0.44666666666666666,0.406969696969697
Llama-3.1-8B,ukr_Cyrl,,,,,10.582360317494818,Balto-Slavic,Cyrl,1.5963,0.5763636363636364,0.66,0.6181818181818182
Llama-3.1-8B,zho_Hans,,,,,11.356131798505956,Sino-Tibetan,other,3.4817,0.5357798165137615,0.78,0.6578899082568808
Llama-3.1-8B,amh_Ethi,,,,,8.5541337799261,Afro-Asiatic,other,11.0993,,0.3466666666666667,0.3466666666666667
Llama-3.1-8B,dan_Latn,,,,,10.360245901721395,Indo-European,Latn,1.492,,0.6866666666666666,0.6866666666666666
Llama-3.1-8B,hun_Latn,,,,,10.637669631397417,Uralic,Latn,1.8827,0.4072727272727273,0.6,0.5036363636363637
Llama-3.1-8B,kor_Hang,,,,,10.393846195528992,other,other,2.902,0.532,0.6633333333333333,0.5976666666666667
Llama-3.1-8B,mkd_Cyrl,,,,,9.301746425904852,Balto-Slavic,Cyrl,1.9455,,0.5666666666666667,0.5666666666666667
Llama-3.1-8B,ron_Latn,,,,,10.598220789235437,Indo-European,Latn,1.5947,,0.6033333333333334,0.6033333333333334
Llama-3.1-8B,som_Latn,,,,,3.7819706739125523,Afro-Asiatic,Latn,1.7704,,0.31,0.31
Llama-3.1-8B,tel_Telu,,,,,9.195061276656201,Dravidian,other,7.997,0.3156934306569343,0.4,0.3578467153284671
Llama-3.1-8B,urd_Arab,,,,,9.431854501264098,Indo-European,Arab,3.0088,0.3465909090909091,0.5166666666666667,0.4316287878787879
Llama-3.1-8B,zho_Hant,,,,,11.356131798505956,Sino-Tibetan,other,3.4817,,0.7266666666666667,0.7266666666666667
Llama-3.1-8B,ben_Beng,,,,,9.981044874347496,Indo-European,other,5.5695,0.4142335766423358,0.4766666666666667,0.44545012165450126
Llama-3.1-8B,deu_Latn,,,,,11.552705133249123,Indo-European,Latn,1.3142,0.4316546762589928,0.6166666666666667,0.5241606714628297
Llama-3.1-8B,hye_Armn,,,,,9.379338026785135,Indo-European,other,7.3931,,0.48,0.48
Llama-3.1-8B,kan_Knda,,,,,9.094221311622814,Dravidian,other,8.0496,,0.4266666666666667,0.4266666666666667
Llama-3.1-8B,lao_Laoo,,,,,8.225972821174405,Tai-Kadai,other,8.182,,0.25,0.25
Llama-3.1-8B,rus_Cyrl,,,,,11.867586387163913,Balto-Slavic,Cyrl,1.5282,0.5163043478260869,0.68,0.5981521739130435
Llama-3.1-8B,zsm_Latn,,,,,7.287263587861631,Austronesian,Latn,1.3623,0.5169660678642715,0.6733333333333333,0.5951497005988025
Llama-3.1-8B,arb_Arab,,,,,10.841073612355865,Afro-Asiatic,Arab,1.7784,0.5144927536231884,0.6466666666666666,0.5805797101449275
Llama-3.1-8B,ell_Grek,,,,,10.634956550916772,Indo-European,other,1.7842,0.4257246376811594,0.66,0.5428623188405797
Llama-3.1-8B,guj_Gujr,,,,,9.053743034427566,Indo-European,other,7.7405,,0.37333333333333335,0.37333333333333335
Llama-3.1-8B,kat_Geor,,,,,9.417907523376437,other,other,8.3436,0.488,0.42333333333333334,0.45566666666666666
Llama-3.1-8B,pan_Guru,,,,,8.861860543889303,Indo-European,other,7.3799,,0.39666666666666667,0.39666666666666667
Llama-3.1-8B,spa_Latn,,,,,11.572692346038526,Indo-European,Latn,1.2502,0.6163636363636363,0.73,0.6731818181818181
Llama-3.1-8B,uzn_Latn,,,,,7.876511046298704,Turkic,Latn,1.8478,,0.5,0.5
Llama-3.1-8B,arb_Latn,,,,,10.841073612355865,Afro-Asiatic,Latn,1.7784,,0.3233333333333333,0.3233333333333333
Llama-3.1-8B,eng_Latn,,,,,12.454382979077453,Indo-European,Latn,1.0,,0.8566666666666667,0.8566666666666667
Llama-3.1-8B,kaz_Cyrl,,,,,9.447543326977344,Turkic,Cyrl,2.8164,,0.44,0.44
Llama-3.1-8B,lit_Latn,,,,,10.153726802927073,Balto-Slavic,Latn,2.1176,,0.41,0.41
Llama-3.1-8B,mya_Mymr,,,,,8.94576714414124,Sino-Tibetan,other,9.2138,,0.36666666666666664,0.36666666666666664
Llama-3.1-8B,pbt_Arab,,,,,8.559915920992061,Indo-European,Arab,2.8539,,0.41333333333333333,0.41333333333333333
Llama-3.1-8B,srp_Cyrl,,,,,9.664593347362308,Balto-Slavic,Cyrl,2.0981,,0.67,0.67
Llama-3.1-8B,tha_Thai,,,,,10.196379987855126,Tai-Kadai,other,2.1378,,0.6566666666666666,0.6566666666666666
Llama-3.1-8B,vie_Latn,,,,,10.743353922054286,other,Latn,1.219,0.5272727272727272,0.7266666666666667,0.626969696969697
Llama-3.1-8B,bul_Cyrl,,,,,10.360175858097726,Balto-Slavic,Cyrl,1.8805,0.610909090909091,0.67,0.6404545454545455
Llama-3.1-8B,est_Latn,,,,,9.944761723531126,Uralic,Latn,1.7927,0.45089285714285715,0.5,0.4754464285714286
Llama-3.1-8B,ind_Latn,,,,,10.081454105942349,Austronesian,Latn,1.3162,0.5618181818181818,0.6533333333333333,0.6075757575757575
Llama-3.1-8B,nld_Latn,,,,,10.903264809073452,Indo-European,Latn,1.35,0.5553539019963702,0.68,0.6176769509981852
Llama-3.1-8B,pes_Arab,,,,,10.662263375070816,Indo-European,Arab,1.4924,0.4051094890510949,0.7,0.5525547445255474
Llama-3.1-8B,sin_Sinh,,,,,8.944625322846782,Indo-European,other,8.1477,,0.39,0.39
Llama-3.1-8B,cat_Latn,,,,,10.097961053275002,Indo-European,Latn,1.4378,,0.7233333333333334,0.7233333333333334
Llama-3.1-8B,eus_Latn,,,,,9.101082328203272,other,Latn,1.6724,,0.47333333333333333,0.47333333333333333
Llama-3.1-8B,heb_Hebr,,,,,9.693476506485494,Afro-Asiatic,other,4.3236,0.5818181818181818,0.52,0.5509090909090909
Llama-3.1-8B,isl_Latn,,,,,9.371177412080817,Indo-European,Latn,2.0214,,0.4533333333333333,0.4533333333333333
Llama-3.1-8B,khk_Cyrl,,,,,9.267328434893145,other,Cyrl,3.0739,,0.38,0.38
Llama-3.1-8B,nob_Latn,,,,,10.265445888776227,Indo-European,Latn,1.4819,,0.6866666666666666,0.6866666666666666
Llama-3.1-8B,plt_Latn,,,,,8.15437957359287,Austronesian,Latn,1.7481,,0.30333333333333334,0.30333333333333334
Llama-3.1-8B,slk_Latn,,,,,10.215972316299656,Balto-Slavic,Latn,1.7049,,0.5533333333333333,0.5533333333333333
Falcon3-3B-Base,deu_Latn,0.7433333333333333,-0.008977691156811745,0.12164446401848572,,11.552705133249123,Indo-European,Latn,1.3225588235294117,0.33093525179856115,0.4288888888888889,0.379912070343725
Falcon3-3B-Base,fra_Latn,0.9166666666666666,-0.0029598945366487513,0.12164446401848572,,11.504243358607456,Indo-European,Latn,1.2537352941176472,0.441527446300716,0.5844444444444444,0.5129859453725802
Falcon3-3B-Base,spa_Latn,0.98,0.04198851406551444,0.12164446401848572,,11.572692346038526,Indo-European,Latn,1.2007941176470587,0.4709090909090909,0.5711111111111111,0.521010101010101
Falcon3-3B-Base,por_Latn,0.9766666666666667,0.04683516309378052,0.12164446401848572,,11.136535917638877,Indo-European,Latn,1.2411764705882353,0.4283121597096189,0.58,0.5041560798548095
Falcon3-3B-Base,ita_Latn,0.8433333333333334,-0.000828303888447679,0.12164446401848572,,11.218657350111846,Indo-European,Latn,1.2658764705882353,0.41788321167883213,0.43444444444444447,0.42616382806163833
Falcon3-3B-Base,nld_Latn,0.43666666666666665,-0.0667978132125813,0.12164446401848572,,10.903264809073452,Indo-European,Latn,1.3371529411764707,0.33030852994555354,0.37222222222222223,0.35126537608388786
Falcon3-3B-Base,swe_Latn,0.34,-0.1106722362185601,0.12164446401848572,,10.585304823582218,Indo-European,Latn,1.4709764705882353,,0.39,0.39
Falcon3-3B-Base,pol_Latn,0.11,-0.09171803964087788,0.12164446401848572,,11.069183544489329,Balto-Slavic,Latn,1.8035588235294118,0.2645985401459854,0.3244444444444444,0.2945214922952149
Falcon3-3B-Base,ces_Latn,0.08,-0.1054408689859114,0.12164446401848572,,10.755192300065602,Balto-Slavic,Latn,1.9043941176470587,,0.3622222222222222,0.3622222222222222
Falcon3-3B-Base,ron_Latn,0.43333333333333335,-0.07577234845286504,0.12164446401848572,,10.598220789235437,Indo-European,Latn,1.5607,,0.36777777777777776,0.36777777777777776
Falcon3-3B-Base,rus_Cyrl,0.2633333333333333,-0.07642117497910549,0.12164446401848572,,11.867586387163913,Balto-Slavic,Cyrl,1.9942470588235295,0.33695652173913043,0.3655555555555556,0.351256038647343
Falcon3-3B-Base,ukr_Cyrl,0.043333333333333335,-0.10617322044124967,0.12164446401848572,,10.582360317494818,Balto-Slavic,Cyrl,2.340729411764706,0.37454545454545457,0.31444444444444447,0.3444949494949495
Falcon3-3B-Base,bul_Cyrl,0.05,-0.09982866417929119,0.12164446401848572,,10.360175858097726,Balto-Slavic,Cyrl,2.0901764705882355,0.3145454545454546,0.3422222222222222,0.3283838383838384
Falcon3-3B-Base,ell_Grek,0.016666666666666666,-0.08551569060342028,0.12164446401848572,,10.634956550916772,Indo-European,other,3.2260705882352942,0.2554347826086957,0.32555555555555554,0.2904951690821256
Falcon3-3B-Base,tur_Latn,0.06333333333333334,-0.09616530490936265,0.12164446401848572,,10.808162253319553,Turkic,Latn,1.7084764705882354,0.3175182481751825,0.32222222222222224,0.3198702351987024
Falcon3-3B-Base,arb_Arab,0.016666666666666666,-0.13738642141740118,0.12164446401848572,,10.841073612355865,Afro-Asiatic,Arab,3.117952941176471,0.22644927536231885,0.3088888888888889,0.26766908212560386
Falcon3-3B-Base,heb_Hebr,0.023333333333333334,-0.11298631954390483,0.12164446401848572,,9.693476506485494,Afro-Asiatic,other,4.055217647058823,0.36727272727272725,0.3422222222222222,0.3547474747474747
Falcon3-3B-Base,pes_Arab,0.013333333333333334,-0.1734138949453515,0.12164446401848572,,10.662263375070816,Indo-European,Arab,3.4424411764705884,0.25547445255474455,0.31555555555555553,0.28551500405515007
Falcon3-3B-Base,hin_Deva,0.016666666666666666,-0.09909050531620303,0.12164446401848572,,10.225085947081105,Indo-European,Deva,4.760605882352941,0.2687385740402194,0.31,0.28936928702010967
Falcon3-3B-Base,ben_Beng,0.006666666666666667,-0.13225745036642633,0.12164446401848572,,9.981044874347496,Indo-European,other,6.026417647058824,0.2956204379562044,0.29777777777777775,0.29669910786699105
Falcon3-3B-Base,tam_Taml,0.006666666666666667,-0.11152407682599637,0.12164446401848572,,9.641283555217916,Dravidian,other,6.100917647058823,0.28363636363636363,0.2733333333333333,0.27848484848484845
Falcon3-3B-Base,tel_Telu,0.0033333333333333335,-0.1179034772443681,0.12164446401848572,,9.195061276656201,Dravidian,other,7.609270588235294,0.22992700729927007,0.2577777777777778,0.24385239253852392
Falcon3-3B-Base,mar_Deva,0.016666666666666666,-0.10534422703619023,0.12164446401848572,,9.291197362643686,Indo-European,Deva,5.015682352941177,,0.2777777777777778,0.2777777777777778
Falcon3-3B-Base,urd_Arab,0.01,-0.14780165338473208,0.12164446401848572,,9.431854501264098,Indo-European,Arab,3.964352941176471,0.36079545454545453,0.2877777777777778,0.32428661616161614
Falcon3-3B-Base,vie_Latn,0.023333333333333334,-0.1004588299190639,0.12164446401848572,,10.743353922054286,other,Latn,2.1605588235294118,0.2818181818181818,0.33444444444444443,0.30813131313131314
Falcon3-3B-Base,ind_Latn,0.2833333333333333,-0.07387017312402101,0.12164446401848572,,10.081454105942349,Austronesian,Latn,1.3422529411764705,0.3018181818181818,0.35777777777777775,0.32979797979797976
Falcon3-3B-Base,zsm_Latn,0.21666666666666667,-0.09998801383261052,0.12164446401848572,,7.287263587861631,Austronesian,Latn,1.3803882352941177,0.2694610778443114,0.3466666666666667,0.30806387225548904
Falcon3-3B-Base,tha_Thai,0.013333333333333334,-0.12502768573556108,0.12164446401848572,,10.196379987855126,Tai-Kadai,other,5.162605882352942,,0.3088888888888889,0.3088888888888889
Falcon3-3B-Base,zho_Hans,0.6,-0.04236946863839024,0.12164446401848572,,11.356131798505956,Sino-Tibetan,other,4.402152941176471,0.3412844036697248,0.5066666666666667,0.42397553516819575
Falcon3-3B-Base,jpn_Jpan,0.09,-0.06769940518746782,0.12164446401848572,,11.032916144087627,other,other,5.0625647058823535,0.3253493013972056,0.35888888888888887,0.3421190951430472
Falcon3-3B-Base,kor_Hang,0.016666666666666666,-0.09065406001993077,0.12164446401848572,,10.393846195528992,other,other,5.392352941176471,0.276,0.3422222222222222,0.3091111111111111
Falcon3-3B-Base,fin_Latn,0.05,-0.12557210767186905,0.12164446401848572,,10.461273505456898,Uralic,Latn,1.6468823529411765,0.26860254083484575,0.3211111111111111,0.29485682597297846
Falcon3-3B-Base,hun_Latn,0.023333333333333334,-0.16179348822591508,0.12164446401848572,,10.637669631397417,Uralic,Latn,1.797864705882353,0.25272727272727274,0.31555555555555553,0.28414141414141414
Falcon3-3B-Base,est_Latn,0.02666666666666667,-0.15345040874968977,0.12164446401848572,,9.944761723531126,Uralic,Latn,1.6741529411764706,0.28125,0.3055555555555556,0.2934027777777778
Falcon3-3B-Base,kat_Geor,0.006666666666666667,-0.11560229601583942,0.12164446401848572,,9.417907523376437,other,other,6.757517647058824,0.308,0.29555555555555557,0.3017777777777778
Falcon3-3B-Base,amh_Ethi,0.006666666666666667,-0.10803827545775617,0.12164446401848572,,8.5541337799261,Afro-Asiatic,other,9.0556,,0.30333333333333334,0.30333333333333334
Falcon3-3B-Base,swh_Latn,0.02,-0.13248588638306832,0.12164446401848572,,7.487255902011655,Atlantic-Congo,Latn,1.6242705882352941,,0.30444444444444446,0.30444444444444446
Falcon3-3B-Base,yor_Latn,0.01,-0.1468033654163629,0.12164446401848572,,4.632892380992985,Atlantic-Congo,Latn,2.822870588235294,,0.2722222222222222,0.2722222222222222
Falcon3-3B-Base,khm_Khmr,0.006666666666666667,-0.10136296474849588,0.12164446401848572,,8.873125289337338,other,other,7.467370588235294,,0.3022222222222222,0.3022222222222222
Falcon3-3B-Base,mya_Mymr,0.0033333333333333335,-0.10214604589881439,0.12164446401848572,,8.94576714414124,Sino-Tibetan,other,9.286835294117648,,0.27444444444444444,0.27444444444444444
Llama-3.1-8B,deu_Latn,0.98,0.07909885652541337,0.5205176643226388,,11.552705133249123,Indo-European,Latn,1.3225588235294117,0.4316546762589928,0.6144444444444445,0.5230495603517187
Llama-3.1-8B,fra_Latn,0.9666666666666667,0.029814372166849294,0.5205176643226388,,11.504243358607456,Indo-European,Latn,1.2537352941176472,0.5847255369928401,0.7144444444444444,0.6495849907186423
Llama-3.1-8B,spa_Latn,0.97,0.07638930573168876,0.5205176643226388,,11.572692346038526,Indo-European,Latn,1.2007941176470587,0.6163636363636363,0.6822222222222222,0.6492929292929293
Llama-3.1-8B,por_Latn,0.9833333333333333,0.08121108173326318,0.5205176643226388,,11.136535917638877,Indo-European,Latn,1.2411764705882353,0.52994555353902,0.7311111111111112,0.6305283323250656
Llama-3.1-8B,ita_Latn,0.98,0.09632298510092517,0.5205176643226388,,11.218657350111846,Indo-European,Latn,1.2658764705882353,0.6222627737226277,0.67,0.6461313868613139
Llama-3.1-8B,nld_Latn,0.98,0.07512102047590515,0.5205176643226388,,10.903264809073452,Indo-European,Latn,1.3371529411764707,0.5553539019963702,0.6566666666666666,0.6060102843315185
Llama-3.1-8B,swe_Latn,0.98,0.07920856080072253,0.5205176643226388,,10.585304823582218,Indo-European,Latn,1.4709764705882353,,0.6577777777777778,0.6577777777777778
Llama-3.1-8B,pol_Latn,0.9233333333333333,0.023431713896383877,0.5205176643226388,,11.069183544489329,Balto-Slavic,Latn,1.8035588235294118,0.4708029197080292,0.5922222222222222,0.5315125709651257
Llama-3.1-8B,ces_Latn,0.95,0.053228359933648696,0.5205176643226388,,10.755192300065602,Balto-Slavic,Latn,1.9043941176470587,,0.5911111111111111,0.5911111111111111
Llama-3.1-8B,ron_Latn,0.9766666666666667,0.048965200010397586,0.5205176643226388,,10.598220789235437,Indo-European,Latn,1.5607,,0.6177777777777778,0.6177777777777778
Llama-3.1-8B,rus_Cyrl,0.93,0.012139078921527971,0.5205176643226388,,11.867586387163913,Balto-Slavic,Cyrl,1.9942470588235295,0.5163043478260869,0.6777777777777778,0.5970410628019324
Llama-3.1-8B,ukr_Cyrl,0.96,0.06176662653102116,0.5205176643226388,,10.582360317494818,Balto-Slavic,Cyrl,2.340729411764706,0.5763636363636364,0.61,0.5931818181818183
Llama-3.1-8B,bul_Cyrl,0.9166666666666666,0.045986462429920376,0.5205176643226388,,10.360175858097726,Balto-Slavic,Cyrl,2.0901764705882355,0.610909090909091,0.6133333333333333,0.6121212121212121
Llama-3.1-8B,ell_Grek,0.9733333333333334,0.04799783417088169,0.5205176643226388,,10.634956550916772,Indo-European,other,3.2260705882352942,0.4257246376811594,0.6211111111111111,0.5234178743961353
Llama-3.1-8B,tur_Latn,0.8633333333333333,0.014214486528660801,0.5205176643226388,,10.808162253319553,Turkic,Latn,1.7084764705882354,0.5291970802919708,0.6333333333333333,0.581265206812652
Llama-3.1-8B,arb_Arab,0.92,0.03692905237511101,0.5205176643226388,,10.841073612355865,Afro-Asiatic,Arab,3.117952941176471,0.5144927536231884,0.6188888888888889,0.5666908212560386
Llama-3.1-8B,heb_Hebr,0.92,0.03207769505171342,0.5205176643226388,,9.693476506485494,Afro-Asiatic,other,4.055217647058823,0.5818181818181818,0.5233333333333333,0.5525757575757575
Llama-3.1-8B,pes_Arab,0.9133333333333333,0.013810057043508173,0.5205176643226388,,10.662263375070816,Indo-European,Arab,3.4424411764705884,0.4051094890510949,0.6355555555555555,0.5203325223033253
Llama-3.1-8B,hin_Deva,0.8533333333333334,0.007724125407253134,0.5205176643226388,,10.225085947081105,Indo-European,Deva,4.760605882352941,0.47714808043875684,0.5655555555555556,0.5213518179971562
Llama-3.1-8B,ben_Beng,0.75,-0.014173339479062753,0.5205176643226388,,9.981044874347496,Indo-European,other,6.026417647058824,0.4142335766423358,0.47888888888888886,0.4465612327656123
Llama-3.1-8B,tam_Taml,0.5466666666666666,-0.05112968435558275,0.5205176643226388,,9.641283555217916,Dravidian,other,6.100917647058823,0.36727272727272725,0.44222222222222224,0.40474747474747474
Llama-3.1-8B,tel_Telu,0.4266666666666667,-0.0528940427168459,0.5205176643226388,,9.195061276656201,Dravidian,other,7.609270588235294,0.3156934306569343,0.39666666666666667,0.3561800486618005
Llama-3.1-8B,mar_Deva,0.8,-0.01082156773738507,0.5205176643226388,,9.291197362643686,Indo-European,Deva,5.015682352941177,,0.5022222222222222,0.5022222222222222
Llama-3.1-8B,urd_Arab,0.8233333333333334,0.00018586845982831678,0.5205176643226388,,9.431854501264098,Indo-European,Arab,3.964352941176471,0.3465909090909091,0.5255555555555556,0.43607323232323236
Llama-3.1-8B,vie_Latn,0.96,0.057814938657353106,0.5205176643226388,,10.743353922054286,other,Latn,2.1605588235294118,0.5272727272727272,0.6966666666666667,0.6119696969696969
Llama-3.1-8B,ind_Latn,0.9666666666666667,0.07143217120923762,0.5205176643226388,,10.081454105942349,Austronesian,Latn,1.3422529411764705,0.5618181818181818,0.6555555555555556,0.6086868686868687
Llama-3.1-8B,zsm_Latn,0.9366666666666666,0.05275893085442356,0.5205176643226388,,7.287263587861631,Austronesian,Latn,1.3803882352941177,0.5169660678642715,0.6333333333333333,0.5751497005988024
Llama-3.1-8B,tha_Thai,0.9133333333333333,0.03629068663060722,0.5205176643226388,,10.196379987855126,Tai-Kadai,other,5.162605882352942,,0.6,0.6
Llama-3.1-8B,zho_Hans,0.9266666666666666,0.034489200383346325,0.5205176643226388,,11.356131798505956,Sino-Tibetan,other,4.402152941176471,0.5357798165137615,0.7611111111111111,0.6484454638124363
Llama-3.1-8B,jpn_Jpan,0.8566666666666667,0.0009151830028729204,0.5205176643226388,,11.032916144087627,other,other,5.0625647058823535,0.5668662674650699,0.6233333333333333,0.5950998003992016
Llama-3.1-8B,kor_Hang,0.8633333333333333,0.02091822118493504,0.5205176643226388,,10.393846195528992,other,other,5.392352941176471,0.532,0.67,0.601
Llama-3.1-8B,fin_Latn,0.9166666666666666,0.029932019158214265,0.5205176643226388,,10.461273505456898,Uralic,Latn,1.6468823529411765,0.41379310344827586,0.5177777777777778,0.46578544061302685
Llama-3.1-8B,hun_Latn,0.9,0.029433880376786847,0.5205176643226388,,10.637669631397417,Uralic,Latn,1.797864705882353,0.4072727272727273,0.5933333333333334,0.5003030303030304
Llama-3.1-8B,est_Latn,0.8166666666666667,-0.022007021905278066,0.5205176643226388,,9.944761723531126,Uralic,Latn,1.6741529411764706,0.45089285714285715,0.44555555555555554,0.44822420634920634
Llama-3.1-8B,kat_Geor,0.5433333333333333,-0.038551798252269225,0.5205176643226388,,9.417907523376437,other,other,6.757517647058824,0.488,0.4288888888888889,0.45844444444444443
Llama-3.1-8B,amh_Ethi,0.07,-0.07393030528700842,0.5205176643226388,,8.5541337799261,Afro-Asiatic,other,9.0556,,0.32555555555555554,0.32555555555555554
Llama-3.1-8B,swh_Latn,0.7866666666666666,-0.01184610517298103,0.5205176643226388,,7.487255902011655,Atlantic-Congo,Latn,1.6242705882352941,,0.41555555555555557,0.41555555555555557
Llama-3.1-8B,yor_Latn,0.08333333333333333,-0.11883055500474152,0.5205176643226388,,4.632892380992985,Atlantic-Congo,Latn,2.822870588235294,,0.3055555555555556,0.3055555555555556
Llama-3.1-8B,khm_Khmr,0.44333333333333336,-0.04361330916367342,0.5205176643226388,,8.873125289337338,other,other,7.467370588235294,,0.35888888888888887,0.35888888888888887
Llama-3.1-8B,mya_Mymr,0.05,-0.08750084316621401,0.5205176643226388,,8.94576714414124,Sino-Tibetan,other,9.286835294117648,,0.35333333333333333,0.35333333333333333
Mistral-Nemo-Base-2407,deu_Latn,0.9733333333333334,0.07102664823668509,0.6232395803766406,,11.552705133249123,Indo-European,Latn,1.3225588235294117,0.4676258992805755,0.6633333333333333,0.5654796163069544
Mistral-Nemo-Base-2407,fra_Latn,0.9333333333333333,0.013966893340827364,0.6232395803766406,,11.504243358607456,Indo-European,Latn,1.2537352941176472,0.6276849642004774,0.7244444444444444,0.6760647043224609
Mistral-Nemo-Base-2407,spa_Latn,0.97,0.058999308257463294,0.6232395803766406,,11.572692346038526,Indo-European,Latn,1.2007941176470587,0.6363636363636364,0.7077777777777777,0.672070707070707
Mistral-Nemo-Base-2407,por_Latn,0.9733333333333334,0.07489425078428925,0.6232395803766406,,11.136535917638877,Indo-European,Latn,1.2411764705882353,0.604355716878403,0.73,0.6671778584392014
Mistral-Nemo-Base-2407,ita_Latn,0.9866666666666667,0.09415334026585662,0.6232395803766406,,11.218657350111846,Indo-European,Latn,1.2658764705882353,0.708029197080292,0.74,0.724014598540146
Mistral-Nemo-Base-2407,nld_Latn,0.93,0.05403596273910083,0.6232395803766406,,10.903264809073452,Indo-European,Latn,1.3371529411764707,0.6333938294010889,0.6511111111111111,0.6422524702561
Mistral-Nemo-Base-2407,swe_Latn,0.9133333333333333,0.04396380909480181,0.6232395803766406,,10.585304823582218,Indo-European,Latn,1.4709764705882353,,0.6577777777777778,0.6577777777777778
Mistral-Nemo-Base-2407,pol_Latn,0.8466666666666667,0.015159575887926833,0.6232395803766406,,11.069183544489329,Balto-Slavic,Latn,1.8035588235294118,0.46897810218978103,0.6088888888888889,0.538933495539335
Mistral-Nemo-Base-2407,ces_Latn,0.8966666666666666,0.036485161895524316,0.6232395803766406,,10.755192300065602,Balto-Slavic,Latn,1.9043941176470587,,0.6477777777777778,0.6477777777777778
Mistral-Nemo-Base-2407,ron_Latn,0.9166666666666666,0.03904480821547858,0.6232395803766406,,10.598220789235437,Indo-European,Latn,1.5607,,0.6477777777777778,0.6477777777777778
Mistral-Nemo-Base-2407,rus_Cyrl,0.8933333333333333,-0.010045574799526263,0.6232395803766406,,11.867586387163913,Balto-Slavic,Cyrl,1.9942470588235295,0.5561594202898551,0.7,0.6280797101449276
Mistral-Nemo-Base-2407,ukr_Cyrl,0.91,0.041770249130266904,0.6232395803766406,,10.582360317494818,Balto-Slavic,Cyrl,2.340729411764706,0.5981818181818181,0.6155555555555555,0.6068686868686868
Mistral-Nemo-Base-2407,bul_Cyrl,0.88,0.0319091437656284,0.6232395803766406,,10.360175858097726,Balto-Slavic,Cyrl,2.0901764705882355,0.6436363636363637,0.6233333333333333,0.6334848484848485
Mistral-Nemo-Base-2407,ell_Grek,0.9,0.021915587872464073,0.6232395803766406,,10.634956550916772,Indo-European,other,3.2260705882352942,0.46557971014492755,0.6322222222222222,0.5489009661835749
Mistral-Nemo-Base-2407,tur_Latn,0.7333333333333333,-0.009946127357221645,0.6232395803766406,,10.808162253319553,Turkic,Latn,1.7084764705882354,0.5,0.5977777777777777,0.5488888888888889
Mistral-Nemo-Base-2407,arb_Arab,0.8766666666666667,0.016973404360650653,0.6232395803766406,,10.841073612355865,Afro-Asiatic,Arab,3.117952941176471,0.49094202898550726,0.6311111111111111,0.5610265700483091
Mistral-Nemo-Base-2407,heb_Hebr,0.89,0.04087238135596987,0.6232395803766406,,9.693476506485494,Afro-Asiatic,other,4.055217647058823,0.6018181818181818,0.6033333333333334,0.6025757575757575
Mistral-Nemo-Base-2407,pes_Arab,0.83,-0.002164549835150396,0.6232395803766406,,10.662263375070816,Indo-European,Arab,3.4424411764705884,0.4306569343065693,0.5955555555555555,0.5131062449310624
Mistral-Nemo-Base-2407,hin_Deva,0.76,-0.01898094155007776,0.6232395803766406,,10.225085947081105,Indo-European,Deva,4.760605882352941,0.5210237659963437,0.5411111111111111,0.5310674385537274
Mistral-Nemo-Base-2407,ben_Beng,0.7333333333333333,-0.03830211602934954,0.6232395803766406,,9.981044874347496,Indo-European,other,6.026417647058824,0.42883211678832117,0.5011111111111111,0.4649716139497161
Mistral-Nemo-Base-2407,tam_Taml,0.6266666666666667,-0.03457955471492282,0.6232395803766406,,9.641283555217916,Dravidian,other,6.100917647058823,0.4,0.48333333333333334,0.44166666666666665
Mistral-Nemo-Base-2407,tel_Telu,0.62,-0.03309322631871012,0.6232395803766406,,9.195061276656201,Dravidian,other,7.609270588235294,0.3722627737226277,0.4888888888888889,0.43057583130575827
Mistral-Nemo-Base-2407,mar_Deva,0.6433333333333333,-0.01863083406906608,0.6232395803766406,,9.291197362643686,Indo-European,Deva,5.015682352941177,,0.44,0.44
Mistral-Nemo-Base-2407,urd_Arab,0.73,-0.03017574745142472,0.6232395803766406,,9.431854501264098,Indo-European,Arab,3.964352941176471,0.32954545454545453,0.46555555555555556,0.39755050505050504
Mistral-Nemo-Base-2407,vie_Latn,0.92,0.046493304982343435,0.6232395803766406,,10.743353922054286,other,Latn,2.1605588235294118,0.5472727272727272,0.6766666666666666,0.6119696969696969
Mistral-Nemo-Base-2407,ind_Latn,0.9266666666666666,0.04825678049896124,0.6232395803766406,,10.081454105942349,Austronesian,Latn,1.3422529411764705,0.5527272727272727,0.64,0.5963636363636364
Mistral-Nemo-Base-2407,zsm_Latn,0.8733333333333333,0.036599162578998756,0.6232395803766406,,7.287263587861631,Austronesian,Latn,1.3803882352941177,0.5109780439121756,0.6166666666666667,0.5638223552894212
Mistral-Nemo-Base-2407,tha_Thai,0.8366666666666667,-0.009139875466066334,0.6232395803766406,,10.196379987855126,Tai-Kadai,other,5.162605882352942,,0.57,0.57
Mistral-Nemo-Base-2407,zho_Hans,0.8966666666666666,-0.00847361709521146,0.6232395803766406,,11.356131798505956,Sino-Tibetan,other,4.402152941176471,0.5376146788990825,0.7677777777777778,0.6526962283384301
Mistral-Nemo-Base-2407,jpn_Jpan,0.8033333333333333,-0.015088471569583982,0.6232395803766406,,11.032916144087627,other,other,5.0625647058823535,0.6027944111776448,0.6488888888888888,0.6258416500332669
Mistral-Nemo-Base-2407,kor_Hang,0.8633333333333333,0.0120562079909852,0.6232395803766406,,10.393846195528992,other,other,5.392352941176471,0.538,0.6444444444444445,0.5912222222222223
Mistral-Nemo-Base-2407,fin_Latn,0.8,0.003341931792126097,0.6232395803766406,,10.461273505456898,Uralic,Latn,1.6468823529411765,0.4283121597096189,0.5888888888888889,0.508600524299254
Mistral-Nemo-Base-2407,hun_Latn,0.8566666666666667,0.013833089193092646,0.6232395803766406,,10.637669631397417,Uralic,Latn,1.797864705882353,0.4254545454545455,0.6255555555555555,0.5255050505050505
Mistral-Nemo-Base-2407,est_Latn,0.7533333333333333,-0.030427665985742054,0.6232395803766406,,9.944761723531126,Uralic,Latn,1.6741529411764706,0.4375,0.5488888888888889,0.49319444444444444
Mistral-Nemo-Base-2407,kat_Geor,0.7666666666666667,0.00579693434950858,0.6232395803766406,,9.417907523376437,other,other,6.757517647058824,0.558,0.5466666666666666,0.5523333333333333
Mistral-Nemo-Base-2407,amh_Ethi,0.013333333333333334,-0.1464787423443911,0.6232395803766406,,8.5541337799261,Afro-Asiatic,other,9.0556,,0.2677777777777778,0.2677777777777778
Mistral-Nemo-Base-2407,swh_Latn,0.5333333333333333,-0.03183357268954379,0.6232395803766406,,7.487255902011655,Atlantic-Congo,Latn,1.6242705882352941,,0.4166666666666667,0.4166666666666667
Mistral-Nemo-Base-2407,yor_Latn,0.03,-0.1595269991569692,0.6232395803766406,,4.632892380992985,Atlantic-Congo,Latn,2.822870588235294,,0.29,0.29
Mistral-Nemo-Base-2407,khm_Khmr,0.04,-0.12690086331134587,0.6232395803766406,,8.873125289337338,other,other,7.467370588235294,,0.26222222222222225,0.26222222222222225
Mistral-Nemo-Base-2407,mya_Mymr,0.03666666666666667,-0.11547153388300936,0.6232395803766406,,8.94576714414124,Sino-Tibetan,other,9.286835294117648,,0.4488888888888889,0.4488888888888889
OLMo-2-1124-13B,deu_Latn,0.9466666666666667,0.05533070055750945,0.2595712882531527,,11.552705133249123,Indo-European,Latn,1.3225588235294117,0.41007194244604317,0.5666666666666667,0.4883693045563549
OLMo-2-1124-13B,fra_Latn,0.9,0.01244077101304149,0.2595712882531527,,11.504243358607456,Indo-European,Latn,1.2537352941176472,0.5059665871121718,0.6144444444444445,0.5602055157783081
OLMo-2-1124-13B,spa_Latn,0.9466666666666667,0.06074273743964615,0.2595712882531527,,11.572692346038526,Indo-European,Latn,1.2007941176470587,0.48545454545454547,0.6377777777777778,0.5616161616161617
OLMo-2-1124-13B,por_Latn,0.95,0.06710985486949093,0.2595712882531527,,11.136535917638877,Indo-European,Latn,1.2411764705882353,0.4863883847549909,0.66,0.5731941923774955
OLMo-2-1124-13B,ita_Latn,0.9433333333333334,0.06021842315721986,0.2595712882531527,,11.218657350111846,Indo-European,Latn,1.2658764705882353,0.5547445255474452,0.5877777777777777,0.5712611516626115
OLMo-2-1124-13B,nld_Latn,0.8866666666666667,0.03671692511660491,0.2595712882531527,,10.903264809073452,Indo-European,Latn,1.3371529411764707,0.4791288566243194,0.5388888888888889,0.5090088727566041
OLMo-2-1124-13B,swe_Latn,0.88,0.03624331746209586,0.2595712882531527,,10.585304823582218,Indo-European,Latn,1.4709764705882353,,0.5322222222222223,0.5322222222222223
OLMo-2-1124-13B,pol_Latn,0.74,-0.0034226830438135025,0.2595712882531527,,11.069183544489329,Balto-Slavic,Latn,1.8035588235294118,0.31386861313868614,0.4677777777777778,0.39082319545823196
OLMo-2-1124-13B,ces_Latn,0.78,-0.00016697161606342298,0.2595712882531527,,10.755192300065602,Balto-Slavic,Latn,1.9043941176470587,,0.4488888888888889,0.4488888888888889
OLMo-2-1124-13B,ron_Latn,0.91,0.02519196059777183,0.2595712882531527,,10.598220789235437,Indo-European,Latn,1.5607,,0.5066666666666667,0.5066666666666667
OLMo-2-1124-13B,rus_Cyrl,0.8566666666666667,0.005061485079670875,0.2595712882531527,,11.867586387163913,Balto-Slavic,Cyrl,1.9942470588235295,0.43478260869565216,0.5355555555555556,0.48516908212560383
OLMo-2-1124-13B,ukr_Cyrl,0.81,0.0046648932550805685,0.2595712882531527,,10.582360317494818,Balto-Slavic,Cyrl,2.340729411764706,0.43454545454545457,0.4266666666666667,0.43060606060606066
OLMo-2-1124-13B,bul_Cyrl,0.71,-0.071060587556804,0.2595712882531527,,10.360175858097726,Balto-Slavic,Cyrl,2.0901764705882355,0.3890909090909091,0.45222222222222225,0.4206565656565657
OLMo-2-1124-13B,ell_Grek,0.5833333333333334,-0.07416596926068761,0.2595712882531527,,10.634956550916772,Indo-European,other,3.2260705882352942,0.3170289855072464,0.42777777777777776,0.3724033816425121
OLMo-2-1124-13B,tur_Latn,0.5933333333333334,-0.014541714206105531,0.2595712882531527,,10.808162253319553,Turkic,Latn,1.7084764705882354,0.3302919708029197,0.4266666666666667,0.37847931873479324
OLMo-2-1124-13B,arb_Arab,0.8333333333333334,-0.004595793019732972,0.2595712882531527,,10.841073612355865,Afro-Asiatic,Arab,3.117952941176471,0.391304347826087,0.44333333333333336,0.41731884057971014
OLMo-2-1124-13B,heb_Hebr,0.7266666666666667,-0.002216359510430013,0.2595712882531527,,9.693476506485494,Afro-Asiatic,other,4.055217647058823,0.4763636363636364,0.3811111111111111,0.42873737373737375
OLMo-2-1124-13B,pes_Arab,0.7666666666666667,-0.009013175467018554,0.2595712882531527,,10.662263375070816,Indo-European,Arab,3.4424411764705884,0.36678832116788324,0.45444444444444443,0.41061638280616386
OLMo-2-1124-13B,hin_Deva,0.69,-0.0194938853501546,0.2595712882531527,,10.225085947081105,Indo-European,Deva,4.760605882352941,0.37842778793418647,0.35777777777777775,0.3681027828559821
OLMo-2-1124-13B,ben_Beng,0.5166666666666667,-0.03362661087098907,0.2595712882531527,,9.981044874347496,Indo-European,other,6.026417647058824,0.32116788321167883,0.3233333333333333,0.32225060827250607
OLMo-2-1124-13B,tam_Taml,0.29333333333333333,-0.058327493561429966,0.2595712882531527,,9.641283555217916,Dravidian,other,6.100917647058823,0.29454545454545455,0.3288888888888889,0.3117171717171717
OLMo-2-1124-13B,tel_Telu,0.16,-0.06647653544316309,0.2595712882531527,,9.195061276656201,Dravidian,other,7.609270588235294,0.29744525547445255,0.2544444444444444,0.27594484995944846
OLMo-2-1124-13B,mar_Deva,0.5166666666666667,-0.025002027296077037,0.2595712882531527,,9.291197362643686,Indo-European,Deva,5.015682352941177,,0.32555555555555554,0.32555555555555554
OLMo-2-1124-13B,urd_Arab,0.5633333333333334,-0.02692213995985798,0.2595712882531527,,9.431854501264098,Indo-European,Arab,3.964352941176471,0.3522727272727273,0.36777777777777776,0.3600252525252525
OLMo-2-1124-13B,vie_Latn,0.79,0.007658598833660242,0.2595712882531527,,10.743353922054286,other,Latn,2.1605588235294118,0.34363636363636363,0.47333333333333333,0.40848484848484845
OLMo-2-1124-13B,ind_Latn,0.93,0.05410388326281869,0.2595712882531527,,10.081454105942349,Austronesian,Latn,1.3422529411764705,0.48727272727272725,0.5311111111111111,0.5091919191919192
OLMo-2-1124-13B,zsm_Latn,0.9133333333333333,0.04635609637531683,0.2595712882531527,,7.287263587861631,Austronesian,Latn,1.3803882352941177,0.43912175648702595,0.5355555555555556,0.4873386560212908
OLMo-2-1124-13B,tha_Thai,0.62,-0.007761245167526869,0.2595712882531527,,10.196379987855126,Tai-Kadai,other,5.162605882352942,,0.3433333333333333,0.3433333333333333
OLMo-2-1124-13B,zho_Hans,0.88,0.012010327400531894,0.2595712882531527,,11.356131798505956,Sino-Tibetan,other,4.402152941176471,0.42385321100917434,0.6188888888888889,0.5213710499490316
OLMo-2-1124-13B,jpn_Jpan,0.79,-0.004873545564361658,0.2595712882531527,,11.032916144087627,other,other,5.0625647058823535,0.41916167664670656,0.42777777777777776,0.4234697272122422
OLMo-2-1124-13B,kor_Hang,0.6166666666666667,-0.04295522036076146,0.2595712882531527,,10.393846195528992,other,other,5.392352941176471,0.376,0.4677777777777778,0.42188888888888887
OLMo-2-1124-13B,fin_Latn,0.84,0.01149339019025294,0.2595712882531527,,10.461273505456898,Uralic,Latn,1.6468823529411765,0.3666061705989111,0.45,0.4083030852994556
OLMo-2-1124-13B,hun_Latn,0.5533333333333333,-0.025092442793474706,0.2595712882531527,,10.637669631397417,Uralic,Latn,1.797864705882353,0.27454545454545454,0.38555555555555554,0.33005050505050504
OLMo-2-1124-13B,est_Latn,0.44666666666666666,-0.06057998616747135,0.2595712882531527,,9.944761723531126,Uralic,Latn,1.6741529411764706,0.3169642857142857,0.3333333333333333,0.32514880952380953
OLMo-2-1124-13B,kat_Geor,0.02,-0.08342894996013171,0.2595712882531527,,9.417907523376437,other,other,6.757517647058824,0.27,0.2866666666666667,0.2783333333333333
OLMo-2-1124-13B,amh_Ethi,0.02,-0.07430649747671982,0.2595712882531527,,8.5541337799261,Afro-Asiatic,other,9.0556,,0.2877777777777778,0.2877777777777778
OLMo-2-1124-13B,swh_Latn,0.4666666666666667,-0.022012780697242794,0.2595712882531527,,7.487255902011655,Atlantic-Congo,Latn,1.6242705882352941,,0.33111111111111113,0.33111111111111113
OLMo-2-1124-13B,yor_Latn,0.056666666666666664,-0.07057637406091115,0.2595712882531527,,4.632892380992985,Atlantic-Congo,Latn,2.822870588235294,,0.29555555555555557,0.29555555555555557
OLMo-2-1124-13B,khm_Khmr,0.21333333333333335,-0.03620831067089626,0.2595712882531527,,8.873125289337338,other,other,7.467370588235294,,0.2688888888888889,0.2688888888888889
OLMo-2-1124-13B,mya_Mymr,0.006666666666666667,-0.06728499647243934,0.2595712882531527,,8.94576714414124,Sino-Tibetan,other,9.286835294117648,,0.24,0.24
Qwen2.5-0.5B,deu_Latn,0.8866666666666667,0.02508112730774589,0.371361027328298,,11.552705133249123,Indo-European,Latn,1.3225588235294117,0.2949640287769784,0.32555555555555554,0.310259792166267
Qwen2.5-0.5B,fra_Latn,0.86,-0.015251880768511345,0.371361027328298,,11.504243358607456,Indo-European,Latn,1.2537352941176472,0.3818615751789976,0.3844444444444444,0.383153009811721
Qwen2.5-0.5B,spa_Latn,0.93,0.02075620868709606,0.371361027328298,,11.572692346038526,Indo-European,Latn,1.2007941176470587,0.4309090909090909,0.35888888888888887,0.39489898989898986
Qwen2.5-0.5B,por_Latn,0.9266666666666666,0.025518116239830982,0.371361027328298,,11.136535917638877,Indo-European,Latn,1.2411764705882353,0.40653357531760437,0.3688888888888889,0.38771123210324665
Qwen2.5-0.5B,ita_Latn,0.89,0.020014865138750938,0.371361027328298,,11.218657350111846,Indo-European,Latn,1.2658764705882353,0.4032846715328467,0.3233333333333333,0.36330900243309
Qwen2.5-0.5B,nld_Latn,0.74,0.0054335773340433565,0.371361027328298,,10.903264809073452,Indo-European,Latn,1.3371529411764707,0.3430127041742287,0.31666666666666665,0.32983968542044767
Qwen2.5-0.5B,swe_Latn,0.6266666666666667,-0.07696959920908553,0.371361027328298,,10.585304823582218,Indo-European,Latn,1.4709764705882353,,0.31,0.31
Qwen2.5-0.5B,pol_Latn,0.5,-0.07361829846122434,0.371361027328298,,11.069183544489329,Balto-Slavic,Latn,1.8035588235294118,0.33394160583941607,0.31777777777777777,0.3258596918085969
Qwen2.5-0.5B,ces_Latn,0.49666666666666665,-0.061766309215476385,0.371361027328298,,10.755192300065602,Balto-Slavic,Latn,1.9043941176470587,,0.29888888888888887,0.29888888888888887
Qwen2.5-0.5B,ron_Latn,0.5833333333333334,-0.05398192474725416,0.371361027328298,,10.598220789235437,Indo-European,Latn,1.5607,,0.31222222222222223,0.31222222222222223
Qwen2.5-0.5B,rus_Cyrl,0.74,-0.06868757012661443,0.371361027328298,,11.867586387163913,Balto-Slavic,Cyrl,1.9942470588235295,0.42028985507246375,0.38222222222222224,0.401256038647343
Qwen2.5-0.5B,ukr_Cyrl,0.46,-0.0736822084716933,0.371361027328298,,10.582360317494818,Balto-Slavic,Cyrl,2.340729411764706,0.4109090909090909,0.32222222222222224,0.36656565656565654
Qwen2.5-0.5B,bul_Cyrl,0.34,-0.07241654096344662,0.371361027328298,,10.360175858097726,Balto-Slavic,Cyrl,2.0901764705882355,0.28545454545454546,0.3188888888888889,0.3021717171717172
Qwen2.5-0.5B,ell_Grek,0.03666666666666667,-0.19201182635504985,0.371361027328298,,10.634956550916772,Indo-European,other,3.2260705882352942,0.27898550724637683,0.28,0.27949275362318843
Qwen2.5-0.5B,tur_Latn,0.29333333333333333,-0.10565862699033307,0.371361027328298,,10.808162253319553,Turkic,Latn,1.7084764705882354,0.32299270072992703,0.29,0.3064963503649635
Qwen2.5-0.5B,arb_Arab,0.7366666666666667,-0.0538403390093205,0.371361027328298,,10.841073612355865,Afro-Asiatic,Arab,3.117952941176471,0.3641304347826087,0.3055555555555556,0.3348429951690821
Qwen2.5-0.5B,heb_Hebr,0.48333333333333334,-0.0931673638788793,0.371361027328298,,9.693476506485494,Afro-Asiatic,other,4.055217647058823,0.4490909090909091,0.2822222222222222,0.3656565656565657
Qwen2.5-0.5B,pes_Arab,0.21,-0.11223582443810257,0.371361027328298,,10.662263375070816,Indo-European,Arab,3.4424411764705884,0.2937956204379562,0.2788888888888889,0.28634225466342256
Qwen2.5-0.5B,hin_Deva,0.03666666666666667,-0.1713088314743523,0.371361027328298,,10.225085947081105,Indo-European,Deva,4.760605882352941,0.3235831809872029,0.2866666666666667,0.3051249238269348
Qwen2.5-0.5B,ben_Beng,0.016666666666666666,-0.1753029068677781,0.371361027328298,,9.981044874347496,Indo-European,other,6.026417647058824,0.3375912408759124,0.24222222222222223,0.2899067315490673
Qwen2.5-0.5B,tam_Taml,0.013333333333333334,-0.18524959551100637,0.371361027328298,,9.641283555217916,Dravidian,other,6.100917647058823,0.28909090909090907,0.23222222222222222,0.26065656565656564
Qwen2.5-0.5B,tel_Telu,0.006666666666666667,-0.22266687843099173,0.371361027328298,,9.195061276656201,Dravidian,other,7.609270588235294,0.2664233576642336,0.2311111111111111,0.24876723438767234
Qwen2.5-0.5B,mar_Deva,0.016666666666666666,-0.19933133517198345,0.371361027328298,,9.291197362643686,Indo-European,Deva,5.015682352941177,,0.24666666666666667,0.24666666666666667
Qwen2.5-0.5B,urd_Arab,0.03,-0.1677106526564423,0.371361027328298,,9.431854501264098,Indo-European,Arab,3.964352941176471,0.32670454545454547,0.23333333333333334,0.2800189393939394
Qwen2.5-0.5B,vie_Latn,0.8833333333333333,0.01147218625201448,0.371361027328298,,10.743353922054286,other,Latn,2.1605588235294118,0.38,0.33444444444444443,0.3572222222222222
Qwen2.5-0.5B,ind_Latn,0.84,0.0409627355361507,0.371361027328298,,10.081454105942349,Austronesian,Latn,1.3422529411764705,0.4109090909090909,0.3511111111111111,0.381010101010101
Qwen2.5-0.5B,zsm_Latn,0.7266666666666667,-0.009150552527098652,0.371361027328298,,7.287263587861631,Austronesian,Latn,1.3803882352941177,0.33532934131736525,0.33,0.33266467065868266
Qwen2.5-0.5B,tha_Thai,0.56,-0.0766366725937535,0.371361027328298,,10.196379987855126,Tai-Kadai,other,5.162605882352942,,0.31555555555555553,0.31555555555555553
Qwen2.5-0.5B,zho_Hans,0.89,-0.04436168060967849,0.371361027328298,,11.356131798505956,Sino-Tibetan,other,4.402152941176471,0.5357798165137615,0.44555555555555554,0.4906676860346585
Qwen2.5-0.5B,jpn_Jpan,0.7166666666666667,-0.06994277645948652,0.371361027328298,,11.032916144087627,other,other,5.0625647058823535,0.3912175648702595,0.3466666666666667,0.3689421157684631
Qwen2.5-0.5B,kor_Hang,0.6,-0.04316146706129628,0.371361027328298,,10.393846195528992,other,other,5.392352941176471,0.412,0.35555555555555557,0.3837777777777778
Qwen2.5-0.5B,fin_Latn,0.08666666666666667,-0.16521791712407977,0.371361027328298,,10.461273505456898,Uralic,Latn,1.6468823529411765,0.294010889292196,0.2544444444444444,0.27422766686832023
Qwen2.5-0.5B,hun_Latn,0.04666666666666667,-0.15902652879278756,0.371361027328298,,10.637669631397417,Uralic,Latn,1.797864705882353,0.26545454545454544,0.24888888888888888,0.25717171717171716
Qwen2.5-0.5B,est_Latn,0.043333333333333335,-0.21512297272183012,0.371361027328298,,9.944761723531126,Uralic,Latn,1.6741529411764706,0.33482142857142855,0.2611111111111111,0.29796626984126984
Qwen2.5-0.5B,kat_Geor,0.01,-0.18366853620039902,0.371361027328298,,9.417907523376437,other,other,6.757517647058824,0.328,0.24555555555555555,0.2867777777777778
Qwen2.5-0.5B,amh_Ethi,0.01,-0.1763768731786864,0.371361027328298,,8.5541337799261,Afro-Asiatic,other,9.0556,,0.2544444444444444,0.2544444444444444
Qwen2.5-0.5B,swh_Latn,0.03666666666666667,-0.18009941639100532,0.371361027328298,,7.487255902011655,Atlantic-Congo,Latn,1.6242705882352941,,0.22444444444444445,0.22444444444444445
Qwen2.5-0.5B,yor_Latn,0.013333333333333334,-0.2000535802739067,0.371361027328298,,4.632892380992985,Atlantic-Congo,Latn,2.822870588235294,,0.2311111111111111,0.2311111111111111
Qwen2.5-0.5B,khm_Khmr,0.02,-0.17954110827048586,0.371361027328298,,8.873125289337338,other,other,7.467370588235294,,0.23666666666666666,0.23666666666666666
Qwen2.5-0.5B,mya_Mymr,0.0033333333333333335,-0.20681808498367196,0.371361027328298,,8.94576714414124,Sino-Tibetan,other,9.286835294117648,,0.23222222222222222,0.23222222222222222
Qwen2.5-1.5B,deu_Latn,0.5166666666666667,-0.07013150356797146,0.47939638677690943,,11.552705133249123,Indo-European,Latn,1.3225588235294117,0.4028776978417266,0.6233333333333333,0.5131055155875299
Qwen2.5-1.5B,fra_Latn,0.5733333333333334,-0.07285748051101203,0.47939638677690943,,11.504243358607456,Indo-European,Latn,1.2537352941176472,0.5011933174224343,0.63,0.5655966587112171
Qwen2.5-1.5B,spa_Latn,0.64,-0.04077973021287653,0.47939638677690943,,11.572692346038526,Indo-European,Latn,1.2007941176470587,0.5490909090909091,0.5988888888888889,0.573989898989899
Qwen2.5-1.5B,por_Latn,0.6166666666666667,-0.035524797602171025,0.47939638677690943,,11.136535917638877,Indo-European,Latn,1.2411764705882353,0.47368421052631576,0.6322222222222222,0.552953216374269
Qwen2.5-1.5B,ita_Latn,0.5833333333333334,-0.06689051522812944,0.47939638677690943,,11.218657350111846,Indo-European,Latn,1.2658764705882353,0.5821167883211679,0.6188888888888889,0.6005028386050284
Qwen2.5-1.5B,nld_Latn,0.5133333333333333,-0.0739939170116446,0.47939638677690943,,10.903264809073452,Indo-European,Latn,1.3371529411764707,0.4519056261343013,0.5977777777777777,0.5248417019560395
Qwen2.5-1.5B,swe_Latn,0.4866666666666667,-0.09319833931706374,0.47939638677690943,,10.585304823582218,Indo-European,Latn,1.4709764705882353,,0.5944444444444444,0.5944444444444444
Qwen2.5-1.5B,pol_Latn,0.23333333333333334,-0.21586650018048104,0.47939638677690943,,11.069183544489329,Balto-Slavic,Latn,1.8035588235294118,0.3978102189781022,0.5544444444444444,0.4761273317112733
Qwen2.5-1.5B,ces_Latn,0.23666666666666666,-0.18756940054514618,0.47939638677690943,,10.755192300065602,Balto-Slavic,Latn,1.9043941176470587,,0.55,0.55
Qwen2.5-1.5B,ron_Latn,0.33,-0.17163294535025161,0.47939638677690943,,10.598220789235437,Indo-European,Latn,1.5607,,0.5222222222222223,0.5222222222222223
Qwen2.5-1.5B,rus_Cyrl,0.3333333333333333,-0.1480873700186546,0.47939638677690943,,11.867586387163913,Balto-Slavic,Cyrl,1.9942470588235295,0.5,0.6255555555555555,0.5627777777777778
Qwen2.5-1.5B,ukr_Cyrl,0.17,-0.2501437149843211,0.47939638677690943,,10.582360317494818,Balto-Slavic,Cyrl,2.340729411764706,0.45454545454545453,0.5088888888888888,0.48171717171717165
Qwen2.5-1.5B,bul_Cyrl,0.15666666666666668,-0.24279794376934924,0.47939638677690943,,10.360175858097726,Balto-Slavic,Cyrl,2.0901764705882355,0.41454545454545455,0.5088888888888888,0.4617171717171717
Qwen2.5-1.5B,ell_Grek,0.016666666666666666,-0.6017471567120475,0.47939638677690943,,10.634956550916772,Indo-European,other,3.2260705882352942,0.3695652173913043,0.4411111111111111,0.4053381642512077
Qwen2.5-1.5B,tur_Latn,0.23666666666666666,-0.15022690277771508,0.47939638677690943,,10.808162253319553,Turkic,Latn,1.7084764705882354,0.354014598540146,0.46555555555555556,0.4097850770478508
Qwen2.5-1.5B,arb_Arab,0.33,-0.1176703603710773,0.47939638677690943,,10.841073612355865,Afro-Asiatic,Arab,3.117952941176471,0.42934782608695654,0.5366666666666666,0.4830072463768116
Qwen2.5-1.5B,heb_Hebr,0.23333333333333334,-0.16093232460188306,0.47939638677690943,,9.693476506485494,Afro-Asiatic,other,4.055217647058823,0.5018181818181818,0.4688888888888889,0.48535353535353537
Qwen2.5-1.5B,pes_Arab,0.06,-0.33180541469729624,0.47939638677690943,,10.662263375070816,Indo-European,Arab,3.4424411764705884,0.38503649635036497,0.45,0.41751824817518246
Qwen2.5-1.5B,hin_Deva,0.01,-0.5640824385854352,0.47939638677690943,,10.225085947081105,Indo-European,Deva,4.760605882352941,0.3491773308957952,0.4211111111111111,0.38514422100345314
Qwen2.5-1.5B,ben_Beng,0.01,-0.5750145790188774,0.47939638677690943,,9.981044874347496,Indo-European,other,6.026417647058824,0.35766423357664234,0.3811111111111111,0.3693876723438767
Qwen2.5-1.5B,tam_Taml,0.01,-0.5445004814885588,0.47939638677690943,,9.641283555217916,Dravidian,other,6.100917647058823,0.26181818181818184,0.3111111111111111,0.2864646464646465
Qwen2.5-1.5B,tel_Telu,0.006666666666666667,-0.5095215385519348,0.47939638677690943,,9.195061276656201,Dravidian,other,7.609270588235294,0.2937956204379562,0.2833333333333333,0.2885644768856448
Qwen2.5-1.5B,mar_Deva,0.01,-0.49902285622527703,0.47939638677690943,,9.291197362643686,Indo-European,Deva,5.015682352941177,,0.3388888888888889,0.3388888888888889
Qwen2.5-1.5B,urd_Arab,0.01,-0.4696688742357678,0.47939638677690943,,9.431854501264098,Indo-European,Arab,3.964352941176471,0.3380681818181818,0.37666666666666665,0.35736742424242424
Qwen2.5-1.5B,vie_Latn,0.5433333333333333,-0.05630689374597656,0.47939638677690943,,10.743353922054286,other,Latn,2.1605588235294118,0.45636363636363636,0.5944444444444444,0.5254040404040404
Qwen2.5-1.5B,ind_Latn,0.49,-0.053973121534891505,0.47939638677690943,,10.081454105942349,Austronesian,Latn,1.3422529411764705,0.5272727272727272,0.5455555555555556,0.5364141414141415
Qwen2.5-1.5B,zsm_Latn,0.42,-0.10225918360513998,0.47939638677690943,,7.287263587861631,Austronesian,Latn,1.3803882352941177,0.4031936127744511,0.5422222222222223,0.4727079174983367
Qwen2.5-1.5B,tha_Thai,0.21333333333333335,-0.27375360499734247,0.47939638677690943,,10.196379987855126,Tai-Kadai,other,5.162605882352942,,0.5544444444444444,0.5544444444444444
Qwen2.5-1.5B,zho_Hans,0.7066666666666667,-0.08014694670374849,0.47939638677690943,,11.356131798505956,Sino-Tibetan,other,4.402152941176471,0.689908256880734,0.7011111111111111,0.6955096839959225
Qwen2.5-1.5B,jpn_Jpan,0.38333333333333336,-0.09336473014138608,0.47939638677690943,,11.032916144087627,other,other,5.0625647058823535,0.5469061876247505,0.5255555555555556,0.536230871590153
Qwen2.5-1.5B,kor_Hang,0.26,-0.10635070503233389,0.47939638677690943,,10.393846195528992,other,other,5.392352941176471,0.55,0.5577777777777778,0.5538888888888889
Qwen2.5-1.5B,fin_Latn,0.10666666666666667,-0.21583061886054214,0.47939638677690943,,10.461273505456898,Uralic,Latn,1.6468823529411765,0.3411978221415608,0.4222222222222222,0.38171002218189154
Qwen2.5-1.5B,hun_Latn,0.056666666666666664,-0.27701026310482163,0.47939638677690943,,10.637669631397417,Uralic,Latn,1.797864705882353,0.2781818181818182,0.4111111111111111,0.34464646464646465
Qwen2.5-1.5B,est_Latn,0.08,-0.2561466001306366,0.47939638677690943,,9.944761723531126,Uralic,Latn,1.6741529411764706,0.32142857142857145,0.37555555555555553,0.3484920634920635
Qwen2.5-1.5B,kat_Geor,0.006666666666666667,-0.5545670436190228,0.47939638677690943,,9.417907523376437,other,other,6.757517647058824,0.294,0.3211111111111111,0.3075555555555556
Qwen2.5-1.5B,amh_Ethi,0.006666666666666667,-0.4701786402671238,0.47939638677690943,,8.5541337799261,Afro-Asiatic,other,9.0556,,0.2722222222222222,0.2722222222222222
Qwen2.5-1.5B,swh_Latn,0.02666666666666667,-0.21693195532121884,0.47939638677690943,,7.487255902011655,Atlantic-Congo,Latn,1.6242705882352941,,0.31777777777777777,0.31777777777777777
Qwen2.5-1.5B,yor_Latn,0.01,-0.40312570939800946,0.47939638677690943,,4.632892380992985,Atlantic-Congo,Latn,2.822870588235294,,0.26555555555555554,0.26555555555555554
Qwen2.5-1.5B,khm_Khmr,0.013333333333333334,-0.49952035024111974,0.47939638677690943,,8.873125289337338,other,other,7.467370588235294,,0.29777777777777775,0.29777777777777775
Qwen2.5-1.5B,mya_Mymr,0.0033333333333333335,-0.5027254288948239,0.47939638677690943,,8.94576714414124,Sino-Tibetan,other,9.286835294117648,,0.27555555555555555,0.27555555555555555
Qwen2.5-3B,deu_Latn,0.97,0.07631961688166886,0.46086285924504133,,11.552705133249123,Indo-European,Latn,1.3225588235294117,0.460431654676259,0.7577777777777778,0.6091047162270185
Qwen2.5-3B,fra_Latn,0.9633333333333334,0.025629629948495113,0.46086285924504133,,11.504243358607456,Indo-European,Latn,1.2537352941176472,0.548926014319809,0.7488888888888889,0.6489074516043489
Qwen2.5-3B,spa_Latn,0.9933333333333333,0.06723936837171815,0.46086285924504133,,11.572692346038526,Indo-European,Latn,1.2007941176470587,0.5836363636363636,0.7466666666666667,0.6651515151515152
Qwen2.5-3B,por_Latn,0.9866666666666667,0.07816675972189445,0.46086285924504133,,11.136535917638877,Indo-European,Latn,1.2411764705882353,0.5535390199637024,0.7411111111111112,0.6473250655374068
Qwen2.5-3B,ita_Latn,0.98,0.08760677662055433,0.46086285924504133,,11.218657350111846,Indo-European,Latn,1.2658764705882353,0.6021897810218978,0.7422222222222222,0.67220600162206
Qwen2.5-3B,nld_Latn,0.9633333333333334,0.06776487601110101,0.46086285924504133,,10.903264809073452,Indo-European,Latn,1.3371529411764707,0.5444646098003629,0.6855555555555556,0.6150100826779592
Qwen2.5-3B,swe_Latn,0.9266666666666666,0.032580303478256106,0.46086285924504133,,10.585304823582218,Indo-European,Latn,1.4709764705882353,,0.69,0.69
Qwen2.5-3B,pol_Latn,0.8866666666666667,0.016534908498665693,0.46086285924504133,,11.069183544489329,Balto-Slavic,Latn,1.8035588235294118,0.4562043795620438,0.6722222222222223,0.5642133008921331
Qwen2.5-3B,ces_Latn,0.92,0.030382339567307595,0.46086285924504133,,10.755192300065602,Balto-Slavic,Latn,1.9043941176470587,,0.6777777777777778,0.6777777777777778
Qwen2.5-3B,ron_Latn,0.8433333333333334,0.02863891883885206,0.46086285924504133,,10.598220789235437,Indo-European,Latn,1.5607,,0.6544444444444445,0.6544444444444445
Qwen2.5-3B,rus_Cyrl,0.9133333333333333,-0.004381112316884415,0.46086285924504133,,11.867586387163913,Balto-Slavic,Cyrl,1.9942470588235295,0.5289855072463768,0.7588888888888888,0.6439371980676328
Qwen2.5-3B,ukr_Cyrl,0.8733333333333333,0.02266663390215371,0.46086285924504133,,10.582360317494818,Balto-Slavic,Cyrl,2.340729411764706,0.5672727272727273,0.6522222222222223,0.6097474747474747
Qwen2.5-3B,bul_Cyrl,0.8466666666666667,0.02302531663041914,0.46086285924504133,,10.360175858097726,Balto-Slavic,Cyrl,2.0901764705882355,0.5345454545454545,0.6488888888888888,0.5917171717171716
Qwen2.5-3B,ell_Grek,0.6133333333333333,-0.029031555499865483,0.46086285924504133,,10.634956550916772,Indo-European,other,3.2260705882352942,0.4057971014492754,0.5577777777777778,0.4817874396135266
Qwen2.5-3B,tur_Latn,0.8166666666666667,0.0022469034478747995,0.46086285924504133,,10.808162253319553,Turkic,Latn,1.7084764705882354,0.44525547445255476,0.6144444444444445,0.5298499594484996
Qwen2.5-3B,arb_Arab,0.9533333333333334,0.027290594005841218,0.46086285924504133,,10.841073612355865,Afro-Asiatic,Arab,3.117952941176471,0.5217391304347826,0.7066666666666667,0.6142028985507246
Qwen2.5-3B,heb_Hebr,0.84,0.02075946656516855,0.46086285924504133,,9.693476506485494,Afro-Asiatic,other,4.055217647058823,0.5836363636363636,0.6177777777777778,0.6007070707070707
Qwen2.5-3B,pes_Arab,0.76,-0.012282928489718266,0.46086285924504133,,10.662263375070816,Indo-European,Arab,3.4424411764705884,0.3886861313868613,0.5822222222222222,0.4854541768045417
Qwen2.5-3B,hin_Deva,0.5566666666666666,-0.040869393008786795,0.46086285924504133,,10.225085947081105,Indo-European,Deva,4.760605882352941,0.42047531992687387,0.4866666666666667,0.4535709932967703
Qwen2.5-3B,ben_Beng,0.47,-0.042571843089347056,0.46086285924504133,,9.981044874347496,Indo-European,other,6.026417647058824,0.39233576642335766,0.49444444444444446,0.44339010543390106
Qwen2.5-3B,tam_Taml,0.07333333333333333,-0.11778845546698465,0.46086285924504133,,9.641283555217916,Dravidian,other,6.100917647058823,0.31272727272727274,0.41,0.36136363636363633
Qwen2.5-3B,tel_Telu,0.03666666666666667,-0.11447308817001055,0.46086285924504133,,9.195061276656201,Dravidian,other,7.609270588235294,0.2755474452554745,0.34444444444444444,0.30999594484995946
Qwen2.5-3B,mar_Deva,0.14333333333333334,-0.09269222565620584,0.46086285924504133,,9.291197362643686,Indo-European,Deva,5.015682352941177,,0.42333333333333334,0.42333333333333334
Qwen2.5-3B,urd_Arab,0.46,-0.046539697452679975,0.46086285924504133,,9.431854501264098,Indo-European,Arab,3.964352941176471,0.3465909090909091,0.47444444444444445,0.4105176767676768
Qwen2.5-3B,vie_Latn,0.9733333333333334,0.04186968465726181,0.46086285924504133,,10.743353922054286,other,Latn,2.1605588235294118,0.5363636363636364,0.7133333333333334,0.6248484848484849
Qwen2.5-3B,ind_Latn,0.9866666666666667,0.08372164415085145,0.46086285924504133,,10.081454105942349,Austronesian,Latn,1.3422529411764705,0.5836363636363636,0.6844444444444444,0.634040404040404
Qwen2.5-3B,zsm_Latn,0.9466666666666667,0.05481902932888653,0.46086285924504133,,7.287263587861631,Austronesian,Latn,1.3803882352941177,0.4810379241516966,0.6766666666666666,0.5788522954091816
Qwen2.5-3B,tha_Thai,0.9266666666666666,0.022575971742254432,0.46086285924504133,,10.196379987855126,Tai-Kadai,other,5.162605882352942,,0.6766666666666666,0.6766666666666666
Qwen2.5-3B,zho_Hans,0.9433333333333334,0.0079649802657639,0.46086285924504133,,11.356131798505956,Sino-Tibetan,other,4.402152941176471,0.7155963302752294,0.8122222222222222,0.7639092762487258
Qwen2.5-3B,jpn_Jpan,0.9366666666666666,0.009778904905701057,0.46086285924504133,,11.032916144087627,other,other,5.0625647058823535,0.626746506986028,0.7077777777777777,0.6672621423819028
Qwen2.5-3B,kor_Hang,0.91,0.0177709708050817,0.46086285924504133,,10.393846195528992,other,other,5.392352941176471,0.574,0.7011111111111111,0.6375555555555555
Qwen2.5-3B,fin_Latn,0.5833333333333334,-0.03945565159400179,0.46086285924504133,,10.461273505456898,Uralic,Latn,1.6468823529411765,0.38656987295825773,0.5366666666666666,0.4616182698124622
Qwen2.5-3B,hun_Latn,0.49333333333333335,-0.06447695592006272,0.46086285924504133,,10.637669631397417,Uralic,Latn,1.797864705882353,0.3327272727272727,0.5022222222222222,0.41747474747474744
Qwen2.5-3B,est_Latn,0.45,-0.09427101914818778,0.46086285924504133,,9.944761723531126,Uralic,Latn,1.6741529411764706,0.33035714285714285,0.44666666666666666,0.3885119047619048
Qwen2.5-3B,kat_Geor,0.06,-0.09129563481848174,0.46086285924504133,,9.417907523376437,other,other,6.757517647058824,0.338,0.4011111111111111,0.3695555555555555
Qwen2.5-3B,amh_Ethi,0.016666666666666666,-0.13547671428729363,0.46086285924504133,,8.5541337799261,Afro-Asiatic,other,9.0556,,0.3322222222222222,0.3322222222222222
Qwen2.5-3B,swh_Latn,0.09333333333333334,-0.10876318878687842,0.46086285924504133,,7.487255902011655,Atlantic-Congo,Latn,1.6242705882352941,,0.37,0.37
Qwen2.5-3B,yor_Latn,0.016666666666666666,-0.13990847665987113,0.46086285924504133,,4.632892380992985,Atlantic-Congo,Latn,2.822870588235294,,0.27555555555555555,0.27555555555555555
Qwen2.5-3B,khm_Khmr,0.08666666666666667,-0.10202925563816954,0.46086285924504133,,8.873125289337338,other,other,7.467370588235294,,0.36,0.36
Qwen2.5-3B,mya_Mymr,0.01,-0.13418424947205507,0.46086285924504133,,8.94576714414124,Sino-Tibetan,other,9.286835294117648,,0.33666666666666667,0.33666666666666667
Qwen2.5-7B,deu_Latn,0.9133333333333333,0.01007966255235396,0.49892019166589663,,11.552705133249123,Indo-European,Latn,1.3225588235294117,0.4676258992805755,0.8266666666666667,0.6471462829736211
Qwen2.5-7B,fra_Latn,0.8733333333333333,-0.02774091127939271,0.49892019166589663,,11.504243358607456,Indo-European,Latn,1.2537352941176472,0.6420047732696897,0.8422222222222222,0.742113497745956
Qwen2.5-7B,spa_Latn,0.9066666666666666,-0.02320259383820121,0.49892019166589663,,11.572692346038526,Indo-European,Latn,1.2007941176470587,0.7054545454545454,0.8311111111111111,0.7682828282828282
Qwen2.5-7B,por_Latn,0.8866666666666667,-0.03675041044633971,0.49892019166589663,,11.136535917638877,Indo-European,Latn,1.2411764705882353,0.6243194192377496,0.8511111111111112,0.7377152651744303
Qwen2.5-7B,ita_Latn,0.89,-0.04519704125564575,0.49892019166589663,,11.218657350111846,Indo-European,Latn,1.2658764705882353,0.7299270072992701,0.8377777777777777,0.7838523925385239
Qwen2.5-7B,nld_Latn,0.88,-0.040208660114519755,0.49892019166589663,,10.903264809073452,Indo-European,Latn,1.3371529411764707,0.6497277676950998,0.8088888888888889,0.7293083282919943
Qwen2.5-7B,swe_Latn,0.83,-0.07361121221904308,0.49892019166589663,,10.585304823582218,Indo-European,Latn,1.4709764705882353,,0.7877777777777778,0.7877777777777778
Qwen2.5-7B,pol_Latn,0.73,-0.06614257897381612,0.49892019166589663,,11.069183544489329,Balto-Slavic,Latn,1.8035588235294118,0.5456204379562044,0.7944444444444444,0.6700324412003245
Qwen2.5-7B,ces_Latn,0.77,-0.055122431806962566,0.49892019166589663,,10.755192300065602,Balto-Slavic,Latn,1.9043941176470587,,0.7844444444444445,0.7844444444444445
Qwen2.5-7B,ron_Latn,0.76,-0.043570941074330675,0.49892019166589663,,10.598220789235437,Indo-European,Latn,1.5607,,0.7744444444444445,0.7744444444444445
Qwen2.5-7B,rus_Cyrl,0.8266666666666667,-0.06235007056373311,0.49892019166589663,,11.867586387163913,Balto-Slavic,Cyrl,1.9942470588235295,0.6123188405797102,0.8233333333333334,0.7178260869565218
Qwen2.5-7B,ukr_Cyrl,0.7633333333333333,-0.02932365264194445,0.49892019166589663,,10.582360317494818,Balto-Slavic,Cyrl,2.340729411764706,0.6272727272727273,0.7888888888888889,0.7080808080808081
Qwen2.5-7B,bul_Cyrl,0.71,-0.0336636664770099,0.49892019166589663,,10.360175858097726,Balto-Slavic,Cyrl,2.0901764705882355,0.6672727272727272,0.7777777777777778,0.7225252525252526
Qwen2.5-7B,ell_Grek,0.5033333333333333,-0.11384004029828189,0.49892019166589663,,10.634956550916772,Indo-European,other,3.2260705882352942,0.48731884057971014,0.7377777777777778,0.6125483091787439
Qwen2.5-7B,tur_Latn,0.6833333333333333,-0.12556590523184222,0.49892019166589663,,10.808162253319553,Turkic,Latn,1.7084764705882354,0.5456204379562044,0.7322222222222222,0.6389213300892134
Qwen2.5-7B,arb_Arab,0.79,-0.04423340004617007,0.49892019166589663,,10.841073612355865,Afro-Asiatic,Arab,3.117952941176471,0.5815217391304348,0.8022222222222222,0.6918719806763285
Qwen2.5-7B,heb_Hebr,0.74,-0.0322461949290183,0.49892019166589663,,9.693476506485494,Afro-Asiatic,other,4.055217647058823,0.6545454545454545,0.7288888888888889,0.6917171717171717
Qwen2.5-7B,pes_Arab,0.6633333333333333,-0.03739090525579141,0.49892019166589663,,10.662263375070816,Indo-European,Arab,3.4424411764705884,0.458029197080292,0.7177777777777777,0.5879034874290349
Qwen2.5-7B,hin_Deva,0.4633333333333333,-0.09436672058992081,0.49892019166589663,,10.225085947081105,Indo-European,Deva,4.760605882352941,0.4990859232175503,0.64,0.5695429616087752
Qwen2.5-7B,ben_Beng,0.38,-0.10538975517191856,0.49892019166589663,,9.981044874347496,Indo-European,other,6.026417647058824,0.47992700729927007,0.64,0.5599635036496351
Qwen2.5-7B,tam_Taml,0.10666666666666667,-0.13324607407950795,0.49892019166589663,,9.641283555217916,Dravidian,other,6.100917647058823,0.3509090909090909,0.5088888888888888,0.4298989898989899
Qwen2.5-7B,tel_Telu,0.05333333333333334,-0.1431505363476989,0.49892019166589663,,9.195061276656201,Dravidian,other,7.609270588235294,0.3302919708029197,0.4177777777777778,0.37403487429034876
Qwen2.5-7B,mar_Deva,0.23,-0.11286709440965456,0.49892019166589663,,9.291197362643686,Indo-European,Deva,5.015682352941177,,0.5322222222222223,0.5322222222222223
Qwen2.5-7B,urd_Arab,0.43333333333333335,-0.04490438988403821,0.49892019166589663,,9.431854501264098,Indo-European,Arab,3.964352941176471,0.3693181818181818,0.6044444444444445,0.4868813131313131
Qwen2.5-7B,vie_Latn,0.8366666666666667,-0.04441629215971008,0.49892019166589663,,10.743353922054286,other,Latn,2.1605588235294118,0.5854545454545454,0.7833333333333333,0.6843939393939393
Qwen2.5-7B,ind_Latn,0.8666666666666667,-0.024980577533452522,0.49892019166589663,,10.081454105942349,Austronesian,Latn,1.3422529411764705,0.6581818181818182,0.7922222222222223,0.7252020202020202
Qwen2.5-7B,zsm_Latn,0.77,-0.08954140193289302,0.49892019166589663,,7.287263587861631,Austronesian,Latn,1.3803882352941177,0.5768463073852296,0.7755555555555556,0.6762009314703925
Qwen2.5-7B,tha_Thai,0.7533333333333333,-0.06061670801490087,0.49892019166589663,,10.196379987855126,Tai-Kadai,other,5.162605882352942,,0.7588888888888888,0.7588888888888888
Qwen2.5-7B,zho_Hans,0.8766666666666667,-0.061909017016189186,0.49892019166589663,,11.356131798505956,Sino-Tibetan,other,4.402152941176471,0.7926605504587156,0.8444444444444444,0.8185524974515801
Qwen2.5-7B,jpn_Jpan,0.8433333333333334,-0.02895666682941456,0.49892019166589663,,11.032916144087627,other,other,5.0625647058823535,0.7345309381237525,0.7688888888888888,0.7517099135063207
Qwen2.5-7B,kor_Hang,0.8033333333333333,-0.0635698407093511,0.49892019166589663,,10.393846195528992,other,other,5.392352941176471,0.65,0.7922222222222223,0.7211111111111111
Qwen2.5-7B,fin_Latn,0.5666666666666667,-0.14949562321623933,0.49892019166589663,,10.461273505456898,Uralic,Latn,1.6468823529411765,0.4827586206896552,0.6711111111111111,0.5769348659003831
Qwen2.5-7B,hun_Latn,0.4766666666666667,-0.12160281072355701,0.49892019166589663,,10.637669631397417,Uralic,Latn,1.797864705882353,0.38545454545454544,0.6677777777777778,0.5266161616161616
Qwen2.5-7B,est_Latn,0.5,-0.19341672491492673,0.49892019166589663,,9.944761723531126,Uralic,Latn,1.6741529411764706,0.4017857142857143,0.5944444444444444,0.49811507936507937
Qwen2.5-7B,kat_Geor,0.16333333333333333,-0.11275011302411173,0.49892019166589663,,9.417907523376437,other,other,6.757517647058824,0.352,0.4822222222222222,0.4171111111111111
Qwen2.5-7B,amh_Ethi,0.013333333333333334,-0.14465550279362557,0.49892019166589663,,8.5541337799261,Afro-Asiatic,other,9.0556,,0.3477777777777778,0.3477777777777778
Qwen2.5-7B,swh_Latn,0.12333333333333334,-0.17580556984579696,0.49892019166589663,,7.487255902011655,Atlantic-Congo,Latn,1.6242705882352941,,0.39444444444444443,0.39444444444444443
Qwen2.5-7B,yor_Latn,0.02666666666666667,-0.12222079939110242,0.49892019166589663,,4.632892380992985,Atlantic-Congo,Latn,2.822870588235294,,0.29555555555555557,0.29555555555555557
Qwen2.5-7B,khm_Khmr,0.11,-0.11739179728871788,0.49892019166589663,,8.873125289337338,other,other,7.467370588235294,,0.45555555555555555,0.45555555555555555
Qwen2.5-7B,mya_Mymr,0.01,-0.1585649761955768,0.49892019166589663,,8.94576714414124,Sino-Tibetan,other,9.286835294117648,,0.40555555555555556,0.40555555555555556
Sailor-1.8B,deu_Latn,0.7633333333333333,0.018784599902727035,0.1749614724211097,,11.552705133249123,Indo-European,Latn,1.3225588235294117,0.2302158273381295,0.25222222222222224,0.24121902478017587
Sailor-1.8B,fra_Latn,0.8066666666666666,-0.007668913557969931,0.1749614724211097,,11.504243358607456,Indo-European,Latn,1.2537352941176472,0.27923627684964203,0.2588888888888889,0.26906258286926543
Sailor-1.8B,spa_Latn,0.87,0.01802524228764114,0.1749614724211097,,11.572692346038526,Indo-European,Latn,1.2007941176470587,0.24,0.23777777777777778,0.23888888888888887
Sailor-1.8B,por_Latn,0.7866666666666666,0.017246808239201054,0.1749614724211097,,11.136535917638877,Indo-European,Latn,1.2411764705882353,0.24863883847549909,0.24,0.24431941923774952
Sailor-1.8B,ita_Latn,0.79,0.007913386086716904,0.1749614724211097,,11.218657350111846,Indo-European,Latn,1.2658764705882353,0.2572992700729927,0.2388888888888889,0.2480940794809408
Sailor-1.8B,nld_Latn,0.55,-0.011540010760765218,0.1749614724211097,,10.903264809073452,Indo-European,Latn,1.3371529411764707,0.308529945553539,0.22777777777777777,0.2681538616656584
Sailor-1.8B,swe_Latn,0.56,-0.04147568701674431,0.1749614724211097,,10.585304823582218,Indo-European,Latn,1.4709764705882353,,0.25555555555555554,0.25555555555555554
Sailor-1.8B,pol_Latn,0.33,-0.04300246318016083,0.1749614724211097,,11.069183544489329,Balto-Slavic,Latn,1.8035588235294118,0.2354014598540146,0.24666666666666667,0.24103406326034063
Sailor-1.8B,ces_Latn,0.31666666666666665,-0.043217577448277485,0.1749614724211097,,10.755192300065602,Balto-Slavic,Latn,1.9043941176470587,,0.23666666666666666,0.23666666666666666
Sailor-1.8B,ron_Latn,0.4666666666666667,-0.04848459518080272,0.1749614724211097,,10.598220789235437,Indo-European,Latn,1.5607,,0.26,0.26
Sailor-1.8B,rus_Cyrl,0.5233333333333333,-0.023936175917941928,0.1749614724211097,,11.867586387163913,Balto-Slavic,Cyrl,1.9942470588235295,0.19384057971014493,0.27,0.23192028985507246
Sailor-1.8B,ukr_Cyrl,0.48333333333333334,-0.015794893006745796,0.1749614724211097,,10.582360317494818,Balto-Slavic,Cyrl,2.340729411764706,0.28545454545454546,0.2588888888888889,0.2721717171717172
Sailor-1.8B,bul_Cyrl,0.3333333333333333,-0.0273852093818216,0.1749614724211097,,10.360175858097726,Balto-Slavic,Cyrl,2.0901764705882355,0.26,0.25333333333333335,0.2566666666666667
Sailor-1.8B,ell_Grek,0.02,-0.09903141835270562,0.1749614724211097,,10.634956550916772,Indo-European,other,3.2260705882352942,0.23369565217391305,0.2477777777777778,0.24073671497584542
Sailor-1.8B,tur_Latn,0.09333333333333334,-0.11640860505316271,0.1749614724211097,,10.808162253319553,Turkic,Latn,1.7084764705882354,0.23722627737226276,0.2577777777777778,0.24750202757502027
Sailor-1.8B,arb_Arab,0.16666666666666666,-0.07881504031200953,0.1749614724211097,,10.841073612355865,Afro-Asiatic,Arab,3.117952941176471,0.2210144927536232,0.2544444444444444,0.23772946859903382
Sailor-1.8B,heb_Hebr,0.05333333333333334,-0.12602008525109448,0.1749614724211097,,9.693476506485494,Afro-Asiatic,other,4.055217647058823,0.24363636363636362,0.23,0.23681818181818182
Sailor-1.8B,pes_Arab,0.03,-0.10707895332436326,0.1749614724211097,,10.662263375070816,Indo-European,Arab,3.4424411764705884,0.23722627737226276,0.25666666666666665,0.2469464720194647
Sailor-1.8B,hin_Deva,0.016666666666666666,-0.09588233278725039,0.1749614724211097,,10.225085947081105,Indo-European,Deva,4.760605882352941,0.2742230347349177,0.25,0.26211151736745886
Sailor-1.8B,ben_Beng,0.006666666666666667,-0.12025341167916931,0.1749614724211097,,9.981044874347496,Indo-European,other,6.026417647058824,0.25364963503649635,0.2633333333333333,0.25849148418491485
Sailor-1.8B,tam_Taml,0.013333333333333334,-0.13188012893179615,0.1749614724211097,,9.641283555217916,Dravidian,other,6.100917647058823,0.28909090909090907,0.25666666666666665,0.27287878787878783
Sailor-1.8B,tel_Telu,0.01,-0.13147150875910163,0.1749614724211097,,9.195061276656201,Dravidian,other,7.609270588235294,0.24817518248175183,0.2577777777777778,0.2529764801297648
Sailor-1.8B,mar_Deva,0.013333333333333334,-0.12546675805583238,0.1749614724211097,,9.291197362643686,Indo-European,Deva,5.015682352941177,,0.25333333333333335,0.25333333333333335
Sailor-1.8B,urd_Arab,0.006666666666666667,-0.14786342474203423,0.1749614724211097,,9.431854501264098,Indo-European,Arab,3.964352941176471,0.22727272727272727,0.26555555555555554,0.24641414141414142
Sailor-1.8B,vie_Latn,0.9633333333333334,0.030446920930615892,0.1749614724211097,,10.743353922054286,other,Latn,2.1605588235294118,0.23272727272727273,0.27444444444444444,0.2535858585858586
Sailor-1.8B,ind_Latn,0.97,0.0481523662879102,0.1749614724211097,,10.081454105942349,Austronesian,Latn,1.3422529411764705,0.26,0.24222222222222223,0.2511111111111111
Sailor-1.8B,zsm_Latn,0.9533333333333334,0.045629047089616286,0.1749614724211097,,7.287263587861631,Austronesian,Latn,1.3803882352941177,0.24750499001996007,0.24666666666666667,0.24708582834331339
Sailor-1.8B,tha_Thai,0.63,-0.0639597908927341,0.1749614724211097,,10.196379987855126,Tai-Kadai,other,5.162605882352942,,0.23,0.23
Sailor-1.8B,zho_Hans,0.94,0.002354107494086229,0.1749614724211097,,11.356131798505956,Sino-Tibetan,other,4.402152941176471,0.26055045871559634,0.2288888888888889,0.24471967380224263
Sailor-1.8B,jpn_Jpan,0.25,-0.09592054167076462,0.1749614724211097,,11.032916144087627,other,other,5.0625647058823535,0.29740518962075846,0.2288888888888889,0.2631470392548237
Sailor-1.8B,kor_Hang,0.04666666666666667,-0.09210999442493105,0.1749614724211097,,10.393846195528992,other,other,5.392352941176471,0.228,0.24333333333333335,0.2356666666666667
Sailor-1.8B,fin_Latn,0.056666666666666664,-0.09577989848569053,0.1749614724211097,,10.461273505456898,Uralic,Latn,1.6468823529411765,0.24682395644283123,0.2511111111111111,0.24896753377697117
Sailor-1.8B,hun_Latn,0.10333333333333333,-0.07017936447197483,0.1749614724211097,,10.637669631397417,Uralic,Latn,1.797864705882353,0.26,0.23,0.245
Sailor-1.8B,est_Latn,0.06,-0.1335117315879438,0.1749614724211097,,9.944761723531126,Uralic,Latn,1.6741529411764706,0.22321428571428573,0.25555555555555554,0.23938492063492062
Sailor-1.8B,kat_Geor,0.01,-0.11710384241837972,0.1749614724211097,,9.417907523376437,other,other,6.757517647058824,0.272,0.2811111111111111,0.27655555555555555
Sailor-1.8B,amh_Ethi,0.01,-0.13638756710167416,0.1749614724211097,,8.5541337799261,Afro-Asiatic,other,9.0556,,0.24,0.24
Sailor-1.8B,swh_Latn,0.043333333333333335,-0.12456039761148194,0.1749614724211097,,7.487255902011655,Atlantic-Congo,Latn,1.6242705882352941,,0.2388888888888889,0.2388888888888889
Sailor-1.8B,yor_Latn,0.013333333333333334,-0.18052436147553078,0.1749614724211097,,4.632892380992985,Atlantic-Congo,Latn,2.822870588235294,,0.23222222222222222,0.23222222222222222
Sailor-1.8B,khm_Khmr,0.016666666666666666,-0.17672018373786838,0.1749614724211097,,8.873125289337338,other,other,7.467370588235294,,0.25,0.25
Sailor-1.8B,mya_Mymr,0.0033333333333333335,-0.14855043343638216,0.1749614724211097,,8.94576714414124,Sino-Tibetan,other,9.286835294117648,,0.24888888888888888,0.24888888888888888
Sailor-7B,deu_Latn,0.94,0.05948344737259669,0.34431796011302496,,11.552705133249123,Indo-European,Latn,1.3225588235294117,0.37410071942446044,0.37555555555555553,0.374828137490008
Sailor-7B,fra_Latn,0.8766666666666667,0.02251578679924113,0.34431796011302496,,11.504243358607456,Indo-European,Latn,1.2537352941176472,0.4439140811455847,0.45222222222222225,0.44806815168390346
Sailor-7B,spa_Latn,0.9666666666666667,0.053810975601951624,0.34431796011302496,,11.572692346038526,Indo-European,Latn,1.2007941176470587,0.43272727272727274,0.42444444444444446,0.4285858585858586
Sailor-7B,por_Latn,0.9433333333333334,0.06764790197747567,0.34431796011302496,,11.136535917638877,Indo-European,Latn,1.2411764705882353,0.40653357531760437,0.43333333333333335,0.41993345432546886
Sailor-7B,ita_Latn,0.9433333333333334,0.06423173892139113,0.34431796011302496,,11.218657350111846,Indo-European,Latn,1.2658764705882353,0.4397810218978102,0.4122222222222222,0.42600162206001624
Sailor-7B,nld_Latn,0.86,0.03350027911262707,0.34431796011302496,,10.903264809073452,Indo-European,Latn,1.3371529411764707,0.38656987295825773,0.3933333333333333,0.3899516031457955
Sailor-7B,swe_Latn,0.8933333333333333,0.008933360812035109,0.34431796011302496,,10.585304823582218,Indo-European,Latn,1.4709764705882353,,0.4,0.4
Sailor-7B,pol_Latn,0.6366666666666667,-0.007336028254820648,0.34431796011302496,,11.069183544489329,Balto-Slavic,Latn,1.8035588235294118,0.32299270072992703,0.3111111111111111,0.3170519059205191
Sailor-7B,ces_Latn,0.6766666666666666,0.004099035863458988,0.34431796011302496,,10.755192300065602,Balto-Slavic,Latn,1.9043941176470587,,0.2966666666666667,0.2966666666666667
Sailor-7B,ron_Latn,0.78,-0.0010834908071256884,0.34431796011302496,,10.598220789235437,Indo-European,Latn,1.5607,,0.34555555555555556,0.34555555555555556
Sailor-7B,rus_Cyrl,0.7866666666666666,-0.009536828482856636,0.34431796011302496,,11.867586387163913,Balto-Slavic,Cyrl,1.9942470588235295,0.4057971014492754,0.39444444444444443,0.4001207729468599
Sailor-7B,ukr_Cyrl,0.74,0.00370507678595856,0.34431796011302496,,10.582360317494818,Balto-Slavic,Cyrl,2.340729411764706,0.44,0.3188888888888889,0.3794444444444445
Sailor-7B,bul_Cyrl,0.6366666666666667,0.007680416493561714,0.34431796011302496,,10.360175858097726,Balto-Slavic,Cyrl,2.0901764705882355,0.35454545454545455,0.3488888888888889,0.35171717171717176
Sailor-7B,ell_Grek,0.16333333333333333,-0.09620566520780174,0.34431796011302496,,10.634956550916772,Indo-European,other,3.2260705882352942,0.2971014492753623,0.28,0.28855072463768117
Sailor-7B,tur_Latn,0.35,-0.06561318400982333,0.34431796011302496,,10.808162253319553,Turkic,Latn,1.7084764705882354,0.3266423357664234,0.2722222222222222,0.2994322789943228
Sailor-7B,arb_Arab,0.57,-0.0271728494895634,0.34431796011302496,,10.841073612355865,Afro-Asiatic,Arab,3.117952941176471,0.38405797101449274,0.37333333333333335,0.37869565217391304
Sailor-7B,heb_Hebr,0.37,-0.12286768094067665,0.34431796011302496,,9.693476506485494,Afro-Asiatic,other,4.055217647058823,0.41454545454545455,0.33555555555555555,0.3750505050505051
Sailor-7B,pes_Arab,0.29,-0.04896540689149441,0.34431796011302496,,10.662263375070816,Indo-European,Arab,3.4424411764705884,0.31204379562043794,0.2866666666666667,0.29935523114355234
Sailor-7B,hin_Deva,0.12666666666666668,-0.09775838141917227,0.34431796011302496,,10.225085947081105,Indo-European,Deva,4.760605882352941,0.29250457038391225,0.25666666666666665,0.27458561852528945
Sailor-7B,ben_Beng,0.023333333333333334,-0.12625052358866298,0.34431796011302496,,9.981044874347496,Indo-European,other,6.026417647058824,0.32299270072992703,0.2411111111111111,0.2820519059205191
Sailor-7B,tam_Taml,0.013333333333333334,-0.13263163277735432,0.34431796011302496,,9.641283555217916,Dravidian,other,6.100917647058823,0.24545454545454545,0.25222222222222224,0.24883838383838386
Sailor-7B,tel_Telu,0.01,-0.14517908095205403,0.34431796011302496,,9.195061276656201,Dravidian,other,7.609270588235294,0.3266423357664234,0.2411111111111111,0.28387672343876724
Sailor-7B,mar_Deva,0.02,-0.13725416426959175,0.34431796011302496,,9.291197362643686,Indo-European,Deva,5.015682352941177,,0.25666666666666665,0.25666666666666665
Sailor-7B,urd_Arab,0.03,-0.09182588163818013,0.34431796011302496,,9.431854501264098,Indo-European,Arab,3.964352941176471,0.3125,0.24444444444444444,0.27847222222222223
Sailor-7B,vie_Latn,0.9666666666666667,0.07044924703295656,0.34431796011302496,,10.743353922054286,other,Latn,2.1605588235294118,0.4781818181818182,0.3933333333333333,0.4357575757575758
Sailor-7B,ind_Latn,0.98,0.09757410926009781,0.34431796011302496,,10.081454105942349,Austronesian,Latn,1.3422529411764705,0.5363636363636364,0.4255555555555556,0.480959595959596
Sailor-7B,zsm_Latn,0.97,0.09134961822627741,0.34431796011302496,,7.287263587861631,Austronesian,Latn,1.3803882352941177,0.5169660678642715,0.4088888888888889,0.4629274783765802
Sailor-7B,tha_Thai,0.7,-0.029093856242220703,0.34431796011302496,,10.196379987855126,Tai-Kadai,other,5.162605882352942,,0.39,0.39
Sailor-7B,zho_Hans,0.9466666666666667,0.011107244884833703,0.34431796011302496,,11.356131798505956,Sino-Tibetan,other,4.402152941176471,0.48990825688073397,0.4411111111111111,0.4655096839959225
Sailor-7B,jpn_Jpan,0.6466666666666666,-0.10047017659620959,0.34431796011302496,,11.032916144087627,other,other,5.0625647058823535,0.4231536926147705,0.33444444444444443,0.37879906852960743
Sailor-7B,kor_Hang,0.39,-0.05802491003096415,0.34431796011302496,,10.393846195528992,other,other,5.392352941176471,0.42,0.32555555555555554,0.37277777777777776
Sailor-7B,fin_Latn,0.4166666666666667,-0.06622569384664564,0.34431796011302496,,10.461273505456898,Uralic,Latn,1.6468823529411765,0.2867513611615245,0.2833333333333333,0.28504234724742894
Sailor-7B,hun_Latn,0.48333333333333334,-0.024302934168458586,0.34431796011302496,,10.637669631397417,Uralic,Latn,1.797864705882353,0.2909090909090909,0.29555555555555557,0.29323232323232323
Sailor-7B,est_Latn,0.24,-0.142833227245267,0.34431796011302496,,9.944761723531126,Uralic,Latn,1.6741529411764706,0.3392857142857143,0.28444444444444444,0.31186507936507935
Sailor-7B,kat_Geor,0.03,-0.11935047341354738,0.34431796011302496,,9.417907523376437,other,other,6.757517647058824,0.292,0.2722222222222222,0.2821111111111111
Sailor-7B,amh_Ethi,0.013333333333333334,-0.11383877722275718,0.34431796011302496,,8.5541337799261,Afro-Asiatic,other,9.0556,,0.23666666666666666,0.23666666666666666
Sailor-7B,swh_Latn,0.08333333333333333,-0.09984875818936984,0.34431796011302496,,7.487255902011655,Atlantic-Congo,Latn,1.6242705882352941,,0.24666666666666667,0.24666666666666667
Sailor-7B,yor_Latn,0.02,-0.13464952559161683,0.34431796011302496,,4.632892380992985,Atlantic-Congo,Latn,2.822870588235294,,0.25333333333333335,0.25333333333333335
Sailor-7B,khm_Khmr,0.013333333333333334,-0.12919695839226217,0.34431796011302496,,8.873125289337338,other,other,7.467370588235294,,0.24888888888888888,0.24888888888888888
Sailor-7B,mya_Mymr,0.01,-0.1699039222221358,0.34431796011302496,,8.94576714414124,Sino-Tibetan,other,9.286835294117648,,0.23777777777777778,0.23777777777777778
SmolLM2-360M,deu_Latn,0.42333333333333334,-0.031835747834542204,0.1263450894027609,,11.552705133249123,Indo-European,Latn,1.3225588235294117,0.2014388489208633,0.27,0.23571942446043165
SmolLM2-360M,fra_Latn,0.7366666666666667,-0.037418516043769466,0.1263450894027609,,11.504243358607456,Indo-European,Latn,1.2537352941176472,0.22195704057279236,0.24333333333333335,0.23264518695306285
SmolLM2-360M,spa_Latn,0.7933333333333333,-0.0031858930709414627,0.1263450894027609,,11.572692346038526,Indo-European,Latn,1.2007941176470587,0.27090909090909093,0.24222222222222223,0.25656565656565655
SmolLM2-360M,por_Latn,0.77,-0.006377186133617144,0.1263450894027609,,11.136535917638877,Indo-European,Latn,1.2411764705882353,0.2323049001814882,0.2733333333333333,0.25281911675741076
SmolLM2-360M,ita_Latn,0.69,-0.023115095325958443,0.1263450894027609,,11.218657350111846,Indo-European,Latn,1.2658764705882353,0.25547445255474455,0.27444444444444444,0.2649594484995945
SmolLM2-360M,nld_Latn,0.31333333333333335,-0.05498659443584423,0.1263450894027609,,10.903264809073452,Indo-European,Latn,1.3371529411764707,0.22323049001814882,0.2677777777777778,0.2455041338979633
SmolLM2-360M,swe_Latn,0.28,-0.09410981561219661,0.1263450894027609,,10.585304823582218,Indo-European,Latn,1.4709764705882353,,0.27111111111111114,0.27111111111111114
SmolLM2-360M,pol_Latn,0.04666666666666667,-0.1118317943093798,0.1263450894027609,,11.069183544489329,Balto-Slavic,Latn,1.8035588235294118,0.2518248175182482,0.26666666666666666,0.25924574209245743
SmolLM2-360M,ces_Latn,0.06,-0.11390062382544026,0.1263450894027609,,10.755192300065602,Balto-Slavic,Latn,1.9043941176470587,,0.26222222222222225,0.26222222222222225
SmolLM2-360M,ron_Latn,0.14666666666666667,-0.07860925194533695,0.1263450894027609,,10.598220789235437,Indo-European,Latn,1.5607,,0.25,0.25
SmolLM2-360M,rus_Cyrl,0.15666666666666668,-0.071986288749458,0.1263450894027609,,11.867586387163913,Balto-Slavic,Cyrl,1.9942470588235295,0.25,0.25555555555555554,0.25277777777777777
SmolLM2-360M,ukr_Cyrl,0.05333333333333334,-0.08398324825693537,0.1263450894027609,,10.582360317494818,Balto-Slavic,Cyrl,2.340729411764706,0.26,0.23666666666666666,0.24833333333333335
SmolLM2-360M,bul_Cyrl,0.02666666666666667,-0.08452983845177293,0.1263450894027609,,10.360175858097726,Balto-Slavic,Cyrl,2.0901764705882355,0.22545454545454546,0.2611111111111111,0.2432828282828283
SmolLM2-360M,ell_Grek,0.023333333333333334,-0.10946800277630044,0.1263450894027609,,10.634956550916772,Indo-European,other,3.2260705882352942,0.27898550724637683,0.2633333333333333,0.27115942028985507
SmolLM2-360M,tur_Latn,0.03333333333333333,-0.14893597201411093,0.1263450894027609,,10.808162253319553,Turkic,Latn,1.7084764705882354,0.24087591240875914,0.23777777777777778,0.23932684509326846
SmolLM2-360M,arb_Arab,0.016666666666666666,-0.13265595455022716,0.1263450894027609,,10.841073612355865,Afro-Asiatic,Arab,3.117952941176471,0.21557971014492755,0.2722222222222222,0.24390096618357487
SmolLM2-360M,heb_Hebr,0.016666666666666666,-0.13072426081151767,0.1263450894027609,,9.693476506485494,Afro-Asiatic,other,4.055217647058823,0.21454545454545454,0.25,0.23227272727272727
SmolLM2-360M,pes_Arab,0.016666666666666666,-0.14771277132641453,0.1263450894027609,,10.662263375070816,Indo-European,Arab,3.4424411764705884,0.25364963503649635,0.27666666666666667,0.2651581508515815
SmolLM2-360M,hin_Deva,0.006666666666666667,-0.12841689522796623,0.1263450894027609,,10.225085947081105,Indo-European,Deva,4.760605882352941,0.2303473491773309,0.2722222222222222,0.2512847856997765
SmolLM2-360M,ben_Beng,0.0033333333333333335,-0.14785268114134073,0.1263450894027609,,9.981044874347496,Indo-European,other,6.026417647058824,0.2354014598540146,0.28,0.2577007299270073
SmolLM2-360M,tam_Taml,0.0033333333333333335,-0.12367547359385278,0.1263450894027609,,9.641283555217916,Dravidian,other,6.100917647058823,0.22181818181818183,0.26222222222222225,0.24202020202020202
SmolLM2-360M,tel_Telu,0.006666666666666667,-0.13955990116588066,0.1263450894027609,,9.195061276656201,Dravidian,other,7.609270588235294,0.23722627737226276,0.27,0.2536131386861314
SmolLM2-360M,mar_Deva,0.013333333333333334,-0.15629647401176108,0.1263450894027609,,9.291197362643686,Indo-European,Deva,5.015682352941177,,0.2477777777777778,0.2477777777777778
SmolLM2-360M,urd_Arab,0.01,-0.1483684799148518,0.1263450894027609,,9.431854501264098,Indo-European,Arab,3.964352941176471,0.2159090909090909,0.2722222222222222,0.24406565656565654
SmolLM2-360M,vie_Latn,0.05,-0.09340663563533716,0.1263450894027609,,10.743353922054286,other,Latn,2.1605588235294118,0.22727272727272727,0.2577777777777778,0.24252525252525253
SmolLM2-360M,ind_Latn,0.2833333333333333,-0.04562405965493215,0.1263450894027609,,10.081454105942349,Austronesian,Latn,1.3422529411764705,0.2727272727272727,0.2811111111111111,0.2769191919191919
SmolLM2-360M,zsm_Latn,0.25666666666666665,-0.051398297323706994,0.1263450894027609,,7.287263587861631,Austronesian,Latn,1.3803882352941177,0.23552894211576847,0.26666666666666666,0.25109780439121754
SmolLM2-360M,tha_Thai,0.013333333333333334,-0.134860932653348,0.1263450894027609,,10.196379987855126,Tai-Kadai,other,5.162605882352942,,0.2722222222222222,0.2722222222222222
SmolLM2-360M,zho_Hans,0.5033333333333333,-0.04979684824626352,0.1263450894027609,,11.356131798505956,Sino-Tibetan,other,4.402152941176471,0.24403669724770644,0.2777777777777778,0.26090723751274214
SmolLM2-360M,jpn_Jpan,0.07333333333333333,-0.09335758910214137,0.1263450894027609,,11.032916144087627,other,other,5.0625647058823535,0.27944111776447106,0.27444444444444444,0.27694278110445775
SmolLM2-360M,kor_Hang,0.02666666666666667,-0.10852314992903736,0.1263450894027609,,10.393846195528992,other,other,5.392352941176471,0.26,0.27,0.265
SmolLM2-360M,fin_Latn,0.03666666666666667,-0.16397135608775756,0.1263450894027609,,10.461273505456898,Uralic,Latn,1.6468823529411765,0.2323049001814882,0.24666666666666667,0.23948578342407745
SmolLM2-360M,hun_Latn,0.03333333333333333,-0.15888262944104417,0.1263450894027609,,10.637669631397417,Uralic,Latn,1.797864705882353,0.24545454545454545,0.26666666666666666,0.25606060606060604
SmolLM2-360M,est_Latn,0.05,-0.19239465337791356,0.1263450894027609,,9.944761723531126,Uralic,Latn,1.6741529411764706,0.21428571428571427,0.22111111111111112,0.2176984126984127
SmolLM2-360M,kat_Geor,0.006666666666666667,-0.1288823361649662,0.1263450894027609,,9.417907523376437,other,other,6.757517647058824,0.244,0.21888888888888888,0.23144444444444445
SmolLM2-360M,amh_Ethi,0.01,-0.18758985775163053,0.1263450894027609,,8.5541337799261,Afro-Asiatic,other,9.0556,,0.24444444444444444,0.24444444444444444
SmolLM2-360M,swh_Latn,0.04,-0.14116896526251266,0.1263450894027609,,7.487255902011655,Atlantic-Congo,Latn,1.6242705882352941,,0.22555555555555556,0.22555555555555556
SmolLM2-360M,yor_Latn,0.013333333333333334,-0.14453068383412845,0.1263450894027609,,4.632892380992985,Atlantic-Congo,Latn,2.822870588235294,,0.23444444444444446,0.23444444444444446
SmolLM2-360M,khm_Khmr,0.0033333333333333335,-0.18355479795814472,0.1263450894027609,,8.873125289337338,other,other,7.467370588235294,,0.2688888888888889,0.2688888888888889
SmolLM2-360M,mya_Mymr,0.0033333333333333335,-0.13787350607398427,0.1263450894027609,,8.94576714414124,Sino-Tibetan,other,9.286835294117648,,0.26,0.26
TowerBase-7B,deu_Latn,0.13,-0.5476456224467353,0.3351161068083809,,11.552705133249123,Indo-European,Latn,1.3225588235294117,0.2302158273381295,0.32666666666666666,0.2784412470023981
TowerBase-7B,fra_Latn,0.08,-0.8672303864328835,0.3351161068083809,,11.504243358607456,Indo-European,Latn,1.2537352941176472,0.2577565632458234,0.31,0.28387828162291173
TowerBase-7B,spa_Latn,0.15666666666666668,-0.4325410546508136,0.3351161068083809,,11.572692346038526,Indo-European,Latn,1.2007941176470587,0.2545454545454545,0.30777777777777776,0.28116161616161617
TowerBase-7B,por_Latn,0.12,-0.3758650592520381,0.3351161068083809,,11.136535917638877,Indo-European,Latn,1.2411764705882353,0.2885662431941924,0.30333333333333334,0.29594978826376284
TowerBase-7B,ita_Latn,0.14,-0.30983887452330505,0.3351161068083809,,11.218657350111846,Indo-European,Latn,1.2658764705882353,0.2664233576642336,0.31666666666666665,0.29154501216545015
TowerBase-7B,nld_Latn,0.1,-0.5203159031990341,0.3351161068083809,,10.903264809073452,Indo-European,Latn,1.3371529411764707,0.3139745916515426,0.3055555555555556,0.3097650736035491
TowerBase-7B,swe_Latn,0.15333333333333332,-0.32081015862490414,0.3351161068083809,,10.585304823582218,Indo-European,Latn,1.4709764705882353,,0.30777777777777776,0.30777777777777776
TowerBase-7B,pol_Latn,0.013333333333333334,-0.5829468030587995,0.3351161068083809,,11.069183544489329,Balto-Slavic,Latn,1.8035588235294118,0.25547445255474455,0.3111111111111111,0.28329278183292783
TowerBase-7B,ces_Latn,0.03,-0.43404164679833446,0.3351161068083809,,10.755192300065602,Balto-Slavic,Latn,1.9043941176470587,,0.30666666666666664,0.30666666666666664
TowerBase-7B,ron_Latn,0.02666666666666667,-0.5853548708939313,0.3351161068083809,,10.598220789235437,Indo-European,Latn,1.5607,,0.2833333333333333,0.2833333333333333
TowerBase-7B,rus_Cyrl,0.016666666666666666,-0.8082183635402465,0.3351161068083809,,11.867586387163913,Balto-Slavic,Cyrl,1.9942470588235295,0.25905797101449274,0.3088888888888889,0.28397342995169084
TowerBase-7B,ukr_Cyrl,0.013333333333333334,-0.7151625869834192,0.3351161068083809,,10.582360317494818,Balto-Slavic,Cyrl,2.340729411764706,0.27090909090909093,0.31666666666666665,0.2937878787878788
TowerBase-7B,bul_Cyrl,0.01,-0.6723128133254971,0.3351161068083809,,10.360175858097726,Balto-Slavic,Cyrl,2.0901764705882355,0.2690909090909091,0.29,0.27954545454545454
TowerBase-7B,ell_Grek,0.0033333333333333335,-1.1097636318289825,0.3351161068083809,,10.634956550916772,Indo-European,other,3.2260705882352942,0.27717391304347827,0.2644444444444444,0.2708091787439614
TowerBase-7B,tur_Latn,0.01,-0.7029953388243181,0.3351161068083809,,10.808162253319553,Turkic,Latn,1.7084764705882354,0.23722627737226276,0.27555555555555555,0.25639091646390916
TowerBase-7B,arb_Arab,0.0033333333333333335,-1.1485530262419255,0.3351161068083809,,10.841073612355865,Afro-Asiatic,Arab,3.117952941176471,0.24456521739130435,0.2688888888888889,0.25672705314009664
TowerBase-7B,heb_Hebr,0.006666666666666667,-1.0649645257837248,0.3351161068083809,,9.693476506485494,Afro-Asiatic,other,4.055217647058823,0.24545454545454545,0.26555555555555554,0.2555050505050505
TowerBase-7B,pes_Arab,0.0033333333333333335,-1.1743834061133094,0.3351161068083809,,10.662263375070816,Indo-European,Arab,3.4424411764705884,0.2664233576642336,0.26555555555555554,0.2659894566098946
TowerBase-7B,hin_Deva,0.0,-1.3381448860545395,0.3351161068083809,,10.225085947081105,Indo-European,Deva,4.760605882352941,0.23948811700182815,0.27666666666666667,0.2580773918342474
TowerBase-7B,ben_Beng,0.0,-1.1993693833717394,0.3351161068083809,,9.981044874347496,Indo-European,other,6.026417647058824,0.25,0.2733333333333333,0.26166666666666666
TowerBase-7B,tam_Taml,0.0,-1.0528230441586903,0.3351161068083809,,9.641283555217916,Dravidian,other,6.100917647058823,0.2545454545454545,0.28,0.2672727272727273
TowerBase-7B,tel_Telu,0.0,-0.7892924451054101,0.3351161068083809,,9.195061276656201,Dravidian,other,7.609270588235294,0.2664233576642336,0.27555555555555555,0.2709894566098946
TowerBase-7B,mar_Deva,0.006666666666666667,-1.2123419209144783,0.3351161068083809,,9.291197362643686,Indo-European,Deva,5.015682352941177,,0.2544444444444444,0.2544444444444444
TowerBase-7B,urd_Arab,0.0033333333333333335,-1.2497342986044453,0.3351161068083809,,9.431854501264098,Indo-European,Arab,3.964352941176471,0.23295454545454544,0.2722222222222222,0.25258838383838383
TowerBase-7B,vie_Latn,0.006666666666666667,-1.1046743573430466,0.3351161068083809,,10.743353922054286,other,Latn,2.1605588235294118,0.2727272727272727,0.27666666666666667,0.27469696969696966
TowerBase-7B,ind_Latn,0.04,-0.6274016568999807,0.3351161068083809,,10.081454105942349,Austronesian,Latn,1.3422529411764705,0.26,0.28888888888888886,0.27444444444444444
TowerBase-7B,zsm_Latn,0.05333333333333334,-0.4082293295673552,0.3351161068083809,,7.287263587861631,Austronesian,Latn,1.3803882352941177,0.2774451097804391,0.28444444444444444,0.2809447771124418
TowerBase-7B,tha_Thai,0.0033333333333333335,-1.1516025424337015,0.3351161068083809,,10.196379987855126,Tai-Kadai,other,5.162605882352942,,0.2722222222222222,0.2722222222222222
TowerBase-7B,zho_Hans,0.0033333333333333335,-0.8070941507089409,0.3351161068083809,,11.356131798505956,Sino-Tibetan,other,4.402152941176471,0.26788990825688075,0.3,0.28394495412844034
TowerBase-7B,jpn_Jpan,0.0033333333333333335,-0.8309347853356318,0.3351161068083809,,11.032916144087627,other,other,5.0625647058823535,0.2654690618762475,0.3088888888888889,0.2871789753825682
TowerBase-7B,kor_Hang,0.0033333333333333335,-1.2368865836330258,0.3351161068083809,,10.393846195528992,other,other,5.392352941176471,0.284,0.31555555555555553,0.29977777777777775
TowerBase-7B,fin_Latn,0.02,-0.44542625471434183,0.3351161068083809,,10.461273505456898,Uralic,Latn,1.6468823529411765,0.27223230490018147,0.2811111111111111,0.2766717080056463
TowerBase-7B,hun_Latn,0.023333333333333334,-0.5524264379902765,0.3351161068083809,,10.637669631397417,Uralic,Latn,1.797864705882353,0.2727272727272727,0.26555555555555554,0.2691414141414141
TowerBase-7B,est_Latn,0.01,-0.6446177727989919,0.3351161068083809,,9.944761723531126,Uralic,Latn,1.6741529411764706,0.23214285714285715,0.28888888888888886,0.260515873015873
TowerBase-7B,kat_Geor,0.0033333333333333335,-1.065902471206545,0.3351161068083809,,9.417907523376437,other,other,6.757517647058824,0.246,0.28555555555555556,0.2657777777777778
TowerBase-7B,amh_Ethi,0.0,-0.895358376144759,0.3351161068083809,,8.5541337799261,Afro-Asiatic,other,9.0556,,0.2633333333333333,0.2633333333333333
TowerBase-7B,swh_Latn,0.02,-0.435235185323153,0.3351161068083809,,7.487255902011655,Atlantic-Congo,Latn,1.6242705882352941,,0.2644444444444444,0.2644444444444444
TowerBase-7B,yor_Latn,0.0,-0.8861894098500847,0.3351161068083809,,4.632892380992985,Atlantic-Congo,Latn,2.822870588235294,,0.24444444444444444,0.24444444444444444
TowerBase-7B,khm_Khmr,0.0,-0.8753025667052317,0.3351161068083809,,8.873125289337338,other,other,7.467370588235294,,0.27444444444444444,0.27444444444444444
TowerBase-7B,mya_Mymr,0.0,-0.9086099064440588,0.3351161068083809,,8.94576714414124,Sino-Tibetan,other,9.286835294117648,,0.2644444444444444,0.2644444444444444
Yi-1.5-9B,deu_Latn,0.93,0.036536673263290444,0.19687513027913273,,11.552705133249123,Indo-European,Latn,1.3225588235294117,0.460431654676259,0.7666666666666667,0.6135491606714629
Yi-1.5-9B,fra_Latn,0.9266666666666666,0.010323899668993655,0.19687513027913273,,11.504243358607456,Indo-European,Latn,1.2537352941176472,0.5918854415274463,0.7766666666666666,0.6842760540970565
Yi-1.5-9B,spa_Latn,0.9433333333333334,0.03805515247575376,0.19687513027913273,,11.572692346038526,Indo-European,Latn,1.2007941176470587,0.6127272727272727,0.7888888888888889,0.7008080808080808
Yi-1.5-9B,por_Latn,0.9466666666666667,0.03532317168685785,0.19687513027913273,,11.136535917638877,Indo-European,Latn,1.2411764705882353,0.5535390199637024,0.7988888888888889,0.6762139544262956
Yi-1.5-9B,ita_Latn,0.9333333333333333,0.04985013565105389,0.19687513027913273,,11.218657350111846,Indo-European,Latn,1.2658764705882353,0.6441605839416058,0.7733333333333333,0.7087469586374695
Yi-1.5-9B,nld_Latn,0.8566666666666667,0.02374504311584794,0.19687513027913273,,10.903264809073452,Indo-European,Latn,1.3371529411764707,0.5517241379310345,0.7333333333333333,0.6425287356321838
Yi-1.5-9B,swe_Latn,0.88,0.042902225115430175,0.19687513027913273,,10.585304823582218,Indo-European,Latn,1.4709764705882353,,0.7466666666666667,0.7466666666666667
Yi-1.5-9B,pol_Latn,0.6633333333333333,-0.010266936431415763,0.19687513027913273,,11.069183544489329,Balto-Slavic,Latn,1.8035588235294118,0.4653284671532847,0.6511111111111111,0.5582197891321978
Yi-1.5-9B,ces_Latn,0.6633333333333333,-0.006172189576821802,0.19687513027913273,,10.755192300065602,Balto-Slavic,Latn,1.9043941176470587,,0.6377777777777778,0.6377777777777778
Yi-1.5-9B,ron_Latn,0.7833333333333333,0.004695974910549679,0.19687513027913273,,10.598220789235437,Indo-European,Latn,1.5607,,0.7255555555555555,0.7255555555555555
Yi-1.5-9B,rus_Cyrl,0.8133333333333334,-0.008479651409792587,0.19687513027913273,,11.867586387163913,Balto-Slavic,Cyrl,1.9942470588235295,0.5072463768115942,0.7533333333333333,0.6302898550724638
Yi-1.5-9B,ukr_Cyrl,0.73,-0.012285511480700981,0.19687513027913273,,10.582360317494818,Balto-Slavic,Cyrl,2.340729411764706,0.5472727272727272,0.6377777777777778,0.5925252525252525
Yi-1.5-9B,bul_Cyrl,0.7366666666666667,-0.01973321472201272,0.19687513027913273,,10.360175858097726,Balto-Slavic,Cyrl,2.0901764705882355,0.4781818181818182,0.6277777777777778,0.552979797979798
Yi-1.5-9B,ell_Grek,0.28,-0.040417612857013084,0.19687513027913273,,10.634956550916772,Indo-European,other,3.2260705882352942,0.358695652173913,0.5255555555555556,0.4421256038647343
Yi-1.5-9B,tur_Latn,0.58,-0.018131163029999238,0.19687513027913273,,10.808162253319553,Turkic,Latn,1.7084764705882354,0.4908759124087591,0.5544444444444444,0.5226601784266017
Yi-1.5-9B,arb_Arab,0.44666666666666666,-0.02135972360091445,0.19687513027913273,,10.841073612355865,Afro-Asiatic,Arab,3.117952941176471,0.4492753623188406,0.5866666666666667,0.5179710144927536
Yi-1.5-9B,heb_Hebr,0.16,-0.038379661901876486,0.19687513027913273,,9.693476506485494,Afro-Asiatic,other,4.055217647058823,0.5472727272727272,0.46111111111111114,0.5041919191919192
Yi-1.5-9B,pes_Arab,0.44333333333333336,-0.026713067258218752,0.19687513027913273,,10.662263375070816,Indo-European,Arab,3.4424411764705884,0.3740875912408759,0.5522222222222222,0.463154906731549
Yi-1.5-9B,hin_Deva,0.15666666666666668,-0.06191522739729868,0.19687513027913273,,10.225085947081105,Indo-European,Deva,4.760605882352941,0.41316270566727603,0.46555555555555556,0.4393591306114158
Yi-1.5-9B,ben_Beng,0.04,-0.06219414051964352,0.19687513027913273,,9.981044874347496,Indo-European,other,6.026417647058824,0.35766423357664234,0.41888888888888887,0.3882765612327656
Yi-1.5-9B,tam_Taml,0.03333333333333333,-0.07485324483006112,0.19687513027913273,,9.641283555217916,Dravidian,other,6.100917647058823,0.2963636363636364,0.3933333333333333,0.34484848484848485
Yi-1.5-9B,tel_Telu,0.04666666666666667,-0.07171131449622684,0.19687513027913273,,9.195061276656201,Dravidian,other,7.609270588235294,0.3302919708029197,0.37,0.35014598540145986
Yi-1.5-9B,mar_Deva,0.06666666666666667,-0.06004993601642997,0.19687513027913273,,9.291197362643686,Indo-European,Deva,5.015682352941177,,0.4022222222222222,0.4022222222222222
Yi-1.5-9B,urd_Arab,0.15,-0.06823472043290672,0.19687513027913273,,9.431854501264098,Indo-European,Arab,3.964352941176471,0.38920454545454547,0.42777777777777776,0.4084911616161616
Yi-1.5-9B,vie_Latn,0.45666666666666667,-0.011221455067815338,0.19687513027913273,,10.743353922054286,other,Latn,2.1605588235294118,0.44,0.6555555555555556,0.5477777777777778
Yi-1.5-9B,ind_Latn,0.8033333333333333,0.025813656636333934,0.19687513027913273,,10.081454105942349,Austronesian,Latn,1.3422529411764705,0.5363636363636364,0.6666666666666666,0.6015151515151516
Yi-1.5-9B,zsm_Latn,0.74,0.005336068183842655,0.19687513027913273,,7.287263587861631,Austronesian,Latn,1.3803882352941177,0.43912175648702595,0.6666666666666666,0.5528942115768463
Yi-1.5-9B,tha_Thai,0.15333333333333332,-0.0619356870262538,0.19687513027913273,,10.196379987855126,Tai-Kadai,other,5.162605882352942,,0.48,0.48
Yi-1.5-9B,zho_Hans,0.9466666666666667,0.0041545989597962275,0.19687513027913273,,11.356131798505956,Sino-Tibetan,other,4.402152941176471,0.7155963302752294,0.8188888888888889,0.7672426095820591
Yi-1.5-9B,jpn_Jpan,0.6733333333333333,-0.013204183354489803,0.19687513027913273,,11.032916144087627,other,other,5.0625647058823535,0.6167664670658682,0.7388888888888889,0.6778276779773786
Yi-1.5-9B,kor_Hang,0.57,-0.030241650021617404,0.19687513027913273,,10.393846195528992,other,other,5.392352941176471,0.484,0.6644444444444444,0.5742222222222222
Yi-1.5-9B,fin_Latn,0.6366666666666667,-0.01255332706464943,0.19687513027913273,,10.461273505456898,Uralic,Latn,1.6468823529411765,0.38294010889292196,0.6244444444444445,0.5036922766686832
Yi-1.5-9B,hun_Latn,0.35,-0.03430082999589225,0.19687513027913273,,10.637669631397417,Uralic,Latn,1.797864705882353,0.3618181818181818,0.5688888888888889,0.46535353535353535
Yi-1.5-9B,est_Latn,0.2733333333333333,-0.07208769404182346,0.19687513027913273,,9.944761723531126,Uralic,Latn,1.6741529411764706,0.32142857142857145,0.44222222222222224,0.38182539682539685
Yi-1.5-9B,kat_Geor,0.02666666666666667,-0.08172537737744413,0.19687513027913273,,9.417907523376437,other,other,6.757517647058824,0.284,0.3244444444444444,0.30422222222222217
Yi-1.5-9B,amh_Ethi,0.006666666666666667,-0.09644264089595155,0.19687513027913273,,8.5541337799261,Afro-Asiatic,other,9.0556,,0.30444444444444446,0.30444444444444446
Yi-1.5-9B,swh_Latn,0.13333333333333333,-0.09101226176968694,0.19687513027913273,,7.487255902011655,Atlantic-Congo,Latn,1.6242705882352941,,0.36444444444444446,0.36444444444444446
Yi-1.5-9B,yor_Latn,0.02,-0.1170076960261059,0.19687513027913273,,4.632892380992985,Atlantic-Congo,Latn,2.822870588235294,,0.2677777777777778,0.2677777777777778
Yi-1.5-9B,khm_Khmr,0.06666666666666667,-0.07852190783793103,0.19687513027913273,,8.873125289337338,other,other,7.467370588235294,,0.38666666666666666,0.38666666666666666
Yi-1.5-9B,mya_Mymr,0.0033333333333333335,-0.08046978177926901,0.19687513027913273,,8.94576714414124,Sino-Tibetan,other,9.286835294117648,,0.31333333333333335,0.31333333333333335
granite-3.1-8b-base,deu_Latn,0.87,0.04059274990849296,0.3452025051994001,,11.552705133249123,Indo-European,Latn,1.3225588235294117,0.3669064748201439,0.5255555555555556,0.4462310151878497
granite-3.1-8b-base,fra_Latn,0.77,0.00814520354906322,0.3452025051994001,,11.504243358607456,Indo-European,Latn,1.2537352941176472,0.5107398568019093,0.6011111111111112,0.5559254839565102
granite-3.1-8b-base,spa_Latn,0.8933333333333333,0.0343076562015353,0.3452025051994001,,11.572692346038526,Indo-European,Latn,1.2007941176470587,0.5436363636363636,0.5588888888888889,0.5512626262626262
granite-3.1-8b-base,por_Latn,0.8633333333333333,0.04178800633445214,0.3452025051994001,,11.136535917638877,Indo-European,Latn,1.2411764705882353,0.47186932849364793,0.6166666666666667,0.5442679975801573
granite-3.1-8b-base,ita_Latn,0.9,0.046029242514199924,0.3452025051994001,,11.218657350111846,Indo-European,Latn,1.2658764705882353,0.5802919708029197,0.5722222222222222,0.576257096512571
granite-3.1-8b-base,nld_Latn,0.83,0.030364397177046802,0.3452025051994001,,10.903264809073452,Indo-European,Latn,1.3371529411764707,0.5263157894736842,0.5311111111111111,0.5287134502923976
granite-3.1-8b-base,swe_Latn,0.62,-0.06595954583115347,0.3452025051994001,,10.585304823582218,Indo-European,Latn,1.4709764705882353,,0.4588888888888889,0.4588888888888889
granite-3.1-8b-base,pol_Latn,0.31333333333333335,-0.07337224998857249,0.3452025051994001,,11.069183544489329,Balto-Slavic,Latn,1.8035588235294118,0.3248175182481752,0.4033333333333333,0.36407542579075425
granite-3.1-8b-base,ces_Latn,0.64,0.007149810356257946,0.3452025051994001,,10.755192300065602,Balto-Slavic,Latn,1.9043941176470587,,0.5188888888888888,0.5188888888888888
granite-3.1-8b-base,ron_Latn,0.44333333333333336,-0.07326048758294197,0.3452025051994001,,10.598220789235437,Indo-European,Latn,1.5607,,0.46555555555555556,0.46555555555555556
granite-3.1-8b-base,rus_Cyrl,0.36666666666666664,-0.11173353463207449,0.3452025051994001,,11.867586387163913,Balto-Slavic,Cyrl,1.9942470588235295,0.39492753623188404,0.4622222222222222,0.4285748792270531
granite-3.1-8b-base,ukr_Cyrl,0.21666666666666667,-0.11101061210714344,0.3452025051994001,,10.582360317494818,Balto-Slavic,Cyrl,2.340729411764706,0.4018181818181818,0.41,0.4059090909090909
granite-3.1-8b-base,bul_Cyrl,0.2733333333333333,-0.10050836069200268,0.3452025051994001,,10.360175858097726,Balto-Slavic,Cyrl,2.0901764705882355,0.4018181818181818,0.4066666666666667,0.40424242424242424
granite-3.1-8b-base,ell_Grek,0.07,-0.31029445762775637,0.3452025051994001,,10.634956550916772,Indo-European,other,3.2260705882352942,0.32065217391304346,0.38333333333333336,0.3519927536231884
granite-3.1-8b-base,tur_Latn,0.25,-0.08621313644368182,0.3452025051994001,,10.808162253319553,Turkic,Latn,1.7084764705882354,0.3594890510948905,0.38,0.36974452554744525
granite-3.1-8b-base,arb_Arab,0.22333333333333333,-0.1938135890474612,0.3452025051994001,,10.841073612355865,Afro-Asiatic,Arab,3.117952941176471,0.38768115942028986,0.3988888888888889,0.3932850241545894
granite-3.1-8b-base,heb_Hebr,0.07666666666666666,-0.1839818917074943,0.3452025051994001,,9.693476506485494,Afro-Asiatic,other,4.055217647058823,0.39090909090909093,0.32555555555555554,0.35823232323232324
granite-3.1-8b-base,pes_Arab,0.13,-0.17208035467730312,0.3452025051994001,,10.662263375070816,Indo-European,Arab,3.4424411764705884,0.28832116788321166,0.35,0.31916058394160585
granite-3.1-8b-base,hin_Deva,0.03333333333333333,-0.32166944464658354,0.3452025051994001,,10.225085947081105,Indo-European,Deva,4.760605882352941,0.3692870201096892,0.3388888888888889,0.3540879544992891
granite-3.1-8b-base,ben_Beng,0.03666666666666667,-0.22429003472635467,0.3452025051994001,,9.981044874347496,Indo-European,other,6.026417647058824,0.32299270072992703,0.2966666666666667,0.3098296836982969
granite-3.1-8b-base,tam_Taml,0.023333333333333334,-0.20867042632936267,0.3452025051994001,,9.641283555217916,Dravidian,other,6.100917647058823,0.29454545454545455,0.3055555555555556,0.30005050505050507
granite-3.1-8b-base,tel_Telu,0.01,-0.25867730196553623,0.3452025051994001,,9.195061276656201,Dravidian,other,7.609270588235294,0.2755474452554745,0.3088888888888889,0.2922181670721817
granite-3.1-8b-base,mar_Deva,0.013333333333333334,-0.27010828365408635,0.3452025051994001,,9.291197362643686,Indo-European,Deva,5.015682352941177,,0.33,0.33
granite-3.1-8b-base,urd_Arab,0.06333333333333334,-0.21733606227787225,0.3452025051994001,,9.431854501264098,Indo-European,Arab,3.964352941176471,0.28125,0.3244444444444444,0.3028472222222222
granite-3.1-8b-base,vie_Latn,0.26666666666666666,-0.08119003563669555,0.3452025051994001,,10.743353922054286,other,Latn,2.1605588235294118,0.3181818181818182,0.38666666666666666,0.3524242424242424
granite-3.1-8b-base,ind_Latn,0.6033333333333334,-0.011467674256133244,0.3452025051994001,,10.081454105942349,Austronesian,Latn,1.3422529411764705,0.39454545454545453,0.4633333333333333,0.42893939393939395
granite-3.1-8b-base,zsm_Latn,0.6066666666666667,-0.04566958520402743,0.3452025051994001,,7.287263587861631,Austronesian,Latn,1.3803882352941177,0.35728542914171657,0.4388888888888889,0.3980871590153027
granite-3.1-8b-base,tha_Thai,0.06666666666666667,-0.19104454330738158,0.3452025051994001,,10.196379987855126,Tai-Kadai,other,5.162605882352942,,0.2911111111111111,0.2911111111111111
granite-3.1-8b-base,zho_Hans,0.6466666666666666,-0.04726003491646417,0.3452025051994001,,11.356131798505956,Sino-Tibetan,other,4.402152941176471,0.3743119266055046,0.5511111111111111,0.46271151885830786
granite-3.1-8b-base,jpn_Jpan,0.44333333333333336,-0.09175272710165049,0.3452025051994001,,11.032916144087627,other,other,5.0625647058823535,0.43912175648702595,0.4255555555555556,0.43233865602129073
granite-3.1-8b-base,kor_Hang,0.33,-0.06711953647061904,0.3452025051994001,,10.393846195528992,other,other,5.392352941176471,0.422,0.46,0.441
granite-3.1-8b-base,fin_Latn,0.17,-0.126303123384618,0.3452025051994001,,10.461273505456898,Uralic,Latn,1.6468823529411765,0.33030852994555354,0.35888888888888887,0.3445987094172212
granite-3.1-8b-base,hun_Latn,0.14,-0.1263818197207333,0.3452025051994001,,10.637669631397417,Uralic,Latn,1.797864705882353,0.27090909090909093,0.3333333333333333,0.3021212121212121
granite-3.1-8b-base,est_Latn,0.12666666666666668,-0.1725742136592542,0.3452025051994001,,9.944761723531126,Uralic,Latn,1.6741529411764706,0.24107142857142858,0.3288888888888889,0.28498015873015875
granite-3.1-8b-base,kat_Geor,0.006666666666666667,-0.17974246988373302,0.3452025051994001,,9.417907523376437,other,other,6.757517647058824,0.274,0.28555555555555556,0.2797777777777778
granite-3.1-8b-base,amh_Ethi,0.006666666666666667,-0.19983154102845951,0.3452025051994001,,8.5541337799261,Afro-Asiatic,other,9.0556,,0.2722222222222222,0.2722222222222222
granite-3.1-8b-base,swh_Latn,0.13666666666666666,-0.12128494609212925,0.3452025051994001,,7.487255902011655,Atlantic-Congo,Latn,1.6242705882352941,,0.31,0.31
granite-3.1-8b-base,yor_Latn,0.023333333333333334,-0.23326257047628982,0.3452025051994001,,4.632892380992985,Atlantic-Congo,Latn,2.822870588235294,,0.27555555555555555,0.27555555555555555
granite-3.1-8b-base,khm_Khmr,0.013333333333333334,-0.19526482670003878,0.3452025051994001,,8.873125289337338,other,other,7.467370588235294,,0.27444444444444444,0.27444444444444444
granite-3.1-8b-base,mya_Mymr,0.0033333333333333335,-0.16057437898952082,0.3452025051994001,,8.94576714414124,Sino-Tibetan,other,9.286835294117648,,0.24444444444444444,0.24444444444444444
mGPT,deu_Latn,0.21,-0.7837300605314952,0.5557909635347984,,11.552705133249123,Indo-European,Latn,1.3225588235294117,0.33093525179856115,0.2477777777777778,0.2893565147881695
mGPT,fra_Latn,0.13333333333333333,-0.9325056018259951,0.5557909635347984,,11.504243358607456,Indo-European,Latn,1.2537352941176472,0.24343675417661098,0.23333333333333334,0.23838504375497216
mGPT,spa_Latn,0.21,-0.8148906243107954,0.5557909635347984,,11.572692346038526,Indo-European,Latn,1.2007941176470587,0.26545454545454544,0.23333333333333334,0.2493939393939394
mGPT,por_Latn,0.19,-0.9093885716477685,0.5557909635347984,,11.136535917638877,Indo-European,Latn,1.2411764705882353,0.2159709618874773,0.2288888888888889,0.2224299253881831
mGPT,ita_Latn,0.21333333333333335,-0.8064240765018165,0.5557909635347984,,11.218657350111846,Indo-European,Latn,1.2658764705882353,0.25547445255474455,0.24555555555555555,0.25051500405515004
mGPT,nld_Latn,0.17,-0.9277474095360662,0.5557909635347984,,10.903264809073452,Indo-European,Latn,1.3371529411764707,0.14882032667876588,0.22444444444444445,0.18663238556160516
mGPT,swe_Latn,0.24,-0.8963571826764525,0.5557909635347984,,10.585304823582218,Indo-European,Latn,1.4709764705882353,,0.2611111111111111,0.2611111111111111
mGPT,pol_Latn,0.12,-1.0345115559456597,0.5557909635347984,,11.069183544489329,Balto-Slavic,Latn,1.8035588235294118,0.26277372262773724,0.24444444444444444,0.25360908353609085
mGPT,ces_Latn,0.02666666666666667,-1.0598240495632107,0.5557909635347984,,10.755192300065602,Balto-Slavic,Latn,1.9043941176470587,,0.23444444444444446,0.23444444444444446
mGPT,ron_Latn,0.09,-1.0734427655704362,0.5557909635347984,,10.598220789235437,Indo-European,Latn,1.5607,,0.23333333333333334,0.23333333333333334
mGPT,rus_Cyrl,0.1,-0.9898573907296416,0.5557909635347984,,11.867586387163913,Balto-Slavic,Cyrl,1.9942470588235295,0.24818840579710144,0.2477777777777778,0.2479830917874396
mGPT,ukr_Cyrl,0.09666666666666666,-1.0565975890891692,0.5557909635347984,,10.582360317494818,Balto-Slavic,Cyrl,2.340729411764706,0.29818181818181816,0.2633333333333333,0.28075757575757576
mGPT,bul_Cyrl,0.1,-0.9842705550196948,0.5557909635347984,,10.360175858097726,Balto-Slavic,Cyrl,2.0901764705882355,0.24181818181818182,0.23555555555555555,0.23868686868686867
mGPT,ell_Grek,0.08666666666666667,-0.9932691200409803,0.5557909635347984,,10.634956550916772,Indo-European,other,3.2260705882352942,0.20652173913043478,0.2288888888888889,0.21770531400966184
mGPT,tur_Latn,0.13,-0.9273415306700301,0.5557909635347984,,10.808162253319553,Turkic,Latn,1.7084764705882354,0.2737226277372263,0.2388888888888889,0.2563057583130576
mGPT,arb_Arab,0.09333333333333334,-0.8824922408332121,0.5557909635347984,,10.841073612355865,Afro-Asiatic,Arab,3.117952941176471,0.2246376811594203,0.23666666666666666,0.2306521739130435
mGPT,heb_Hebr,0.11333333333333333,-0.8493341056225667,0.5557909635347984,,9.693476506485494,Afro-Asiatic,other,4.055217647058823,0.26181818181818184,0.2388888888888889,0.2503535353535354
mGPT,pes_Arab,0.11,-0.9051663480124851,0.5557909635347984,,10.662263375070816,Indo-European,Arab,3.4424411764705884,0.22445255474452555,0.24222222222222223,0.23333738848337388
mGPT,hin_Deva,0.03333333333333333,-1.0446793364216627,0.5557909635347984,,10.225085947081105,Indo-European,Deva,4.760605882352941,0.25411334552102377,0.25333333333333335,0.25372333942717856
mGPT,ben_Beng,0.023333333333333334,-1.0235646763771318,0.5557909635347984,,9.981044874347496,Indo-European,other,6.026417647058824,0.291970802919708,0.24222222222222223,0.2670965125709651
mGPT,tam_Taml,0.006666666666666667,-1.045613374995164,0.5557909635347984,,9.641283555217916,Dravidian,other,6.100917647058823,0.24181818181818182,0.22333333333333333,0.23257575757575757
mGPT,tel_Telu,0.023333333333333334,-1.029817954950206,0.5557909635347984,,9.195061276656201,Dravidian,other,7.609270588235294,0.24817518248175183,0.24,0.24408759124087592
mGPT,mar_Deva,0.013333333333333334,-1.0278091491785368,0.5557909635347984,,9.291197362643686,Indo-European,Deva,5.015682352941177,,0.23333333333333334,0.23333333333333334
mGPT,urd_Arab,0.09333333333333334,-0.9898605673610358,0.5557909635347984,,9.431854501264098,Indo-European,Arab,3.964352941176471,0.3409090909090909,0.22333333333333333,0.2821212121212121
mGPT,vie_Latn,0.14,-0.8366398094363241,0.5557909635347984,,10.743353922054286,other,Latn,2.1605588235294118,0.27090909090909093,0.25333333333333335,0.26212121212121214
mGPT,ind_Latn,0.18666666666666668,-0.7703760500192084,0.5557909635347984,,10.081454105942349,Austronesian,Latn,1.3422529411764705,0.2581818181818182,0.22666666666666666,0.24242424242424243
mGPT,zsm_Latn,0.22333333333333333,-0.7495428237433082,0.5557909635347984,,7.287263587861631,Austronesian,Latn,1.3803882352941177,0.2634730538922156,0.24444444444444444,0.25395874916833
mGPT,tha_Thai,0.06,-0.9944030948698594,0.5557909635347984,,10.196379987855126,Tai-Kadai,other,5.162605882352942,,0.23777777777777778,0.23777777777777778
mGPT,zho_Hans,0.11666666666666667,-0.8932917497707921,0.5557909635347984,,11.356131798505956,Sino-Tibetan,other,4.402152941176471,0.24770642201834864,0.2311111111111111,0.23940876656472987
mGPT,jpn_Jpan,0.12666666666666668,-0.7352417214425433,0.5557909635347984,,11.032916144087627,other,other,5.0625647058823535,0.27345309381237526,0.2477777777777778,0.2606154357950765
mGPT,kor_Hang,0.10333333333333333,-0.8660047954371806,0.5557909635347984,,10.393846195528992,other,other,5.392352941176471,0.234,0.23666666666666666,0.23533333333333334
mGPT,fin_Latn,0.11333333333333333,-0.903934869770824,0.5557909635347984,,10.461273505456898,Uralic,Latn,1.6468823529411765,0.23049001814882034,0.23444444444444446,0.23246723129663238
mGPT,hun_Latn,0.11,-0.9774511653129785,0.5557909635347984,,10.637669631397417,Uralic,Latn,1.797864705882353,0.2545454545454545,0.23,0.24227272727272725
mGPT,est_Latn,0.023333333333333334,-1.0176038794131854,0.5557909635347984,,9.944761723531126,Uralic,Latn,1.6741529411764706,0.3080357142857143,0.23,0.26901785714285714
mGPT,kat_Geor,0.056666666666666664,-0.9333552625301281,0.5557909635347984,,9.417907523376437,other,other,6.757517647058824,0.286,0.23777777777777778,0.2618888888888889
mGPT,amh_Ethi,0.0,-0.9996383720148804,0.5557909635347984,,8.5541337799261,Afro-Asiatic,other,9.0556,,0.27,0.27
mGPT,swh_Latn,0.07666666666666666,-1.0232235175988942,0.5557909635347984,,7.487255902011655,Atlantic-Congo,Latn,1.6242705882352941,,0.2677777777777778,0.2677777777777778
mGPT,yor_Latn,0.0,-0.9917711213338307,0.5557909635347984,,4.632892380992985,Atlantic-Congo,Latn,2.822870588235294,,0.2311111111111111,0.2311111111111111
mGPT,khm_Khmr,0.0,-0.9943949872052237,0.5557909635347984,,8.873125289337338,other,other,7.467370588235294,,0.23222222222222222,0.23222222222222222
mGPT,mya_Mymr,0.0,-1.0776877765289827,0.5557909635347984,,8.94576714414124,Sino-Tibetan,other,9.286835294117648,,0.24666666666666667,0.24666666666666667
occiglot-7b-eu5,deu_Latn,0.23,-0.14496030531690948,0.3012475207853764,,11.552705133249123,Indo-European,Latn,1.3225588235294117,0.3597122302158273,0.40555555555555556,0.38263389288569144
occiglot-7b-eu5,fra_Latn,0.22333333333333333,-0.15089030609557186,0.3012475207853764,,11.504243358607456,Indo-European,Latn,1.2537352941176472,0.43675417661097854,0.4577777777777778,0.44726597719437816
occiglot-7b-eu5,spa_Latn,0.2833333333333333,-0.09123537888656075,0.3012475207853764,,11.572692346038526,Indo-European,Latn,1.2007941176470587,0.5345454545454545,0.43333333333333335,0.48393939393939395
occiglot-7b-eu5,por_Latn,0.19666666666666666,-0.13186590376095628,0.3012475207853764,,11.136535917638877,Indo-European,Latn,1.2411764705882353,0.3938294010889292,0.38555555555555554,0.3896924783222424
occiglot-7b-eu5,ita_Latn,0.28,-0.11218157229855476,0.3012475207853764,,11.218657350111846,Indo-European,Latn,1.2658764705882353,0.4762773722627737,0.40555555555555556,0.4409164639091646
occiglot-7b-eu5,nld_Latn,0.14666666666666667,-0.154950040582189,0.3012475207853764,,10.903264809073452,Indo-European,Latn,1.3371529411764707,0.3956442831215971,0.3566666666666667,0.3761554748941319
occiglot-7b-eu5,swe_Latn,0.18,-0.09429980014978594,0.3012475207853764,,10.585304823582218,Indo-European,Latn,1.4709764705882353,,0.35555555555555557,0.35555555555555557
occiglot-7b-eu5,pol_Latn,0.03,-0.2635343904658589,0.3012475207853764,,11.069183544489329,Balto-Slavic,Latn,1.8035588235294118,0.3102189781021898,0.3477777777777778,0.32899837793998377
occiglot-7b-eu5,ces_Latn,0.05333333333333334,-0.2058453825296264,0.3012475207853764,,10.755192300065602,Balto-Slavic,Latn,1.9043941176470587,,0.34,0.34
occiglot-7b-eu5,ron_Latn,0.09,-0.20143729452790646,0.3012475207853764,,10.598220789235437,Indo-European,Latn,1.5607,,0.33444444444444443,0.33444444444444443
occiglot-7b-eu5,rus_Cyrl,0.02666666666666667,-0.23274150203180236,0.3012475207853764,,11.867586387163913,Balto-Slavic,Cyrl,1.9942470588235295,0.3333333333333333,0.37222222222222223,0.35277777777777775
occiglot-7b-eu5,ukr_Cyrl,0.04,-0.21135133367646583,0.3012475207853764,,10.582360317494818,Balto-Slavic,Cyrl,2.340729411764706,0.3781818181818182,0.3244444444444444,0.3513131313131313
occiglot-7b-eu5,bul_Cyrl,0.03666666666666667,-0.23847958699627556,0.3012475207853764,,10.360175858097726,Balto-Slavic,Cyrl,2.0901764705882355,0.34545454545454546,0.3,0.32272727272727275
occiglot-7b-eu5,ell_Grek,0.0033333333333333335,-0.5068589351142433,0.3012475207853764,,10.634956550916772,Indo-European,other,3.2260705882352942,0.2717391304347826,0.29333333333333333,0.28253623188405796
occiglot-7b-eu5,tur_Latn,0.023333333333333334,-0.28225401323961374,0.3012475207853764,,10.808162253319553,Turkic,Latn,1.7084764705882354,0.3266423357664234,0.2922222222222222,0.3094322789943228
occiglot-7b-eu5,arb_Arab,0.0033333333333333335,-0.4165051889217825,0.3012475207853764,,10.841073612355865,Afro-Asiatic,Arab,3.117952941176471,0.36231884057971014,0.29888888888888887,0.3306038647342995
occiglot-7b-eu5,heb_Hebr,0.006666666666666667,-0.35845836392741576,0.3012475207853764,,9.693476506485494,Afro-Asiatic,other,4.055217647058823,0.3709090909090909,0.2866666666666667,0.3287878787878788
occiglot-7b-eu5,pes_Arab,0.0033333333333333335,-0.42374267292801104,0.3012475207853764,,10.662263375070816,Indo-European,Arab,3.4424411764705884,0.30474452554744524,0.29,0.29737226277372264
occiglot-7b-eu5,hin_Deva,0.0033333333333333335,-0.4855985930492364,0.3012475207853764,,10.225085947081105,Indo-European,Deva,4.760605882352941,0.26508226691042047,0.28888888888888886,0.27698557789965467
occiglot-7b-eu5,ben_Beng,0.0,-0.5066739603196644,0.3012475207853764,,9.981044874347496,Indo-European,other,6.026417647058824,0.2937956204379562,0.2688888888888889,0.28134225466342255
occiglot-7b-eu5,tam_Taml,0.0,-0.46838499917999954,0.3012475207853764,,9.641283555217916,Dravidian,other,6.100917647058823,0.24181818181818182,0.28,0.2609090909090909
occiglot-7b-eu5,tel_Telu,0.0033333333333333335,-0.3912128838915416,0.3012475207853764,,9.195061276656201,Dravidian,other,7.609270588235294,0.2937956204379562,0.2822222222222222,0.2880089213300892
occiglot-7b-eu5,mar_Deva,0.0,-0.46645597447000486,0.3012475207853764,,9.291197362643686,Indo-European,Deva,5.015682352941177,,0.2822222222222222,0.2822222222222222
occiglot-7b-eu5,urd_Arab,0.0,-0.43958707075881365,0.3012475207853764,,9.431854501264098,Indo-European,Arab,3.964352941176471,0.26704545454545453,0.2677777777777778,0.26741161616161613
occiglot-7b-eu5,vie_Latn,0.016666666666666666,-0.3597254545227367,0.3012475207853764,,10.743353922054286,other,Latn,2.1605588235294118,0.29818181818181816,0.32555555555555554,0.31186868686868685
occiglot-7b-eu5,ind_Latn,0.06333333333333334,-0.2570894491069717,0.3012475207853764,,10.081454105942349,Austronesian,Latn,1.3422529411764705,0.34545454545454546,0.32,0.33272727272727276
occiglot-7b-eu5,zsm_Latn,0.07333333333333333,-0.23352895438561377,0.3012475207853764,,7.287263587861631,Austronesian,Latn,1.3803882352941177,0.32934131736526945,0.33555555555555555,0.3324484364604125
occiglot-7b-eu5,tha_Thai,0.01,-0.4350533319972906,0.3012475207853764,,10.196379987855126,Tai-Kadai,other,5.162605882352942,,0.31222222222222223,0.31222222222222223
occiglot-7b-eu5,zho_Hans,0.08,-0.1470929221812358,0.3012475207853764,,11.356131798505956,Sino-Tibetan,other,4.402152941176471,0.3614678899082569,0.3788888888888889,0.3701783893985729
occiglot-7b-eu5,jpn_Jpan,0.016666666666666666,-0.22654910081898536,0.3012475207853764,,11.032916144087627,other,other,5.0625647058823535,0.3712574850299401,0.34,0.35562874251497006
occiglot-7b-eu5,kor_Hang,0.016666666666666666,-0.3217138181191898,0.3012475207853764,,10.393846195528992,other,other,5.392352941176471,0.374,0.3211111111111111,0.34755555555555556
occiglot-7b-eu5,fin_Latn,0.05,-0.2687752340166505,0.3012475207853764,,10.461273505456898,Uralic,Latn,1.6468823529411765,0.3103448275862069,0.2911111111111111,0.300727969348659
occiglot-7b-eu5,hun_Latn,0.03,-0.2860441576420026,0.3012475207853764,,10.637669631397417,Uralic,Latn,1.797864705882353,0.2927272727272727,0.29444444444444445,0.2935858585858586
occiglot-7b-eu5,est_Latn,0.043333333333333335,-0.264056585309209,0.3012475207853764,,9.944761723531126,Uralic,Latn,1.6741529411764706,0.26339285714285715,0.28888888888888886,0.276140873015873
occiglot-7b-eu5,kat_Geor,0.0033333333333333335,-0.4558325076423651,0.3012475207853764,,9.417907523376437,other,other,6.757517647058824,0.288,0.28,0.28400000000000003
occiglot-7b-eu5,amh_Ethi,0.0033333333333333335,-0.32534245352266083,0.3012475207853764,,8.5541337799261,Afro-Asiatic,other,9.0556,,0.2677777777777778,0.2677777777777778
occiglot-7b-eu5,swh_Latn,0.04,-0.2916630271324558,0.3012475207853764,,7.487255902011655,Atlantic-Congo,Latn,1.6242705882352941,,0.28888888888888886,0.28888888888888886
occiglot-7b-eu5,yor_Latn,0.01,-0.38269071573834024,0.3012475207853764,,4.632892380992985,Atlantic-Congo,Latn,2.822870588235294,,0.2633333333333333,0.2633333333333333
occiglot-7b-eu5,khm_Khmr,0.006666666666666667,-0.4257040268358008,0.3012475207853764,,8.873125289337338,other,other,7.467370588235294,,0.28555555555555556,0.28555555555555556
occiglot-7b-eu5,mya_Mymr,0.0,-0.3879636558493035,0.3012475207853764,,8.94576714414124,Sino-Tibetan,other,9.286835294117648,,0.2833333333333333,0.2833333333333333
xglm-1.7B,deu_Latn,0.9933333333333333,0.06580735664071999,0.2174616132271172,,11.552705133249123,Indo-European,Latn,1.3225588235294117,0.3237410071942446,0.2288888888888889,0.27631494804156675
xglm-1.7B,fra_Latn,0.97,0.02030571761345624,0.2174616132271172,,11.504243358607456,Indo-European,Latn,1.2537352941176472,0.2529832935560859,0.2288888888888889,0.24093609122248738
xglm-1.7B,spa_Latn,0.9833333333333333,0.053738012342703964,0.2174616132271172,,11.572692346038526,Indo-European,Latn,1.2007941176470587,0.2672727272727273,0.2288888888888889,0.24808080808080807
xglm-1.7B,por_Latn,0.98,0.06465539692849015,0.2174616132271172,,11.136535917638877,Indo-European,Latn,1.2411764705882353,0.2177858439201452,0.2288888888888889,0.22333736640451704
xglm-1.7B,ita_Latn,0.99,0.07342016696050807,0.2174616132271172,,11.218657350111846,Indo-European,Latn,1.2658764705882353,0.2572992700729927,0.2288888888888889,0.2430940794809408
xglm-1.7B,nld_Latn,0.29333333333333333,-0.05033627649573886,0.2174616132271172,,10.903264809073452,Indo-European,Latn,1.3371529411764707,0.132486388384755,0.2288888888888889,0.18068763863682194
xglm-1.7B,swe_Latn,0.37666666666666665,-0.044459633825385696,0.2174616132271172,,10.585304823582218,Indo-European,Latn,1.4709764705882353,,0.2288888888888889,0.2288888888888889
xglm-1.7B,pol_Latn,0.08,-0.11658974856553891,0.2174616132271172,,11.069183544489329,Balto-Slavic,Latn,1.8035588235294118,0.2718978102189781,0.2288888888888889,0.2503933495539335
xglm-1.7B,ces_Latn,0.09,-0.1060274871242469,0.2174616132271172,,10.755192300065602,Balto-Slavic,Latn,1.9043941176470587,,0.2288888888888889,0.2288888888888889
xglm-1.7B,ron_Latn,0.23,-0.06547237955053772,0.2174616132271172,,10.598220789235437,Indo-European,Latn,1.5607,,0.2288888888888889,0.2288888888888889
xglm-1.7B,rus_Cyrl,0.9466666666666667,0.011768618634233686,0.2174616132271172,,11.867586387163913,Balto-Slavic,Cyrl,1.9942470588235295,0.266304347826087,0.2288888888888889,0.24759661835748792
xglm-1.7B,ukr_Cyrl,0.24333333333333335,-0.05339324369471805,0.2174616132271172,,10.582360317494818,Balto-Slavic,Cyrl,2.340729411764706,0.3527272727272727,0.2288888888888889,0.2908080808080808
xglm-1.7B,bul_Cyrl,0.98,0.04111691492327783,0.2174616132271172,,10.360175858097726,Balto-Slavic,Cyrl,2.0901764705882355,0.2381818181818182,0.2288888888888889,0.23353535353535354
xglm-1.7B,ell_Grek,0.98,0.03485195505850198,0.2174616132271172,,10.634956550916772,Indo-European,other,3.2260705882352942,0.19746376811594202,0.2288888888888889,0.21317632850241547
xglm-1.7B,tur_Latn,0.9333333333333333,0.018451215404830367,0.2174616132271172,,10.808162253319553,Turkic,Latn,1.7084764705882354,0.29014598540145986,0.2288888888888889,0.2595174371451744
xglm-1.7B,arb_Arab,0.9466666666666667,0.020464368181061614,0.2174616132271172,,10.841073612355865,Afro-Asiatic,Arab,3.117952941176471,0.2246376811594203,0.2288888888888889,0.2267632850241546
xglm-1.7B,heb_Hebr,0.023333333333333334,-0.14951545474334296,0.2174616132271172,,9.693476506485494,Afro-Asiatic,other,4.055217647058823,0.26,0.2288888888888889,0.24444444444444446
xglm-1.7B,pes_Arab,0.11,-0.10801279620447349,0.2174616132271172,,10.662263375070816,Indo-European,Arab,3.4424411764705884,0.2208029197080292,0.2288888888888889,0.22484590429845905
xglm-1.7B,hin_Deva,0.9166666666666666,0.01317158545007746,0.2174616132271172,,10.225085947081105,Indo-European,Deva,4.760605882352941,0.23948811700182815,0.2288888888888889,0.23418850294535853
xglm-1.7B,ben_Beng,0.8866666666666667,0.0064999405750291155,0.2174616132271172,,9.981044874347496,Indo-European,other,6.026417647058824,0.29014598540145986,0.2288888888888889,0.2595174371451744
xglm-1.7B,tam_Taml,0.7666666666666667,-0.00419235485061599,0.2174616132271172,,9.641283555217916,Dravidian,other,6.100917647058823,0.24363636363636362,0.2288888888888889,0.23626262626262626
xglm-1.7B,tel_Telu,0.8,-0.014995843364926018,0.2174616132271172,,9.195061276656201,Dravidian,other,7.609270588235294,0.24087591240875914,0.2288888888888889,0.234882400648824
xglm-1.7B,mar_Deva,0.17333333333333334,-0.09202803268517538,0.2174616132271172,,9.291197362643686,Indo-European,Deva,5.015682352941177,,0.2288888888888889,0.2288888888888889
xglm-1.7B,urd_Arab,0.9,0.013290444717096296,0.2174616132271172,,9.431854501264098,Indo-European,Arab,3.964352941176471,0.3380681818181818,0.2288888888888889,0.28347853535353534
xglm-1.7B,vie_Latn,0.9566666666666667,0.026837226995550918,0.2174616132271172,,10.743353922054286,other,Latn,2.1605588235294118,0.27454545454545454,0.2288888888888889,0.25171717171717173
xglm-1.7B,ind_Latn,0.98,0.07713151354564439,0.2174616132271172,,10.081454105942349,Austronesian,Latn,1.3422529411764705,0.2636363636363636,0.2288888888888889,0.24626262626262624
xglm-1.7B,zsm_Latn,0.96,0.0520558743341027,0.2174616132271172,,7.287263587861631,Austronesian,Latn,1.3803882352941177,0.24151696606786427,0.2288888888888889,0.23520292747837657
xglm-1.7B,tha_Thai,0.9733333333333334,0.03555626678159692,0.2174616132271172,,10.196379987855126,Tai-Kadai,other,5.162605882352942,,0.2288888888888889,0.2288888888888889
xglm-1.7B,zho_Hans,0.9433333333333334,0.009778242071444631,0.2174616132271172,,11.356131798505956,Sino-Tibetan,other,4.402152941176471,0.24587155963302754,0.2288888888888889,0.23738022426095823
xglm-1.7B,jpn_Jpan,0.8966666666666666,0.00231818216945273,0.2174616132271172,,11.032916144087627,other,other,5.0625647058823535,0.2634730538922156,0.2288888888888889,0.24618097139055223
xglm-1.7B,kor_Hang,0.9366666666666666,0.019104158419131632,0.2174616132271172,,10.393846195528992,other,other,5.392352941176471,0.234,0.2288888888888889,0.23144444444444445
xglm-1.7B,fin_Latn,0.99,0.05808566126696446,0.2174616132271172,,10.461273505456898,Uralic,Latn,1.6468823529411765,0.23593466424682397,0.2288888888888889,0.23241177656785644
xglm-1.7B,hun_Latn,0.08,-0.11502228229928023,0.2174616132271172,,10.637669631397417,Uralic,Latn,1.797864705882353,0.2545454545454545,0.2288888888888889,0.24171717171717172
xglm-1.7B,est_Latn,0.9733333333333334,0.045168522640286715,0.2174616132271172,,9.944761723531126,Uralic,Latn,1.6741529411764706,0.3080357142857143,0.2288888888888889,0.2684623015873016
xglm-1.7B,kat_Geor,0.01,-0.1581928322666978,0.2174616132271172,,9.417907523376437,other,other,6.757517647058824,0.298,0.2288888888888889,0.2634444444444444
xglm-1.7B,amh_Ethi,0.006666666666666667,-0.1596290531564425,0.2174616132271172,,8.5541337799261,Afro-Asiatic,other,9.0556,,0.2288888888888889,0.2288888888888889
xglm-1.7B,swh_Latn,0.9133333333333333,0.014342212789396961,0.2174616132271172,,7.487255902011655,Atlantic-Congo,Latn,1.6242705882352941,,0.2288888888888889,0.2288888888888889
xglm-1.7B,yor_Latn,0.03333333333333333,-0.12482134911886997,0.2174616132271172,,4.632892380992985,Atlantic-Congo,Latn,2.822870588235294,,0.2288888888888889,0.2288888888888889
xglm-1.7B,khm_Khmr,0.04666666666666667,-0.14595114987153057,0.2174616132271172,,8.873125289337338,other,other,7.467370588235294,,0.2288888888888889,0.2288888888888889
xglm-1.7B,mya_Mymr,0.06333333333333334,-0.09953154783928286,0.2174616132271172,,8.94576714414124,Sino-Tibetan,other,9.286835294117648,,0.2288888888888889,0.2288888888888889
xglm-2.9B,deu_Latn,0.9933333333333333,0.07014760907618942,0.2299301760207112,,11.552705133249123,Indo-European,Latn,1.3225588235294117,0.3237410071942446,0.2288888888888889,0.27631494804156675
xglm-2.9B,fra_Latn,0.9633333333333334,0.028903035668972326,0.2299301760207112,,11.504243358607456,Indo-European,Latn,1.2537352941176472,0.2529832935560859,0.2288888888888889,0.24093609122248738
xglm-2.9B,spa_Latn,0.99,0.06464555068596389,0.2299301760207112,,11.572692346038526,Indo-European,Latn,1.2007941176470587,0.2672727272727273,0.2288888888888889,0.24808080808080807
xglm-2.9B,por_Latn,0.9833333333333333,0.07515531515276007,0.2299301760207112,,11.136535917638877,Indo-European,Latn,1.2411764705882353,0.2177858439201452,0.2288888888888889,0.22333736640451704
xglm-2.9B,ita_Latn,0.99,0.08301923400759778,0.2299301760207112,,11.218657350111846,Indo-European,Latn,1.2658764705882353,0.2572992700729927,0.2288888888888889,0.2430940794809408
xglm-2.9B,nld_Latn,0.3333333333333333,-0.030813578302828253,0.2299301760207112,,10.903264809073452,Indo-European,Latn,1.3371529411764707,0.132486388384755,0.2288888888888889,0.18068763863682194
xglm-2.9B,swe_Latn,0.5066666666666667,-0.028851928372773804,0.2299301760207112,,10.585304823582218,Indo-European,Latn,1.4709764705882353,,0.2288888888888889,0.2288888888888889
xglm-2.9B,pol_Latn,0.1,-0.12675907724198682,0.2299301760207112,,11.069183544489329,Balto-Slavic,Latn,1.8035588235294118,0.2718978102189781,0.2288888888888889,0.2503933495539335
xglm-2.9B,ces_Latn,0.08666666666666667,-0.10510702085019728,0.2299301760207112,,10.755192300065602,Balto-Slavic,Latn,1.9043941176470587,,0.2288888888888889,0.2288888888888889
xglm-2.9B,ron_Latn,0.26,-0.06996632195153034,0.2299301760207112,,10.598220789235437,Indo-European,Latn,1.5607,,0.2288888888888889,0.2288888888888889
xglm-2.9B,rus_Cyrl,0.9533333333333334,0.020673733237040196,0.2299301760207112,,11.867586387163913,Balto-Slavic,Cyrl,1.9942470588235295,0.266304347826087,0.2288888888888889,0.24759661835748792
xglm-2.9B,ukr_Cyrl,0.37666666666666665,-0.02483156201758078,0.2299301760207112,,10.582360317494818,Balto-Slavic,Cyrl,2.340729411764706,0.3527272727272727,0.2288888888888889,0.2908080808080808
xglm-2.9B,bul_Cyrl,0.9866666666666667,0.04549156938165097,0.2299301760207112,,10.360175858097726,Balto-Slavic,Cyrl,2.0901764705882355,0.2381818181818182,0.2288888888888889,0.23353535353535354
xglm-2.9B,ell_Grek,0.9733333333333334,0.037774092195380846,0.2299301760207112,,10.634956550916772,Indo-European,other,3.2260705882352942,0.19746376811594202,0.2288888888888889,0.21317632850241547
xglm-2.9B,tur_Latn,0.9366666666666666,0.02437546243130096,0.2299301760207112,,10.808162253319553,Turkic,Latn,1.7084764705882354,0.29014598540145986,0.2288888888888889,0.2595174371451744
xglm-2.9B,arb_Arab,0.9566666666666667,0.020256042613162495,0.2299301760207112,,10.841073612355865,Afro-Asiatic,Arab,3.117952941176471,0.2246376811594203,0.2288888888888889,0.2267632850241546
xglm-2.9B,heb_Hebr,0.03,-0.1560890479111206,0.2299301760207112,,9.693476506485494,Afro-Asiatic,other,4.055217647058823,0.26,0.2288888888888889,0.24444444444444446
xglm-2.9B,pes_Arab,0.09666666666666666,-0.07525159252439764,0.2299301760207112,,10.662263375070816,Indo-European,Arab,3.4424411764705884,0.2208029197080292,0.2288888888888889,0.22484590429845905
xglm-2.9B,hin_Deva,0.9233333333333333,0.010595496538304518,0.2299301760207112,,10.225085947081105,Indo-European,Deva,4.760605882352941,0.23948811700182815,0.2288888888888889,0.23418850294535853
xglm-2.9B,ben_Beng,0.9066666666666666,0.008167203053907168,0.2299301760207112,,9.981044874347496,Indo-European,other,6.026417647058824,0.29014598540145986,0.2288888888888889,0.2595174371451744
xglm-2.9B,tam_Taml,0.7866666666666666,-0.0060973088254006975,0.2299301760207112,,9.641283555217916,Dravidian,other,6.100917647058823,0.24363636363636362,0.2288888888888889,0.23626262626262626
xglm-2.9B,tel_Telu,0.81,-0.005001674405157465,0.2299301760207112,,9.195061276656201,Dravidian,other,7.609270588235294,0.24087591240875914,0.2288888888888889,0.234882400648824
xglm-2.9B,mar_Deva,0.19666666666666666,-0.08992603620014619,0.2299301760207112,,9.291197362643686,Indo-European,Deva,5.015682352941177,,0.2288888888888889,0.2288888888888889
xglm-2.9B,urd_Arab,0.8966666666666666,0.015368072708118933,0.2299301760207112,,9.431854501264098,Indo-European,Arab,3.964352941176471,0.3380681818181818,0.2288888888888889,0.28347853535353534
xglm-2.9B,vie_Latn,0.9633333333333334,0.044658381601550785,0.2299301760207112,,10.743353922054286,other,Latn,2.1605588235294118,0.27454545454545454,0.2288888888888889,0.25171717171717173
xglm-2.9B,ind_Latn,0.9833333333333333,0.08244430997764776,0.2299301760207112,,10.081454105942349,Austronesian,Latn,1.3422529411764705,0.2636363636363636,0.2288888888888889,0.24626262626262624
xglm-2.9B,zsm_Latn,0.9466666666666667,0.062090136124516054,0.2299301760207112,,7.287263587861631,Austronesian,Latn,1.3803882352941177,0.24151696606786427,0.2288888888888889,0.23520292747837657
xglm-2.9B,tha_Thai,0.9933333333333333,0.04529150723019293,0.2299301760207112,,10.196379987855126,Tai-Kadai,other,5.162605882352942,,0.2288888888888889,0.2288888888888889
xglm-2.9B,zho_Hans,0.95,0.017147918622916106,0.2299301760207112,,11.356131798505956,Sino-Tibetan,other,4.402152941176471,0.24587155963302754,0.2288888888888889,0.23738022426095823
xglm-2.9B,jpn_Jpan,0.9,0.018384257825634607,0.2299301760207112,,11.032916144087627,other,other,5.0625647058823535,0.2634730538922156,0.2288888888888889,0.24618097139055223
xglm-2.9B,kor_Hang,0.95,0.025905047049548272,0.2299301760207112,,10.393846195528992,other,other,5.392352941176471,0.234,0.2288888888888889,0.23144444444444445
xglm-2.9B,fin_Latn,0.99,0.06312715328276233,0.2299301760207112,,10.461273505456898,Uralic,Latn,1.6468823529411765,0.23593466424682397,0.2288888888888889,0.23241177656785644
xglm-2.9B,hun_Latn,0.07666666666666666,-0.12202006432128627,0.2299301760207112,,10.637669631397417,Uralic,Latn,1.797864705882353,0.2545454545454545,0.2288888888888889,0.24171717171717172
xglm-2.9B,est_Latn,0.9733333333333334,0.05721730178784807,0.2299301760207112,,9.944761723531126,Uralic,Latn,1.6741529411764706,0.3080357142857143,0.2288888888888889,0.2684623015873016
xglm-2.9B,kat_Geor,0.02,-0.14443988988045237,0.2299301760207112,,9.417907523376437,other,other,6.757517647058824,0.298,0.2288888888888889,0.2634444444444444
xglm-2.9B,amh_Ethi,0.01,-0.13691923753293742,0.2299301760207112,,8.5541337799261,Afro-Asiatic,other,9.0556,,0.2288888888888889,0.2288888888888889
xglm-2.9B,swh_Latn,0.94,0.019264195677723046,0.2299301760207112,,7.487255902011655,Atlantic-Congo,Latn,1.6242705882352941,,0.2288888888888889,0.2288888888888889
xglm-2.9B,yor_Latn,0.03666666666666667,-0.14286298816365037,0.2299301760207112,,4.632892380992985,Atlantic-Congo,Latn,2.822870588235294,,0.2288888888888889,0.2288888888888889
xglm-2.9B,khm_Khmr,0.05,-0.14015024798572898,0.2299301760207112,,8.873125289337338,other,other,7.467370588235294,,0.2288888888888889,0.2288888888888889
xglm-2.9B,mya_Mymr,0.08333333333333333,-0.07841836853964325,0.2299301760207112,,8.94576714414124,Sino-Tibetan,other,9.286835294117648,,0.2288888888888889,0.2288888888888889
xglm-7.5B,deu_Latn,1.0,0.07864713972385988,0.28226183801502736,,11.552705133249123,Indo-European,Latn,1.3225588235294117,0.3237410071942446,0.2288888888888889,0.27631494804156675
xglm-7.5B,fra_Latn,0.96,0.02366280559311058,0.28226183801502736,,11.504243358607456,Indo-European,Latn,1.2537352941176472,0.2529832935560859,0.2288888888888889,0.24093609122248738
xglm-7.5B,spa_Latn,0.9866666666666667,0.07070732140779427,0.28226183801502736,,11.572692346038526,Indo-European,Latn,1.2007941176470587,0.2672727272727273,0.2288888888888889,0.24808080808080807
xglm-7.5B,por_Latn,0.9833333333333333,0.07846675809509135,0.28226183801502736,,11.136535917638877,Indo-European,Latn,1.2411764705882353,0.2177858439201452,0.2288888888888889,0.22333736640451704
xglm-7.5B,ita_Latn,0.9866666666666667,0.09031207628490119,0.28226183801502736,,11.218657350111846,Indo-European,Latn,1.2658764705882353,0.2572992700729927,0.2288888888888889,0.2430940794809408
xglm-7.5B,nld_Latn,0.5533333333333333,-0.0049825199382812655,0.28226183801502736,,10.903264809073452,Indo-European,Latn,1.3371529411764707,0.132486388384755,0.2288888888888889,0.18068763863682194
xglm-7.5B,swe_Latn,0.7133333333333334,0.004667465103473447,0.28226183801502736,,10.585304823582218,Indo-European,Latn,1.4709764705882353,,0.2288888888888889,0.2288888888888889
xglm-7.5B,pol_Latn,0.12,-0.08759102771215661,0.28226183801502736,,11.069183544489329,Balto-Slavic,Latn,1.8035588235294118,0.2718978102189781,0.2288888888888889,0.2503933495539335
xglm-7.5B,ces_Latn,0.14666666666666667,-0.07769333601049526,0.28226183801502736,,10.755192300065602,Balto-Slavic,Latn,1.9043941176470587,,0.2288888888888889,0.2288888888888889
xglm-7.5B,ron_Latn,0.36666666666666664,-0.04888509073813936,0.28226183801502736,,10.598220789235437,Indo-European,Latn,1.5607,,0.2288888888888889,0.2288888888888889
xglm-7.5B,rus_Cyrl,0.95,0.02274770233393317,0.28226183801502736,,11.867586387163913,Balto-Slavic,Cyrl,1.9942470588235295,0.266304347826087,0.2288888888888889,0.24759661835748792
xglm-7.5B,ukr_Cyrl,0.58,-0.01155447902328615,0.28226183801502736,,10.582360317494818,Balto-Slavic,Cyrl,2.340729411764706,0.3527272727272727,0.2288888888888889,0.2908080808080808
xglm-7.5B,bul_Cyrl,0.9866666666666667,0.05693463996505197,0.28226183801502736,,10.360175858097726,Balto-Slavic,Cyrl,2.0901764705882355,0.2381818181818182,0.2288888888888889,0.23353535353535354
xglm-7.5B,ell_Grek,0.98,0.03466895312635496,0.28226183801502736,,10.634956550916772,Indo-European,other,3.2260705882352942,0.19746376811594202,0.2288888888888889,0.21317632850241547
xglm-7.5B,tur_Latn,0.94,0.032709772086676,0.28226183801502736,,10.808162253319553,Turkic,Latn,1.7084764705882354,0.29014598540145986,0.2288888888888889,0.2595174371451744
xglm-7.5B,arb_Arab,0.9533333333333334,0.029624423633033563,0.28226183801502736,,10.841073612355865,Afro-Asiatic,Arab,3.117952941176471,0.2246376811594203,0.2288888888888889,0.2267632850241546
xglm-7.5B,heb_Hebr,0.03,-0.12555513832324808,0.28226183801502736,,9.693476506485494,Afro-Asiatic,other,4.055217647058823,0.26,0.2288888888888889,0.24444444444444446
xglm-7.5B,pes_Arab,0.14666666666666667,-0.060624515164690564,0.28226183801502736,,10.662263375070816,Indo-European,Arab,3.4424411764705884,0.2208029197080292,0.2288888888888889,0.22484590429845905
xglm-7.5B,hin_Deva,0.9233333333333333,0.016224747116028285,0.28226183801502736,,10.225085947081105,Indo-European,Deva,4.760605882352941,0.23948811700182815,0.2288888888888889,0.23418850294535853
xglm-7.5B,ben_Beng,0.9033333333333333,0.007074441275762872,0.28226183801502736,,9.981044874347496,Indo-European,other,6.026417647058824,0.29014598540145986,0.2288888888888889,0.2595174371451744
xglm-7.5B,tam_Taml,0.8366666666666667,-0.008506041864207876,0.28226183801502736,,9.641283555217916,Dravidian,other,6.100917647058823,0.24363636363636362,0.2288888888888889,0.23626262626262626
xglm-7.5B,tel_Telu,0.85,-0.004134747755204239,0.28226183801502736,,9.195061276656201,Dravidian,other,7.609270588235294,0.24087591240875914,0.2288888888888889,0.234882400648824
xglm-7.5B,mar_Deva,0.22333333333333333,-0.07228483285622003,0.28226183801502736,,9.291197362643686,Indo-European,Deva,5.015682352941177,,0.2288888888888889,0.2288888888888889
xglm-7.5B,urd_Arab,0.9033333333333333,0.02598309693344208,0.28226183801502736,,9.431854501264098,Indo-European,Arab,3.964352941176471,0.3380681818181818,0.2288888888888889,0.28347853535353534
xglm-7.5B,vie_Latn,0.9666666666666667,0.045020210659490946,0.28226183801502736,,10.743353922054286,other,Latn,2.1605588235294118,0.27454545454545454,0.2288888888888889,0.25171717171717173
xglm-7.5B,ind_Latn,0.9866666666666667,0.0838816089638668,0.28226183801502736,,10.081454105942349,Austronesian,Latn,1.3422529411764705,0.2636363636363636,0.2288888888888889,0.24626262626262624
xglm-7.5B,zsm_Latn,0.9533333333333334,0.06506120636207116,0.28226183801502736,,7.287263587861631,Austronesian,Latn,1.3803882352941177,0.24151696606786427,0.2288888888888889,0.23520292747837657
xglm-7.5B,tha_Thai,0.9833333333333333,0.04872183075686055,0.28226183801502736,,10.196379987855126,Tai-Kadai,other,5.162605882352942,,0.2288888888888889,0.2288888888888889
xglm-7.5B,zho_Hans,0.9466666666666667,0.028647346066304466,0.28226183801502736,,11.356131798505956,Sino-Tibetan,other,4.402152941176471,0.24587155963302754,0.2288888888888889,0.23738022426095823
xglm-7.5B,jpn_Jpan,0.8966666666666666,0.014185969561212984,0.28226183801502736,,11.032916144087627,other,other,5.0625647058823535,0.2634730538922156,0.2288888888888889,0.24618097139055223
xglm-7.5B,kor_Hang,0.9433333333333334,0.025678377465547526,0.28226183801502736,,10.393846195528992,other,other,5.392352941176471,0.234,0.2288888888888889,0.23144444444444445
xglm-7.5B,fin_Latn,1.0,0.06793970647398488,0.28226183801502736,,10.461273505456898,Uralic,Latn,1.6468823529411765,0.23593466424682397,0.2288888888888889,0.23241177656785644
xglm-7.5B,hun_Latn,0.08666666666666667,-0.09998014613350556,0.28226183801502736,,10.637669631397417,Uralic,Latn,1.797864705882353,0.2545454545454545,0.2288888888888889,0.24171717171717172
xglm-7.5B,est_Latn,0.9733333333333334,0.05962834445400523,0.28226183801502736,,9.944761723531126,Uralic,Latn,1.6741529411764706,0.3080357142857143,0.2288888888888889,0.2684623015873016
xglm-7.5B,kat_Geor,0.023333333333333334,-0.13251680893153187,0.28226183801502736,,9.417907523376437,other,other,6.757517647058824,0.298,0.2288888888888889,0.2634444444444444
xglm-7.5B,amh_Ethi,0.01,-0.12543503548402493,0.28226183801502736,,8.5541337799261,Afro-Asiatic,other,9.0556,,0.2288888888888889,0.2288888888888889
xglm-7.5B,swh_Latn,0.9433333333333334,0.02588477157955008,0.28226183801502736,,7.487255902011655,Atlantic-Congo,Latn,1.6242705882352941,,0.2288888888888889,0.2288888888888889
xglm-7.5B,yor_Latn,0.05333333333333334,-0.13094456097225596,0.28226183801502736,,4.632892380992985,Atlantic-Congo,Latn,2.822870588235294,,0.2288888888888889,0.2288888888888889
xglm-7.5B,khm_Khmr,0.07333333333333333,-0.1191246190518589,0.28226183801502736,,8.873125289337338,other,other,7.467370588235294,,0.2288888888888889,0.2288888888888889
xglm-7.5B,mya_Mymr,0.08333333333333333,-0.08184056639448649,0.28226183801502736,,8.94576714414124,Sino-Tibetan,other,9.286835294117648,,0.2288888888888889,0.2288888888888889
