model,layer,seed,sweeps,dimension,share_q05,share_q25,share_q50,share_q75,share_q95,fraction_share_gt_0_50,fraction_share_gt_0_75,fraction_share_gt_0_90,fraction_language_heavy_by,gini_ss_language,top5_ss_language_fraction,raw_global_lfs,ss_language_relative_error,ss_concept_relative_error
EuroLLM-1.7B,0,1729,0,2048,0.7465426469004054,0.8580555556535737,0.9080170611542216,0.943213241092672,0.9725694697150644,0.9990234375,0.94775390625,0.55712890625,1.0,0.4013543028746478,0.1830937547601917,0.9262026290740316,0.0,1.3582391809690999e-16
EuroLLM-1.7B,0,1729,1,2048,0.7547593248985826,0.8594831886827002,0.9087091559754232,0.9427408089122264,0.9734073432876588,0.99951171875,0.95263671875,0.5546875,1.0,0.3959859501247913,0.1805870781617967,0.9262026290740316,1.7315343748375135e-16,0.0
EuroLLM-1.7B,0,1729,4,2048,0.7609644262042917,0.8575356657441062,0.9086786839131707,0.9425576953168916,0.9708749792735026,0.99853515625,0.95849609375,0.55615234375,1.0,0.3891563216911931,0.1778753042940289,0.9262026290740316,0.0,0.0
EuroLLM-1.7B,0,1729,16,2048,0.7570345217355987,0.860469937389893,0.9078155137515926,0.941458703985346,0.971549404179112,0.9990234375,0.95751953125,0.552734375,1.0,0.3830654091273071,0.1749270088954308,0.9262026290740316,1.7315343748375135e-16,1.3582391809690999e-16
EuroLLM-1.7B,0,2718,0,2048,0.7465426469004054,0.8580555556535737,0.9080170611542216,0.943213241092672,0.9725694697150644,0.9990234375,0.94775390625,0.55712890625,1.0,0.4013543028746478,0.1830937547601917,0.9262026290740316,0.0,1.3582391809690999e-16
EuroLLM-1.7B,0,2718,1,2048,0.7491875267849935,0.8587736671925673,0.9097600561662716,0.943117938273007,0.9727679629764202,0.9970703125,0.94921875,0.56494140625,1.0,0.3959938254818085,0.1780279849021788,0.9262026290740316,1.7315343748375135e-16,0.0
EuroLLM-1.7B,0,2718,4,2048,0.7560987963358511,0.858692382748764,0.9088649724926005,0.94207756742463,0.971987756027863,1.0,0.9541015625,0.5517578125,1.0,0.3915685928982946,0.180768160031759,0.9262026290740316,1.7315343748375135e-16,0.0
EuroLLM-1.7B,0,2718,16,2048,0.7556644475633104,0.8616769964948853,0.9085941490621956,0.9418625808035492,0.9715322029167448,0.99951171875,0.95361328125,0.5458984375,1.0,0.3822125862462107,0.1691804098390641,0.9262026290740316,1.7315343748375135e-16,0.0
EuroLLM-1.7B,0,3141,0,2048,0.7465426469004054,0.8580555556535737,0.9080170611542216,0.943213241092672,0.9725694697150644,0.9990234375,0.94775390625,0.55712890625,1.0,0.4013543028746478,0.1830937547601917,0.9262026290740316,0.0,1.3582391809690999e-16
EuroLLM-1.7B,0,3141,1,2048,0.7508539072415129,0.8574253700811351,0.9084008407384758,0.9426506595927808,0.9721880371701874,0.99951171875,0.951171875,0.5498046875,1.0,0.3999798497528297,0.1855905360058061,0.9262026290740316,1.7315343748375135e-16,1.3582391809690999e-16
EuroLLM-1.7B,0,3141,4,2048,0.7605983529414864,0.8579492458336153,0.9072861858009558,0.944303338848096,0.9718448682832644,1.0,0.95703125,0.54296875,1.0,0.3877718177762455,0.1736394555915734,0.9262026290740316,1.7315343748375135e-16,0.0
EuroLLM-1.7B,0,3141,16,2048,0.7529405050650413,0.8592375044218102,0.9079712095344428,0.9422949413677976,0.971185274816827,0.99951171875,0.95068359375,0.55859375,1.0,0.3816691117205484,0.1698502922367587,0.9262026290740316,0.0,0.0
EuroLLM-1.7B,0,5772,0,2048,0.7465426469004054,0.8580555556535737,0.9080170611542216,0.943213241092672,0.9725694697150644,0.9990234375,0.94775390625,0.55712890625,1.0,0.4013543028746478,0.1830937547601917,0.9262026290740316,0.0,1.3582391809690999e-16
EuroLLM-1.7B,0,5772,1,2048,0.7481215639539874,0.8584572835596824,0.9081944635109056,0.9437944641584076,0.9724659634640668,0.99951171875,0.9482421875,0.55078125,1.0,0.3969889198548881,0.1789845745852251,0.9262026290740316,0.0,1.3582391809690999e-16
EuroLLM-1.7B,0,5772,4,2048,0.7540575615276612,0.8557796402320752,0.9075484817179538,0.9434833678979262,0.9726206529251804,0.99951171875,0.95263671875,0.54833984375,1.0,0.3927880641792203,0.1749632383970973,0.9262026290740316,1.7315343748375135e-16,0.0
EuroLLM-1.7B,0,5772,16,2048,0.7538530839820952,0.8560981687333438,0.9069040991772984,0.9421680184922384,0.9726219598278676,0.99951171875,0.95361328125,0.53759765625,1.0,0.3912663300461481,0.1766252518406341,0.9262026290740316,1.7315343748375135e-16,0.0
EuroLLM-1.7B,0,8111,0,2048,0.7465426469004054,0.8580555556535737,0.9080170611542216,0.943213241092672,0.9725694697150644,0.9990234375,0.94775390625,0.55712890625,1.0,0.4013543028746478,0.1830937547601917,0.9262026290740316,0.0,1.3582391809690999e-16
EuroLLM-1.7B,0,8111,1,2048,0.7410531744042147,0.8592933704414388,0.9083127772389628,0.943622980689903,0.9718714727555476,0.99853515625,0.9453125,0.55029296875,1.0,0.3976299045643914,0.1784735882950446,0.9262026290740316,1.7315343748375135e-16,0.0
EuroLLM-1.7B,0,8111,4,2048,0.7485256686816614,0.8555443584579663,0.90721762578416,0.9431346722681124,0.972335779658264,0.9990234375,0.94775390625,0.546875,1.0,0.3937626829645098,0.177666253287184,0.9262026290740316,1.7315343748375135e-16,0.0
EuroLLM-1.7B,0,8111,16,2048,0.7519793364189054,0.8594989585895616,0.9076006299383816,0.9419663711806971,0.972231397617209,0.99951171875,0.95166015625,0.54833984375,1.0,0.3843522619992217,0.1730727350051485,0.9262026290740316,1.7315343748375135e-16,0.0
EuroLLM-1.7B,6,1729,0,2048,0.7638547415837561,0.8732636019729267,0.9251221004485616,0.9571381305550262,0.9819489794775716,0.99755859375,0.95751953125,0.646484375,1.0,0.7031984775041717,0.5659031654829988,0.8971034140824079,0.0,7.759003370018927e-16
EuroLLM-1.7B,6,1729,1,2048,0.7661744877594507,0.8762386127718191,0.9257986175321608,0.9567084392826464,0.9822274141829446,0.998046875,0.95703125,0.64892578125,1.0,0.6969834882558485,0.5565277261972613,0.8971034140824078,1.186596690883772e-16,1.2931672283364882e-16
EuroLLM-1.7B,6,1729,4,2048,0.7521777873331634,0.8777133649827651,0.9255724638509528,0.9575760153874232,0.9807326463277358,0.99755859375,0.95068359375,0.65966796875,1.0,0.6693444907352906,0.5199403863499752,0.8971034140824079,1.186596690883772e-16,1.2931672283364882e-16
EuroLLM-1.7B,6,1729,16,2048,0.6821742813138855,0.82929440463633,0.9006776271406849,0.9469323487706476,0.976136919344785,0.9951171875,0.8994140625,0.501953125,1.0,0.5448619519852478,0.3130608653043147,0.8971034140824079,0.0,0.0
EuroLLM-1.7B,6,2718,0,2048,0.7638547415837561,0.8732636019729267,0.9251221004485616,0.9571381305550262,0.9819489794775716,0.99755859375,0.95751953125,0.646484375,1.0,0.7031984775041717,0.5659031654829988,0.8971034140824079,0.0,7.759003370018927e-16
EuroLLM-1.7B,6,2718,1,2048,0.774400711960866,0.8779788763163052,0.9261285201478666,0.9569452943176588,0.9815900535821764,0.99755859375,0.9619140625,0.6513671875,1.0,0.6946383817955795,0.5553972298995095,0.8971034140824078,1.186596690883772e-16,5.172668913345953e-16
EuroLLM-1.7B,6,2718,4,2048,0.7446872731092478,0.871208540224875,0.922795740211552,0.9554877582637724,0.9805986310070278,0.9990234375,0.947265625,0.62646484375,1.0,0.6786843322068483,0.5273865117247166,0.8971034140824079,0.0,3.879501685009464e-16
EuroLLM-1.7B,6,2718,16,2048,0.6707332694129982,0.8229406101429684,0.8968907707589278,0.9450808537576388,0.974867629187046,0.99365234375,0.8798828125,0.48291015625,1.0,0.533453090173202,0.2747585342221984,0.8971034140824078,1.186596690883772e-16,1.2931672283364882e-16
EuroLLM-1.7B,6,3141,0,2048,0.7638547415837561,0.8732636019729267,0.9251221004485616,0.9571381305550262,0.9819489794775716,0.99755859375,0.95751953125,0.646484375,1.0,0.7031984775041717,0.5659031654829988,0.8971034140824079,0.0,7.759003370018927e-16
EuroLLM-1.7B,6,3141,1,2048,0.763965298334507,0.8754605150007181,0.9249736665829548,0.9574357130195744,0.980981053006804,0.9970703125,0.95556640625,0.64697265625,1.0,0.697007612304922,0.5578680178258243,0.8971034140824079,0.0,5.172668913345953e-16
EuroLLM-1.7B,6,3141,4,2048,0.745219030301234,0.8679901889037387,0.9225533316625244,0.9582817127903538,0.9809188751284544,0.9970703125,0.9482421875,0.62451171875,1.0,0.6811889546406233,0.5254904275110917,0.8971034140824079,0.0,0.0
EuroLLM-1.7B,6,3141,16,2048,0.6743370008883298,0.8253773092869232,0.8987085921832454,0.9443143877687596,0.9756568482033552,0.99267578125,0.87890625,0.4921875,1.0,0.5303263288851219,0.2761761834172648,0.8971034140824079,0.0,1.2931672283364882e-16
EuroLLM-1.7B,6,5772,0,2048,0.7638547415837561,0.8732636019729267,0.9251221004485616,0.9571381305550262,0.9819489794775716,0.99755859375,0.95751953125,0.646484375,1.0,0.7031984775041717,0.5659031654829988,0.8971034140824079,0.0,7.759003370018927e-16
EuroLLM-1.7B,6,5772,1,2048,0.7590906029883232,0.8743602707680916,0.9244737890016904,0.95720588330783,0.9823314469083962,0.99853515625,0.95556640625,0.65380859375,1.0,0.6970559155358196,0.5583795596054889,0.8971034140824079,0.0,2.5863344566729763e-16
EuroLLM-1.7B,6,5772,4,2048,0.7464779416522661,0.8721987545361788,0.9219417715720886,0.9566704511192474,0.9812398791466254,0.99658203125,0.947265625,0.63232421875,1.0,0.6801488040871371,0.5292290131533371,0.8971034140824079,0.0,0.0
EuroLLM-1.7B,6,5772,16,2048,0.6679550655257762,0.827388781018292,0.8980584620005235,0.9440747252798946,0.9769741149936334,0.98974609375,0.89013671875,0.48876953125,1.0,0.5423572913553854,0.2937402151142617,0.8971034140824079,0.0,1.2931672283364882e-16
EuroLLM-1.7B,6,8111,0,2048,0.7638547415837561,0.8732636019729267,0.9251221004485616,0.9571381305550262,0.9819489794775716,0.99755859375,0.95751953125,0.646484375,1.0,0.7031984775041717,0.5659031654829988,0.8971034140824079,0.0,7.759003370018927e-16
EuroLLM-1.7B,6,8111,1,2048,0.7655979657702845,0.8749834740482412,0.9256459069054396,0.9561794136995536,0.9817366714276688,0.99853515625,0.958984375,0.64013671875,1.0,0.6962612791931997,0.5568004958841896,0.8971034140824078,1.186596690883772e-16,1.2931672283364882e-16
EuroLLM-1.7B,6,8111,4,2048,0.7534522886358417,0.8698904049412102,0.9227046108582492,0.9564443784906488,0.9814606537627604,0.99755859375,0.95068359375,0.64501953125,1.0,0.6771532141563568,0.5214883446913686,0.8971034140824078,2.373193381767544e-16,2.5863344566729763e-16
EuroLLM-1.7B,6,8111,16,2048,0.684018792724037,0.8382273607824268,0.9044441190629128,0.9477230136696556,0.9772658523739156,0.99609375,0.89453125,0.52490234375,1.0,0.5698130640507162,0.3475774880330696,0.8971034140824079,0.0,0.0
EuroLLM-1.7B,14,1729,0,2048,0.5051110333465451,0.6990999547975397,0.7988603483862455,0.8684875588124878,0.9357505254319848,0.953125,0.64453125,0.1474609375,1.0,0.8712123710949564,0.8161852894084887,0.4596389813696341,0.0,1.300830070072162e-15
EuroLLM-1.7B,14,1729,1,2048,0.4983840345934504,0.6913349448254875,0.7986269818374394,0.871199102327127,0.9323952685569376,0.94873046875,0.63623046875,0.15234375,1.0,0.8691616016244561,0.8128229430331765,0.4596389813696337,0.0,1.85832867153166e-16
EuroLLM-1.7B,14,1729,4,2048,0.4680285794877959,0.6826377200956617,0.7946484130956877,0.8742161221618254,0.9345339825632232,0.9375,0.6171875,0.16259765625,1.0,0.8574226126980711,0.7970360284541246,0.4596389813696336,2.184689320532908e-16,3.71665734306332e-16
EuroLLM-1.7B,14,1729,16,2048,0.1976264146965207,0.4133138683633738,0.5874177151853626,0.7601890916777327,0.9093197912081544,0.611328125,0.26806640625,0.05859375,0.99560546875,0.6912691324904738,0.4657140820348272,0.4596389813696337,2.184689320532908e-16,1.85832867153166e-16
EuroLLM-1.7B,14,2718,0,2048,0.5051110333465451,0.6990999547975397,0.7988603483862455,0.8684875588124878,0.9357505254319848,0.953125,0.64453125,0.1474609375,1.0,0.8712123710949564,0.8161852894084887,0.4596389813696341,0.0,1.300830070072162e-15
EuroLLM-1.7B,14,2718,1,2048,0.4994446002423598,0.6968027378026289,0.7982191093673743,0.8712880047039511,0.9340973172144516,0.94921875,0.64306640625,0.15087890625,1.0,0.8684162494809713,0.811963471407118,0.4596389813696336,2.184689320532908e-16,3.71665734306332e-16
EuroLLM-1.7B,14,2718,4,2048,0.4801408864536147,0.6824891135469932,0.7936584819848223,0.8747124977249394,0.9370535863286882,0.93994140625,0.60986328125,0.1611328125,0.99951171875,0.8583245427378303,0.797759301750475,0.4596389813696337,2.184689320532908e-16,1.85832867153166e-16
EuroLLM-1.7B,14,2718,16,2048,0.207864785102302,0.3960958361003419,0.5995512834265336,0.766649485099167,0.9001392683619092,0.61865234375,0.2802734375,0.05078125,0.998046875,0.7007304813287947,0.4793837287274463,0.4596389813696338,2.184689320532908e-16,1.85832867153166e-16
EuroLLM-1.7B,14,3141,0,2048,0.5051110333465451,0.6990999547975397,0.7988603483862455,0.8684875588124878,0.9357505254319848,0.953125,0.64453125,0.1474609375,1.0,0.8712123710949564,0.8161852894084887,0.4596389813696341,0.0,1.300830070072162e-15
EuroLLM-1.7B,14,3141,1,2048,0.5038497086748693,0.6974557601365925,0.7980257924899543,0.8716234684514124,0.938682595738421,0.953125,0.62451171875,0.1484375,1.0,0.8687299664562977,0.8126175400657341,0.4596389813696337,0.0,1.85832867153166e-16
EuroLLM-1.7B,14,3141,4,2048,0.4759305211758622,0.6819395302551535,0.7925642472058245,0.8714540834815534,0.939722514157972,0.93701171875,0.6123046875,0.15625,1.0,0.858112868474783,0.7960702666826158,0.4596389813696336,2.184689320532908e-16,0.0
EuroLLM-1.7B,14,3141,16,2048,0.2028710500286162,0.4039867096786278,0.5791241337634805,0.753031193180684,0.8999288500559334,0.61767578125,0.25537109375,0.0498046875,0.9970703125,0.6888233067305489,0.4587872771528542,0.4596389813696337,0.0,1.85832867153166e-16
EuroLLM-1.7B,14,5772,0,2048,0.5051110333465451,0.6990999547975397,0.7988603483862455,0.8684875588124878,0.9357505254319848,0.953125,0.64453125,0.1474609375,1.0,0.8712123710949564,0.8161852894084887,0.4596389813696341,0.0,1.300830070072162e-15
EuroLLM-1.7B,14,5772,1,2048,0.4966962349071064,0.6941150865444928,0.7954499694316746,0.8714736527316084,0.93714376156985,0.94775390625,0.62109375,0.154296875,0.99951171875,0.8695455012683622,0.8123871345907838,0.4596389813696338,2.184689320532908e-16,7.43331468612664e-16
EuroLLM-1.7B,14,5772,4,2048,0.4774951180686556,0.6793446155876839,0.7888544272118118,0.8729419821571285,0.9365368141098676,0.93603515625,0.6083984375,0.16162109375,0.99951171875,0.8584256361729707,0.7942713729240017,0.4596389813696336,2.184689320532908e-16,1.85832867153166e-16
EuroLLM-1.7B,14,5772,16,2048,0.2072757177911532,0.3979630412901836,0.5748841024512199,0.75391890871706,0.9025661412776954,0.603515625,0.25732421875,0.05224609375,0.99609375,0.6810303339806645,0.4383209689073434,0.4596389813696337,0.0,1.85832867153166e-16
EuroLLM-1.7B,14,8111,0,2048,0.5051110333465451,0.6990999547975397,0.7988603483862455,0.8684875588124878,0.9357505254319848,0.953125,0.64453125,0.1474609375,1.0,0.8712123710949564,0.8161852894084887,0.4596389813696341,0.0,1.300830070072162e-15
EuroLLM-1.7B,14,8111,1,2048,0.5059441274570674,0.6993359498179276,0.7987164358562806,0.8704511893650816,0.9361635675448218,0.95263671875,0.63232421875,0.15234375,1.0,0.8675498753671413,0.8117395571947497,0.4596389813696339,0.0,9.291643357658298e-16
EuroLLM-1.7B,14,8111,4,2048,0.4731376842557344,0.6806632274379231,0.7937667814466021,0.8731194820087899,0.9371087944331612,0.93505859375,0.61572265625,0.1611328125,0.99951171875,0.8575499312752275,0.7935608501025919,0.4596389813696336,0.0,3.71665734306332e-16
EuroLLM-1.7B,14,8111,16,2048,0.2050590253580131,0.4091829913820955,0.6020426078439342,0.774300255907573,0.909823016640024,0.62890625,0.29296875,0.064453125,0.99609375,0.7205729034963289,0.5301516737934526,0.4596389813696337,2.184689320532908e-16,1.85832867153166e-16
EuroLLM-1.7B,18,1729,0,2048,0.5482974070419057,0.7082797906662791,0.7957914292468118,0.8601958477516184,0.9224656087036718,0.974609375,0.6484375,0.10546875,1.0,0.7138872194317007,0.6208819109838197,0.5750199952253315,0.0,8.148672827738654e-16
EuroLLM-1.7B,18,1729,1,2048,0.553315463591799,0.7071346421946968,0.7931965247004755,0.8610061703974086,0.9240648775296202,0.9755859375,0.6376953125,0.11279296875,1.0,0.7085275598947547,0.6123218343048703,0.5750199952253315,0.0,6.518938262190923e-16
EuroLLM-1.7B,18,1729,4,2048,0.5495682014137849,0.7105990861139431,0.8005933174224373,0.8599587134817742,0.9208175332533474,0.96826171875,0.6533203125,0.109375,1.0,0.6855636163082379,0.5835594961824523,0.5750199952253315,0.0,6.518938262190923e-16
EuroLLM-1.7B,18,1729,16,2048,0.305130673059481,0.5286096641968681,0.7013208485123292,0.8208773392970908,0.90249426918273,0.78369140625,0.41064453125,0.052734375,0.99951171875,0.5297502722313807,0.3214775414181641,0.5750199952253315,0.0,8.148672827738654e-16
EuroLLM-1.7B,18,2718,0,2048,0.5482974070419057,0.7082797906662791,0.7957914292468118,0.8601958477516184,0.9224656087036718,0.974609375,0.6484375,0.10546875,1.0,0.7138872194317007,0.6208819109838197,0.5750199952253315,0.0,8.148672827738654e-16
EuroLLM-1.7B,18,2718,1,2048,0.5594199761006211,0.7067272341738853,0.7972594580761327,0.8612944523837169,0.9211632578485668,0.97509765625,0.64404296875,0.10791015625,1.0,0.7070127654434055,0.6108223977681647,0.5750199952253316,0.0,1.6297345655477304e-16
EuroLLM-1.7B,18,2718,4,2048,0.5521773231515986,0.7061799910913589,0.792865300688379,0.8595510895479307,0.9229008040853114,0.96875,0.64208984375,0.10888671875,1.0,0.6888008974376765,0.5847457865617582,0.5750199952253315,0.0,4.889203696643192e-16
EuroLLM-1.7B,18,2718,16,2048,0.3281801226189388,0.570029266819351,0.7162897621396569,0.823637817082103,0.9093841143021572,0.8212890625,0.4345703125,0.0712890625,0.99951171875,0.5476138552369327,0.3518046390587709,0.5750199952253316,1.204487859898693e-16,4.889203696643192e-16
EuroLLM-1.7B,18,3141,0,2048,0.5482974070419057,0.7082797906662791,0.7957914292468118,0.8601958477516184,0.9224656087036718,0.974609375,0.6484375,0.10546875,1.0,0.7138872194317007,0.6208819109838197,0.5750199952253315,0.0,8.148672827738654e-16
EuroLLM-1.7B,18,3141,1,2048,0.5567115848707029,0.7078753032797575,0.7956859625523647,0.859068596714106,0.9208513537231818,0.9765625,0.64404296875,0.109375,1.0,0.7086038832277652,0.6146221467789211,0.5750199952253315,0.0,3.2594691310954613e-16
EuroLLM-1.7B,18,3141,4,2048,0.5386924005398033,0.7054330781160776,0.7942957307682232,0.8594997074536722,0.921927711034688,0.9638671875,0.6396484375,0.119140625,1.0,0.6900444800959518,0.583408579039774,0.5750199952253315,1.204487859898693e-16,8.148672827738654e-16
EuroLLM-1.7B,18,3141,16,2048,0.2914539806603211,0.533308792159987,0.6998020631298951,0.8082183981228572,0.900942862900986,0.7841796875,0.39306640625,0.05322265625,0.99951171875,0.5241972079465329,0.3102754668511567,0.5750199952253315,0.0,6.518938262190923e-16
EuroLLM-1.7B,18,5772,0,2048,0.5482974070419057,0.7082797906662791,0.7957914292468118,0.8601958477516184,0.9224656087036718,0.974609375,0.6484375,0.10546875,1.0,0.7138872194317007,0.6208819109838197,0.5750199952253315,0.0,8.148672827738654e-16
EuroLLM-1.7B,18,5772,1,2048,0.5423433477526541,0.7103955661507533,0.7931107573464691,0.8621171458200902,0.9230278681550624,0.97314453125,0.65283203125,0.11669921875,1.0,0.7092127520974452,0.6128777221754315,0.5750199952253316,1.204487859898693e-16,1.6297345655477304e-16
EuroLLM-1.7B,18,5772,4,2048,0.5346451262148826,0.70161741689885,0.796836778393917,0.859929794823242,0.923043809363883,0.966796875,0.6455078125,0.1083984375,1.0,0.6882924992101151,0.5846954938500535,0.5750199952253314,0.0,1.1408141958834113e-15
EuroLLM-1.7B,18,5772,16,2048,0.3157777340559644,0.5309504828538774,0.6901585263452334,0.8051775076772387,0.9025523121740492,0.7822265625,0.37939453125,0.0537109375,0.998046875,0.5122197822020387,0.2802657969486199,0.5750199952253315,0.0,8.148672827738654e-16
EuroLLM-1.7B,18,8111,0,2048,0.5482974070419057,0.7082797906662791,0.7957914292468118,0.8601958477516184,0.9224656087036718,0.974609375,0.6484375,0.10546875,1.0,0.7138872194317007,0.6208819109838197,0.5750199952253315,0.0,8.148672827738654e-16
EuroLLM-1.7B,18,8111,1,2048,0.5415212695721844,0.7093255362195456,0.7965392448307838,0.8588509092605253,0.9216886235094284,0.9716796875,0.64453125,0.10791015625,0.99951171875,0.7082468711568226,0.6142600429720176,0.5750199952253314,0.0,1.1408141958834113e-15
EuroLLM-1.7B,18,8111,4,2048,0.5356520999208949,0.7090545895954237,0.8003637436200439,0.8627707038537561,0.9190808159749811,0.97119140625,0.650390625,0.10693359375,0.9990234375,0.6840753443664582,0.580655558697504,0.5750199952253314,1.204487859898693e-16,1.1408141958834113e-15
EuroLLM-1.7B,18,8111,16,2048,0.3017077404557691,0.5172877747219781,0.6917341122189198,0.8125030836347306,0.9090973799276868,0.77490234375,0.3828125,0.0615234375,0.99853515625,0.5231032768877288,0.3138593456931463,0.5750199952253315,0.0,6.518938262190923e-16
EuroLLM-1.7B,24,1729,0,2048,0.6591487463580142,0.8083498855142726,0.8744229150314617,0.9186785239963172,0.9697352611776512,0.9951171875,0.86376953125,0.35498046875,1.0,0.937203062517229,0.9191488475004836,0.9849102423479724,0.0,0.0
EuroLLM-1.7B,24,1729,1,2048,0.6742419891995467,0.8154391661610658,0.8780593314560232,0.9243231134188196,0.979045581862392,0.99560546875,0.8701171875,0.37890625,1.0,0.9301882494371684,0.9034554937176988,0.9849102423479724,1.6934369938369784e-16,1.7270442210524234e-16
EuroLLM-1.7B,24,1729,4,2048,0.7077015773576539,0.8386912219545803,0.9024482733857262,0.9462017478248248,0.9875249997818788,0.99755859375,0.9130859375,0.515625,1.0,0.8972376894532768,0.8275013344368795,0.9849102423479724,1.6934369938369784e-16,1.7270442210524234e-16
EuroLLM-1.7B,24,1729,16,2048,0.91421176941071,0.9583825098342138,0.9761438149908688,0.9864559701933724,0.9937165676250264,1.0,0.99951171875,0.974609375,1.0,0.5421129205866118,0.3148571844282559,0.9849102423479724,1.6934369938369784e-16,0.0
EuroLLM-1.7B,24,2718,0,2048,0.6591487463580142,0.8083498855142726,0.8744229150314617,0.9186785239963172,0.9697352611776512,0.9951171875,0.86376953125,0.35498046875,1.0,0.937203062517229,0.9191488475004836,0.9849102423479724,0.0,0.0
EuroLLM-1.7B,24,2718,1,2048,0.6810722434294014,0.8120160265740435,0.8786412774896992,0.9227921992518752,0.9767265294062536,0.99609375,0.89013671875,0.3759765625,1.0,0.9301321475136448,0.904741310976534,0.9849102423479724,1.6934369938369784e-16,1.7270442210524234e-16
EuroLLM-1.7B,24,2718,4,2048,0.715221252643896,0.8425787155556517,0.906234924181506,0.9469298518845138,0.9894388808928192,0.9970703125,0.9189453125,0.53271484375,1.0,0.8899711692131869,0.8065814335167112,0.9849102423479724,0.0,1.7270442210524234e-16
EuroLLM-1.7B,24,2718,16,2048,0.9204408143931204,0.9616146875290716,0.9773653213852443,0.9867298930026576,0.9938561848681348,1.0,1.0,0.97802734375,1.0,0.515943657860797,0.2929725631573128,0.9849102423479724,0.0,1.7270442210524234e-16
EuroLLM-1.7B,24,3141,0,2048,0.6591487463580142,0.8083498855142726,0.8744229150314617,0.9186785239963172,0.9697352611776512,0.9951171875,0.86376953125,0.35498046875,1.0,0.937203062517229,0.9191488475004836,0.9849102423479724,0.0,0.0
EuroLLM-1.7B,24,3141,1,2048,0.6586603988569849,0.8153726203624689,0.8772031694205507,0.921933701217296,0.9766445985756294,0.9912109375,0.87451171875,0.376953125,1.0,0.931218770849198,0.9069883245716808,0.9849102423479724,3.3868739876739573e-16,0.0
EuroLLM-1.7B,24,3141,4,2048,0.699860881804833,0.8392552808031043,0.9009460923740144,0.9457503381837378,0.9894883091591068,0.99609375,0.912109375,0.5048828125,1.0,0.8985855413791202,0.8235978694322786,0.9849102423479724,1.6934369938369784e-16,0.0
EuroLLM-1.7B,24,3141,16,2048,0.913575084790054,0.9572321853205248,0.9744663335832822,0.9846002546611384,0.9938191390457928,1.0,0.99853515625,0.9677734375,1.0,0.575172641619963,0.3723279868771892,0.9849102423479724,0.0,1.7270442210524234e-16
EuroLLM-1.7B,24,5772,0,2048,0.6591487463580142,0.8083498855142726,0.8744229150314617,0.9186785239963172,0.9697352611776512,0.9951171875,0.86376953125,0.35498046875,1.0,0.937203062517229,0.9191488475004836,0.9849102423479724,0.0,0.0
EuroLLM-1.7B,24,5772,1,2048,0.6748182169256742,0.8152539736750236,0.877290769713446,0.9208588762081956,0.9777974009423464,0.994140625,0.875,0.37109375,1.0,0.9310103544935316,0.9045194781425748,0.9849102423479724,0.0,0.0
EuroLLM-1.7B,24,5772,4,2048,0.7137060139698168,0.8415674279418601,0.9048810676937492,0.9482164242346592,0.987437078700202,0.99658203125,0.91552734375,0.52294921875,1.0,0.8955743384734174,0.8223605946817168,0.9849102423479724,1.6934369938369784e-16,0.0
EuroLLM-1.7B,24,5772,16,2048,0.9168234123807416,0.9576378055231258,0.9741917510223538,0.9855636028761976,0.9938616023914416,1.0,1.0,0.97216796875,1.0,0.5615085781973348,0.3450267069183151,0.9849102423479724,1.6934369938369784e-16,0.0
EuroLLM-1.7B,24,8111,0,2048,0.6591487463580142,0.8083498855142726,0.8744229150314617,0.9186785239963172,0.9697352611776512,0.9951171875,0.86376953125,0.35498046875,1.0,0.937203062517229,0.9191488475004836,0.9849102423479724,0.0,0.0
EuroLLM-1.7B,24,8111,1,2048,0.6747412571418617,0.8158765255281107,0.8782010413069193,0.923286934575667,0.9777440683619246,0.99560546875,0.875,0.3779296875,1.0,0.9307273880077362,0.9054594693852356,0.9849102423479724,1.6934369938369784e-16,0.0
EuroLLM-1.7B,24,8111,4,2048,0.7086385362703634,0.8437741068114932,0.9024835046581072,0.946594734500917,0.9870345533686684,0.99462890625,0.92041015625,0.51806640625,1.0,0.897113938932717,0.8261753257593535,0.9849102423479724,0.0,1.7270442210524234e-16
EuroLLM-1.7B,24,8111,16,2048,0.9208090025719852,0.959056882637779,0.975264731512858,0.9860811933920132,0.9936032287132304,1.0,1.0,0.978515625,1.0,0.5547460250673002,0.3378237755657528,0.9849102423479724,1.6934369938369784e-16,0.0
Falcon3-7B-Base,0,1729,0,3072,0.85825185651992,0.9209601686120398,0.9474622588237892,0.9640162131881292,0.979320143754718,1.0,0.9947916666666666,0.8583984375,1.0,0.3215999595786685,0.1453161884438722,0.9525606044767664,0.0,1.3963181254987714e-16
Falcon3-7B-Base,0,1729,1,3072,0.8637441141876336,0.9218145102678736,0.9472780804963716,0.964096177245415,0.9785492701856762,1.0,0.994140625,0.8626302083333334,1.0,0.3143828321289106,0.1405586112112856,0.9525606044767664,1.1126303148878455e-16,0.0
Falcon3-7B-Base,0,1729,4,3072,0.862768825186589,0.9238179525866131,0.9474674351225828,0.9630620943059126,0.9783843934647364,1.0,0.9944661458333334,0.8619791666666666,1.0,0.3089614730133396,0.1379326428389008,0.9525606044767664,0.0,1.3963181254987714e-16
Falcon3-7B-Base,0,1729,16,3072,0.8669785050007193,0.924107068291681,0.9478807539996013,0.9634393063677764,0.9776831234994215,1.0,0.9957682291666666,0.8756510416666666,1.0,0.2949697364027031,0.1286260804646387,0.9525606044767664,0.0,0.0
Falcon3-7B-Base,0,2718,0,3072,0.85825185651992,0.9209601686120398,0.9474622588237892,0.9640162131881292,0.979320143754718,1.0,0.9947916666666666,0.8583984375,1.0,0.3215999595786685,0.1453161884438722,0.9525606044767664,0.0,1.3963181254987714e-16
Falcon3-7B-Base,0,2718,1,3072,0.8659767070110341,0.9220462165949344,0.9472156922684404,0.9639990106923496,0.9788065860719898,1.0,0.9957682291666666,0.876953125,1.0,0.3096964653732477,0.1384963574962196,0.9525606044767664,0.0,0.0
Falcon3-7B-Base,0,2718,4,3072,0.8623122724170779,0.9231133189907044,0.9466063139102484,0.9637382275877652,0.9784671802519784,1.0,0.9967447916666666,0.8662109375,1.0,0.3091818956740497,0.1322522990801763,0.9525606044767664,0.0,0.0
Falcon3-7B-Base,0,2718,16,3072,0.8661094062281847,0.9236920432600664,0.9476180986570372,0.9635973608587765,0.9771699024856508,1.0,0.9973958333333334,0.8821614583333334,1.0,0.2929124459463756,0.1263431225823523,0.9525606044767664,0.0,1.3963181254987714e-16
Falcon3-7B-Base,0,3141,0,3072,0.85825185651992,0.9209601686120398,0.9474622588237892,0.9640162131881292,0.979320143754718,1.0,0.9947916666666666,0.8583984375,1.0,0.3215999595786685,0.1453161884438722,0.9525606044767664,0.0,1.3963181254987714e-16
Falcon3-7B-Base,0,3141,1,3072,0.8612782509201219,0.921466510789215,0.9471933368400448,0.9641178061952138,0.9787973938208432,1.0,0.9964192708333334,0.8636067708333334,1.0,0.3162843560477655,0.1435048563930178,0.9525606044767664,1.1126303148878455e-16,1.3963181254987714e-16
Falcon3-7B-Base,0,3141,4,3072,0.8682282992217514,0.9232848108339412,0.9467868520775856,0.9637276505761464,0.978485191353106,1.0,0.9970703125,0.8736979166666666,1.0,0.3029048014952391,0.1306318612422614,0.9525606044767664,0.0,1.3963181254987714e-16
Falcon3-7B-Base,0,3141,16,3072,0.8617666122065649,0.922511289258594,0.9466346678900812,0.9630830260136678,0.9779153843818916,1.0,0.9964192708333334,0.8714192708333334,1.0,0.3041561847224905,0.1328837923015414,0.9525606044767664,0.0,0.0
Falcon3-7B-Base,0,5772,0,3072,0.85825185651992,0.9209601686120398,0.9474622588237892,0.9640162131881292,0.979320143754718,1.0,0.9947916666666666,0.8583984375,1.0,0.3215999595786685,0.1453161884438722,0.9525606044767664,0.0,1.3963181254987714e-16
Falcon3-7B-Base,0,5772,1,3072,0.863554192403723,0.9203110244264664,0.947726930857304,0.9640634024137544,0.9790448822135208,1.0,0.9973958333333334,0.8518880208333334,1.0,0.3169922751235883,0.1407486008590088,0.9525606044767664,0.0,1.3963181254987714e-16
Falcon3-7B-Base,0,5772,4,3072,0.8664212264976671,0.9223918272086106,0.9476449408935168,0.963825696903077,0.978041406404269,1.0,0.9964192708333334,0.8665364583333334,1.0,0.3029369723171331,0.1306226166269077,0.9525606044767664,0.0,1.3963181254987714e-16
Falcon3-7B-Base,0,5772,16,3072,0.873991936343068,0.9241257475586072,0.9477774189627012,0.962322903250662,0.9776319658818122,1.0,0.998046875,0.8863932291666666,1.0,0.2896166863065419,0.1281635227289501,0.9525606044767664,0.0,1.3963181254987714e-16
Falcon3-7B-Base,0,8111,0,3072,0.85825185651992,0.9209601686120398,0.9474622588237892,0.9640162131881292,0.979320143754718,1.0,0.9947916666666666,0.8583984375,1.0,0.3215999595786685,0.1453161884438722,0.9525606044767664,0.0,1.3963181254987714e-16
Falcon3-7B-Base,0,8111,1,3072,0.8627476571261202,0.9232561912758648,0.946821184338188,0.9634941774264728,0.9799847088497388,0.9996744791666666,0.9957682291666666,0.8629557291666666,1.0,0.3164493910893027,0.14244497769967,0.9525606044767664,1.1126303148878455e-16,1.3963181254987714e-16
Falcon3-7B-Base,0,8111,4,3072,0.8644743191775364,0.9236237260109156,0.9471225226695248,0.9637131323497244,0.9782355679714536,1.0,0.9973958333333334,0.8723958333333334,1.0,0.3042918335694706,0.132929621211061,0.9525606044767664,0.0,0.0
Falcon3-7B-Base,0,8111,16,3072,0.8699815599697827,0.9242967538408255,0.9475368526066948,0.9631257791047976,0.9772708693476656,1.0,0.9957682291666666,0.875,1.0,0.2915725293859661,0.1255309755498566,0.9525606044767664,0.0,0.0
Falcon3-7B-Base,7,1729,0,3072,0.7466491519798171,0.8517348656679086,0.8954421725059489,0.925102192166408,0.953685416577606,0.99609375,0.947265625,0.4651692708333333,1.0,0.877677144479933,0.8099806122777302,0.6091453325558097,2.2836916022662633e-16,8.897809060422875e-16
Falcon3-7B-Base,7,1729,1,3072,0.7423880647470007,0.8521147733467576,0.8958712160106453,0.9270140457101392,0.9534385346243248,0.99609375,0.9443359375,0.4690755208333333,1.0,0.8669598783464012,0.7930596955900509,0.60914533255581,0.0,1.7795618120845746e-16
Falcon3-7B-Base,7,1729,4,3072,0.6858916828248778,0.8456759036066179,0.8945141647777735,0.9258378190354212,0.954738207619816,0.9895833333333334,0.9140625,0.4651692708333333,0.9996744791666666,0.8297179663353171,0.7527635134365301,0.6091453325558099,2.2836916022662633e-16,0.0
Falcon3-7B-Base,7,1729,16,3072,0.3718825609052696,0.5725988978251795,0.7065921398235349,0.8301973295451622,0.9211562925762043,0.8639322916666666,0.4130859375,0.0911458333333333,0.9996744791666666,0.6233235239568233,0.4200049427910994,0.6091453325558099,2.2836916022662633e-16,0.0
Falcon3-7B-Base,7,2718,0,3072,0.7466491519798171,0.8517348656679086,0.8954421725059489,0.925102192166408,0.953685416577606,0.99609375,0.947265625,0.4651692708333333,1.0,0.877677144479933,0.8099806122777302,0.6091453325558097,2.2836916022662633e-16,8.897809060422875e-16
Falcon3-7B-Base,7,2718,1,3072,0.741406727698308,0.852533754160594,0.897199632883152,0.925695978037285,0.953865660684544,0.9954427083333334,0.9469401041666666,0.4768880208333333,1.0,0.8654448317459154,0.7910942406892593,0.6091453325558099,2.2836916022662633e-16,1.7795618120845746e-16
Falcon3-7B-Base,7,2718,4,3072,0.6863272158912455,0.8423631609821308,0.8959791196085665,0.9290848349976656,0.9560015034034928,0.9873046875,0.9095052083333334,0.4720052083333333,0.9993489583333334,0.8247776201904995,0.7413202699878835,0.6091453325558099,2.2836916022662633e-16,0.0
Falcon3-7B-Base,7,2718,16,3072,0.3861464491369805,0.5785132659958355,0.7159456708312815,0.8304765789478743,0.9242594674863502,0.8707682291666666,0.4309895833333333,0.0992838541666666,0.9996744791666666,0.6232755479720016,0.4328771437274878,0.60914533255581,2.2836916022662633e-16,1.7795618120845746e-16
Falcon3-7B-Base,7,3141,0,3072,0.7466491519798171,0.8517348656679086,0.8954421725059489,0.925102192166408,0.953685416577606,0.99609375,0.947265625,0.4651692708333333,1.0,0.877677144479933,0.8099806122777302,0.6091453325558097,2.2836916022662633e-16,8.897809060422875e-16
Falcon3-7B-Base,7,3141,1,3072,0.7372836537512453,0.851957446093516,0.8961190547874859,0.925213168927996,0.9543734691916668,0.99609375,0.9404296875,0.4680989583333333,1.0,0.8671307755620841,0.7939642127145061,0.6091453325558099,2.2836916022662633e-16,0.0
Falcon3-7B-Base,7,3141,4,3072,0.7055103109636521,0.8444461139170576,0.8955881253448339,0.9263864089334176,0.9554518534452656,0.9889322916666666,0.9208984375,0.46484375,1.0,0.8264077687153069,0.7460280215067872,0.6091453325558099,0.0,1.7795618120845746e-16
Falcon3-7B-Base,7,3141,16,3072,0.3892111271762484,0.5724050254173338,0.6919740309345064,0.8231638538170258,0.9179699117625092,0.8636067708333334,0.3844401041666667,0.0771484375,0.9993489583333334,0.6013374589924947,0.3762133043377048,0.6091453325558099,0.0,1.7795618120845746e-16
Falcon3-7B-Base,7,5772,0,3072,0.7466491519798171,0.8517348656679086,0.8954421725059489,0.925102192166408,0.953685416577606,0.99609375,0.947265625,0.4651692708333333,1.0,0.877677144479933,0.8099806122777302,0.6091453325558097,2.2836916022662633e-16,8.897809060422875e-16
Falcon3-7B-Base,7,5772,1,3072,0.7363768813192075,0.8527556010244617,0.8969116237064381,0.9247764741132682,0.9550309840434448,0.9951171875,0.939453125,0.4749348958333333,1.0,0.8655310160458558,0.7914589177534833,0.60914533255581,1.1418458011331314e-16,0.0
Falcon3-7B-Base,7,5772,4,3072,0.6961550069843679,0.8452182844234077,0.895778811804457,0.9271038188812872,0.9545233525503576,0.990234375,0.91796875,0.46875,0.9996744791666666,0.8291708277978886,0.7486539576848639,0.60914533255581,1.1418458011331314e-16,1.7795618120845746e-16
Falcon3-7B-Base,7,5772,16,3072,0.3939668866795167,0.5779674479622072,0.705934014913657,0.825123060481373,0.9215056342944644,0.8671875,0.4108072916666667,0.0904947916666666,0.9993489583333334,0.6142344904875849,0.4067789527574062,0.6091453325558099,0.0,1.7795618120845746e-16
Falcon3-7B-Base,7,8111,0,3072,0.7466491519798171,0.8517348656679086,0.8954421725059489,0.925102192166408,0.953685416577606,0.99609375,0.947265625,0.4651692708333333,1.0,0.877677144479933,0.8099806122777302,0.6091453325558097,2.2836916022662633e-16,8.897809060422875e-16
Falcon3-7B-Base,7,8111,1,3072,0.7368247574471078,0.8499858113842098,0.8958270331365782,0.9261372943157824,0.9548618313716616,0.9947916666666666,0.939453125,0.4684244791666667,1.0,0.8661559344582148,0.7916070826889708,0.6091453325558099,1.1418458011331314e-16,1.7795618120845746e-16
Falcon3-7B-Base,7,8111,4,3072,0.6897433375703681,0.8453958217525198,0.8955122828691615,0.9276223059607864,0.955213032664744,0.9869791666666666,0.9143880208333334,0.4664713541666667,1.0,0.8262131050124286,0.7485511020240656,0.6091453325558099,0.0,1.7795618120845746e-16
Falcon3-7B-Base,7,8111,16,3072,0.3886367741189153,0.5804011695439834,0.7201401910171862,0.8368920986687274,0.9262339000987176,0.8665364583333334,0.4440104166666667,0.1061197916666666,0.9990234375,0.6415683021030385,0.4580408672262571,0.6091453325558099,0.0,1.7795618120845746e-16
Falcon3-7B-Base,13,1729,0,3072,0.5201962926464836,0.6785212455014002,0.7696390513280496,0.8437566976290819,0.9112195867185392,0.9622395833333334,0.5667317708333334,0.0755208333333333,1.0,0.9249525844879818,0.8395868238722813,0.6063329368780566,0.0,3.2103362204572503e-16
Falcon3-7B-Base,13,1729,1,3072,0.5355314076664752,0.6879089993886389,0.781569589262737,0.8516339888022447,0.9163795740901384,0.9694010416666666,0.595703125,0.0911458333333333,1.0,0.9110573018908752,0.8149534394824761,0.6063329368780567,0.0,3.2103362204572503e-16
Falcon3-7B-Base,13,1729,4,3072,0.5488952072271368,0.7270244107989461,0.8082385478724746,0.8689152384954374,0.9226134196479652,0.9690755208333334,0.6901041666666666,0.1188151041666666,0.9990234375,0.8589106448699404,0.7575147276051222,0.6063329368780566,2.084339402785201e-16,1.6051681102286252e-16
Falcon3-7B-Base,13,1729,16,3072,0.3518238111329693,0.5490452726563663,0.6732994437781032,0.7806163083079635,0.886113449322968,0.8297526041666666,0.3359375,0.0305989583333333,0.9986979166666666,0.6060690385220635,0.3980671918340547,0.6063329368780566,0.0,0.0
Falcon3-7B-Base,13,2718,0,3072,0.5201962926464836,0.6785212455014002,0.7696390513280496,0.8437566976290819,0.9112195867185392,0.9622395833333334,0.5667317708333334,0.0755208333333333,1.0,0.9249525844879818,0.8395868238722813,0.6063329368780566,0.0,3.2103362204572503e-16
Falcon3-7B-Base,13,2718,1,3072,0.5336023869302599,0.690072914499242,0.7837296507923311,0.8523098084408565,0.9159850829728332,0.9661458333333334,0.5970052083333334,0.0904947916666666,1.0,0.9113980615588256,0.8165314345020234,0.6063329368780566,0.0,1.6051681102286252e-16
Falcon3-7B-Base,13,2718,4,3072,0.5488400945971249,0.7228637019931042,0.8116715314450925,0.8715080261688338,0.9239615978630424,0.9694010416666666,0.6865234375,0.1217447916666666,1.0,0.8599570911661858,0.7589887004018003,0.6063329368780566,0.0,0.0
Falcon3-7B-Base,13,2718,16,3072,0.3679820488464349,0.5613707376293873,0.6832083354248426,0.7924681835740586,0.8938417760302242,0.8466796875,0.345703125,0.0397135416666666,0.9983723958333334,0.6282338855593073,0.4273344079757758,0.6063329368780566,0.0,0.0
Falcon3-7B-Base,13,3141,0,3072,0.5201962926464836,0.6785212455014002,0.7696390513280496,0.8437566976290819,0.9112195867185392,0.9622395833333334,0.5667317708333334,0.0755208333333333,1.0,0.9249525844879818,0.8395868238722813,0.6063329368780566,0.0,3.2103362204572503e-16
Falcon3-7B-Base,13,3141,1,3072,0.5355077569119006,0.6935286041223356,0.7851829563381011,0.8516720459795684,0.918142412466664,0.9671223958333334,0.6067708333333334,0.0895182291666666,1.0,0.9099774498169312,0.8131193308893707,0.6063329368780566,0.0,1.6051681102286252e-16
Falcon3-7B-Base,13,3141,4,3072,0.5530383768449224,0.727058581232073,0.8124252585657135,0.870342496062587,0.9246713782988027,0.9710286458333334,0.6953125,0.1178385416666666,0.9996744791666666,0.8550183303544192,0.750437421548348,0.6063329368780566,0.0,3.2103362204572503e-16
Falcon3-7B-Base,13,3141,16,3072,0.3713188349543294,0.561488067531863,0.6803103797440919,0.7886204526547123,0.887482462127217,0.8401692708333334,0.337890625,0.03515625,0.9990234375,0.6076620203682566,0.384975030615805,0.6063329368780566,0.0,1.6051681102286252e-16
Falcon3-7B-Base,13,5772,0,3072,0.5201962926464836,0.6785212455014002,0.7696390513280496,0.8437566976290819,0.9112195867185392,0.9622395833333334,0.5667317708333334,0.0755208333333333,1.0,0.9249525844879818,0.8395868238722813,0.6063329368780566,0.0,3.2103362204572503e-16
Falcon3-7B-Base,13,5772,1,3072,0.5346554477202655,0.6877553626410942,0.782410515368376,0.8547407650799657,0.9182358213102162,0.9677734375,0.6080729166666666,0.0852864583333333,1.0,0.9103916544882916,0.8167815928969859,0.6063329368780566,0.0,0.0
Falcon3-7B-Base,13,5772,4,3072,0.5470305516687121,0.7227447354971753,0.8103502578062658,0.8686997347885647,0.925115451728622,0.9697265625,0.6943359375,0.1220703125,1.0,0.8567807499101496,0.7545230478469567,0.6063329368780566,0.0,1.6051681102286252e-16
Falcon3-7B-Base,13,5772,16,3072,0.3657439788866876,0.5597350995083895,0.6818827849375082,0.7944809620242831,0.8931755597030843,0.8401692708333334,0.3453776041666667,0.0390625,0.9990234375,0.6090477226552482,0.3980153788874241,0.6063329368780566,0.0,1.6051681102286252e-16
Falcon3-7B-Base,13,8111,0,3072,0.5201962926464836,0.6785212455014002,0.7696390513280496,0.8437566976290819,0.9112195867185392,0.9622395833333334,0.5667317708333334,0.0755208333333333,1.0,0.9249525844879818,0.8395868238722813,0.6063329368780566,0.0,3.2103362204572503e-16
Falcon3-7B-Base,13,8111,1,3072,0.5308368781796086,0.6871530745766651,0.7841183341076932,0.8538526667414092,0.9168905280840548,0.9641927083333334,0.6090494791666666,0.0836588541666666,1.0,0.9112628209455956,0.8164788999327858,0.6063329368780564,0.0,4.815504330685875e-16
Falcon3-7B-Base,13,8111,4,3072,0.5484937899654015,0.7222129449429511,0.810275755602365,0.8693895579500841,0.9239042814927568,0.9723307291666666,0.6875,0.1295572916666666,0.9993489583333334,0.8600242294476017,0.7584168997693075,0.6063329368780566,0.0,1.6051681102286252e-16
Falcon3-7B-Base,13,8111,16,3072,0.3613228555844937,0.5565904310768456,0.6853635030508478,0.7924513232365328,0.8941829669335533,0.8499348958333334,0.3564453125,0.0426432291666666,0.9993489583333334,0.6352249628546247,0.447389340194325,0.6063329368780566,0.0,0.0
Falcon3-7B-Base,21,1729,0,3072,0.7623239651307574,0.8629668763224257,0.9039626165005455,0.9313059860041504,0.9561510075244444,0.9944661458333334,0.9557291666666666,0.5244140625,1.0,0.7311763473896904,0.637547454784078,0.6824482412777757,1.3046827994939723e-16,4.205826880896969e-16
Falcon3-7B-Base,21,1729,1,3072,0.7379228047519382,0.8594884057943809,0.901452585609852,0.929174563437592,0.9561347588559448,0.9928385416666666,0.9443359375,0.5107421875,1.0,0.7160635262802317,0.6176640545963488,0.6824482412777757,2.609365598987945e-16,2.803884587264646e-16
Falcon3-7B-Base,21,1729,4,3072,0.6593558717613905,0.8344376329944158,0.8888987836135668,0.920933448390018,0.9496773167359306,0.986328125,0.8981119791666666,0.427734375,1.0,0.6704906815448819,0.5648417790167515,0.6824482412777757,3.9140483984819183e-16,1.401942293632323e-16
Falcon3-7B-Base,21,1729,16,3072,0.4673869026705378,0.644592516422148,0.7563976293300564,0.8368496912185323,0.9074448714762924,0.9280598958333334,0.5188802083333334,0.0699869791666666,1.0,0.4649425547808745,0.2810489239321651,0.6824482412777757,2.609365598987945e-16,1.401942293632323e-16
Falcon3-7B-Base,21,2718,0,3072,0.7623239651307574,0.8629668763224257,0.9039626165005455,0.9313059860041504,0.9561510075244444,0.9944661458333334,0.9557291666666666,0.5244140625,1.0,0.7311763473896904,0.637547454784078,0.6824482412777757,1.3046827994939723e-16,4.205826880896969e-16
Falcon3-7B-Base,21,2718,1,3072,0.7450483828693113,0.8589196302276803,0.900739615347607,0.9295205669555258,0.9543777856154776,0.9921875,0.9459635416666666,0.5074869791666666,1.0,0.7157177365405407,0.6177368341905204,0.6824482412777756,1.3046827994939723e-16,1.401942293632323e-16
Falcon3-7B-Base,21,2718,4,3072,0.6784838285682587,0.8355674205242728,0.8868733947405643,0.9216640931367848,0.9510425381501958,0.9876302083333334,0.90234375,0.4137369791666667,1.0,0.6681599833509286,0.561674085092485,0.6824482412777757,3.9140483984819183e-16,1.401942293632323e-16
Falcon3-7B-Base,21,2718,16,3072,0.4731439088662836,0.6430857336535161,0.7523136292955893,0.8354500051853829,0.9093773618991626,0.9319661458333334,0.5065104166666666,0.0729166666666666,1.0,0.4727722532712242,0.297688204414012,0.6824482412777756,1.3046827994939723e-16,0.0
Falcon3-7B-Base,21,3141,0,3072,0.7623239651307574,0.8629668763224257,0.9039626165005455,0.9313059860041504,0.9561510075244444,0.9944661458333334,0.9557291666666666,0.5244140625,1.0,0.7311763473896904,0.637547454784078,0.6824482412777757,1.3046827994939723e-16,4.205826880896969e-16
Falcon3-7B-Base,21,3141,1,3072,0.7430988496768359,0.8566333397174231,0.9001635647743063,0.9311147618052856,0.9552957178492448,0.9912109375,0.9443359375,0.5013020833333334,1.0,0.7180243322552289,0.618670968473471,0.6824482412777756,1.3046827994939723e-16,1.401942293632323e-16
Falcon3-7B-Base,21,3141,4,3072,0.6641365962152014,0.8323977623822121,0.8886099852996654,0.9220263821533774,0.9511150268221168,0.9869791666666666,0.9020182291666666,0.4195963541666667,1.0,0.6770360700462059,0.5687409580060164,0.6824482412777756,1.3046827994939723e-16,0.0
Falcon3-7B-Base,21,3141,16,3072,0.4888117228280393,0.6527291015133738,0.7651260922315837,0.8469901325366684,0.9137659750884364,0.9436848958333334,0.5384114583333334,0.0826822916666666,1.0,0.4861072571967688,0.3223615858781182,0.6824482412777757,2.609365598987945e-16,1.401942293632323e-16
Falcon3-7B-Base,21,5772,0,3072,0.7623239651307574,0.8629668763224257,0.9039626165005455,0.9313059860041504,0.9561510075244444,0.9944661458333334,0.9557291666666666,0.5244140625,1.0,0.7311763473896904,0.637547454784078,0.6824482412777757,1.3046827994939723e-16,4.205826880896969e-16
Falcon3-7B-Base,21,5772,1,3072,0.7475146383420666,0.8583522269594038,0.9006772530246374,0.9305526937648596,0.9546736491805043,0.9921875,0.947265625,0.5048828125,1.0,0.7173632157525218,0.6192773429144146,0.6824482412777757,3.9140483984819183e-16,4.205826880896969e-16
Falcon3-7B-Base,21,5772,4,3072,0.6552604477014261,0.8355121159586599,0.8887047126562079,0.9227268476865478,0.9514631797617265,0.9866536458333334,0.8971354166666666,0.4274088541666667,1.0,0.6767156824317768,0.5745571129573831,0.6824482412777756,3.9140483984819183e-16,1.401942293632323e-16
Falcon3-7B-Base,21,5772,16,3072,0.474874546974823,0.6515227635708432,0.7686180198629365,0.845469403914065,0.9109885135073358,0.9371744791666666,0.5494791666666666,0.0777994791666666,1.0,0.4793982091902291,0.3073509492482357,0.6824482412777756,1.3046827994939723e-16,1.401942293632323e-16
Falcon3-7B-Base,21,8111,0,3072,0.7623239651307574,0.8629668763224257,0.9039626165005455,0.9313059860041504,0.9561510075244444,0.9944661458333334,0.9557291666666666,0.5244140625,1.0,0.7311763473896904,0.637547454784078,0.6824482412777757,1.3046827994939723e-16,4.205826880896969e-16
Falcon3-7B-Base,21,8111,1,3072,0.7450593246837418,0.8583177299241361,0.9011101055503208,0.9305102243604952,0.955649934355757,0.9921875,0.9456380208333334,0.5087890625,1.0,0.7156564143058752,0.6154360773434233,0.6824482412777756,1.3046827994939723e-16,1.401942293632323e-16
Falcon3-7B-Base,21,8111,4,3072,0.6774537188621387,0.8362592986597615,0.8877020645192786,0.921151132365436,0.9511985853647236,0.9853515625,0.9033203125,0.4186197916666667,1.0,0.6725415505550572,0.565543428572222,0.6824482412777757,2.609365598987945e-16,0.0
Falcon3-7B-Base,21,8111,16,3072,0.4888504382521011,0.6619668117217388,0.7741264897365177,0.8541070819681394,0.9186049337437792,0.9427083333333334,0.5641276041666666,0.0979817708333333,1.0,0.4969515399432263,0.3431147181605476,0.6824482412777757,3.9140483984819183e-16,1.401942293632323e-16
Falcon3-7B-Base,28,1729,0,3072,0.813628480134898,0.8994326245835906,0.932720255496498,0.9527537887882148,0.9717254924078303,0.9990234375,0.9781901041666666,0.7473958333333334,1.0,0.6863308693404295,0.6061234490661848,0.9504163477795188,0.0,1.3757404955365488e-16
Falcon3-7B-Base,28,1729,1,3072,0.819041277220394,0.8993201849192509,0.9319606841023342,0.9532119373690772,0.972505999834234,0.9993489583333334,0.98046875,0.7477213541666666,1.0,0.6706678562368729,0.5734904884005924,0.9504163477795188,0.0,1.3757404955365488e-16
Falcon3-7B-Base,28,1729,4,3072,0.818045708267487,0.8999900265773088,0.933383744199528,0.9545623357504252,0.9759544874407652,0.9993489583333334,0.9856770833333334,0.75,1.0,0.6063035018495992,0.4423384629482196,0.9504163477795188,1.1483680967514894e-16,1.3757404955365488e-16
Falcon3-7B-Base,28,1729,16,3072,0.8531484941099509,0.9160390539702123,0.944237378562118,0.9619423034589027,0.978681117107264,1.0,0.9951171875,0.8362630208333334,1.0,0.3557542954372883,0.1648379198167081,0.9504163477795188,0.0,1.3757404955365488e-16
Falcon3-7B-Base,28,2718,0,3072,0.813628480134898,0.8994326245835906,0.932720255496498,0.9527537887882148,0.9717254924078303,0.9990234375,0.9781901041666666,0.7473958333333334,1.0,0.6863308693404295,0.6061234490661848,0.9504163477795188,0.0,1.3757404955365488e-16
Falcon3-7B-Base,28,2718,1,3072,0.811120838120083,0.9013506471584772,0.9319737865418114,0.9537475704545264,0.9728583963100356,0.9990234375,0.9788411458333334,0.755859375,1.0,0.6678361258180436,0.5673791115774789,0.9504163477795188,0.0,0.0
Falcon3-7B-Base,28,2718,4,3072,0.8164612437197326,0.9012593805396798,0.9327477479584046,0.9548803887146728,0.9762319971819764,0.9993489583333334,0.9791666666666666,0.7591145833333334,1.0,0.6088431850354725,0.4461585090394891,0.9504163477795188,0.0,1.3757404955365488e-16
Falcon3-7B-Base,28,2718,16,3072,0.8598998834917597,0.9167596170220071,0.9432387029247044,0.9615916423711884,0.9788141072381412,1.0,0.9957682291666666,0.8430989583333334,1.0,0.3572777179881792,0.1695522948258425,0.9504163477795188,0.0,1.3757404955365488e-16
Falcon3-7B-Base,28,3141,0,3072,0.813628480134898,0.8994326245835906,0.932720255496498,0.9527537887882148,0.9717254924078303,0.9990234375,0.9781901041666666,0.7473958333333334,1.0,0.6863308693404295,0.6061234490661848,0.9504163477795188,0.0,1.3757404955365488e-16
Falcon3-7B-Base,28,3141,1,3072,0.8104031568148499,0.9001617998784603,0.9325195699886222,0.9526720203776942,0.9721941320780108,0.9990234375,0.9772135416666666,0.7506510416666666,1.0,0.6729424406527462,0.5749879784432892,0.9504163477795188,0.0,0.0
Falcon3-7B-Base,28,3141,4,3072,0.8232775371475681,0.8988900167113407,0.9342770459479616,0.955133510386678,0.9752724869077252,0.9996744791666666,0.986328125,0.7444661458333334,1.0,0.6044227621107279,0.4427008867918516,0.9504163477795188,0.0,0.0
Falcon3-7B-Base,28,3141,16,3072,0.8571102859809964,0.9187557410031176,0.9442343559956394,0.9621452961290998,0.9781173882733591,1.0,0.9951171875,0.8525390625,1.0,0.3467766427813508,0.1662903322325423,0.9504163477795188,0.0,0.0
Falcon3-7B-Base,28,5772,0,3072,0.813628480134898,0.8994326245835906,0.932720255496498,0.9527537887882148,0.9717254924078303,0.9990234375,0.9781901041666666,0.7473958333333334,1.0,0.6863308693404295,0.6061234490661848,0.9504163477795188,0.0,1.3757404955365488e-16
Falcon3-7B-Base,28,5772,1,3072,0.8157561272546257,0.8990650060031071,0.9322873701988146,0.9534973894701162,0.9733336073209862,0.9993489583333334,0.9791666666666666,0.7421875,1.0,0.6700399987147405,0.5718018596211989,0.9504163477795188,0.0,0.0
Falcon3-7B-Base,28,5772,4,3072,0.8185865911001777,0.8995927935551238,0.933240792733486,0.9547852120946446,0.9750924427677676,0.9993489583333334,0.9830729166666666,0.7483723958333334,1.0,0.605097759389841,0.4503875864014415,0.9504163477795188,0.0,1.3757404955365488e-16
Falcon3-7B-Base,28,5772,16,3072,0.8526530548172403,0.915933581938047,0.9434467553830042,0.9613337250971384,0.9777699546332144,1.0,0.9983723958333334,0.8356119791666666,1.0,0.3633065851347103,0.1824312922778523,0.9504163477795188,0.0,1.3757404955365488e-16
Falcon3-7B-Base,28,8111,0,3072,0.813628480134898,0.8994326245835906,0.932720255496498,0.9527537887882148,0.9717254924078303,0.9990234375,0.9781901041666666,0.7473958333333334,1.0,0.6863308693404295,0.6061234490661848,0.9504163477795188,0.0,1.3757404955365488e-16
Falcon3-7B-Base,28,8111,1,3072,0.8117260220313085,0.9006715719161252,0.9321163623982438,0.9530533826179828,0.972819036954528,0.9993489583333334,0.9765625,0.7555338541666666,1.0,0.6699936679465153,0.5726980611307001,0.9504163477795188,0.0,0.0
Falcon3-7B-Base,28,8111,4,3072,0.8133764544794373,0.8996015761638576,0.932623807463147,0.9551409228897182,0.975760547921134,0.9993489583333334,0.9788411458333334,0.7470703125,1.0,0.6080898484244741,0.4494350238266922,0.9504163477795188,1.1483680967514894e-16,1.3757404955365488e-16
Falcon3-7B-Base,28,8111,16,3072,0.862935916709333,0.9177462584652964,0.9426535703877208,0.9612186761864024,0.9788733310172396,1.0,0.9970703125,0.8473307291666666,1.0,0.357273255005935,0.1763005722055482,0.9504163477795188,0.0,1.3757404955365488e-16
Mistral-7B-v0.3,0,1729,0,4096,0.8296911460972933,0.9002168245557738,0.9311793254450104,0.9523147681660512,0.972267013661968,1.0,0.9892578125,0.7509765625,1.0,0.3582254264854365,0.1807701738501371,0.9389664653625236,1.3113687854322047e-16,2.52183353085688e-16
Mistral-7B-v0.3,0,1729,1,4096,0.8243409759906614,0.9007512889885184,0.9303154072089308,0.9524488204176128,0.9726086027253568,1.0,0.990966796875,0.755615234375,1.0,0.3534785166074343,0.1739243786025819,0.9389664653625236,1.3113687854322047e-16,2.52183353085688e-16
Mistral-7B-v0.3,0,1729,4,4096,0.8328679288465466,0.901060569501327,0.9319121922928024,0.9530492797147528,0.9721630876762954,0.99951171875,0.988525390625,0.75732421875,1.0,0.3267147582218661,0.1502121934741096,0.9389664653625236,0.0,2.52183353085688e-16
Mistral-7B-v0.3,0,1729,16,4096,0.8325696171655024,0.9023904739189132,0.9320136106386748,0.9528708420716346,0.9719210751456702,0.999755859375,0.9921875,0.76513671875,1.0,0.3033705956649184,0.1301014940359414,0.9389664653625236,0.0,1.26091676542844e-16
Mistral-7B-v0.3,0,2718,0,4096,0.8296911460972933,0.9002168245557738,0.9311793254450104,0.9523147681660512,0.972267013661968,1.0,0.9892578125,0.7509765625,1.0,0.3582254264854365,0.1807701738501371,0.9389664653625236,1.3113687854322047e-16,2.52183353085688e-16
Mistral-7B-v0.3,0,2718,1,4096,0.8265193342902324,0.8997646446628043,0.931884297533489,0.9530399983184784,0.9721519821152864,1.0,0.991455078125,0.748291015625,1.0,0.3486935640903001,0.1695636166397879,0.9389664653625236,1.3113687854322047e-16,3.7827502962853197e-16
Mistral-7B-v0.3,0,2718,4,4096,0.8310885239898471,0.898952717753565,0.9313597690221312,0.9537869074098764,0.9725650703365462,1.0,0.989990234375,0.741455078125,1.0,0.3315321889395044,0.1479372671320044,0.9389664653625236,0.0,1.26091676542844e-16
Mistral-7B-v0.3,0,2718,16,4096,0.82580336925875,0.90117931070014,0.93217653295479,0.9533053436808212,0.9723158967814286,1.0,0.98876953125,0.75537109375,1.0,0.3073431096616683,0.1336802336504806,0.9389664653625236,1.3113687854322047e-16,1.26091676542844e-16
Mistral-7B-v0.3,0,3141,0,4096,0.8296911460972933,0.9002168245557738,0.9311793254450104,0.9523147681660512,0.972267013661968,1.0,0.9892578125,0.7509765625,1.0,0.3582254264854365,0.1807701738501371,0.9389664653625236,1.3113687854322047e-16,2.52183353085688e-16
Mistral-7B-v0.3,0,3141,1,4096,0.8311125223211779,0.9015579499819968,0.9313631094023528,0.9521731907251312,0.9717495549649142,0.999755859375,0.9892578125,0.75927734375,1.0,0.3485940790156416,0.1702804997995805,0.9389664653625236,0.0,2.52183353085688e-16
Mistral-7B-v0.3,0,3141,4,4096,0.8280387647996561,0.9002811726727123,0.9331921910929856,0.9533802109914676,0.9720487662015256,1.0,0.989501953125,0.751220703125,1.0,0.3231317572072061,0.1464260822665073,0.9389664653625236,0.0,1.26091676542844e-16
Mistral-7B-v0.3,0,3141,16,4096,0.8314052997757106,0.9012394232275354,0.9323789963679838,0.9534383304033408,0.9719429316285289,1.0,0.992919921875,0.7568359375,1.0,0.3009879469688474,0.1316857262421983,0.9389664653625236,1.3113687854322047e-16,2.52183353085688e-16
Mistral-7B-v0.3,0,5772,0,4096,0.8296911460972933,0.9002168245557738,0.9311793254450104,0.9523147681660512,0.972267013661968,1.0,0.9892578125,0.7509765625,1.0,0.3582254264854365,0.1807701738501371,0.9389664653625236,1.3113687854322047e-16,2.52183353085688e-16
Mistral-7B-v0.3,0,5772,1,4096,0.8322730173805938,0.900947777534038,0.9316160886919344,0.9523578218841062,0.9718660706058136,1.0,0.990478515625,0.7548828125,1.0,0.3457586601227826,0.1683143645266722,0.9389664653625236,1.3113687854322047e-16,3.7827502962853197e-16
Mistral-7B-v0.3,0,5772,4,4096,0.8310231162505778,0.9017799093996746,0.9321126441791237,0.9530026829789666,0.9719715224880164,1.0,0.991455078125,0.759521484375,1.0,0.3227792942747411,0.1462001984916573,0.9389664653625236,1.3113687854322047e-16,3.7827502962853197e-16
Mistral-7B-v0.3,0,5772,16,4096,0.8294456392607257,0.9018338140354716,0.932118983389208,0.9528482131248314,0.97181936775232,1.0,0.991943359375,0.758056640625,1.0,0.3044499941210512,0.1341059417007288,0.9389664653625236,0.0,1.26091676542844e-16
Mistral-7B-v0.3,0,8111,0,4096,0.8296911460972933,0.9002168245557738,0.9311793254450104,0.9523147681660512,0.972267013661968,1.0,0.9892578125,0.7509765625,1.0,0.3582254264854365,0.1807701738501371,0.9389664653625236,1.3113687854322047e-16,2.52183353085688e-16
Mistral-7B-v0.3,0,8111,1,4096,0.8287398611891049,0.9002070915028781,0.9315798454759,0.9525206314914096,0.9720621639095952,1.0,0.989501953125,0.7529296875,1.0,0.3461225604812992,0.1690584161210458,0.9389664653625236,0.0,2.52183353085688e-16
Mistral-7B-v0.3,0,8111,4,4096,0.8330094554599308,0.9005421989005928,0.9323315264971234,0.9534569497407736,0.9722201834125704,0.999755859375,0.989013671875,0.7529296875,1.0,0.3241373983093658,0.1480698830821088,0.9389664653625236,1.3113687854322047e-16,1.26091676542844e-16
Mistral-7B-v0.3,0,8111,16,4096,0.8347266024635287,0.9015854668317064,0.9322107832174884,0.953430424601334,0.971719207637224,1.0,0.99072265625,0.75830078125,1.0,0.3006722870918519,0.1317095021686125,0.9389664653625236,1.3113687854322047e-16,2.52183353085688e-16
Mistral-7B-v0.3,2,1729,0,4096,0.4457631845500272,0.6482741590422311,0.77812613468216,0.8682934499974503,0.9351530349852064,0.91748046875,0.5693359375,0.1552734375,1.0,0.9989038448274108,0.9989178987415728,0.4333684029911068,1.6771669991541155e-16,2.5654453010018035e-16
Mistral-7B-v0.3,2,1729,1,4096,0.4391905684668211,0.6408964305397686,0.7737501268664995,0.8640632135344277,0.933484388037005,0.91064453125,0.55419921875,0.13525390625,1.0,0.9987822255444851,0.998866260304563,0.4333684029911067,0.0,6.413613252504509e-16
Mistral-7B-v0.3,2,1729,4,4096,0.4080536338995694,0.5911020070728348,0.746425010158674,0.8526443421166201,0.9316790949961312,0.86083984375,0.4931640625,0.12255859375,1.0,0.9975687888364196,0.9984128984232788,0.4333684029911068,0.0,0.0
Mistral-7B-v0.3,2,1729,16,4096,0.3740993367322008,0.4236602937669111,0.4359511129380139,0.4604403922670506,0.6885258272323322,0.14892578125,0.037109375,0.007568359375,1.0,0.8556732142140704,0.629380495139436,0.4333684029911068,0.0,1.2827226505009018e-16
Mistral-7B-v0.3,2,2718,0,4096,0.4457631845500272,0.6482741590422311,0.77812613468216,0.8682934499974503,0.9351530349852064,0.91748046875,0.5693359375,0.1552734375,1.0,0.9989038448274108,0.9989178987415728,0.4333684029911068,1.6771669991541155e-16,2.5654453010018035e-16
Mistral-7B-v0.3,2,2718,1,4096,0.4319942994354135,0.6399563861359634,0.7748007147528269,0.8646041943390378,0.9361050264150876,0.910888671875,0.55859375,0.14501953125,1.0,0.9988149629339476,0.9988671776946816,0.4333684029911068,0.0,0.0
Mistral-7B-v0.3,2,2718,4,4096,0.4093495193609361,0.5913830722457293,0.7472788798129149,0.8533436428840111,0.9294360466017402,0.859619140625,0.4931640625,0.1142578125,1.0,0.9979220748103592,0.9984018170737372,0.4333684029911067,0.0,3.8481679515027055e-16
Mistral-7B-v0.3,2,2718,16,4096,0.366708154501024,0.4216073592924898,0.4376994009960838,0.4766083941679144,0.7378962798186219,0.197998046875,0.04638671875,0.009765625,1.0,0.9205394100760478,0.8063917045655656,0.4333684029911069,3.3543339983082315e-16,2.5654453010018035e-16
Mistral-7B-v0.3,2,3141,0,4096,0.4457631845500272,0.6482741590422311,0.77812613468216,0.8682934499974503,0.9351530349852064,0.91748046875,0.5693359375,0.1552734375,1.0,0.9989038448274108,0.9989178987415728,0.4333684029911068,1.6771669991541155e-16,2.5654453010018035e-16
Mistral-7B-v0.3,2,3141,1,4096,0.4403241168311179,0.6435532977807458,0.7754638734405557,0.8664050591459556,0.933081926954669,0.908203125,0.5595703125,0.144287109375,1.0,0.9988470323499956,0.9988647296649604,0.433368402991107,3.3543339983082315e-16,1.2827226505009018e-16
Mistral-7B-v0.3,2,3141,4,4096,0.403236509360598,0.5934550841018238,0.7451680157749525,0.8547443177963874,0.9325247619593692,0.857421875,0.48876953125,0.1240234375,1.0,0.9976974678401872,0.998460024362225,0.433368402991107,3.3543339983082315e-16,1.2827226505009018e-16
Mistral-7B-v0.3,2,3141,16,4096,0.3599306284554541,0.4222983808307365,0.4374619309482324,0.4730726964708426,0.7406306918195787,0.19091796875,0.048095703125,0.008544921875,1.0,0.9090079213349396,0.7612760294718323,0.4333684029911069,3.3543339983082315e-16,3.8481679515027055e-16
Mistral-7B-v0.3,2,5772,0,4096,0.4457631845500272,0.6482741590422311,0.77812613468216,0.8682934499974503,0.9351530349852064,0.91748046875,0.5693359375,0.1552734375,1.0,0.9989038448274108,0.9989178987415728,0.4333684029911068,1.6771669991541155e-16,2.5654453010018035e-16
Mistral-7B-v0.3,2,5772,1,4096,0.4430684319477967,0.6404589617473596,0.7739382254820393,0.8654819753363249,0.9333617813642672,0.909912109375,0.5556640625,0.1484375,1.0,0.9988680424715072,0.9988742699564078,0.4333684029911069,3.3543339983082315e-16,2.5654453010018035e-16
Mistral-7B-v0.3,2,5772,4,4096,0.4152410353551022,0.5966824610757796,0.7491513591857788,0.8531052057227921,0.930604487933385,0.865234375,0.498291015625,0.124267578125,1.0,0.997878445061898,0.99848104582133,0.4333684029911069,1.6771669991541155e-16,0.0
Mistral-7B-v0.3,2,5772,16,4096,0.36132205596101,0.4220866061580943,0.4362176470602335,0.4710828951085619,0.757575775242147,0.189697265625,0.05126953125,0.0087890625,1.0,0.8975642521410792,0.7246854912053106,0.4333684029911068,1.6771669991541155e-16,2.5654453010018035e-16
Mistral-7B-v0.3,2,8111,0,4096,0.4457631845500272,0.6482741590422311,0.77812613468216,0.8682934499974503,0.9351530349852064,0.91748046875,0.5693359375,0.1552734375,1.0,0.9989038448274108,0.9989178987415728,0.4333684029911068,1.6771669991541155e-16,2.5654453010018035e-16
Mistral-7B-v0.3,2,8111,1,4096,0.4415247540862296,0.6346374079133323,0.7718837030150768,0.8657263418277684,0.933769202532109,0.90869140625,0.54931640625,0.144287109375,1.0,0.9986222504666484,0.9988712869060186,0.4333684029911068,1.6771669991541155e-16,0.0
Mistral-7B-v0.3,2,8111,4,4096,0.4029681865097719,0.5953460627674068,0.7472456444541765,0.8514000804589019,0.9295699327275316,0.859619140625,0.49560546875,0.118896484375,1.0,0.997297223318776,0.9984025884015694,0.4333684029911068,0.0,0.0
Mistral-7B-v0.3,2,8111,16,4096,0.3738010981434454,0.4223840233122405,0.4351133457827951,0.4575539672555729,0.6632358093326574,0.134521484375,0.03125,0.008544921875,1.0,0.8563812875305248,0.6393715112582685,0.4333684029911069,3.3543339983082315e-16,2.5654453010018035e-16
Mistral-7B-v0.3,8,1729,0,4096,0.4649490332211712,0.6253831011979065,0.7175954855133909,0.7923268898915332,0.8716158097383351,0.921875,0.3857421875,0.019287109375,1.0,0.9800148186397606,0.972767256310224,0.4439145985175293,1.5756450342455202e-16,3.7734410807327437e-16
Mistral-7B-v0.3,8,1729,1,4096,0.4642421449779883,0.6234843476326377,0.7183395100684843,0.7938056658449903,0.8743820212293221,0.919677734375,0.3935546875,0.017578125,1.0,0.9788497476942536,0.9711915661535768,0.443914598517529,3.151290068491041e-16,7.546882161465486e-16
Mistral-7B-v0.3,8,1729,4,4096,0.4454989076841172,0.6194589266651334,0.7163074643967794,0.7952765319340332,0.8789309400885624,0.911865234375,0.392822265625,0.021240234375,1.0,0.9742882972169836,0.966579984202494,0.4439145985175292,3.151290068491041e-16,1.257813693577581e-16
Mistral-7B-v0.3,8,1729,16,4096,0.3076071106607103,0.4243408858411118,0.4960828402355106,0.6342372012100893,0.8133344518583412,0.49169921875,0.107421875,0.0068359375,0.999755859375,0.8496553484144092,0.6672058034817121,0.4439145985175292,3.151290068491041e-16,0.0
Mistral-7B-v0.3,8,2718,0,4096,0.4649490332211712,0.6253831011979065,0.7175954855133909,0.7923268898915332,0.8716158097383351,0.921875,0.3857421875,0.019287109375,1.0,0.9800148186397606,0.972767256310224,0.4439145985175293,1.5756450342455202e-16,3.7734410807327437e-16
Mistral-7B-v0.3,8,2718,1,4096,0.4681252273160791,0.6272562711312013,0.720900573323044,0.7942862779369897,0.8730945533635827,0.93017578125,0.40478515625,0.01708984375,1.0,0.978804939448225,0.9711613234171188,0.4439145985175293,0.0,5.031254774310324e-16
Mistral-7B-v0.3,8,2718,4,4096,0.4476384687481169,0.6157041336181375,0.716295437300752,0.7977316704827218,0.8773076826535202,0.9091796875,0.390869140625,0.023681640625,1.0,0.9750552464404812,0.9668227363077324,0.4439145985175292,3.151290068491041e-16,1.257813693577581e-16
Mistral-7B-v0.3,8,2718,16,4096,0.3092304518672059,0.4298998485888471,0.5124508788722829,0.6582695391410922,0.8231038233947734,0.52734375,0.122314453125,0.00732421875,0.99951171875,0.8774875348262601,0.7393598647176906,0.4439145985175292,0.0,2.515627387155162e-16
Mistral-7B-v0.3,8,3141,0,4096,0.4649490332211712,0.6253831011979065,0.7175954855133909,0.7923268898915332,0.8716158097383351,0.921875,0.3857421875,0.019287109375,1.0,0.9800148186397606,0.972767256310224,0.4439145985175293,1.5756450342455202e-16,3.7734410807327437e-16
Mistral-7B-v0.3,8,3141,1,4096,0.4634929075698515,0.6222002323051243,0.7164668695371454,0.7940028392736689,0.8726128614016522,0.9228515625,0.395751953125,0.02099609375,1.0,0.97889588888852,0.9714595762896348,0.4439145985175293,0.0,8.804695855043068e-16
Mistral-7B-v0.3,8,3141,4,4096,0.4365666782616683,0.6163551065146384,0.7166734905056016,0.7956994888794408,0.8757726333734883,0.90673828125,0.390869140625,0.018310546875,1.0,0.9745323993952524,0.9671808905543487,0.4439145985175292,0.0,3.7734410807327437e-16
Mistral-7B-v0.3,8,3141,16,4096,0.3115543374204779,0.4218347428553707,0.4994626502845222,0.6385051057370583,0.8120685490978001,0.498046875,0.1025390625,0.00634765625,1.0,0.85941037540132,0.7001109811180241,0.4439145985175292,1.5756450342455202e-16,0.0
Mistral-7B-v0.3,8,5772,0,4096,0.4649490332211712,0.6253831011979065,0.7175954855133909,0.7923268898915332,0.8716158097383351,0.921875,0.3857421875,0.019287109375,1.0,0.9800148186397606,0.972767256310224,0.4439145985175293,1.5756450342455202e-16,3.7734410807327437e-16
Mistral-7B-v0.3,8,5772,1,4096,0.4694717354939645,0.6189172296827603,0.7187812007063192,0.793934617308653,0.8732034471050714,0.927001953125,0.39501953125,0.0166015625,1.0,0.9788789696698228,0.9714586340283328,0.4439145985175294,1.5756450342455202e-16,8.804695855043068e-16
Mistral-7B-v0.3,8,5772,4,4096,0.4427330676784433,0.622244350900698,0.7150517371226067,0.7949176249216583,0.8764587786768724,0.914306640625,0.394775390625,0.021484375,1.0,0.9751881695897108,0.966935123811926,0.4439145985175292,4.726935102736562e-16,3.7734410807327437e-16
Mistral-7B-v0.3,8,5772,16,4096,0.3125246840063401,0.4307385625486473,0.5212909149492695,0.6696003857927617,0.8247114681617298,0.5439453125,0.14013671875,0.006103515625,0.99951171875,0.886446778500334,0.7639742099305065,0.4439145985175291,0.0,1.257813693577581e-16
Mistral-7B-v0.3,8,8111,0,4096,0.4649490332211712,0.6253831011979065,0.7175954855133909,0.7923268898915332,0.8716158097383351,0.921875,0.3857421875,0.019287109375,1.0,0.9800148186397606,0.972767256310224,0.4439145985175293,1.5756450342455202e-16,3.7734410807327437e-16
Mistral-7B-v0.3,8,8111,1,4096,0.4690825056657206,0.6274703654454882,0.7173752471114362,0.7925851417754749,0.8708319883010025,0.92626953125,0.399169921875,0.0224609375,1.0,0.9788319117732704,0.9712323189022446,0.4439145985175293,1.5756450342455202e-16,2.515627387155162e-16
Mistral-7B-v0.3,8,8111,4,4096,0.4476533795621211,0.618957097917373,0.7154701659679329,0.794305709282151,0.8737041747430982,0.90869140625,0.3916015625,0.022705078125,0.999755859375,0.9748334264592656,0.9663721582722852,0.4439145985175292,1.5756450342455202e-16,0.0
Mistral-7B-v0.3,8,8111,16,4096,0.3182278468922972,0.4292872951429553,0.5066569328049548,0.6539641070343725,0.829802078195073,0.516357421875,0.126953125,0.0078125,0.999755859375,0.8630910686977546,0.7018875500034977,0.4439145985175292,3.151290068491041e-16,2.515627387155162e-16
Mistral-7B-v0.3,24,1729,0,4096,0.7235473566825247,0.8388060521275481,0.8894788949897497,0.923245502994782,0.9524256505625476,0.99267578125,0.9287109375,0.42626953125,1.0,0.5117459835232991,0.3959978570791171,0.7377213159588488,0.0,1.5884141552816451e-16
Mistral-7B-v0.3,24,1729,1,4096,0.7107846056547883,0.8378270909852995,0.888259505690107,0.9212178927780856,0.9512092443033328,0.99169921875,0.9208984375,0.423828125,1.0,0.5020222377478387,0.3848002553120426,0.7377213159588488,1.1294432337721562e-16,4.765242465844935e-16
Mistral-7B-v0.3,24,1729,4,4096,0.6999938447312553,0.8284104070411946,0.880073620876278,0.9144527328049872,0.94887014204209,0.991455078125,0.911865234375,0.358642578125,1.0,0.4767327163892656,0.3548550904091634,0.7377213159588489,1.1294432337721562e-16,3.1768283105632903e-16
Mistral-7B-v0.3,24,1729,16,4096,0.534995442215535,0.7391311555197209,0.8301518808497077,0.8853066700486492,0.9312507337082694,0.964111328125,0.728271484375,0.17529296875,1.0,0.3563574751858112,0.2009813735520212,0.7377213159588488,2.258886467544313e-16,6.353656621126582e-16
Mistral-7B-v0.3,24,2718,0,4096,0.7235473566825247,0.8388060521275481,0.8894788949897497,0.923245502994782,0.9524256505625476,0.99267578125,0.9287109375,0.42626953125,1.0,0.5117459835232991,0.3959978570791171,0.7377213159588488,0.0,1.5884141552816451e-16
Mistral-7B-v0.3,24,2718,1,4096,0.7161883163700539,0.8360705184933184,0.8873961121734861,0.921347682035086,0.9517447620714754,0.99267578125,0.91845703125,0.410400390625,1.0,0.5024867450048782,0.3857036376099546,0.7377213159588487,1.1294432337721562e-16,9.53048493168987e-16
Mistral-7B-v0.3,24,2718,4,4096,0.7016110194226161,0.8270206956685513,0.8808952483592443,0.9170446525239638,0.9487530297268792,0.993408203125,0.90234375,0.36962890625,1.0,0.4768778656114578,0.3549376412666636,0.7377213159588488,1.1294432337721562e-16,6.353656621126582e-16
Mistral-7B-v0.3,24,2718,16,4096,0.5381370915399101,0.7552272784682117,0.8398816910094846,0.8889946458546097,0.9338024743869676,0.966552734375,0.76025390625,0.19677734375,1.0,0.3568747439326543,0.20800073188838,0.7377213159588489,1.1294432337721562e-16,3.1768283105632903e-16
Mistral-7B-v0.3,24,3141,0,4096,0.7235473566825247,0.8388060521275481,0.8894788949897497,0.923245502994782,0.9524256505625476,0.99267578125,0.9287109375,0.42626953125,1.0,0.5117459835232991,0.3959978570791171,0.7377213159588488,0.0,1.5884141552816451e-16
Mistral-7B-v0.3,24,3141,1,4096,0.7153735388317118,0.8381641482489663,0.8882999915554985,0.9208570721575384,0.9505325510241988,0.9931640625,0.925048828125,0.421630859375,1.0,0.502769934113571,0.3865458257702408,0.7377213159588489,1.1294432337721562e-16,1.5884141552816451e-16
Mistral-7B-v0.3,24,3141,4,4096,0.6910643398200511,0.8293517851731219,0.8786120860804751,0.9141008339822542,0.9476022445655232,0.99365234375,0.906494140625,0.357421875,1.0,0.475724240700494,0.3527560141676939,0.7377213159588489,1.1294432337721562e-16,3.1768283105632903e-16
Mistral-7B-v0.3,24,3141,16,4096,0.5587428689179095,0.7618668089424014,0.8416870226654214,0.889123295118241,0.9316818204142724,0.969970703125,0.777587890625,0.19140625,1.0,0.3648758451471707,0.2185042285845622,0.7377213159588488,0.0,6.353656621126582e-16
Mistral-7B-v0.3,24,5772,0,4096,0.7235473566825247,0.8388060521275481,0.8894788949897497,0.923245502994782,0.9524256505625476,0.99267578125,0.9287109375,0.42626953125,1.0,0.5117459835232991,0.3959978570791171,0.7377213159588488,0.0,1.5884141552816451e-16
Mistral-7B-v0.3,24,5772,1,4096,0.714755883472052,0.8376368167646298,0.8873303104500014,0.9220841139371851,0.951594654995536,0.991943359375,0.919677734375,0.416015625,1.0,0.5020662411869632,0.3867266784009271,0.7377213159588488,1.1294432337721562e-16,4.765242465844935e-16
Mistral-7B-v0.3,24,5772,4,4096,0.6982189878751055,0.8291103587653348,0.8814198688601343,0.915216417696152,0.9478248714385912,0.992431640625,0.907958984375,0.37060546875,1.0,0.4774904197516272,0.3562262895183506,0.7377213159588488,0.0,3.1768283105632903e-16
Mistral-7B-v0.3,24,5772,16,4096,0.5499656111009622,0.7521511920104212,0.8378536667351878,0.8872183043248308,0.929317224737044,0.96875,0.754638671875,0.177734375,1.0,0.3609858266975008,0.2137611666421714,0.7377213159588489,1.1294432337721562e-16,3.1768283105632903e-16
Mistral-7B-v0.3,24,8111,0,4096,0.7235473566825247,0.8388060521275481,0.8894788949897497,0.923245502994782,0.9524256505625476,0.99267578125,0.9287109375,0.42626953125,1.0,0.5117459835232991,0.3959978570791171,0.7377213159588488,0.0,1.5884141552816451e-16
Mistral-7B-v0.3,24,8111,1,4096,0.7199111324904791,0.8367636731581964,0.8868190326093957,0.921303058198926,0.9511746364615644,0.99365234375,0.92138671875,0.406494140625,1.0,0.5023513088087153,0.3835294072625262,0.7377213159588488,0.0,3.1768283105632903e-16
Mistral-7B-v0.3,24,8111,4,4096,0.7011592275686213,0.8286535209190341,0.8800359427568163,0.9157327657844734,0.949084651450568,0.9912109375,0.912353515625,0.364990234375,1.0,0.4741896657986986,0.3525061979243026,0.7377213159588489,1.1294432337721562e-16,3.1768283105632903e-16
Mistral-7B-v0.3,24,8111,16,4096,0.5258399201886318,0.7377462595677389,0.8309570684716029,0.8844815142576248,0.9299308406876357,0.964111328125,0.728271484375,0.176025390625,1.0,0.3498309344366472,0.1965449247252039,0.7377213159588488,1.1294432337721562e-16,4.765242465844935e-16
Mistral-7B-v0.3,32,1729,0,4096,0.760488208588042,0.865503387241338,0.9150996170654924,0.9485158157838988,0.9880500260411508,0.998046875,0.958984375,0.598388671875,1.0,0.8508601274115697,0.7654735621476473,0.9751547631287858,1.6655675247566772e-16,6.128637377878385e-16
Mistral-7B-v0.3,32,1729,1,4096,0.7769546580861383,0.87264741371645,0.9206777248551544,0.9532805937678068,0.9886391561610182,0.99951171875,0.96923828125,0.634033203125,1.0,0.8321729664146764,0.7252426692550952,0.9751547631287858,1.6655675247566772e-16,6.128637377878385e-16
Mistral-7B-v0.3,32,1729,4,4096,0.8202093058022976,0.9026431100661174,0.9412744567510264,0.9661463033512896,0.987465177938347,0.99951171875,0.98486328125,0.76171875,1.0,0.7587471892298467,0.6168212196918169,0.9751547631287858,0.0,6.128637377878385e-16
Mistral-7B-v0.3,32,1729,16,4096,0.920163828331704,0.9528346658166846,0.9675273597900244,0.9781877606964896,0.9887672238815628,1.0,1.0,0.977783203125,1.0,0.4299889179298921,0.2666587348214262,0.9751547631287858,0.0,6.128637377878385e-16
Mistral-7B-v0.3,32,2718,0,4096,0.760488208588042,0.865503387241338,0.9150996170654924,0.9485158157838988,0.9880500260411508,0.998046875,0.958984375,0.598388671875,1.0,0.8508601274115697,0.7654735621476473,0.9751547631287858,1.6655675247566772e-16,6.128637377878385e-16
Mistral-7B-v0.3,32,2718,1,4096,0.7731411383271952,0.8750668388151308,0.92066846440019,0.9532380227711406,0.9881184891530548,0.99951171875,0.965576171875,0.628662109375,1.0,0.8327928323672205,0.7289170737222572,0.9751547631287858,1.6655675247566772e-16,6.128637377878385e-16
Mistral-7B-v0.3,32,2718,4,4096,0.81879044660757,0.9006456242296175,0.9385810696348096,0.9657137422811456,0.9880019450021768,0.999267578125,0.984375,0.75244140625,1.0,0.7646522255705124,0.6203861263934848,0.9751547631287858,0.0,6.128637377878385e-16
Mistral-7B-v0.3,32,2718,16,4096,0.9178495417031804,0.9526596502375352,0.968016697899094,0.9787509467689508,0.9892656084250232,1.0,0.99951171875,0.97705078125,1.0,0.4236012862420846,0.2504603180103974,0.9751547631287858,0.0,6.128637377878385e-16
Mistral-7B-v0.3,32,3141,0,4096,0.760488208588042,0.865503387241338,0.9150996170654924,0.9485158157838988,0.9880500260411508,0.998046875,0.958984375,0.598388671875,1.0,0.8508601274115697,0.7654735621476473,0.9751547631287858,1.6655675247566772e-16,6.128637377878385e-16
Mistral-7B-v0.3,32,3141,1,4096,0.7752649206877129,0.8750592886721658,0.9207465850556782,0.9534215198036758,0.988077423902851,0.998779296875,0.966552734375,0.63623046875,1.0,0.8331318568217956,0.7296303065126375,0.9751547631287858,0.0,4.0857582519189213e-16
Mistral-7B-v0.3,32,3141,4,4096,0.8139704979466588,0.9012347279523653,0.9399149369700344,0.9655933702387444,0.987669515032834,1.0,0.9814453125,0.758056640625,1.0,0.7650187045599905,0.6288828986845748,0.9751547631287858,1.6655675247566772e-16,6.128637377878385e-16
Mistral-7B-v0.3,32,3141,16,4096,0.9207435978321304,0.9536121399572908,0.9686203588223348,0.9791595518488836,0.9896409708090808,1.0,0.99951171875,0.9775390625,1.0,0.4050039987111151,0.2205301104376929,0.9751547631287858,1.6655675247566772e-16,6.128637377878385e-16
Mistral-7B-v0.3,32,5772,0,4096,0.760488208588042,0.865503387241338,0.9150996170654924,0.9485158157838988,0.9880500260411508,0.998046875,0.958984375,0.598388671875,1.0,0.8508601274115697,0.7654735621476473,0.9751547631287858,1.6655675247566772e-16,6.128637377878385e-16
Mistral-7B-v0.3,32,5772,1,4096,0.779642566196324,0.8743657831082953,0.9197934589598666,0.9535184375421406,0.9883508748300238,0.999755859375,0.96875,0.62353515625,1.0,0.8340658450031926,0.7323693187697665,0.9751547631287858,1.6655675247566772e-16,6.128637377878385e-16
Mistral-7B-v0.3,32,5772,4,4096,0.8141312931479064,0.90221538039767,0.9408265649421764,0.9653719162460458,0.9885984829542892,0.999755859375,0.986328125,0.759521484375,1.0,0.7625770490612276,0.6180922279545892,0.9751547631287858,1.6655675247566772e-16,6.128637377878385e-16
Mistral-7B-v0.3,32,5772,16,4096,0.9196508760190736,0.9539932513530288,0.9685964394969222,0.97833844012464,0.9889175574158686,1.0,0.9990234375,0.978515625,1.0,0.4199063397024711,0.2493211643144749,0.9751547631287858,1.6655675247566772e-16,6.128637377878385e-16
Mistral-7B-v0.3,32,8111,0,4096,0.760488208588042,0.865503387241338,0.9150996170654924,0.9485158157838988,0.9880500260411508,0.998046875,0.958984375,0.598388671875,1.0,0.8508601274115697,0.7654735621476473,0.9751547631287858,1.6655675247566772e-16,6.128637377878385e-16
Mistral-7B-v0.3,32,8111,1,4096,0.774142433907879,0.8763564603687845,0.9211267459011608,0.952990150431538,0.9882298444564296,0.999267578125,0.96435546875,0.635986328125,1.0,0.8328786688505647,0.7292212755428836,0.9751547631287858,1.6655675247566772e-16,6.128637377878385e-16
Mistral-7B-v0.3,32,8111,4,4096,0.8145476515897465,0.8990888120242767,0.9401576522571102,0.9664790131338612,0.988206604682132,1.0,0.98095703125,0.744873046875,1.0,0.7656129678025112,0.6242646717301654,0.9751547631287858,1.6655675247566772e-16,6.128637377878385e-16
Mistral-7B-v0.3,32,8111,16,4096,0.914386516465415,0.9526032793877164,0.9674769987322204,0.9781179773088626,0.9891122953922572,1.0,0.999755859375,0.97216796875,1.0,0.433642863361338,0.2624842072610264,0.9751547631287858,1.6655675247566772e-16,6.128637377878385e-16
OLMo-2-0425-1B,0,1729,0,2048,0.8929825835801033,0.9387777898822076,0.9580223152523568,0.9710861150921432,0.9825072336578776,1.0,0.9990234375,0.93798828125,1.0,0.3080299897527236,0.1331130600760792,0.9629926236117022,1.6617351506221507e-16,0.0
OLMo-2-0425-1B,0,1729,1,2048,0.891024994880124,0.938516700798104,0.9586211889001912,0.971646073356458,0.9818837326301064,1.0,0.99951171875,0.93408203125,1.0,0.3049437435780169,0.1303773910068135,0.9629926236117022,1.6617351506221507e-16,1.351283555316611e-16
OLMo-2-0425-1B,0,1729,4,2048,0.8971124660648793,0.937986768681116,0.9584181376285604,0.9711259013102912,0.9825469197226306,1.0,0.99951171875,0.94384765625,1.0,0.3052606981982755,0.1321476453551867,0.9629926236117022,1.6617351506221507e-16,0.0
OLMo-2-0425-1B,0,1729,16,2048,0.888913030422181,0.9380395072542248,0.9585795945412284,0.9714191056003556,0.9826582603259636,1.0,0.9990234375,0.9296875,1.0,0.3092636287994996,0.1328891893376615,0.9629926236117022,1.6617351506221507e-16,1.351283555316611e-16
OLMo-2-0425-1B,0,2718,0,2048,0.8929825835801033,0.9387777898822076,0.9580223152523568,0.9710861150921432,0.9825072336578776,1.0,0.9990234375,0.93798828125,1.0,0.3080299897527236,0.1331130600760792,0.9629926236117022,1.6617351506221507e-16,0.0
OLMo-2-0425-1B,0,2718,1,2048,0.8931068599420894,0.9382081255093202,0.9583659940653224,0.9714906352780028,0.9825442451310672,1.0,0.998046875,0.9384765625,1.0,0.3102803072986955,0.1328470251031637,0.9629926236117022,3.323470301244301e-16,0.0
OLMo-2-0425-1B,0,2718,4,2048,0.8940911762872312,0.9378390596465296,0.95757451324704,0.9710289499224046,0.9825469420993098,1.0,0.9990234375,0.94189453125,1.0,0.3115322051006366,0.1357467998200764,0.9629926236117022,1.6617351506221507e-16,1.351283555316611e-16
OLMo-2-0425-1B,0,2718,16,2048,0.8961719650134712,0.9387295670095108,0.9580943986833692,0.9711786011832816,0.9822323752620148,1.0,0.99951171875,0.94482421875,1.0,0.3061513391159662,0.1305915808365545,0.9629926236117022,1.6617351506221507e-16,1.351283555316611e-16
OLMo-2-0425-1B,0,3141,0,2048,0.8929825835801033,0.9387777898822076,0.9580223152523568,0.9710861150921432,0.9825072336578776,1.0,0.9990234375,0.93798828125,1.0,0.3080299897527236,0.1331130600760792,0.9629926236117022,1.6617351506221507e-16,0.0
OLMo-2-0425-1B,0,3141,1,2048,0.889581804852379,0.9390531795749276,0.9584269504984756,0.9708870285695308,0.9826871536910622,1.0,0.99951171875,0.9365234375,1.0,0.3061224884620668,0.131329375859735,0.9629926236117022,3.323470301244301e-16,1.351283555316611e-16
OLMo-2-0425-1B,0,3141,4,2048,0.8947966247583231,0.938419313860648,0.9582015843031224,0.9712168464289248,0.9827340106178086,1.0,0.9990234375,0.93603515625,1.0,0.3086361776223547,0.1349438332919345,0.9629926236117022,1.6617351506221507e-16,1.351283555316611e-16
OLMo-2-0425-1B,0,3141,16,2048,0.8891190526707596,0.9383408297744262,0.9583366963818628,0.9712052697761768,0.9828362330616404,1.0,0.99951171875,0.93115234375,1.0,0.3088162420628721,0.1334682577431634,0.9629926236117022,1.6617351506221507e-16,0.0
OLMo-2-0425-1B,0,5772,0,2048,0.8929825835801033,0.9387777898822076,0.9580223152523568,0.9710861150921432,0.9825072336578776,1.0,0.9990234375,0.93798828125,1.0,0.3080299897527236,0.1331130600760792,0.9629926236117022,1.6617351506221507e-16,0.0
OLMo-2-0425-1B,0,5772,1,2048,0.8928226470550767,0.9388277090880556,0.9581235556793876,0.970923975577743,0.9826730471642718,1.0,0.9990234375,0.9404296875,1.0,0.3091660454643639,0.1370062027502013,0.9629926236117022,0.0,1.351283555316611e-16
OLMo-2-0425-1B,0,5772,4,2048,0.8934310791601101,0.93846261801833,0.9579563570250518,0.9708578938900154,0.9828836057427952,1.0,0.99853515625,0.9345703125,1.0,0.3101068000091977,0.1351796459368775,0.9629926236117022,3.323470301244301e-16,0.0
OLMo-2-0425-1B,0,5772,16,2048,0.8967295645830792,0.9410845883637432,0.9581672226039072,0.970471383349308,0.9822756156228936,1.0,0.99951171875,0.94189453125,1.0,0.2986958397351187,0.1296430566849023,0.9629926236117022,0.0,0.0
OLMo-2-0425-1B,0,8111,0,2048,0.8929825835801033,0.9387777898822076,0.9580223152523568,0.9710861150921432,0.9825072336578776,1.0,0.9990234375,0.93798828125,1.0,0.3080299897527236,0.1331130600760792,0.9629926236117022,1.6617351506221507e-16,0.0
OLMo-2-0425-1B,0,8111,1,2048,0.8929654692939535,0.9379253483398114,0.957347138316175,0.9707579707300394,0.9827573366432282,1.0,0.9990234375,0.9365234375,1.0,0.31342409676354,0.1362894344251644,0.9629926236117022,1.6617351506221507e-16,1.351283555316611e-16
OLMo-2-0425-1B,0,8111,4,2048,0.8908111196209707,0.938783217726688,0.957293186763553,0.9709622243512837,0.9828213877041716,1.0,0.99853515625,0.9296875,1.0,0.3124707874255605,0.1356814827348581,0.9629926236117022,0.0,0.0
OLMo-2-0425-1B,0,8111,16,2048,0.8907664164278263,0.939919305927152,0.9585078648885166,0.9709940313933668,0.9826399749667456,1.0,0.998046875,0.931640625,1.0,0.3077858003822327,0.1313348103046334,0.9629926236117022,1.6617351506221507e-16,0.0
OLMo-2-0425-1B,4,1729,0,2048,0.8103564867798618,0.891336861572131,0.926004425879324,0.9475568631533164,0.9689239913360052,1.0,0.98681640625,0.70166015625,1.0,0.3748522204841076,0.2139583464205966,0.9294028666797528,1.511357971872547e-16,0.0
OLMo-2-0425-1B,4,1729,1,2048,0.8142830065723996,0.8919593580990195,0.925744837986408,0.9473221815385764,0.9686356905088944,1.0,0.98876953125,0.7041015625,1.0,0.3650353977734433,0.2075217648179733,0.9294028666797528,1.511357971872547e-16,1.2435530006453432e-16
OLMo-2-0425-1B,4,1729,4,2048,0.8142490015976949,0.8882363424813313,0.9245289044070708,0.9475448559461817,0.9696877692281034,1.0,0.986328125,0.68701171875,1.0,0.3560782020866788,0.1895262617696712,0.9294028666797528,1.511357971872547e-16,1.2435530006453432e-16
OLMo-2-0425-1B,4,1729,16,2048,0.8021696791470629,0.8842192732219062,0.920932321329384,0.9472590781141468,0.9699508198383512,1.0,0.9794921875,0.6669921875,1.0,0.3293123163971339,0.14985471527196,0.9294028666797528,1.511357971872547e-16,1.2435530006453432e-16
OLMo-2-0425-1B,4,2718,0,2048,0.8103564867798618,0.891336861572131,0.926004425879324,0.9475568631533164,0.9689239913360052,1.0,0.98681640625,0.70166015625,1.0,0.3748522204841076,0.2139583464205966,0.9294028666797528,1.511357971872547e-16,0.0
OLMo-2-0425-1B,4,2718,1,2048,0.8095383381341734,0.8920845651067519,0.9251087426873068,0.9479867964653714,0.9681300422296488,1.0,0.98388671875,0.69384765625,1.0,0.371718756270176,0.2061460443156548,0.9294028666797528,1.511357971872547e-16,1.2435530006453432e-16
OLMo-2-0425-1B,4,2718,4,2048,0.8085220833029845,0.8891747606193878,0.9238035165395744,0.9477034223596784,0.9689752762344715,1.0,0.982421875,0.68701171875,1.0,0.3618745670627978,0.1888160919259195,0.9294028666797528,1.511357971872547e-16,0.0
OLMo-2-0425-1B,4,2718,16,2048,0.8106411738889112,0.885295200497762,0.9224556675307612,0.9466106085815094,0.9694215669453988,1.0,0.98388671875,0.67724609375,1.0,0.3172651120116094,0.138084632973549,0.9294028666797528,1.511357971872547e-16,1.2435530006453432e-16
OLMo-2-0425-1B,4,3141,0,2048,0.8103564867798618,0.891336861572131,0.926004425879324,0.9475568631533164,0.9689239913360052,1.0,0.98681640625,0.70166015625,1.0,0.3748522204841076,0.2139583464205966,0.9294028666797528,1.511357971872547e-16,0.0
OLMo-2-0425-1B,4,3141,1,2048,0.814789015032809,0.891415159673944,0.924465908097295,0.94758204797986,0.9688198309707589,1.0,0.98681640625,0.7060546875,1.0,0.3697147239927933,0.2066006389947617,0.9294028666797528,1.511357971872547e-16,1.2435530006453432e-16
OLMo-2-0425-1B,4,3141,4,2048,0.8196016376977993,0.8912963005618078,0.9236856978569696,0.948101840060482,0.9690067709682324,1.0,0.98486328125,0.68994140625,1.0,0.3510373340994142,0.183218795095787,0.9294028666797528,1.511357971872547e-16,0.0
OLMo-2-0425-1B,4,3141,16,2048,0.8063996837779762,0.8849510968928819,0.9210332294376922,0.9474426542301512,0.970097980047783,0.99951171875,0.98046875,0.65185546875,1.0,0.3278370004498863,0.1465636930265922,0.9294028666797528,1.511357971872547e-16,0.0
OLMo-2-0425-1B,4,5772,0,2048,0.8103564867798618,0.891336861572131,0.926004425879324,0.9475568631533164,0.9689239913360052,1.0,0.98681640625,0.70166015625,1.0,0.3748522204841076,0.2139583464205966,0.9294028666797528,1.511357971872547e-16,0.0
OLMo-2-0425-1B,4,5772,1,2048,0.81652371570202,0.8923691861424484,0.9251724924634372,0.948261162570499,0.9686095887095584,0.99951171875,0.98486328125,0.70654296875,1.0,0.3658002828932394,0.2059344956987684,0.9294028666797528,1.511357971872547e-16,0.0
OLMo-2-0425-1B,4,5772,4,2048,0.814240291857552,0.8924086127529718,0.9237530804470814,0.94700331128657,0.969454991321854,1.0,0.98974609375,0.70361328125,1.0,0.3525230220413446,0.1876177340176244,0.9294028666797528,1.511357971872547e-16,0.0
OLMo-2-0425-1B,4,5772,16,2048,0.8097487087386568,0.8895188465284947,0.92387958782219,0.9469701574947864,0.9694058583508876,1.0,0.98828125,0.68310546875,1.0,0.3119508723128923,0.146744413197961,0.9294028666797528,1.511357971872547e-16,0.0
OLMo-2-0425-1B,4,8111,0,2048,0.8103564867798618,0.891336861572131,0.926004425879324,0.9475568631533164,0.9689239913360052,1.0,0.98681640625,0.70166015625,1.0,0.3748522204841076,0.2139583464205966,0.9294028666797528,1.511357971872547e-16,0.0
OLMo-2-0425-1B,4,8111,1,2048,0.8113919694752428,0.8897745301837445,0.924848226919176,0.9477791675695816,0.9687915339398314,1.0,0.98486328125,0.6923828125,1.0,0.3750123495197517,0.2089875656830285,0.9294028666797528,1.511357971872547e-16,1.2435530006453432e-16
OLMo-2-0425-1B,4,8111,4,2048,0.8158392133059593,0.892391042737253,0.9221781591031132,0.9474566933827314,0.9687713160421229,0.99951171875,0.986328125,0.703125,1.0,0.3570063990106153,0.1927481654820852,0.9294028666797528,1.511357971872547e-16,1.2435530006453432e-16
OLMo-2-0425-1B,4,8111,16,2048,0.8009648969072888,0.8856549093927899,0.923120797089945,0.9472035372514408,0.9706497332869874,1.0,0.98291015625,0.66796875,1.0,0.3172902067843839,0.1425659157833439,0.9294028666797528,1.511357971872547e-16,1.2435530006453432e-16
OLMo-2-0425-1B,9,1729,0,2048,0.6839362283327955,0.8065933392468839,0.8675993764850921,0.9046701016652468,0.9448474757442904,0.9951171875,0.87744140625,0.28125,1.0,0.4557283698376788,0.3102547020080853,0.8640918761101056,1.6868738395011307e-16,0.0
OLMo-2-0425-1B,9,1729,1,2048,0.6738822111872067,0.8052353083201995,0.8639325615722966,0.9046754581763584,0.9444828337501244,0.99365234375,0.876953125,0.27734375,1.0,0.4525916720057541,0.3006513512292505,0.8640918761101056,1.6868738395011307e-16,2.6812488080485754e-16
OLMo-2-0425-1B,9,1729,4,2048,0.6630591540760826,0.8001336587739896,0.8614503195371768,0.9067838156981174,0.9468699976181854,0.9892578125,0.85546875,0.29052734375,1.0,0.4299568740439996,0.2670736707243771,0.8640918761101057,0.0,1.3406244040242875e-16
OLMo-2-0425-1B,9,1729,16,2048,0.6492700427587575,0.7842615136030802,0.8524104215446789,0.9014869581715648,0.946978425864582,0.99169921875,0.83154296875,0.25732421875,1.0,0.3560352245895317,0.1768531002321347,0.8640918761101056,1.6868738395011307e-16,0.0
OLMo-2-0425-1B,9,2718,0,2048,0.6839362283327955,0.8065933392468839,0.8675993764850921,0.9046701016652468,0.9448474757442904,0.9951171875,0.87744140625,0.28125,1.0,0.4557283698376788,0.3102547020080853,0.8640918761101056,1.6868738395011307e-16,0.0
OLMo-2-0425-1B,9,2718,1,2048,0.6800951655858699,0.8015005584254051,0.8669017363099016,0.905795911484574,0.944540274573226,0.99560546875,0.87060546875,0.29296875,1.0,0.4512285189056189,0.2977904858880149,0.8640918761101056,1.6868738395011307e-16,2.6812488080485754e-16
OLMo-2-0425-1B,9,2718,4,2048,0.6758443694864515,0.8022186785653664,0.8610300480530824,0.9045324450430904,0.9442911973414636,0.9951171875,0.8720703125,0.2783203125,1.0,0.4212778943857891,0.2581616621610599,0.8640918761101056,1.6868738395011307e-16,1.3406244040242875e-16
OLMo-2-0425-1B,9,2718,16,2048,0.654643223136514,0.786139046400322,0.8537993664131961,0.8997017537014457,0.945058845767431,0.99267578125,0.828125,0.24755859375,1.0,0.3482952922894069,0.161700148242449,0.8640918761101057,0.0,1.3406244040242875e-16
OLMo-2-0425-1B,9,3141,0,2048,0.6839362283327955,0.8065933392468839,0.8675993764850921,0.9046701016652468,0.9448474757442904,0.9951171875,0.87744140625,0.28125,1.0,0.4557283698376788,0.3102547020080853,0.8640918761101056,1.6868738395011307e-16,0.0
OLMo-2-0425-1B,9,3141,1,2048,0.675010831437765,0.8042838359242324,0.8663485371748119,0.9054107544939968,0.9451147056024752,0.99462890625,0.87646484375,0.2783203125,1.0,0.4489126552890745,0.298521311344495,0.8640918761101057,0.0,1.3406244040242875e-16
OLMo-2-0425-1B,9,3141,4,2048,0.6635178043829295,0.8028960633396011,0.8613860761231364,0.9051392250924268,0.9441488771572908,0.98974609375,0.85546875,0.28515625,1.0,0.4277455089478235,0.2705248162178675,0.8640918761101056,1.6868738395011307e-16,1.3406244040242875e-16
OLMo-2-0425-1B,9,3141,16,2048,0.6403199830202866,0.7886945038853245,0.8549616205480586,0.9010643716171144,0.9440431176416778,0.99462890625,0.8359375,0.2587890625,1.0,0.3508332113942669,0.1679086786360075,0.8640918761101056,1.6868738395011307e-16,1.3406244040242875e-16
OLMo-2-0425-1B,9,5772,0,2048,0.6839362283327955,0.8065933392468839,0.8675993764850921,0.9046701016652468,0.9448474757442904,0.9951171875,0.87744140625,0.28125,1.0,0.4557283698376788,0.3102547020080853,0.8640918761101056,1.6868738395011307e-16,0.0
OLMo-2-0425-1B,9,5772,1,2048,0.6850557078645323,0.8088977912427154,0.8624878899110241,0.9050404770583153,0.9443949073427031,0.99462890625,0.875,0.2822265625,1.0,0.4460383728451897,0.2985220358168715,0.8640918761101057,0.0,0.0
OLMo-2-0425-1B,9,5772,4,2048,0.6799616342747599,0.8014139603064426,0.8612775994741548,0.9046153680822162,0.9447616717183472,0.9931640625,0.87548828125,0.2744140625,1.0,0.419737583004018,0.2632651459113306,0.8640918761101056,1.6868738395011307e-16,1.3406244040242875e-16
OLMo-2-0425-1B,9,5772,16,2048,0.6367009151137241,0.7849464103345292,0.8529936580892478,0.9022264861742082,0.946375203194529,0.98828125,0.8173828125,0.2626953125,1.0,0.3584605486536756,0.1728028229895314,0.8640918761101056,1.6868738395011307e-16,1.3406244040242875e-16
OLMo-2-0425-1B,9,8111,0,2048,0.6839362283327955,0.8065933392468839,0.8675993764850921,0.9046701016652468,0.9448474757442904,0.9951171875,0.87744140625,0.28125,1.0,0.4557283698376788,0.3102547020080853,0.8640918761101056,1.6868738395011307e-16,0.0
OLMo-2-0425-1B,9,8111,1,2048,0.681918004148558,0.8058334878706804,0.8639507749362758,0.9063710787734368,0.9431726295120252,0.994140625,0.87841796875,0.29248046875,1.0,0.4496689207318942,0.298800485496659,0.8640918761101057,0.0,2.6812488080485754e-16
OLMo-2-0425-1B,9,8111,4,2048,0.6713704900378424,0.806548703473904,0.862734541536031,0.9047022083574848,0.9429300457367524,0.9921875,0.87109375,0.2841796875,1.0,0.4257214869806351,0.2689145926128489,0.8640918761101056,1.6868738395011307e-16,1.3406244040242875e-16
OLMo-2-0425-1B,9,8111,16,2048,0.6415630802098977,0.7836961961438484,0.85310453543494,0.8999057110505073,0.9435569001726508,0.99658203125,0.83251953125,0.24951171875,1.0,0.357128552115822,0.1684810073059593,0.8640918761101057,0.0,1.3406244040242875e-16
OLMo-2-0425-1B,12,1729,0,2048,0.7847939223525332,0.8775027187609563,0.9146913834204508,0.941299379538976,0.9641529814943636,0.99755859375,0.974609375,0.6142578125,1.0,0.3907792493624415,0.2435897482001162,0.8992820100152423,0.0,2.739617241733023e-16
OLMo-2-0425-1B,12,1729,1,2048,0.7823068734901807,0.8750134627131676,0.9143010362695478,0.940308952341517,0.9649631871281368,0.99658203125,0.9697265625,0.60595703125,1.0,0.3827818875861897,0.2326034273697941,0.8992820100152423,0.0,2.739617241733023e-16
OLMo-2-0425-1B,12,1729,4,2048,0.7669485858478134,0.870325444705489,0.9094529563031102,0.9385479186187684,0.9636369935971746,0.99560546875,0.95947265625,0.56591796875,1.0,0.3574498058982192,0.198144275300952,0.8992820100152423,0.0,2.739617241733023e-16
OLMo-2-0425-1B,12,1729,16,2048,0.7405828099534013,0.8511803808722782,0.8995092524861034,0.9292221745423972,0.9571668140725555,0.99951171875,0.93994140625,0.49462890625,1.0,0.2888440955965223,0.1271434769310181,0.8992820100152422,1.2273290862796614e-16,2.739617241733023e-16
OLMo-2-0425-1B,12,2718,0,2048,0.7847939223525332,0.8775027187609563,0.9146913834204508,0.941299379538976,0.9641529814943636,0.99755859375,0.974609375,0.6142578125,1.0,0.3907792493624415,0.2435897482001162,0.8992820100152423,0.0,2.739617241733023e-16
OLMo-2-0425-1B,12,2718,1,2048,0.7825303787395879,0.8731532443932122,0.91361825238991,0.9405843120100364,0.9643639559657922,0.99755859375,0.96923828125,0.6015625,1.0,0.3875423095802213,0.2353625845573022,0.8992820100152423,0.0,1.3698086208665116e-16
OLMo-2-0425-1B,12,2718,4,2048,0.7591387662385143,0.8686723624490336,0.9100487143328178,0.9382662059872406,0.963389790424256,0.9970703125,0.9560546875,0.58203125,1.0,0.3587913951308183,0.1984454850895172,0.8992820100152423,0.0,2.739617241733023e-16
OLMo-2-0425-1B,12,2718,16,2048,0.7487298821227917,0.8507545165652344,0.8972926348977229,0.9280472226452344,0.9582769689200576,0.9990234375,0.9482421875,0.4814453125,1.0,0.2919325061889255,0.129680517681524,0.8992820100152423,2.4546581725593234e-16,4.109425862599535e-16
OLMo-2-0425-1B,12,3141,0,2048,0.7847939223525332,0.8775027187609563,0.9146913834204508,0.941299379538976,0.9641529814943636,0.99755859375,0.974609375,0.6142578125,1.0,0.3907792493624415,0.2435897482001162,0.8992820100152423,0.0,2.739617241733023e-16
OLMo-2-0425-1B,12,3141,1,2048,0.7798512192810759,0.8755341284351045,0.9144709442322558,0.9408479164649634,0.9648421793709973,0.9951171875,0.96923828125,0.6083984375,1.0,0.3801381412261448,0.2321923854211477,0.8992820100152423,0.0,2.739617241733023e-16
OLMo-2-0425-1B,12,3141,4,2048,0.7534550801053183,0.8651245864102548,0.9103741690500478,0.9384346908706503,0.9638181276267956,0.9970703125,0.95166015625,0.5712890625,1.0,0.3612662667389674,0.2010627119616254,0.8992820100152423,0.0,2.739617241733023e-16
OLMo-2-0425-1B,12,3141,16,2048,0.738255454615329,0.8491286893081943,0.8958645425453005,0.9304742902954096,0.9571070353682722,1.0,0.94482421875,0.4697265625,1.0,0.298231247837061,0.1373087315922563,0.8992820100152423,0.0,1.3698086208665116e-16
OLMo-2-0425-1B,12,5772,0,2048,0.7847939223525332,0.8775027187609563,0.9146913834204508,0.941299379538976,0.9641529814943636,0.99755859375,0.974609375,0.6142578125,1.0,0.3907792493624415,0.2435897482001162,0.8992820100152423,0.0,2.739617241733023e-16
OLMo-2-0425-1B,12,5772,1,2048,0.782669107609343,0.8773345685049811,0.9134635951713992,0.9402070993049064,0.963581531793748,0.99755859375,0.96826171875,0.6171875,1.0,0.379817763217948,0.2300043874372736,0.8992820100152423,0.0,2.739617241733023e-16
OLMo-2-0425-1B,12,5772,4,2048,0.7495841657171596,0.8683759356291862,0.910512310194463,0.9391654415944956,0.963776424194072,0.99658203125,0.94970703125,0.564453125,1.0,0.3632540591144824,0.2081762283537266,0.8992820100152423,0.0,2.739617241733023e-16
OLMo-2-0425-1B,12,5772,16,2048,0.7418515210878027,0.8479844371779407,0.8975869588803922,0.9301669659878774,0.9588994807833326,0.99658203125,0.9423828125,0.48095703125,1.0,0.2956898571406885,0.133294827326149,0.8992820100152423,0.0,2.739617241733023e-16
OLMo-2-0425-1B,12,8111,0,2048,0.7847939223525332,0.8775027187609563,0.9146913834204508,0.941299379538976,0.9641529814943636,0.99755859375,0.974609375,0.6142578125,1.0,0.3907792493624415,0.2435897482001162,0.8992820100152423,0.0,2.739617241733023e-16
OLMo-2-0425-1B,12,8111,1,2048,0.784302584861654,0.8749032240396765,0.913937074936503,0.9415042855870044,0.9640898780334012,0.9970703125,0.970703125,0.60546875,1.0,0.3795898416700713,0.2309319115494151,0.8992820100152423,0.0,2.739617241733023e-16
OLMo-2-0425-1B,12,8111,4,2048,0.7696529173899818,0.8675822026221607,0.9099200826460484,0.938824331246348,0.9624820300743768,0.99658203125,0.9599609375,0.57275390625,1.0,0.3575159820018074,0.1963013607692365,0.8992820100152423,0.0,2.739617241733023e-16
OLMo-2-0425-1B,12,8111,16,2048,0.7468384160307113,0.8490418567677324,0.894959542508605,0.9281614067526128,0.958854627087752,0.99951171875,0.94775390625,0.46923828125,1.0,0.2947567573388552,0.1336678295767291,0.8992820100152423,0.0,2.739617241733023e-16
OLMo-2-0425-1B,16,1729,0,2048,0.7562627301190313,0.8526881331243085,0.9024143106582864,0.9405021246603452,0.9761507415941088,1.0,0.955078125,0.51611328125,1.0,0.905948798256164,0.8719722405736637,0.9759851672789996,1.24496072410109e-16,1.5811363526397816e-16
OLMo-2-0425-1B,16,1729,1,2048,0.7641921095228785,0.8633348334716,0.9085225110297356,0.9434974547774864,0.9779967732673132,0.99951171875,0.95947265625,0.55859375,1.0,0.8927684940235727,0.8526936241480115,0.9759851672789996,1.24496072410109e-16,3.162272705279563e-16
OLMo-2-0425-1B,16,1729,4,2048,0.7894173678695102,0.8822619057684606,0.9255261505821122,0.9541042832071523,0.986089497086612,1.0,0.9814453125,0.6650390625,1.0,0.8453231975013065,0.7518119323135182,0.9759851672789996,1.24496072410109e-16,1.5811363526397816e-16
OLMo-2-0425-1B,16,1729,16,2048,0.9119477978361084,0.9550509447880982,0.9712997330441828,0.98170462623125,0.9907202237923008,1.0,0.9990234375,0.96484375,1.0,0.4319515507195437,0.2152450462970151,0.9759851672789996,1.24496072410109e-16,1.5811363526397816e-16
OLMo-2-0425-1B,16,2718,0,2048,0.7562627301190313,0.8526881331243085,0.9024143106582864,0.9405021246603452,0.9761507415941088,1.0,0.955078125,0.51611328125,1.0,0.905948798256164,0.8719722405736637,0.9759851672789996,1.24496072410109e-16,1.5811363526397816e-16
OLMo-2-0425-1B,16,2718,1,2048,0.7668947550149903,0.8596210954251157,0.9095502531475008,0.9441561023448772,0.9785628218306393,1.0,0.96533203125,0.55908203125,1.0,0.8945736093512315,0.851160574618734,0.9759851672789996,2.48992144820218e-16,3.162272705279563e-16
OLMo-2-0425-1B,16,2718,4,2048,0.7898057853235173,0.8853449512538389,0.9281442594467508,0.955897522589606,0.984113564788992,1.0,0.97314453125,0.67919921875,1.0,0.8462171170421822,0.7519874132274087,0.9759851672789996,2.48992144820218e-16,0.0
OLMo-2-0425-1B,16,2718,16,2048,0.9120034291437576,0.9528442617234626,0.9698030721898574,0.9806525341999752,0.9905644372448996,1.0,0.99951171875,0.9638671875,1.0,0.4609895946225435,0.2401465252187571,0.9759851672789996,1.24496072410109e-16,3.162272705279563e-16
OLMo-2-0425-1B,16,3141,0,2048,0.7562627301190313,0.8526881331243085,0.9024143106582864,0.9405021246603452,0.9761507415941088,1.0,0.955078125,0.51611328125,1.0,0.905948798256164,0.8719722405736637,0.9759851672789996,1.24496072410109e-16,1.5811363526397816e-16
OLMo-2-0425-1B,16,3141,1,2048,0.7648649206135218,0.861506582975913,0.9084136199728904,0.9435736266807296,0.9789105721782352,1.0,0.96484375,0.55810546875,1.0,0.8945907566472684,0.8543542037462364,0.9759851672789996,1.24496072410109e-16,3.162272705279563e-16
OLMo-2-0425-1B,16,3141,4,2048,0.7989126864443423,0.8815938395529972,0.925672262256628,0.9560968053519866,0.9871233224757192,1.0,0.98095703125,0.66943359375,1.0,0.8429534042330129,0.7343895321780375,0.9759851672789996,1.24496072410109e-16,1.5811363526397816e-16
OLMo-2-0425-1B,16,3141,16,2048,0.9151677252053066,0.954461779754758,0.9718048376431168,0.9820131534818632,0.9904731587430068,1.0,1.0,0.96923828125,1.0,0.4232167191021996,0.2142819154349998,0.9759851672789996,1.24496072410109e-16,1.5811363526397816e-16
OLMo-2-0425-1B,16,5772,0,2048,0.7562627301190313,0.8526881331243085,0.9024143106582864,0.9405021246603452,0.9761507415941088,1.0,0.955078125,0.51611328125,1.0,0.905948798256164,0.8719722405736637,0.9759851672789996,1.24496072410109e-16,1.5811363526397816e-16
OLMo-2-0425-1B,16,5772,1,2048,0.7647293340483032,0.8621739783204545,0.9077807641231652,0.9430989210441286,0.978954961652276,0.9990234375,0.96484375,0.54443359375,1.0,0.8948505922613816,0.8538957251573196,0.9759851672789996,1.24496072410109e-16,1.5811363526397816e-16
OLMo-2-0425-1B,16,5772,4,2048,0.7975309124289239,0.8837765921308641,0.9250540442202764,0.9562858440887828,0.9863145564834138,0.9990234375,0.98046875,0.67822265625,1.0,0.8433214350782898,0.7456184343201896,0.9759851672789996,1.24496072410109e-16,1.5811363526397816e-16
OLMo-2-0425-1B,16,5772,16,2048,0.9145957069778292,0.9531618816700496,0.9707877282369232,0.981644584884445,0.9902304591572744,1.0,0.9990234375,0.9677734375,1.0,0.4427530985391823,0.2241235719059565,0.9759851672789996,1.24496072410109e-16,3.162272705279563e-16
OLMo-2-0425-1B,16,8111,0,2048,0.7562627301190313,0.8526881331243085,0.9024143106582864,0.9405021246603452,0.9761507415941088,1.0,0.955078125,0.51611328125,1.0,0.905948798256164,0.8719722405736637,0.9759851672789996,1.24496072410109e-16,1.5811363526397816e-16
OLMo-2-0425-1B,16,8111,1,2048,0.7736204739283425,0.85963226660947,0.906871229668936,0.944587159678273,0.9781925328586392,1.0,0.96728515625,0.5390625,1.0,0.8949625293564618,0.8519184041611344,0.9759851672789996,1.24496072410109e-16,1.5811363526397816e-16
OLMo-2-0425-1B,16,8111,4,2048,0.8030384842389372,0.8835052394547582,0.9252164689787892,0.9558452087284016,0.9848605600727408,1.0,0.97998046875,0.66845703125,1.0,0.8458877103464353,0.7467118656866413,0.9759851672789996,1.24496072410109e-16,1.5811363526397816e-16
OLMo-2-0425-1B,16,8111,16,2048,0.9135598925385154,0.9539760875247856,0.9705753081868936,0.9814007365315434,0.9902305583004832,1.0,1.0,0.9716796875,1.0,0.4374334056938025,0.2256226925065293,0.9759851672789996,1.24496072410109e-16,0.0
OLMo-2-1124-7B,0,1729,0,4096,0.8800935112993911,0.9312997456388384,0.9538453834824068,0.9689841476315848,0.9820318797031146,1.0,0.9990234375,0.9072265625,1.0,0.3420644883925188,0.158821514250403,0.960616132923339,2.177752950815623e-16,3.319862886373678e-16
OLMo-2-1124-7B,0,1729,1,4096,0.8777955428047196,0.9314321082201305,0.9541019132390548,0.9686677511710228,0.981977274242654,1.0,0.998779296875,0.9013671875,1.0,0.3399093283197332,0.1553188204840057,0.960616132923339,0.0,3.319862886373678e-16
OLMo-2-1124-7B,0,1729,4,4096,0.8808955489955193,0.9306694254834612,0.9542894248937854,0.9691018602826492,0.9822459145513144,0.999755859375,0.99755859375,0.913818359375,1.0,0.3340496821675569,0.1481545727779401,0.960616132923339,2.177752950815623e-16,1.659931443186839e-16
OLMo-2-1124-7B,0,1729,16,4096,0.8812778404125867,0.9316976244605072,0.9534554519956934,0.9694133416303709,0.9822201746939292,1.0,0.998291015625,0.9052734375,1.0,0.3291421091729638,0.1437078642630626,0.960616132923339,2.177752950815623e-16,3.319862886373678e-16
OLMo-2-1124-7B,0,2718,0,4096,0.8800935112993911,0.9312997456388384,0.9538453834824068,0.9689841476315848,0.9820318797031146,1.0,0.9990234375,0.9072265625,1.0,0.3420644883925188,0.158821514250403,0.960616132923339,2.177752950815623e-16,3.319862886373678e-16
OLMo-2-1124-7B,0,2718,1,4096,0.8796494147385879,0.932314144129504,0.9542548010277764,0.9686186337568072,0.9820276539127069,1.0,0.998291015625,0.907958984375,1.0,0.3374321142177277,0.1564559733080907,0.960616132923339,2.177752950815623e-16,3.319862886373678e-16
OLMo-2-1124-7B,0,2718,4,4096,0.8804912833807171,0.9323473532485792,0.953934697753518,0.9692455592653022,0.9820502268603358,1.0,0.9990234375,0.91064453125,1.0,0.3284139517510962,0.1449014524109258,0.960616132923339,2.177752950815623e-16,1.659931443186839e-16
OLMo-2-1124-7B,0,2718,16,4096,0.8820964166867877,0.9343430893781122,0.9544231342927596,0.9690392307156408,0.981829494671779,1.0,0.998779296875,0.916259765625,1.0,0.3189972558925296,0.1409286470887474,0.960616132923339,2.177752950815623e-16,3.319862886373678e-16
OLMo-2-1124-7B,0,3141,0,4096,0.8800935112993911,0.9312997456388384,0.9538453834824068,0.9689841476315848,0.9820318797031146,1.0,0.9990234375,0.9072265625,1.0,0.3420644883925188,0.158821514250403,0.960616132923339,2.177752950815623e-16,3.319862886373678e-16
OLMo-2-1124-7B,0,3141,1,4096,0.8800172288647252,0.9314257814222217,0.9539833638945746,0.9686984912499532,0.9820601745363524,1.0,0.997314453125,0.907958984375,1.0,0.3413829679316387,0.1586663112152651,0.960616132923339,2.177752950815623e-16,3.319862886373678e-16
OLMo-2-1124-7B,0,3141,4,4096,0.8785667532313958,0.9322706012410344,0.9541445035936368,0.968883358187602,0.9821662515803034,0.999755859375,0.998779296875,0.907470703125,1.0,0.3316790242022782,0.1485135324718071,0.960616132923339,2.177752950815623e-16,3.319862886373678e-16
OLMo-2-1124-7B,0,3141,16,4096,0.8808437671361223,0.9329943152256706,0.954111505600185,0.9685597908926892,0.9820730627250694,1.0,0.99853515625,0.9111328125,1.0,0.3266258440354277,0.145102367085716,0.960616132923339,2.177752950815623e-16,3.319862886373678e-16
OLMo-2-1124-7B,0,5772,0,4096,0.8800935112993911,0.9312997456388384,0.9538453834824068,0.9689841476315848,0.9820318797031146,1.0,0.9990234375,0.9072265625,1.0,0.3420644883925188,0.158821514250403,0.960616132923339,2.177752950815623e-16,3.319862886373678e-16
OLMo-2-1124-7B,0,5772,1,4096,0.8826733315907072,0.9316287314423092,0.9538155752740678,0.9689074624630492,0.981908512448485,1.0,0.998779296875,0.907958984375,1.0,0.3387990092069344,0.1572168442896863,0.960616132923339,0.0,3.319862886373678e-16
OLMo-2-1124-7B,0,5772,4,4096,0.8810968440070324,0.9326348319205332,0.9539698793056268,0.9690581414741076,0.9819944988820168,1.0,0.998779296875,0.90966796875,1.0,0.3321732372406334,0.1525595382122531,0.960616132923339,0.0,3.319862886373678e-16
OLMo-2-1124-7B,0,5772,16,4096,0.8805837838994576,0.9316204272183072,0.9541197639508197,0.969114602233551,0.9820909018848496,1.0,0.99951171875,0.90869140625,1.0,0.3257675010736931,0.1438571981938426,0.960616132923339,2.177752950815623e-16,3.319862886373678e-16
OLMo-2-1124-7B,0,8111,0,4096,0.8800935112993911,0.9312997456388384,0.9538453834824068,0.9689841476315848,0.9820318797031146,1.0,0.9990234375,0.9072265625,1.0,0.3420644883925188,0.158821514250403,0.960616132923339,2.177752950815623e-16,3.319862886373678e-16
OLMo-2-1124-7B,0,8111,1,4096,0.8802693570806666,0.9317503209786228,0.9543298910582296,0.9685977132827304,0.9818854033041312,1.0,0.997802734375,0.91015625,1.0,0.3389132988055452,0.1560791281902212,0.960616132923339,2.177752950815623e-16,1.659931443186839e-16
OLMo-2-1124-7B,0,8111,4,4096,0.8835231864043795,0.9318340716205162,0.9539733648187012,0.9691122545441752,0.9818775096843876,1.0,0.99951171875,0.913818359375,1.0,0.3307562122222443,0.1493965561596016,0.960616132923339,2.177752950815623e-16,3.319862886373678e-16
OLMo-2-1124-7B,0,8111,16,4096,0.8817263124574832,0.9321118332881838,0.9535967226025026,0.9690959670009144,0.9819357769375544,1.0,0.998779296875,0.909423828125,1.0,0.3271797835190622,0.1432397624625026,0.960616132923339,2.177752950815623e-16,3.319862886373678e-16
OLMo-2-1124-7B,8,1729,0,4096,0.6761272419661557,0.7958128268235063,0.8535726513331302,0.8951468598858022,0.9365502365664866,0.995849609375,0.863037109375,0.220458984375,1.0,0.412827923711792,0.2646438632725235,0.8675080516348587,0.0,4.939437337604131e-16
OLMo-2-1124-7B,8,1729,1,4096,0.6758402642189115,0.7932097897728437,0.8525338370606624,0.8943788286674843,0.9371987473966712,0.995361328125,0.860595703125,0.22265625,1.0,0.410819162888455,0.2595255966017776,0.8675080516348587,0.0,4.939437337604131e-16
OLMo-2-1124-7B,8,1729,4,4096,0.676940860067738,0.7946209177304375,0.8531480484543864,0.8966583665332366,0.937971286046181,0.99755859375,0.85986328125,0.23193359375,1.0,0.3874712234290403,0.2250830517533822,0.8675080516348587,0.0,4.939437337604131e-16
OLMo-2-1124-7B,8,1729,16,4096,0.6818039551725857,0.7986198957779902,0.8558453371196051,0.8972635631406287,0.9385602472977052,0.997314453125,0.875,0.22998046875,1.0,0.3070379402431731,0.138173549674709,0.8675080516348587,0.0,4.939437337604131e-16
OLMo-2-1124-7B,8,2718,0,4096,0.6761272419661557,0.7958128268235063,0.8535726513331302,0.8951468598858022,0.9365502365664866,0.995849609375,0.863037109375,0.220458984375,1.0,0.412827923711792,0.2646438632725235,0.8675080516348587,0.0,4.939437337604131e-16
OLMo-2-1124-7B,8,2718,1,4096,0.6771120910692475,0.7988655214115552,0.8529490292164768,0.8945187533619927,0.9357352781208752,0.995361328125,0.867431640625,0.222412109375,1.0,0.4065011663137008,0.2582614178631788,0.8675080516348587,1.5087714182096268e-16,4.939437337604131e-16
OLMo-2-1124-7B,8,2718,4,4096,0.6794252745177412,0.7963288662925225,0.8531865992719709,0.8961827309127732,0.9381231117575816,0.99755859375,0.86376953125,0.226806640625,1.0,0.3863531974110963,0.2269197662336559,0.8675080516348587,0.0,4.939437337604131e-16
OLMo-2-1124-7B,8,2718,16,4096,0.6809794116361649,0.7948832521709421,0.853355460028712,0.8982321877144354,0.937621627392351,0.997802734375,0.863525390625,0.239013671875,1.0,0.3161162160031938,0.1427810961716829,0.8675080516348587,0.0,4.939437337604131e-16
OLMo-2-1124-7B,8,3141,0,4096,0.6761272419661557,0.7958128268235063,0.8535726513331302,0.8951468598858022,0.9365502365664866,0.995849609375,0.863037109375,0.220458984375,1.0,0.412827923711792,0.2646438632725235,0.8675080516348587,0.0,4.939437337604131e-16
OLMo-2-1124-7B,8,3141,1,4096,0.6718821368954602,0.7955490452866019,0.8540113885845524,0.8943512894131019,0.9374425293411072,0.99609375,0.85498046875,0.22021484375,1.0,0.4103911662410986,0.259019199649771,0.8675080516348587,0.0,4.939437337604131e-16
OLMo-2-1124-7B,8,3141,4,4096,0.6780161130278566,0.7946859121763032,0.8535070639952627,0.8959129935802661,0.9367317797151116,0.995361328125,0.8662109375,0.226318359375,1.0,0.3886273793665415,0.2282736566308804,0.8675080516348587,1.5087714182096268e-16,4.939437337604131e-16
OLMo-2-1124-7B,8,3141,16,4096,0.6813213351558565,0.7972989882639537,0.8534432797150424,0.8963907516758924,0.9379990063403446,0.99658203125,0.865234375,0.22998046875,1.0,0.3155729501876234,0.1432950748880093,0.8675080516348587,0.0,4.939437337604131e-16
OLMo-2-1124-7B,8,5772,0,4096,0.6761272419661557,0.7958128268235063,0.8535726513331302,0.8951468598858022,0.9365502365664866,0.995849609375,0.863037109375,0.220458984375,1.0,0.412827923711792,0.2646438632725235,0.8675080516348587,0.0,4.939437337604131e-16
OLMo-2-1124-7B,8,5772,1,4096,0.6777012554862902,0.797217847906637,0.8538956245446587,0.8942601160524817,0.936956975460261,0.99658203125,0.859130859375,0.219482421875,1.0,0.4090850552302048,0.2604233968479094,0.8675080516348587,0.0,4.939437337604131e-16
OLMo-2-1124-7B,8,5772,4,4096,0.6756070700506082,0.7980305896567683,0.8540491639453329,0.8962565530673017,0.93605693153202,0.995849609375,0.86572265625,0.22900390625,1.0,0.3857672847750499,0.2301240057325291,0.8675080516348587,1.5087714182096268e-16,4.939437337604131e-16
OLMo-2-1124-7B,8,5772,16,4096,0.6774361494018495,0.7973171444276479,0.8539118593988307,0.8969207917632425,0.938772033681416,0.9970703125,0.86279296875,0.23388671875,1.0,0.3116170289948419,0.1409569169333097,0.8675080516348587,0.0,6.174296672005164e-16
OLMo-2-1124-7B,8,8111,0,4096,0.6761272419661557,0.7958128268235063,0.8535726513331302,0.8951468598858022,0.9365502365664866,0.995849609375,0.863037109375,0.220458984375,1.0,0.412827923711792,0.2646438632725235,0.8675080516348587,0.0,4.939437337604131e-16
OLMo-2-1124-7B,8,8111,1,4096,0.678153714628001,0.7979543828513629,0.8545782925214487,0.895913438288575,0.9347994773561932,0.997314453125,0.863525390625,0.227294921875,1.0,0.4060309539186411,0.2561072387393703,0.8675080516348587,0.0,4.939437337604131e-16
OLMo-2-1124-7B,8,8111,4,4096,0.6780004957213057,0.7938891766024585,0.8527314991498764,0.8964317213831594,0.9365583657463956,0.99755859375,0.8623046875,0.231689453125,1.0,0.3877862140076196,0.2266456773809535,0.8675080516348587,0.0,6.174296672005164e-16
OLMo-2-1124-7B,8,8111,16,4096,0.6801382195201336,0.798301100096235,0.8555308904478212,0.8969477149871924,0.938187555174255,0.996826171875,0.866455078125,0.230224609375,1.0,0.3108295256504061,0.1381996492749816,0.8675080516348587,0.0,4.939437337604131e-16
OLMo-2-1124-7B,12,1729,0,4096,0.4992510963475725,0.6567202176039302,0.7442056249705727,0.8170371141563341,0.88697201022086,0.948974609375,0.48095703125,0.025634765625,1.0,0.4627365576894207,0.3147759483986891,0.7713140575720784,0.0,4.384095733584099e-16
OLMo-2-1124-7B,12,1729,1,4096,0.5012486483005636,0.6527343605924494,0.7445398682768901,0.8144670708057986,0.8874199496444899,0.950439453125,0.482421875,0.030029296875,1.0,0.4563316157207215,0.3059491270678635,0.7713140575720784,0.0,4.384095733584099e-16
OLMo-2-1124-7B,12,1729,4,4096,0.5060621877997484,0.6549811194654435,0.7470007274909549,0.8174134608075867,0.8864759174295316,0.95361328125,0.489501953125,0.03125,1.0,0.4294413666341636,0.2686380149583088,0.7713140575720784,0.0,4.384095733584099e-16
OLMo-2-1124-7B,12,1729,16,4096,0.4902815411953805,0.659586411138518,0.7482050495979695,0.8178069065178538,0.8884448217518074,0.9453125,0.49267578125,0.031494140625,1.0,0.3423826611348097,0.1566209511355714,0.7713140575720784,0.0,6.576143600376149e-16
OLMo-2-1124-7B,12,2718,0,4096,0.4992510963475725,0.6567202176039302,0.7442056249705727,0.8170371141563341,0.88697201022086,0.948974609375,0.48095703125,0.025634765625,1.0,0.4627365576894207,0.3147759483986891,0.7713140575720784,0.0,4.384095733584099e-16
OLMo-2-1124-7B,12,2718,1,4096,0.493496503279804,0.6550844784183862,0.7462800174346728,0.8152146631794683,0.8866095778399257,0.946533203125,0.485107421875,0.027099609375,1.0,0.4563794732459982,0.3067565464628041,0.7713140575720785,1.299835073257718e-16,6.576143600376149e-16
OLMo-2-1124-7B,12,2718,4,4096,0.5083356839892749,0.6594754059720516,0.745693138285539,0.8143048170346615,0.8869194158888106,0.9541015625,0.48291015625,0.034912109375,1.0,0.428885438123664,0.2628825673419533,0.7713140575720784,0.0,4.384095733584099e-16
OLMo-2-1124-7B,12,2718,16,4096,0.5025660129423016,0.6580215827237654,0.7491126006710238,0.8186204497701046,0.8918905709432774,0.950927734375,0.496826171875,0.034423828125,1.0,0.3364202518789416,0.1541785679772646,0.7713140575720784,0.0,6.576143600376149e-16
OLMo-2-1124-7B,12,3141,0,4096,0.4992510963475725,0.6567202176039302,0.7442056249705727,0.8170371141563341,0.88697201022086,0.948974609375,0.48095703125,0.025634765625,1.0,0.4627365576894207,0.3147759483986891,0.7713140575720784,0.0,4.384095733584099e-16
OLMo-2-1124-7B,12,3141,1,4096,0.5058749738680209,0.6543716139148501,0.7436428126684815,0.8152314829876603,0.8867165588207486,0.953125,0.480712890625,0.027587890625,1.0,0.4570223360790164,0.3062854346047687,0.7713140575720784,0.0,4.384095733584099e-16
OLMo-2-1124-7B,12,3141,4,4096,0.5085527216800068,0.6609558216284446,0.746637223289911,0.8154125149228845,0.8877981003017623,0.955078125,0.48779296875,0.030517578125,1.0,0.4273820582123298,0.2683885980841149,0.7713140575720784,0.0,4.384095733584099e-16
OLMo-2-1124-7B,12,3141,16,4096,0.4990339188683317,0.6616521163583301,0.7483122901187682,0.8179794825449288,0.8912315813450421,0.94921875,0.495361328125,0.0361328125,1.0,0.3377404256897018,0.1534606734400339,0.7713140575720783,1.299835073257718e-16,4.384095733584099e-16
OLMo-2-1124-7B,12,5772,0,4096,0.4992510963475725,0.6567202176039302,0.7442056249705727,0.8170371141563341,0.88697201022086,0.948974609375,0.48095703125,0.025634765625,1.0,0.4627365576894207,0.3147759483986891,0.7713140575720784,0.0,4.384095733584099e-16
OLMo-2-1124-7B,12,5772,1,4096,0.4926725893906152,0.6575833485733247,0.7431502641809095,0.8141709211271915,0.8870034827159133,0.94580078125,0.478759765625,0.029296875,1.0,0.4559106638355858,0.3083757388040136,0.7713140575720784,0.0,6.576143600376149e-16
OLMo-2-1124-7B,12,5772,4,4096,0.507321878575596,0.6613189569084187,0.7451491938870882,0.813811106032172,0.8873377390123516,0.953369140625,0.482177734375,0.02880859375,1.0,0.4295985584104402,0.2709065638186323,0.7713140575720784,0.0,4.384095733584099e-16
OLMo-2-1124-7B,12,5772,16,4096,0.5091290804905395,0.6620331497127317,0.7487195245003828,0.8172027351898106,0.8906430009473982,0.95458984375,0.49609375,0.034423828125,1.0,0.333931985214545,0.1504719240875327,0.7713140575720784,0.0,4.384095733584099e-16
OLMo-2-1124-7B,12,8111,0,4096,0.4992510963475725,0.6567202176039302,0.7442056249705727,0.8170371141563341,0.88697201022086,0.948974609375,0.48095703125,0.025634765625,1.0,0.4627365576894207,0.3147759483986891,0.7713140575720784,0.0,4.384095733584099e-16
OLMo-2-1124-7B,12,8111,1,4096,0.5018433257455306,0.6503993714345733,0.7460244636255615,0.8152180585437689,0.8848420069485768,0.950439453125,0.488037109375,0.025634765625,1.0,0.4572537294265277,0.3066985554335764,0.7713140575720784,0.0,6.576143600376149e-16
OLMo-2-1124-7B,12,8111,4,4096,0.507582281505482,0.6582222513697613,0.7453033929154892,0.8141355618207315,0.8848096798161077,0.954833984375,0.484375,0.029052734375,1.0,0.4276169582686659,0.2651869435285087,0.7713140575720784,0.0,6.576143600376149e-16
OLMo-2-1124-7B,12,8111,16,4096,0.4990604453888581,0.6551372657103498,0.7480486670044044,0.8217050451429306,0.8908952264134116,0.948974609375,0.493408203125,0.03369140625,1.0,0.3345519474007818,0.1479817835415471,0.7713140575720784,0.0,6.576143600376149e-16
OLMo-2-1124-7B,24,1729,0,4096,0.7309193572362153,0.8358151383732646,0.8811985915702363,0.9145304655788862,0.9472539585116276,0.998291015625,0.93359375,0.359130859375,1.0,0.3471191659319366,0.1993779197927243,0.8720672989451693,1.3516419373558622e-16,1.1517019531872403e-16
OLMo-2-1124-7B,24,1729,1,4096,0.7332830389694454,0.8339133417180302,0.8800862471381399,0.9142449248128148,0.9460075169751608,0.998046875,0.93505859375,0.35595703125,1.0,0.3376383964472851,0.1860915654842592,0.8720672989451693,1.3516419373558622e-16,0.0
OLMo-2-1124-7B,24,1729,4,4096,0.7247094926711377,0.8316514660358486,0.8799417614562086,0.9114085825644628,0.9442734668695544,0.997314453125,0.92724609375,0.33837890625,1.0,0.3105791643388418,0.1548931212537052,0.8720672989451693,1.3516419373558622e-16,1.1517019531872403e-16
OLMo-2-1124-7B,24,1729,16,4096,0.7148875713835193,0.8154808689466252,0.8667430303000707,0.9027931350101536,0.9386668616968068,0.9990234375,0.91162109375,0.26953125,1.0,0.264136941940619,0.1195532903746827,0.8720672989451693,1.3516419373558622e-16,0.0
OLMo-2-1124-7B,24,2718,0,4096,0.7309193572362153,0.8358151383732646,0.8811985915702363,0.9145304655788862,0.9472539585116276,0.998291015625,0.93359375,0.359130859375,1.0,0.3471191659319366,0.1993779197927243,0.8720672989451693,1.3516419373558622e-16,1.1517019531872403e-16
OLMo-2-1124-7B,24,2718,1,4096,0.7277179748403442,0.8352406349456507,0.8805529866092785,0.9143749001844076,0.9474297190322988,0.99755859375,0.93017578125,0.353515625,1.0,0.3405521639969251,0.1870772876780239,0.8720672989451693,1.3516419373558622e-16,0.0
OLMo-2-1124-7B,24,2718,4,4096,0.720724397002804,0.8298191433444657,0.8781717577953057,0.913300230295631,0.9451677557728848,0.99609375,0.923583984375,0.339111328125,1.0,0.3110485274325985,0.1535993956929063,0.8720672989451693,1.3516419373558622e-16,0.0
OLMo-2-1124-7B,24,2718,16,4096,0.7171409877582284,0.8163068472217936,0.8663726839991248,0.903228224678156,0.9377873915521032,0.99951171875,0.912109375,0.274169921875,1.0,0.2625538170697266,0.1170006571508372,0.8720672989451693,0.0,1.1517019531872403e-16
OLMo-2-1124-7B,24,3141,0,4096,0.7309193572362153,0.8358151383732646,0.8811985915702363,0.9145304655788862,0.9472539585116276,0.998291015625,0.93359375,0.359130859375,1.0,0.3471191659319366,0.1993779197927243,0.8720672989451693,1.3516419373558622e-16,1.1517019531872403e-16
OLMo-2-1124-7B,24,3141,1,4096,0.7279629142283047,0.8360177494866272,0.8803769372025744,0.9143736442128542,0.9468876673953576,0.99755859375,0.934326171875,0.359130859375,1.0,0.3379243831382905,0.1868269041842597,0.8720672989451693,1.3516419373558622e-16,2.3034039063744807e-16
OLMo-2-1124-7B,24,3141,4,4096,0.7206446241722366,0.8311203423752068,0.8786238476814913,0.9122083825781082,0.9442948235325906,0.99658203125,0.9228515625,0.341796875,1.0,0.3099607987971033,0.1560349444747543,0.8720672989451693,1.3516419373558622e-16,0.0
OLMo-2-1124-7B,24,3141,16,4096,0.7133065808853165,0.8192447719654044,0.8679403015160025,0.902727830057159,0.9382038314845133,0.997802734375,0.916015625,0.266357421875,1.0,0.2607841390190804,0.1143987913962999,0.8720672989451693,1.3516419373558622e-16,1.1517019531872403e-16
OLMo-2-1124-7B,24,5772,0,4096,0.7309193572362153,0.8358151383732646,0.8811985915702363,0.9145304655788862,0.9472539585116276,0.998291015625,0.93359375,0.359130859375,1.0,0.3471191659319366,0.1993779197927243,0.8720672989451693,1.3516419373558622e-16,1.1517019531872403e-16
OLMo-2-1124-7B,24,5772,1,4096,0.7327866542578901,0.8353662153865511,0.8798866567670977,0.9144926010224742,0.9469759140569532,0.997802734375,0.937744140625,0.359619140625,1.0,0.3379570525063324,0.1861559846677599,0.8720672989451693,1.3516419373558622e-16,1.1517019531872403e-16
OLMo-2-1124-7B,24,5772,4,4096,0.7138743804428472,0.8321169782913521,0.8794223842466585,0.912194223013976,0.9453287762278464,0.99658203125,0.9208984375,0.34423828125,1.0,0.312673393469618,0.158278540877353,0.8720672989451693,1.3516419373558622e-16,1.1517019531872403e-16
OLMo-2-1124-7B,24,5772,16,4096,0.7186665663965044,0.8188147503406398,0.8675672304149833,0.9022842840608054,0.9371599476673116,0.998779296875,0.913330078125,0.270751953125,1.0,0.2620884520147599,0.1158794566219061,0.8720672989451693,1.3516419373558622e-16,0.0
OLMo-2-1124-7B,24,8111,0,4096,0.7309193572362153,0.8358151383732646,0.8811985915702363,0.9145304655788862,0.9472539585116276,0.998291015625,0.93359375,0.359130859375,1.0,0.3471191659319366,0.1993779197927243,0.8720672989451693,1.3516419373558622e-16,1.1517019531872403e-16
OLMo-2-1124-7B,24,8111,1,4096,0.7336115257850041,0.8354667575298633,0.8806052855077858,0.9135048833978038,0.9470468132736248,0.997314453125,0.9365234375,0.34912109375,1.0,0.3374203305120207,0.186919819561715,0.8720672989451693,1.3516419373558622e-16,1.1517019531872403e-16
OLMo-2-1124-7B,24,8111,4,4096,0.7232207896952539,0.827421231419436,0.8774450408941326,0.91172407486469,0.9459223206563834,0.997802734375,0.921630859375,0.347412109375,1.0,0.3137011772093019,0.1536159590151151,0.8720672989451693,1.3516419373558622e-16,0.0
OLMo-2-1124-7B,24,8111,16,4096,0.7069895954254858,0.8184002779654606,0.8652002420303634,0.9034844966934082,0.9387922981682908,0.99755859375,0.907470703125,0.273193359375,1.0,0.2639997785247276,0.1164577437161954,0.8720672989451693,1.3516419373558622e-16,1.1517019531872403e-16
OLMo-2-1124-7B,32,1729,0,4096,0.6845803490410894,0.8098907658768212,0.8672282896084631,0.9119655376380283,0.964305722595348,0.99658203125,0.88525390625,0.32080078125,1.0,0.8859116386321695,0.8504371012753769,0.9663012079635048,0.0,3.9415681131246197e-16
OLMo-2-1124-7B,32,1729,1,4096,0.6987389496169778,0.8132599555253903,0.8732249482313201,0.9163365869110608,0.9686098547719122,0.99658203125,0.89404296875,0.344482421875,1.0,0.875866198198421,0.8343226422133351,0.9663012079635048,0.0,1.9707840565623098e-16
OLMo-2-1124-7B,32,1729,4,4096,0.722442367709966,0.8377687282596509,0.8920618255605219,0.9348317204655504,0.9788313106711668,0.99853515625,0.925537109375,0.461669921875,1.0,0.8286748541638926,0.7275377479878703,0.9663012079635048,0.0,1.9707840565623098e-16
OLMo-2-1124-7B,32,1729,16,4096,0.8866800102012894,0.9358916138875776,0.9582954892788542,0.9731997749803112,0.986600777783846,1.0,0.998779296875,0.923583984375,1.0,0.4290806226306769,0.2217278961311097,0.9663012079635048,0.0,1.9707840565623098e-16
OLMo-2-1124-7B,32,2718,0,4096,0.6845803490410894,0.8098907658768212,0.8672282896084631,0.9119655376380283,0.964305722595348,0.99658203125,0.88525390625,0.32080078125,1.0,0.8859116386321695,0.8504371012753769,0.9663012079635048,0.0,3.9415681131246197e-16
OLMo-2-1124-7B,32,2718,1,4096,0.6910290719780715,0.8135678128915588,0.8732025107181741,0.9172055835057988,0.9688194206062488,0.997802734375,0.886474609375,0.350341796875,1.0,0.8761410393819953,0.8337757380973421,0.9663012079635048,0.0,1.9707840565623098e-16
OLMo-2-1124-7B,32,2718,4,4096,0.723355086937526,0.840321935191819,0.894078213544744,0.9350524682976676,0.9784917821478905,0.998291015625,0.92724609375,0.465576171875,1.0,0.8279684989672356,0.7308054894606734,0.9663012079635048,0.0,1.9707840565623098e-16
OLMo-2-1124-7B,32,2718,16,4096,0.8842346451496539,0.936799093782682,0.9581856364495026,0.972414797547302,0.9855407789085444,1.0,0.998779296875,0.921142578125,1.0,0.4314274034505274,0.2292080758298445,0.9663012079635048,0.0,1.9707840565623098e-16
OLMo-2-1124-7B,32,3141,0,4096,0.6845803490410894,0.8098907658768212,0.8672282896084631,0.9119655376380283,0.964305722595348,0.99658203125,0.88525390625,0.32080078125,1.0,0.8859116386321695,0.8504371012753769,0.9663012079635048,0.0,3.9415681131246197e-16
OLMo-2-1124-7B,32,3141,1,4096,0.6945099832184918,0.8151007702401776,0.8729726564776581,0.916353824648584,0.967962302698924,0.997802734375,0.89892578125,0.3466796875,1.0,0.8757794694095353,0.8352223591744165,0.9663012079635048,0.0,1.9707840565623098e-16
OLMo-2-1124-7B,32,3141,4,4096,0.7305705936808312,0.8402508671987757,0.8922144556200279,0.9343807256329938,0.9776529658954396,0.998779296875,0.93115234375,0.45263671875,1.0,0.8300347041900622,0.7355213536549714,0.9663012079635048,0.0,1.9707840565623098e-16
OLMo-2-1124-7B,32,3141,16,4096,0.8866545666287391,0.93643770636936,0.9588453814075248,0.9730343308204836,0.9857946409545258,1.0,0.998779296875,0.926025390625,1.0,0.4279885052602521,0.2204323422781202,0.9663012079635048,0.0,1.9707840565623098e-16
OLMo-2-1124-7B,32,5772,0,4096,0.6845803490410894,0.8098907658768212,0.8672282896084631,0.9119655376380283,0.964305722595348,0.99658203125,0.88525390625,0.32080078125,1.0,0.8859116386321695,0.8504371012753769,0.9663012079635048,0.0,3.9415681131246197e-16
OLMo-2-1124-7B,32,5772,1,4096,0.6921258424346745,0.8159411229411643,0.8724587996685811,0.9175090383788422,0.9675954172019068,0.997314453125,0.89208984375,0.347412109375,1.0,0.8747298816373341,0.8323503794523716,0.9663012079635048,0.0,1.9707840565623098e-16
OLMo-2-1124-7B,32,5772,4,4096,0.7240897232977829,0.8400226287414794,0.8956224702166038,0.9348533933298788,0.9798904729804634,0.9990234375,0.927734375,0.468994140625,1.0,0.8248430846594019,0.7182092213074702,0.9663012079635048,0.0,3.9415681131246197e-16
OLMo-2-1124-7B,32,5772,16,4096,0.883655599432765,0.9360868922380288,0.958048843107544,0.9729396958570672,0.9862798649557968,1.0,0.99853515625,0.919189453125,1.0,0.4324666110208568,0.2216463212700112,0.9663012079635048,0.0,1.9707840565623098e-16
OLMo-2-1124-7B,32,8111,0,4096,0.6845803490410894,0.8098907658768212,0.8672282896084631,0.9119655376380283,0.964305722595348,0.99658203125,0.88525390625,0.32080078125,1.0,0.8859116386321695,0.8504371012753769,0.9663012079635048,0.0,3.9415681131246197e-16
OLMo-2-1124-7B,32,8111,1,4096,0.6971957077890848,0.8124007555701107,0.8724679993059288,0.91653606046382,0.96891995605697,0.997802734375,0.893798828125,0.351318359375,1.0,0.8764143986511399,0.833834139162608,0.9663012079635048,0.0,3.9415681131246197e-16
OLMo-2-1124-7B,32,8111,4,4096,0.7226018858347006,0.8360323532797498,0.8921064898571773,0.9333073968569552,0.9784294422360442,0.998291015625,0.92724609375,0.451416015625,1.0,0.8316243998541384,0.7341101573837194,0.9663012079635048,0.0,3.9415681131246197e-16
OLMo-2-1124-7B,32,8111,16,4096,0.8835698635782337,0.9339026673461795,0.9565607060237612,0.972451133285549,0.9857628943733896,1.0,0.998779296875,0.913818359375,1.0,0.452280249446733,0.243883655217501,0.9663012079635048,0.0,1.9707840565623098e-16
Qwen3-0.6B-Base,0,1729,0,1024,0.6958749463400818,0.8191688133013257,0.8800868500963923,0.9182435075725895,0.955995751283537,0.9970703125,0.8974609375,0.36328125,1.0,0.4182639271954893,0.2359524440686719,0.900336489312419,0.0,1.940559693226847e-16
Qwen3-0.6B-Base,0,1729,1,1024,0.7035623705943288,0.825684290163099,0.88334265281291,0.9212205565599352,0.9567409438969984,0.994140625,0.90234375,0.388671875,1.0,0.4013660886670838,0.2159442624981309,0.900336489312419,1.7184951983763592e-16,1.940559693226847e-16
Qwen3-0.6B-Base,0,1729,4,1024,0.7093845071681973,0.8289570402991294,0.8875806027278166,0.9251800622930332,0.9585680213768352,0.9990234375,0.9111328125,0.4189453125,1.0,0.37514599493992,0.1787778650913724,0.900336489312419,1.7184951983763592e-16,1.940559693226847e-16
Qwen3-0.6B-Base,0,1729,16,1024,0.7461459122480274,0.8387387539775384,0.8903104318904248,0.9252022638505808,0.957583674447952,0.9970703125,0.9453125,0.435546875,1.0,0.3338026754457865,0.1486642839120532,0.900336489312419,1.7184951983763592e-16,1.940559693226847e-16
Qwen3-0.6B-Base,0,2718,0,1024,0.6958749463400818,0.8191688133013257,0.8800868500963923,0.9182435075725895,0.955995751283537,0.9970703125,0.8974609375,0.36328125,1.0,0.4182639271954893,0.2359524440686719,0.900336489312419,0.0,1.940559693226847e-16
Qwen3-0.6B-Base,0,2718,1,1024,0.7029945664319227,0.8196256241436434,0.8778133614848296,0.9208816153886328,0.9586257254638456,0.998046875,0.9052734375,0.3740234375,1.0,0.4133399194035929,0.2222904488871204,0.900336489312419,1.7184951983763592e-16,1.940559693226847e-16
Qwen3-0.6B-Base,0,2718,4,1024,0.7006144965190408,0.8246921231770932,0.8835966585330921,0.9231650605115952,0.9584511768164836,0.9970703125,0.892578125,0.4052734375,1.0,0.3882902670720021,0.18505752330796,0.900336489312419,0.0,3.881119386453694e-16
Qwen3-0.6B-Base,0,2718,16,1024,0.7340717904866749,0.8380230674208902,0.8898877420909883,0.9274925869144908,0.9603801900284756,0.998046875,0.9365234375,0.4306640625,1.0,0.3313793946730305,0.1430557506137141,0.900336489312419,1.7184951983763592e-16,1.940559693226847e-16
Qwen3-0.6B-Base,0,3141,0,1024,0.6958749463400818,0.8191688133013257,0.8800868500963923,0.9182435075725895,0.955995751283537,0.9970703125,0.8974609375,0.36328125,1.0,0.4182639271954893,0.2359524440686719,0.900336489312419,0.0,1.940559693226847e-16
Qwen3-0.6B-Base,0,3141,1,1024,0.6990612920582585,0.8237347685848182,0.8796121775292511,0.9187314181089388,0.9567803670293668,0.998046875,0.8974609375,0.3671875,1.0,0.4138216043465292,0.2269818459196871,0.900336489312419,1.7184951983763592e-16,1.940559693226847e-16
Qwen3-0.6B-Base,0,3141,4,1024,0.7093287805816193,0.8273660583082477,0.8831867540052576,0.9242200682545348,0.9597986287529274,0.9970703125,0.91015625,0.404296875,1.0,0.3882071775597571,0.1884703778504961,0.900336489312419,1.7184951983763592e-16,1.940559693226847e-16
Qwen3-0.6B-Base,0,3141,16,1024,0.7297755428573157,0.8393109663967825,0.8886536395018787,0.9273779690408556,0.9578448354343096,0.998046875,0.94140625,0.4287109375,1.0,0.340974427762682,0.1563885779981972,0.900336489312419,1.7184951983763592e-16,1.940559693226847e-16
Qwen3-0.6B-Base,0,5772,0,1024,0.6958749463400818,0.8191688133013257,0.8800868500963923,0.9182435075725895,0.955995751283537,0.9970703125,0.8974609375,0.36328125,1.0,0.4182639271954893,0.2359524440686719,0.900336489312419,0.0,1.940559693226847e-16
Qwen3-0.6B-Base,0,5772,1,1024,0.7032088989031732,0.822511595255441,0.882021007301315,0.9211850681749796,0.9559237720891676,0.998046875,0.8955078125,0.3779296875,1.0,0.4098746589384265,0.2214750792238339,0.900336489312419,3.4369903967527184e-16,3.881119386453694e-16
Qwen3-0.6B-Base,0,5772,4,1024,0.7027945863412585,0.8296368648102685,0.8841320546058253,0.925608607206643,0.9597916780044536,0.998046875,0.9111328125,0.4052734375,1.0,0.3811983909878205,0.1793843760353471,0.900336489312419,0.0,1.940559693226847e-16
Qwen3-0.6B-Base,0,5772,16,1024,0.7313639504730589,0.8430490745679369,0.8911197919040685,0.9265256053321062,0.956995563678508,1.0,0.931640625,0.4462890625,1.0,0.3286799389800059,0.1477126376218476,0.900336489312419,1.7184951983763592e-16,1.940559693226847e-16
Qwen3-0.6B-Base,0,8111,0,1024,0.6958749463400818,0.8191688133013257,0.8800868500963923,0.9182435075725895,0.955995751283537,0.9970703125,0.8974609375,0.36328125,1.0,0.4182639271954893,0.2359524440686719,0.900336489312419,0.0,1.940559693226847e-16
Qwen3-0.6B-Base,0,8111,1,1024,0.7003772683650615,0.8227905457232444,0.8802973872990352,0.9184900148645982,0.9578535975854966,0.998046875,0.900390625,0.380859375,1.0,0.4123922743998449,0.2256425630006161,0.900336489312419,1.7184951983763592e-16,1.940559693226847e-16
Qwen3-0.6B-Base,0,8111,4,1024,0.7122789515984184,0.8301900461164782,0.8832582546264685,0.9251978166534122,0.9610517493459418,0.9990234375,0.908203125,0.40625,1.0,0.3772426237236228,0.1742240275195928,0.900336489312419,1.7184951983763592e-16,3.881119386453694e-16
Qwen3-0.6B-Base,0,8111,16,1024,0.7313490596533161,0.8421769910706639,0.8915573062586992,0.926742906528087,0.9593479796806544,0.9990234375,0.9375,0.4443359375,1.0,0.3240356408118752,0.1409469405775241,0.900336489312419,3.4369903967527184e-16,1.940559693226847e-16
Qwen3-0.6B-Base,7,1729,0,1024,0.3195177497208211,0.5017555942487465,0.6292119473239187,0.7514681573519042,0.8893306006695652,0.7529296875,0.25390625,0.041015625,1.0,0.997556984023247,0.9969831725598832,0.4059316264874026,2.552007397564621e-16,5.231420623737289e-16
Qwen3-0.6B-Base,7,1729,1,1024,0.3199726601217798,0.509486170386408,0.6466446003539922,0.7643358380379948,0.8931869285260398,0.76953125,0.283203125,0.0400390625,1.0,0.997054486622617,0.9964657058755192,0.4059316264874025,0.0,3.4876137491581924e-16
Qwen3-0.6B-Base,7,1729,4,1024,0.3547783501332269,0.5416980505434144,0.6827153997321851,0.7905035402464574,0.8964821542953774,0.8056640625,0.359375,0.0439453125,0.9990234375,0.9931841224918077,0.9948155416171532,0.4059316264874024,1.2760036987823106e-16,1.7438068745790962e-16
Qwen3-0.6B-Base,7,1729,16,1024,0.3021460558113616,0.3846899697650775,0.41226246671376,0.4617647890859904,0.6965468148199883,0.185546875,0.0361328125,0.0009765625,1.0,0.823695408046563,0.5677088251767258,0.4059316264874025,2.552007397564621e-16,5.231420623737289e-16
Qwen3-0.6B-Base,7,2718,0,1024,0.3195177497208211,0.5017555942487465,0.6292119473239187,0.7514681573519042,0.8893306006695652,0.7529296875,0.25390625,0.041015625,1.0,0.997556984023247,0.9969831725598832,0.4059316264874026,2.552007397564621e-16,5.231420623737289e-16
Qwen3-0.6B-Base,7,2718,1,1024,0.3340743112971887,0.5109969060783235,0.6448888895589334,0.7663036264012812,0.896368238038318,0.7685546875,0.28515625,0.0458984375,1.0,0.9963458995823018,0.9963958582393224,0.4059316264874026,0.0,6.975227498316385e-16
Qwen3-0.6B-Base,7,2718,4,1024,0.3491916703053061,0.539472541474584,0.6773787642495028,0.7916209480996399,0.9012190705945136,0.7939453125,0.341796875,0.05078125,0.9990234375,0.9903848860539356,0.9944542809370752,0.4059316264874024,1.2760036987823106e-16,1.7438068745790962e-16
Qwen3-0.6B-Base,7,2718,16,1024,0.3173271953168502,0.3887605217160459,0.4089572240938923,0.4448549053644857,0.694144160869549,0.150390625,0.0361328125,0.00390625,1.0,0.752899565457227,0.4344234491762785,0.4059316264874024,1.2760036987823106e-16,1.7438068745790962e-16
Qwen3-0.6B-Base,7,3141,0,1024,0.3195177497208211,0.5017555942487465,0.6292119473239187,0.7514681573519042,0.8893306006695652,0.7529296875,0.25390625,0.041015625,1.0,0.997556984023247,0.9969831725598832,0.4059316264874026,2.552007397564621e-16,5.231420623737289e-16
Qwen3-0.6B-Base,7,3141,1,1024,0.3269423548133883,0.5108676005597136,0.648742692727424,0.7683464633276389,0.8983227966045174,0.7685546875,0.2900390625,0.0498046875,1.0,0.9970584468138416,0.9964160566390624,0.4059316264874025,2.552007397564621e-16,5.231420623737289e-16
Qwen3-0.6B-Base,7,3141,4,1024,0.3394722467964499,0.5265220957682847,0.6655400330722014,0.7950470790925374,0.9066785368413708,0.7890625,0.333984375,0.0654296875,0.998046875,0.992139686035476,0.9943810277679108,0.4059316264874026,0.0,5.231420623737289e-16
Qwen3-0.6B-Base,7,3141,16,1024,0.3128640454333484,0.3856952020149362,0.4104285818010705,0.4508074973277367,0.6747093611692744,0.166015625,0.0302734375,0.00390625,1.0,0.8150821690767986,0.5919286926225058,0.4059316264874024,1.2760036987823106e-16,1.7438068745790962e-16
Qwen3-0.6B-Base,7,5772,0,1024,0.3195177497208211,0.5017555942487465,0.6292119473239187,0.7514681573519042,0.8893306006695652,0.7529296875,0.25390625,0.041015625,1.0,0.997556984023247,0.9969831725598832,0.4059316264874026,2.552007397564621e-16,5.231420623737289e-16
Qwen3-0.6B-Base,7,5772,1,1024,0.3226176110667911,0.5112425840344231,0.6471269622494333,0.7686395620555637,0.8976360936020471,0.7626953125,0.2841796875,0.0439453125,1.0,0.9972122085956684,0.9964740832143956,0.4059316264874025,0.0,3.4876137491581924e-16
Qwen3-0.6B-Base,7,5772,4,1024,0.3489406353073547,0.5300332249734916,0.669658694063569,0.7919240756983426,0.9006930581799139,0.783203125,0.3349609375,0.0517578125,1.0,0.995027299369514,0.9944512668246718,0.4059316264874024,1.2760036987823106e-16,1.7438068745790962e-16
Qwen3-0.6B-Base,7,5772,16,1024,0.2982608869986299,0.3863828160245818,0.4150556726839637,0.4719836675314488,0.7423789445847553,0.2021484375,0.048828125,0.00390625,1.0,0.8343264623498714,0.6011571356330576,0.4059316264874024,1.2760036987823106e-16,1.7438068745790962e-16
Qwen3-0.6B-Base,7,8111,0,1024,0.3195177497208211,0.5017555942487465,0.6292119473239187,0.7514681573519042,0.8893306006695652,0.7529296875,0.25390625,0.041015625,1.0,0.997556984023247,0.9969831725598832,0.4059316264874026,2.552007397564621e-16,5.231420623737289e-16
Qwen3-0.6B-Base,7,8111,1,1024,0.322644872946067,0.5157547348292496,0.6377382733351538,0.762260202102269,0.8944014592613839,0.7734375,0.2626953125,0.0419921875,0.9990234375,0.9966769453723956,0.9965144267716513,0.4059316264874026,1.2760036987823106e-16,8.719034372895482e-16
Qwen3-0.6B-Base,7,8111,4,1024,0.3406378928857532,0.5308954193506044,0.6782819894774992,0.7960805850760235,0.9014569509063048,0.79296875,0.3466796875,0.0517578125,0.9990234375,0.9921635404819532,0.99426551608693,0.4059316264874024,1.2760036987823106e-16,3.4876137491581924e-16
Qwen3-0.6B-Base,7,8111,16,1024,0.3067765582451502,0.3835338263781273,0.4093615105733719,0.4450395503115873,0.6666953711875038,0.1376953125,0.03125,0.00390625,1.0,0.7697510160127083,0.4786545287899083,0.4059316264874025,0.0,1.7438068745790962e-16
Qwen3-0.6B-Base,8,1729,0,1024,0.2721778335094905,0.4503705729000329,0.5865622124492249,0.7186835589622242,0.8814437337658283,0.6689453125,0.201171875,0.033203125,1.0,0.9974261023989508,0.9966597444704932,0.4059065487207697,3.8193909411895894e-16,1.0438194811374694e-15
Qwen3-0.6B-Base,8,1729,1,1024,0.29520259428254,0.4629676513074661,0.5999708222075792,0.7415664925928026,0.8855955850408461,0.6953125,0.2353515625,0.041015625,1.0,0.9971303169042856,0.9962466072932938,0.4059065487207692,0.0,8.698495676145578e-16
Qwen3-0.6B-Base,8,1729,4,1024,0.3160677018592652,0.5052134611294558,0.6508096680980917,0.7648506774591717,0.8955548672045732,0.7587890625,0.283203125,0.0400390625,1.0,0.9919745992621734,0.9941276646241646,0.4059065487207695,3.8193909411895894e-16,1.7396991352291156e-16
Qwen3-0.6B-Base,8,1729,16,1024,0.3012449033131038,0.3851706552628646,0.4118126485674217,0.4544542312668073,0.6957566571835826,0.1650390625,0.03515625,0.001953125,1.0,0.778050115700555,0.4872864463958347,0.4059065487207695,2.5462606274597263e-16,1.7396991352291156e-16
Qwen3-0.6B-Base,8,2718,0,1024,0.2721778335094905,0.4503705729000329,0.5865622124492249,0.7186835589622242,0.8814437337658283,0.6689453125,0.201171875,0.033203125,1.0,0.9974261023989508,0.9966597444704932,0.4059065487207697,3.8193909411895894e-16,1.0438194811374694e-15
Qwen3-0.6B-Base,8,2718,1,1024,0.2848477684167431,0.4553338418693384,0.6007039945334933,0.7401907367490873,0.8855557279976388,0.6796875,0.2294921875,0.0361328125,1.0,0.9970218574884028,0.996082001370536,0.4059065487207696,2.5462606274597263e-16,6.958796540916462e-16
Qwen3-0.6B-Base,8,2718,4,1024,0.3132018723233221,0.4874444537793616,0.647193204630438,0.7799786033567709,0.8978418798217247,0.7236328125,0.3095703125,0.046875,0.9990234375,0.9932225228082172,0.9936722049014924,0.4059065487207696,2.5462606274597263e-16,6.958796540916462e-16
Qwen3-0.6B-Base,8,2718,16,1024,0.2972465561796713,0.3830634786896792,0.4114726344771964,0.4562218558109804,0.7154733150484212,0.166015625,0.0419921875,0.0078125,0.998046875,0.7994664188380338,0.5298305052347827,0.4059065487207695,2.5462606274597263e-16,1.7396991352291156e-16
Qwen3-0.6B-Base,8,3141,0,1024,0.2721778335094905,0.4503705729000329,0.5865622124492249,0.7186835589622242,0.8814437337658283,0.6689453125,0.201171875,0.033203125,1.0,0.9974261023989508,0.9966597444704932,0.4059065487207697,3.8193909411895894e-16,1.0438194811374694e-15
Qwen3-0.6B-Base,8,3141,1,1024,0.2865593014226798,0.4618025063939441,0.6060949100087111,0.7320963767581796,0.8863830815456322,0.703125,0.2236328125,0.0419921875,0.9990234375,0.9965890643965244,0.9959505062753492,0.4059065487207697,6.365651568649317e-16,8.698495676145578e-16
Qwen3-0.6B-Base,8,3141,4,1024,0.3213078345902539,0.5177610887187556,0.6603392536287448,0.7762934079936247,0.8820048714733769,0.7705078125,0.3134765625,0.0302734375,1.0,0.9894778522756498,0.9935643766299076,0.4059065487207696,2.5462606274597263e-16,5.219097405687347e-16
Qwen3-0.6B-Base,8,3141,16,1024,0.3051180002953524,0.3845735356947561,0.4114606859865427,0.4572171132642724,0.6543818454291844,0.1552734375,0.021484375,0.0029296875,1.0,0.7889477569066319,0.5293785205557359,0.4059065487207695,2.5462606274597263e-16,1.7396991352291156e-16
Qwen3-0.6B-Base,8,5772,0,1024,0.2721778335094905,0.4503705729000329,0.5865622124492249,0.7186835589622242,0.8814437337658283,0.6689453125,0.201171875,0.033203125,1.0,0.9974261023989508,0.9966597444704932,0.4059065487207697,3.8193909411895894e-16,1.0438194811374694e-15
Qwen3-0.6B-Base,8,5772,1,1024,0.2884373458239839,0.4563802588128874,0.6054077366155493,0.7433953441140695,0.8898873242706359,0.697265625,0.236328125,0.0439453125,0.9990234375,0.9969433462492132,0.9960928242198248,0.4059065487207694,1.2731303137298631e-16,0.0
Qwen3-0.6B-Base,8,5772,4,1024,0.3332449666739032,0.4984403040479225,0.6436548148390061,0.7667172870945829,0.8910011499689628,0.748046875,0.2841796875,0.041015625,1.0,0.9919071020216208,0.9938895650136396,0.4059065487207696,5.0925212549194525e-16,1.7396991352291156e-16
Qwen3-0.6B-Base,8,5772,16,1024,0.3014814736996846,0.3847540398624622,0.4113883172780076,0.4535718167995177,0.6870528313034842,0.15234375,0.0302734375,0.00390625,1.0,0.7786938587756858,0.4832423197705082,0.4059065487207695,2.5462606274597263e-16,3.479398270458231e-16
Qwen3-0.6B-Base,8,8111,0,1024,0.2721778335094905,0.4503705729000329,0.5865622124492249,0.7186835589622242,0.8814437337658283,0.6689453125,0.201171875,0.033203125,1.0,0.9974261023989508,0.9966597444704932,0.4059065487207697,3.8193909411895894e-16,1.0438194811374694e-15
Qwen3-0.6B-Base,8,8111,1,1024,0.2907758506188784,0.4600879144140106,0.603474378803907,0.7382752489704204,0.8864949778899542,0.68359375,0.232421875,0.0341796875,1.0,0.996246558934858,0.9960905460947596,0.4059065487207695,2.5462606274597263e-16,3.479398270458231e-16
Qwen3-0.6B-Base,8,8111,4,1024,0.3165740738738194,0.4955511668455746,0.649005277375395,0.7740622827604796,0.8852927100676488,0.7412109375,0.2900390625,0.0390625,1.0,0.9936566538141164,0.994222375367448,0.4059065487207696,2.5462606274597263e-16,8.698495676145578e-16
Qwen3-0.6B-Base,8,8111,16,1024,0.2948362077389833,0.3846280064506792,0.4121790663176661,0.4657730756590403,0.705112939712348,0.1884765625,0.03515625,0.0048828125,1.0,0.8048738891010501,0.5463792731365215,0.4059065487207696,0.0,5.219097405687347e-16
Qwen3-0.6B-Base,21,1729,0,1024,0.5782684973099428,0.7729469778529404,0.8490257774647315,0.9012016650957814,0.9513663011004018,0.9765625,0.8017578125,0.255859375,1.0,0.8755726529862147,0.8267716792676164,0.5240011960223986,2.990700840258642e-16,1.6461499526314602e-16
Qwen3-0.6B-Base,21,1729,1,1024,0.578655567042838,0.7708058219500558,0.8507447428781907,0.8984322699011529,0.9533456332612776,0.9755859375,0.787109375,0.240234375,1.0,0.8681148815715585,0.81668584246953,0.5240011960223985,1.495350420129321e-16,0.0
Qwen3-0.6B-Base,21,1729,4,1024,0.5560661218097931,0.7577760824224227,0.8390502588756532,0.8993199795070432,0.95641757021156,0.96875,0.771484375,0.2490234375,1.0,0.8348712966431737,0.7640180252152322,0.5240011960223986,2.990700840258642e-16,1.6461499526314602e-16
Qwen3-0.6B-Base,21,1729,16,1024,0.3733376240713094,0.5006384263934118,0.652357978884464,0.795868678029181,0.9058899813775584,0.7509765625,0.337890625,0.0615234375,1.0,0.5899881105861164,0.3683994475852805,0.5240011960223986,1.495350420129321e-16,1.6461499526314602e-16
Qwen3-0.6B-Base,21,2718,0,1024,0.5782684973099428,0.7729469778529404,0.8490257774647315,0.9012016650957814,0.9513663011004018,0.9765625,0.8017578125,0.255859375,1.0,0.8755726529862147,0.8267716792676164,0.5240011960223986,2.990700840258642e-16,1.6461499526314602e-16
Qwen3-0.6B-Base,21,2718,1,1024,0.599443859199228,0.767720100120667,0.8448200445550296,0.899351394345856,0.951937458505424,0.9814453125,0.7958984375,0.2490234375,1.0,0.8672388498642183,0.8158097179865081,0.5240011960223986,1.495350420129321e-16,1.6461499526314602e-16
Qwen3-0.6B-Base,21,2718,4,1024,0.564747350621969,0.7593413331960279,0.8376367159736495,0.8984018791976478,0.9539016077507898,0.9697265625,0.763671875,0.2412109375,1.0,0.8362208243595712,0.7689231709930328,0.5240011960223986,1.495350420129321e-16,4.93844985789438e-16
Qwen3-0.6B-Base,21,2718,16,1024,0.3714959417457693,0.5105917528916263,0.6549295252712106,0.7974120491756556,0.9005612346861298,0.7607421875,0.3388671875,0.0517578125,1.0,0.615112752798207,0.4136308435245655,0.5240011960223986,0.0,3.2922999052629203e-16
Qwen3-0.6B-Base,21,3141,0,1024,0.5782684973099428,0.7729469778529404,0.8490257774647315,0.9012016650957814,0.9513663011004018,0.9765625,0.8017578125,0.255859375,1.0,0.8755726529862147,0.8267716792676164,0.5240011960223986,2.990700840258642e-16,1.6461499526314602e-16
Qwen3-0.6B-Base,21,3141,1,1024,0.5731916273145361,0.7624394685790512,0.8448298401378211,0.9001576186998,0.948916721302055,0.9697265625,0.783203125,0.251953125,0.9990234375,0.8675000478433299,0.8150953134633613,0.5240011960223987,2.990700840258642e-16,3.2922999052629203e-16
Qwen3-0.6B-Base,21,3141,4,1024,0.5383095879139531,0.75286868493335,0.835537448951637,0.8941040256393104,0.9499785851052416,0.9658203125,0.7578125,0.2333984375,1.0,0.8387697568725383,0.7723382319457609,0.5240011960223987,2.990700840258642e-16,6.584599810525842e-16
Qwen3-0.6B-Base,21,3141,16,1024,0.3659163862854736,0.501449483708353,0.6634191291535902,0.8095422205766686,0.9000951226367189,0.751953125,0.3642578125,0.05078125,1.0,0.5956011904276091,0.3659674618473135,0.5240011960223985,1.495350420129321e-16,0.0
Qwen3-0.6B-Base,21,5772,0,1024,0.5782684973099428,0.7729469778529404,0.8490257774647315,0.9012016650957814,0.9513663011004018,0.9765625,0.8017578125,0.255859375,1.0,0.8755726529862147,0.8267716792676164,0.5240011960223986,2.990700840258642e-16,1.6461499526314602e-16
Qwen3-0.6B-Base,21,5772,1,1024,0.5808565957912114,0.769696162283829,0.8456253748077731,0.9037956751138084,0.95401579898109,0.978515625,0.796875,0.263671875,1.0,0.8653071155561631,0.812108537745962,0.5240011960223988,0.0,9.87689971578876e-16
Qwen3-0.6B-Base,21,5772,4,1024,0.5617669422998587,0.7568530793182072,0.8422376267510815,0.8983763043304899,0.9549293908010308,0.966796875,0.76171875,0.2412109375,1.0,0.8373556424751019,0.7753541294859058,0.5240011960223987,1.495350420129321e-16,3.2922999052629203e-16
Qwen3-0.6B-Base,21,5772,16,1024,0.356788223054196,0.4975939744449358,0.6610948945318736,0.7894076396584166,0.9089699135250068,0.7490234375,0.330078125,0.0693359375,1.0,0.6058697216943845,0.3913633787386645,0.5240011960223985,1.495350420129321e-16,1.6461499526314602e-16
Qwen3-0.6B-Base,21,8111,0,1024,0.5782684973099428,0.7729469778529404,0.8490257774647315,0.9012016650957814,0.9513663011004018,0.9765625,0.8017578125,0.255859375,1.0,0.8755726529862147,0.8267716792676164,0.5240011960223986,2.990700840258642e-16,1.6461499526314602e-16
Qwen3-0.6B-Base,21,8111,1,1024,0.5796751343127534,0.7675255279028238,0.8479659053724182,0.902291560150859,0.9533772303827784,0.9794921875,0.7890625,0.2626953125,1.0,0.8670119838646668,0.8140743407124188,0.5240011960223986,2.990700840258642e-16,1.6461499526314602e-16
Qwen3-0.6B-Base,21,8111,4,1024,0.5578695004235049,0.7580285369490471,0.8416316326603464,0.8946717843080083,0.9546110335968212,0.966796875,0.765625,0.228515625,1.0,0.8378206558120402,0.7743113411701218,0.5240011960223985,1.495350420129321e-16,0.0
Qwen3-0.6B-Base,21,8111,16,1024,0.3603317508522542,0.503872886754048,0.6681625198058203,0.8046547688350609,0.9051855198375588,0.755859375,0.3486328125,0.05859375,1.0,0.6033964472646798,0.3892696199946489,0.5240011960223987,2.990700840258642e-16,3.2922999052629203e-16
Qwen3-0.6B-Base,28,1729,0,1024,0.6795621689109627,0.8242404351831689,0.8871513677635171,0.9302766109209089,0.978418552718921,0.994140625,0.888671875,0.431640625,1.0,0.902987724390004,0.8767347292838047,0.9739358165232423,0.0,1.9596513176748518e-16
Qwen3-0.6B-Base,28,1729,1,1024,0.6901293241478936,0.8246869427859916,0.8896319776954854,0.9336472363059068,0.9849301183306792,0.9931640625,0.904296875,0.453125,1.0,0.8897964970937422,0.8396496593481336,0.9739358165232423,1.6781955649334176e-16,0.0
Qwen3-0.6B-Base,28,1729,4,1024,0.7125959875071516,0.8461431608834082,0.9147355472569983,0.9576928953723872,0.9902785455517354,0.9970703125,0.923828125,0.5625,1.0,0.8116551218737962,0.63984519366719,0.9739358165232423,1.6781955649334176e-16,0.0
Qwen3-0.6B-Base,28,1729,16,1024,0.903530104346214,0.9493452931991724,0.968781256904292,0.9799628181724354,0.9898204295476616,1.0,0.9990234375,0.955078125,1.0,0.3971110381468148,0.1869035416226537,0.9739358165232423,1.6781955649334176e-16,1.9596513176748518e-16
Qwen3-0.6B-Base,28,2718,0,1024,0.6795621689109627,0.8242404351831689,0.8871513677635171,0.9302766109209089,0.978418552718921,0.994140625,0.888671875,0.431640625,1.0,0.902987724390004,0.8767347292838047,0.9739358165232423,0.0,1.9596513176748518e-16
Qwen3-0.6B-Base,28,2718,1,1024,0.6915640962664973,0.8245633475952124,0.8897507094905357,0.9316757999598172,0.9852730932762116,0.9951171875,0.8955078125,0.4453125,1.0,0.889426750208357,0.840738102061749,0.9739358165232423,1.6781955649334176e-16,0.0
Qwen3-0.6B-Base,28,2718,4,1024,0.726594247516985,0.8472058256980619,0.905630870142984,0.9551869553287384,0.9904569711505572,0.99609375,0.921875,0.5263671875,1.0,0.8188911007819426,0.6515772779771473,0.9739358165232423,0.0,0.0
Qwen3-0.6B-Base,28,2718,16,1024,0.9161894667588588,0.9520617023529236,0.969071876070366,0.9804976761916387,0.9893372358931124,1.0,0.9990234375,0.970703125,1.0,0.3865727212308987,0.183871208533478,0.9739358165232423,0.0,0.0
Qwen3-0.6B-Base,28,3141,0,1024,0.6795621689109627,0.8242404351831689,0.8871513677635171,0.9302766109209089,0.978418552718921,0.994140625,0.888671875,0.431640625,1.0,0.902987724390004,0.8767347292838047,0.9739358165232423,0.0,1.9596513176748518e-16
Qwen3-0.6B-Base,28,3141,1,1024,0.6927409365932785,0.8264104424673077,0.89031499883378,0.9322442557234356,0.9852328901248646,0.99609375,0.892578125,0.4423828125,1.0,0.8893914420549129,0.8423488573954443,0.9739358165232423,1.6781955649334176e-16,1.9596513176748518e-16
Qwen3-0.6B-Base,28,3141,4,1024,0.7171951844536213,0.838735161411637,0.9028517847996558,0.950392078040342,0.9897977421937844,0.99609375,0.9169921875,0.5146484375,1.0,0.8299957706364063,0.660276090255423,0.9739358165232423,3.356391129866835e-16,0.0
Qwen3-0.6B-Base,28,3141,16,1024,0.8955904692420088,0.9478906983232068,0.969063963593965,0.979950055430652,0.9895599213248608,1.0,1.0,0.94140625,1.0,0.4168551839883543,0.221056004253429,0.9739358165232423,3.356391129866835e-16,1.9596513176748518e-16
Qwen3-0.6B-Base,28,5772,0,1024,0.6795621689109627,0.8242404351831689,0.8871513677635171,0.9302766109209089,0.978418552718921,0.994140625,0.888671875,0.431640625,1.0,0.902987724390004,0.8767347292838047,0.9739358165232423,0.0,1.9596513176748518e-16
Qwen3-0.6B-Base,28,5772,1,1024,0.6898206668500986,0.8276753364583648,0.8891839716869301,0.9308346248432976,0.9854581934369524,0.9951171875,0.904296875,0.4423828125,1.0,0.8898900161414907,0.8383271583621047,0.9739358165232423,3.356391129866835e-16,0.0
Qwen3-0.6B-Base,28,5772,4,1024,0.7137140153837485,0.8418289520800126,0.9079396298192628,0.9546765201199116,0.989305821541782,0.9970703125,0.908203125,0.5458984375,1.0,0.8260557661157026,0.657957957203689,0.9739358165232423,1.6781955649334176e-16,0.0
Qwen3-0.6B-Base,28,5772,16,1024,0.9034507838748996,0.9494652242793225,0.9684344935951276,0.9800363419424342,0.9898092400332742,1.0,1.0,0.9541015625,1.0,0.4040348014482913,0.197276402962038,0.9739358165232423,3.356391129866835e-16,0.0
Qwen3-0.6B-Base,28,8111,0,1024,0.6795621689109627,0.8242404351831689,0.8871513677635171,0.9302766109209089,0.978418552718921,0.994140625,0.888671875,0.431640625,1.0,0.902987724390004,0.8767347292838047,0.9739358165232423,0.0,1.9596513176748518e-16
Qwen3-0.6B-Base,28,8111,1,1024,0.6825907233986461,0.8234044713092796,0.8863669033422488,0.9321999486706783,0.9854569862738222,0.994140625,0.8896484375,0.4384765625,1.0,0.8901526391046934,0.8406626650800102,0.9739358165232423,0.0,0.0
Qwen3-0.6B-Base,28,8111,4,1024,0.7076145546649761,0.84539718570633,0.90757003764853,0.9532534820813354,0.9908070729522408,0.9970703125,0.9208984375,0.5419921875,1.0,0.8178707916164414,0.6288207352046101,0.9739358165232423,3.356391129866835e-16,1.9596513176748518e-16
Qwen3-0.6B-Base,28,8111,16,1024,0.9086047451059914,0.953124517856924,0.9698652718076016,0.9804392244653634,0.989472376403528,1.0,1.0,0.9599609375,1.0,0.3813981051351194,0.1842934186618608,0.9739358165232423,0.0,1.9596513176748518e-16
Qwen3-1.7B-Base,0,1729,0,2048,0.6859177223667013,0.8089808035883397,0.8688307765960039,0.9128832632552936,0.9524498614479964,0.99755859375,0.8798828125,0.32958984375,1.0,0.3834357338850616,0.1950008286263104,0.8879444037477122,1.366982455499635e-16,2.708040611040491e-16
Qwen3-1.7B-Base,0,1729,1,2048,0.6901713455958938,0.8078702475048519,0.8701276719782769,0.9139144995405672,0.953516548205352,0.99755859375,0.88037109375,0.326171875,1.0,0.3799665371662315,0.1857347790630551,0.8879444037477122,0.0,4.062060916560736e-16
Qwen3-1.7B-Base,0,1729,4,2048,0.6964604472147753,0.8139580537684015,0.8734592288198555,0.916207473079014,0.9548965424220752,0.99658203125,0.8896484375,0.34814453125,1.0,0.3624147264536446,0.1662318025690866,0.8879444037477122,1.366982455499635e-16,2.708040611040491e-16
Qwen3-1.7B-Base,0,1729,16,2048,0.7126085180120145,0.821574643058135,0.8772589790714012,0.9164540618649896,0.9533263441043844,0.998046875,0.91943359375,0.3623046875,1.0,0.3357824111691301,0.1530742992216351,0.8879444037477122,0.0,2.708040611040491e-16
Qwen3-1.7B-Base,0,2718,0,2048,0.6859177223667013,0.8089808035883397,0.8688307765960039,0.9128832632552936,0.9524498614479964,0.99755859375,0.8798828125,0.32958984375,1.0,0.3834357338850616,0.1950008286263104,0.8879444037477122,1.366982455499635e-16,2.708040611040491e-16
Qwen3-1.7B-Base,0,2718,1,2048,0.6876126282829512,0.8105195164861921,0.8698488172747847,0.9145976573859124,0.9530031499583044,0.99658203125,0.88134765625,0.33984375,1.0,0.3763961724397968,0.1881063135869946,0.8879444037477122,1.366982455499635e-16,2.708040611040491e-16
Qwen3-1.7B-Base,0,2718,4,2048,0.6856553001672816,0.8149843329414738,0.8749842764729789,0.9172675264325598,0.9529687199200642,0.99853515625,0.8876953125,0.3642578125,1.0,0.3608290878332663,0.164587951497354,0.8879444037477122,1.366982455499635e-16,2.708040611040491e-16
Qwen3-1.7B-Base,0,2718,16,2048,0.6974631528595897,0.8242079304468054,0.8805248672213826,0.917882475909506,0.9535541963347656,0.99755859375,0.9033203125,0.3779296875,1.0,0.3355878891017771,0.1483712030266436,0.8879444037477122,1.366982455499635e-16,2.708040611040491e-16
Qwen3-1.7B-Base,0,3141,0,2048,0.6859177223667013,0.8089808035883397,0.8688307765960039,0.9128832632552936,0.9524498614479964,0.99755859375,0.8798828125,0.32958984375,1.0,0.3834357338850616,0.1950008286263104,0.8879444037477122,1.366982455499635e-16,2.708040611040491e-16
Qwen3-1.7B-Base,0,3141,1,2048,0.6881105512748147,0.806979600365526,0.8696824155825982,0.9152880562839836,0.9551957557051278,0.9970703125,0.8818359375,0.34130859375,1.0,0.3778300714265221,0.1860137918370728,0.8879444037477122,1.366982455499635e-16,2.708040611040491e-16
Qwen3-1.7B-Base,0,3141,4,2048,0.6835715285940552,0.8141735725624446,0.8732344035645048,0.9173560183080104,0.955708331071609,0.998046875,0.89208984375,0.35888671875,1.0,0.3580667651877349,0.1641837165785019,0.8879444037477122,0.0,2.708040611040491e-16
Qwen3-1.7B-Base,0,3141,16,2048,0.7083060854191526,0.8211730437353707,0.881822737331861,0.9191640725237886,0.9520297067906572,0.99853515625,0.90185546875,0.38330078125,1.0,0.3335917735837361,0.1473484077811541,0.8879444037477122,1.366982455499635e-16,2.708040611040491e-16
Qwen3-1.7B-Base,0,5772,0,2048,0.6859177223667013,0.8089808035883397,0.8688307765960039,0.9128832632552936,0.9524498614479964,0.99755859375,0.8798828125,0.32958984375,1.0,0.3834357338850616,0.1950008286263104,0.8879444037477122,1.366982455499635e-16,2.708040611040491e-16
Qwen3-1.7B-Base,0,5772,1,2048,0.6993836184974226,0.8101787687205281,0.8696699695525263,0.9136819398688938,0.9530608366119296,0.99755859375,0.88720703125,0.3271484375,1.0,0.3774630018685814,0.1864689167331225,0.8879444037477122,1.366982455499635e-16,4.062060916560736e-16
Qwen3-1.7B-Base,0,5772,4,2048,0.6997657591390576,0.8133014928143754,0.8742684248343706,0.9166864059618348,0.9543744490155088,0.9990234375,0.88623046875,0.3583984375,1.0,0.3575853377585463,0.1628830487499389,0.8879444037477122,0.0,2.708040611040491e-16
Qwen3-1.7B-Base,0,5772,16,2048,0.7083432910453661,0.8234650859297007,0.8792134836031773,0.9191365941617486,0.953229461286766,0.99755859375,0.8984375,0.37548828125,1.0,0.3321505376708855,0.1437692520570113,0.8879444037477122,1.366982455499635e-16,2.708040611040491e-16
Qwen3-1.7B-Base,0,8111,0,2048,0.6859177223667013,0.8089808035883397,0.8688307765960039,0.9128832632552936,0.9524498614479964,0.99755859375,0.8798828125,0.32958984375,1.0,0.3834357338850616,0.1950008286263104,0.8879444037477122,1.366982455499635e-16,2.708040611040491e-16
Qwen3-1.7B-Base,0,8111,1,2048,0.6957253428482645,0.8099675701818544,0.8683210195733895,0.9125122579894124,0.9528877681227974,0.99609375,0.89111328125,0.3251953125,1.0,0.3775499744705111,0.1873406739168281,0.8879444037477122,0.0,2.708040611040491e-16
Qwen3-1.7B-Base,0,8111,4,2048,0.6886182002842648,0.8187929001420119,0.8743496351195165,0.9164753004917008,0.9537947252560066,0.998046875,0.89453125,0.35302734375,1.0,0.3554217829413191,0.1609065074551659,0.8879444037477122,1.366982455499635e-16,2.708040611040491e-16
Qwen3-1.7B-Base,0,8111,16,2048,0.712841494865018,0.8266069686384772,0.8803445850023767,0.917347872101242,0.9526972599625084,0.9990234375,0.90869140625,0.38330078125,1.0,0.3312439794585522,0.1488150004074344,0.8879444037477122,1.366982455499635e-16,2.708040611040491e-16
Qwen3-1.7B-Base,7,1729,0,2048,0.3327961625427906,0.5029312803364532,0.6269593354495262,0.7365194175649161,0.8552274910590569,0.75732421875,0.220703125,0.01416015625,1.0,0.997339637118859,0.9966675542528712,0.4030027782449922,2.216121934202624e-16,8.975954297956492e-16
Qwen3-1.7B-Base,7,1729,1,2048,0.3365914498682655,0.5092992621070412,0.6402920231093858,0.7459408368865983,0.8596561560059502,0.765625,0.240234375,0.01611328125,1.0,0.996457481856099,0.9961687803140732,0.4030027782449925,2.216121934202624e-16,1.4959923829927483e-16
Qwen3-1.7B-Base,7,1729,4,2048,0.3692687778266916,0.5301157280848833,0.6645738333755906,0.7666739320447257,0.8690523057081291,0.80322265625,0.29052734375,0.02294921875,1.0,0.9932933449686644,0.9946905012384578,0.4030027782449924,0.0,4.487977148978246e-16
Qwen3-1.7B-Base,7,1729,16,2048,0.2917575471882868,0.3844122179695121,0.4106689272714466,0.4614194983369236,0.6994185609045263,0.1875,0.03125,0.00146484375,0.9990234375,0.818106132393321,0.5735506350464332,0.4030027782449925,2.216121934202624e-16,4.487977148978246e-16
Qwen3-1.7B-Base,7,2718,0,2048,0.3327961625427906,0.5029312803364532,0.6269593354495262,0.7365194175649161,0.8552274910590569,0.75732421875,0.220703125,0.01416015625,1.0,0.997339637118859,0.9966675542528712,0.4030027782449922,2.216121934202624e-16,8.975954297956492e-16
Qwen3-1.7B-Base,7,2718,1,2048,0.3269928909971774,0.5170645153071105,0.635223769776396,0.7444250344271577,0.8648676179344558,0.779296875,0.23876953125,0.01953125,1.0,0.9970776922580044,0.9961790179031128,0.4030027782449925,2.216121934202624e-16,2.991984765985497e-16
Qwen3-1.7B-Base,7,2718,4,2048,0.3659320410088756,0.5414411048392394,0.6647259531497269,0.7695070287416654,0.8713769005914055,0.8125,0.2958984375,0.02197265625,1.0,0.9945988230828724,0.9948737119224974,0.4030027782449925,2.216121934202624e-16,4.487977148978246e-16
Qwen3-1.7B-Base,7,2718,16,2048,0.2961096730978278,0.3850553255015372,0.4163765385052543,0.4874079015683127,0.7363673524609244,0.2294921875,0.0439453125,0.001953125,1.0,0.8643391623272478,0.6797384725181935,0.4030027782449923,2.216121934202624e-16,7.479961914963743e-16
Qwen3-1.7B-Base,7,3141,0,2048,0.3327961625427906,0.5029312803364532,0.6269593354495262,0.7365194175649161,0.8552274910590569,0.75732421875,0.220703125,0.01416015625,1.0,0.997339637118859,0.9966675542528712,0.4030027782449922,2.216121934202624e-16,8.975954297956492e-16
Qwen3-1.7B-Base,7,3141,1,2048,0.3423352291491039,0.5124120567095697,0.6369255265778672,0.7437351797829709,0.8609772917574816,0.77587890625,0.23681640625,0.015625,1.0,0.9969843127234166,0.9961674276054984,0.4030027782449922,2.216121934202624e-16,1.1967939063941988e-15
Qwen3-1.7B-Base,7,3141,4,2048,0.3673031904142497,0.5339960541572042,0.6602165656306087,0.7685805096774005,0.8720201791536015,0.80078125,0.2939453125,0.02099609375,1.0,0.9948555946511576,0.9947184220562026,0.4030027782449924,0.0,1.4959923829927483e-16
Qwen3-1.7B-Base,7,3141,16,2048,0.2930748202224449,0.3864271770021544,0.4151985118167737,0.4835112040901638,0.7321461108946872,0.22265625,0.04248046875,0.001953125,0.99951171875,0.8505937859707282,0.631230807988523,0.4030027782449924,0.0,4.487977148978246e-16
Qwen3-1.7B-Base,7,5772,0,2048,0.3327961625427906,0.5029312803364532,0.6269593354495262,0.7365194175649161,0.8552274910590569,0.75732421875,0.220703125,0.01416015625,1.0,0.997339637118859,0.9966675542528712,0.4030027782449922,2.216121934202624e-16,8.975954297956492e-16
Qwen3-1.7B-Base,7,5772,1,2048,0.3334202218204299,0.5113029676531327,0.6407721352697937,0.7441764354238851,0.8633361386370872,0.77001953125,0.2412109375,0.01904296875,1.0,0.9967801705189692,0.99609602425401,0.4030027782449923,2.216121934202624e-16,1.0471946680949239e-15
Qwen3-1.7B-Base,7,5772,4,2048,0.3687796125301578,0.5395995302465493,0.6673412468080612,0.7716291423168296,0.878115763821724,0.7998046875,0.30029296875,0.0234375,1.0,0.9933760160697888,0.9945049409906834,0.4030027782449923,0.0,7.479961914963743e-16
Qwen3-1.7B-Base,7,5772,16,2048,0.2908355513174332,0.3811414743811316,0.4110665339172006,0.4645101611752893,0.7062074511800157,0.18408203125,0.03515625,0.001953125,0.9990234375,0.8179033291212721,0.5747624371785656,0.4030027782449925,2.216121934202624e-16,4.487977148978246e-16
Qwen3-1.7B-Base,7,8111,0,2048,0.3327961625427906,0.5029312803364532,0.6269593354495262,0.7365194175649161,0.8552274910590569,0.75732421875,0.220703125,0.01416015625,1.0,0.997339637118859,0.9966675542528712,0.4030027782449922,2.216121934202624e-16,8.975954297956492e-16
Qwen3-1.7B-Base,7,8111,1,2048,0.3492763728196097,0.5117851271924523,0.6355110574525491,0.748433150818869,0.8611932068152143,0.77392578125,0.2451171875,0.01953125,1.0,0.9968394190169564,0.9961143406780282,0.4030027782449923,2.216121934202624e-16,4.487977148978246e-16
Qwen3-1.7B-Base,7,8111,4,2048,0.3717853839037406,0.5390538776430489,0.6658317428727498,0.7697988399309822,0.8721572216013531,0.8095703125,0.29931640625,0.02294921875,1.0,0.9930221996757648,0.9946634564970116,0.4030027782449923,2.216121934202624e-16,4.487977148978246e-16
Qwen3-1.7B-Base,7,8111,16,2048,0.3052557222441214,0.3829598894285931,0.4088058703118842,0.4552578896318995,0.6653841771589415,0.1591796875,0.025390625,0.00146484375,1.0,0.7942858949034097,0.5237044892256303,0.4030027782449923,2.216121934202624e-16,4.487977148978246e-16
Qwen3-1.7B-Base,13,1729,0,2048,0.2532661982309345,0.4171123969538976,0.5541541503709833,0.6963911109822636,0.8384437986206961,0.60400390625,0.15234375,0.01513671875,1.0,0.990542892651719,0.981486738978462,0.4040339108950636,0.0,0.0
Qwen3-1.7B-Base,13,1729,1,2048,0.254136076663819,0.4320574408096232,0.5737384175812039,0.7108832040314212,0.8512324251644299,0.62890625,0.17431640625,0.0166015625,1.0,0.9886765721936606,0.9787267571282788,0.4040339108950637,2.1685092535162003e-16,4.4104083631309503e-16
Qwen3-1.7B-Base,13,1729,4,2048,0.3127280929824738,0.4801390487389073,0.615804551817365,0.7348531869081107,0.8652284902737608,0.72021484375,0.21728515625,0.02099609375,0.99951171875,0.9812618271947836,0.9725336944031984,0.4040339108950637,0.0,2.9402722420873004e-16
Qwen3-1.7B-Base,13,1729,16,2048,0.2612567804995168,0.3753266855657167,0.4265573921129351,0.5296834795703942,0.7458748734957109,0.29541015625,0.04541015625,0.00146484375,0.99951171875,0.8027211251137474,0.5662328373084563,0.4040339108950637,2.1685092535162003e-16,2.9402722420873004e-16
Qwen3-1.7B-Base,13,2718,0,2048,0.2532661982309345,0.4171123969538976,0.5541541503709833,0.6963911109822636,0.8384437986206961,0.60400390625,0.15234375,0.01513671875,1.0,0.990542892651719,0.981486738978462,0.4040339108950636,0.0,0.0
Qwen3-1.7B-Base,13,2718,1,2048,0.2662138916769636,0.4286404428104433,0.5753806337611633,0.7070944242489504,0.8535413661981299,0.63037109375,0.1767578125,0.01806640625,1.0,0.9885446028120468,0.9789768286494612,0.4040339108950638,0.0,7.350680605218252e-16
Qwen3-1.7B-Base,13,2718,4,2048,0.3112049273868194,0.480950693386774,0.6210230877538879,0.7396935548952785,0.8550563825250639,0.72509765625,0.22265625,0.0166015625,1.0,0.9801391205307792,0.9719914716247782,0.4040339108950637,2.1685092535162003e-16,1.4701361210436502e-16
Qwen3-1.7B-Base,13,2718,16,2048,0.2782917304808011,0.3763377450743878,0.4238045275528824,0.5140262005012404,0.7182657303928934,0.27685546875,0.037109375,0.001953125,1.0,0.766312482787147,0.4969944540060727,0.4040339108950636,0.0,1.4701361210436502e-16
Qwen3-1.7B-Base,13,3141,0,2048,0.2532661982309345,0.4171123969538976,0.5541541503709833,0.6963911109822636,0.8384437986206961,0.60400390625,0.15234375,0.01513671875,1.0,0.990542892651719,0.981486738978462,0.4040339108950636,0.0,0.0
Qwen3-1.7B-Base,13,3141,1,2048,0.2659114944537374,0.4362114264783902,0.5777146074586594,0.7084769888855993,0.8485120928097998,0.64501953125,0.1796875,0.01708984375,1.0,0.9883341545156328,0.9792654222467088,0.4040339108950638,0.0,5.880544484174602e-16
Qwen3-1.7B-Base,13,3141,4,2048,0.3108815760745453,0.4812235343065849,0.6166040320141407,0.737459951511972,0.8580909998037821,0.72216796875,0.2236328125,0.02001953125,1.0,0.9803241653573768,0.9731088403773124,0.4040339108950639,2.1685092535162003e-16,7.350680605218252e-16
Qwen3-1.7B-Base,13,3141,16,2048,0.2724577719566369,0.3765562566441846,0.4280571888806094,0.5291370078604861,0.7303744222094999,0.29638671875,0.03857421875,0.0,1.0,0.789540405518764,0.5442164372458997,0.4040339108950636,0.0,0.0
Qwen3-1.7B-Base,13,5772,0,2048,0.2532661982309345,0.4171123969538976,0.5541541503709833,0.6963911109822636,0.8384437986206961,0.60400390625,0.15234375,0.01513671875,1.0,0.990542892651719,0.981486738978462,0.4040339108950636,0.0,0.0
Qwen3-1.7B-Base,13,5772,1,2048,0.2721343418088561,0.4364618108275831,0.5791600854661373,0.7124251835045515,0.8484647091869022,0.64501953125,0.181640625,0.015625,0.9990234375,0.9881087529006832,0.9790388319049562,0.4040339108950637,2.1685092535162003e-16,4.4104083631309503e-16
Qwen3-1.7B-Base,13,5772,4,2048,0.3153673978483385,0.4811015628283364,0.621594294104342,0.7451682618864496,0.8628329857512792,0.71728515625,0.2373046875,0.0146484375,1.0,0.979867826201138,0.9723271750751952,0.4040339108950636,2.1685092535162003e-16,1.4701361210436502e-16
Qwen3-1.7B-Base,13,5772,16,2048,0.2823947580342869,0.3769073016764742,0.4253521018210376,0.5144121353361331,0.7133875360753444,0.27880859375,0.02978515625,0.00048828125,1.0,0.7694805954402375,0.5199393284051398,0.4040339108950637,2.1685092535162003e-16,4.4104083631309503e-16
Qwen3-1.7B-Base,13,8111,0,2048,0.2532661982309345,0.4171123969538976,0.5541541503709833,0.6963911109822636,0.8384437986206961,0.60400390625,0.15234375,0.01513671875,1.0,0.990542892651719,0.981486738978462,0.4040339108950636,0.0,0.0
Qwen3-1.7B-Base,13,8111,1,2048,0.2689420035269103,0.4295323535860422,0.5705562038085077,0.711792026978119,0.8535357843112938,0.63232421875,0.18310546875,0.01806640625,1.0,0.9884786232520746,0.9785534871836212,0.4040339108950637,0.0,2.9402722420873004e-16
Qwen3-1.7B-Base,13,8111,4,2048,0.3185038214984805,0.4871984734386572,0.6201235980439902,0.7384021910475242,0.8627248748138525,0.72802734375,0.23193359375,0.01953125,1.0,0.9804057526245966,0.9721606703626549,0.4040339108950638,0.0,4.4104083631309503e-16
Qwen3-1.7B-Base,13,8111,16,2048,0.2689893444266261,0.3767065716415923,0.4265248109747113,0.5185042915340851,0.7220503523193597,0.27880859375,0.0400390625,0.0009765625,0.99853515625,0.7840249747764809,0.538031565618125,0.4040339108950637,2.1685092535162003e-16,2.9402722420873004e-16
Qwen3-1.7B-Base,21,1729,0,2048,0.5610454741380257,0.7533879467288364,0.8365680700902562,0.8914550198847947,0.941053417729956,0.97265625,0.755859375,0.20849609375,1.0,0.7361873720586207,0.6400131133823646,0.6809549092814025,0.0,6.416011845321578e-16
Qwen3-1.7B-Base,21,1729,1,2048,0.5692466395861148,0.745248807110761,0.8311572058241732,0.8863854979620482,0.9423042868133452,0.97265625,0.7392578125,0.1923828125,1.0,0.7230020429942177,0.6230510888484607,0.6809549092814026,0.0,4.277341230214384e-16
Qwen3-1.7B-Base,21,1729,4,2048,0.5542786192581416,0.730771345456313,0.8224260750704655,0.8835066638459378,0.9427605708432673,0.9736328125,0.7158203125,0.18798828125,1.0,0.6740309830705975,0.5554611483867865,0.6809549092814026,0.0,2.138670615107192e-16
Qwen3-1.7B-Base,21,1729,16,2048,0.4886670250081331,0.6699226366093827,0.7795141373842065,0.8573432745840484,0.9212390754962856,0.94189453125,0.58056640625,0.10693359375,1.0,0.4675503936840182,0.2907575781792293,0.6809549092814026,0.0,4.277341230214384e-16
Qwen3-1.7B-Base,21,2718,0,2048,0.5610454741380257,0.7533879467288364,0.8365680700902562,0.8914550198847947,0.941053417729956,0.97265625,0.755859375,0.20849609375,1.0,0.7361873720586207,0.6400131133823646,0.6809549092814025,0.0,6.416011845321578e-16
Qwen3-1.7B-Base,21,2718,1,2048,0.5672732865151913,0.7457991923186289,0.8341478820685491,0.8871661315712724,0.9421507258296906,0.97265625,0.7421875,0.19384765625,1.0,0.7204357273823421,0.6206167251262705,0.6809549092814027,0.0,2.138670615107192e-16
Qwen3-1.7B-Base,21,2718,4,2048,0.5501037266524109,0.7411019667745744,0.8254989513595219,0.8824393993315676,0.9401419615046128,0.96826171875,0.72705078125,0.173828125,1.0,0.672648010499554,0.561719372562093,0.6809549092814026,2.0040456456481783e-16,2.138670615107192e-16
Qwen3-1.7B-Base,21,2718,16,2048,0.4607924756863086,0.6518411845219343,0.7674661870227533,0.8499409181799996,0.9129538994854492,0.92431640625,0.5537109375,0.08203125,1.0,0.4494142973541977,0.269303116441011,0.6809549092814026,2.0040456456481783e-16,2.138670615107192e-16
Qwen3-1.7B-Base,21,3141,0,2048,0.5610454741380257,0.7533879467288364,0.8365680700902562,0.8914550198847947,0.941053417729956,0.97265625,0.755859375,0.20849609375,1.0,0.7361873720586207,0.6400131133823646,0.6809549092814025,0.0,6.416011845321578e-16
Qwen3-1.7B-Base,21,3141,1,2048,0.5569775014543455,0.7425061038642093,0.8322600005286238,0.8890297191424018,0.9434062589160944,0.9697265625,0.73828125,0.2001953125,1.0,0.7203175584912502,0.6220430622546422,0.6809549092814026,2.0040456456481783e-16,4.277341230214384e-16
Qwen3-1.7B-Base,21,3141,4,2048,0.5334046742461438,0.737711115593545,0.8224304095368393,0.8838545591958624,0.9389362035584956,0.966796875,0.72314453125,0.17529296875,1.0,0.6732635488515084,0.5553110262770854,0.6809549092814026,0.0,2.138670615107192e-16
Qwen3-1.7B-Base,21,3141,16,2048,0.4603903173295202,0.6384198086937878,0.7499938253236942,0.8372180156038409,0.9086264508940934,0.92333984375,0.5,0.0673828125,1.0,0.4110181607337828,0.2162203238014193,0.6809549092814026,0.0,2.138670615107192e-16
Qwen3-1.7B-Base,21,5772,0,2048,0.5610454741380257,0.7533879467288364,0.8365680700902562,0.8914550198847947,0.941053417729956,0.97265625,0.755859375,0.20849609375,1.0,0.7361873720586207,0.6400131133823646,0.6809549092814025,0.0,6.416011845321578e-16
Qwen3-1.7B-Base,21,5772,1,2048,0.5574203717530641,0.7525532785024539,0.8319532876102769,0.8878361784858914,0.9384444064978532,0.97216796875,0.755859375,0.18994140625,1.0,0.7197231151892072,0.6219902615434079,0.6809549092814027,2.0040456456481783e-16,0.0
Qwen3-1.7B-Base,21,5772,4,2048,0.557064933061586,0.7395566885926544,0.8209051768874833,0.8814110802330914,0.9443310086558092,0.96875,0.72998046875,0.169921875,1.0,0.6721229573330287,0.5540403599570125,0.6809549092814026,2.0040456456481783e-16,4.277341230214384e-16
Qwen3-1.7B-Base,21,5772,16,2048,0.4560252086042539,0.6511426517674987,0.765540173257755,0.8441777032546772,0.9119849796542604,0.92431640625,0.54248046875,0.0791015625,1.0,0.4414073788350734,0.249685702777474,0.6809549092814026,0.0,4.277341230214384e-16
Qwen3-1.7B-Base,21,8111,0,2048,0.5610454741380257,0.7533879467288364,0.8365680700902562,0.8914550198847947,0.941053417729956,0.97265625,0.755859375,0.20849609375,1.0,0.7361873720586207,0.6400131133823646,0.6809549092814025,0.0,6.416011845321578e-16
Qwen3-1.7B-Base,21,8111,1,2048,0.5581048012201767,0.7464204023590888,0.8304859473580488,0.8881141305970393,0.943738712564102,0.97412109375,0.740234375,0.19580078125,1.0,0.7218829391722557,0.6226000875984078,0.6809549092814023,0.0,8.55468246042877e-16
Qwen3-1.7B-Base,21,8111,4,2048,0.5681252826761136,0.7372934490960006,0.821310971182101,0.8828583420647882,0.941414878575141,0.9716796875,0.72021484375,0.1787109375,1.0,0.6741651903931674,0.5553102748676648,0.6809549092814026,2.0040456456481783e-16,8.55468246042877e-16
Qwen3-1.7B-Base,21,8111,16,2048,0.4629089039419172,0.6515753621647824,0.7530200104476038,0.8393254207628931,0.9122182056165946,0.92724609375,0.509765625,0.076171875,1.0,0.4412884963834971,0.2494271623655238,0.6809549092814026,2.0040456456481783e-16,2.138670615107192e-16
Qwen3-1.7B-Base,28,1729,0,2048,0.7121682210323854,0.8447637181962342,0.8998297813621039,0.936929003177322,0.9714222291929602,0.99658203125,0.92578125,0.49853515625,1.0,0.9389144463804944,0.9279127471830816,0.9777399874342606,0.0,0.0
Qwen3-1.7B-Base,28,1729,1,2048,0.7038393655221115,0.848374979523491,0.900740111190465,0.9368112486805704,0.9751596314062474,0.9970703125,0.91943359375,0.50439453125,1.0,0.9328949865053272,0.9188578086839004,0.9777399874342606,1.7036911174351378e-16,1.1692539809567915e-16
Qwen3-1.7B-Base,28,1729,4,2048,0.744952921876493,0.8591581268202363,0.9130775650856392,0.9509190724890058,0.9864879054629508,0.99853515625,0.9462890625,0.5673828125,1.0,0.8955996208450618,0.8097159495638043,0.9777399874342606,1.7036911174351378e-16,0.0
Qwen3-1.7B-Base,28,1729,16,2048,0.9112672342470526,0.9529785647702852,0.9703544195419188,0.9811598321495016,0.9902487239924872,1.0,0.99951171875,0.96435546875,1.0,0.5315355870748313,0.2960452756589373,0.9777399874342606,1.7036911174351378e-16,1.1692539809567915e-16
Qwen3-1.7B-Base,28,2718,0,2048,0.7121682210323854,0.8447637181962342,0.8998297813621039,0.936929003177322,0.9714222291929602,0.99658203125,0.92578125,0.49853515625,1.0,0.9389144463804944,0.9279127471830816,0.9777399874342606,0.0,0.0
Qwen3-1.7B-Base,28,2718,1,2048,0.7255800856561606,0.8482033010701389,0.9007724182569414,0.9361440721817096,0.9756446913203796,0.99658203125,0.93212890625,0.50390625,1.0,0.931640239038714,0.9177608963027554,0.9777399874342606,1.7036911174351378e-16,0.0
Qwen3-1.7B-Base,28,2718,4,2048,0.7476664469413126,0.8592461554246531,0.9096442923987988,0.9517007955619344,0.987129871980092,0.998046875,0.94677734375,0.5546875,1.0,0.8912982337223927,0.7968745905536853,0.9777399874342606,0.0,1.1692539809567915e-16
Qwen3-1.7B-Base,28,2718,16,2048,0.9088370342199168,0.9551531699616866,0.9720891775586328,0.9817681255021696,0.990965339322364,1.0,0.99951171875,0.96337890625,1.0,0.5045445128244257,0.2641499140070324,0.9777399874342606,0.0,1.1692539809567915e-16
Qwen3-1.7B-Base,28,3141,0,2048,0.7121682210323854,0.8447637181962342,0.8998297813621039,0.936929003177322,0.9714222291929602,0.99658203125,0.92578125,0.49853515625,1.0,0.9389144463804944,0.9279127471830816,0.9777399874342606,0.0,0.0
Qwen3-1.7B-Base,28,3141,1,2048,0.7184774820107468,0.8443195507720416,0.9019262819217522,0.9361459685920804,0.9742204174521244,0.9970703125,0.9287109375,0.51708984375,1.0,0.9313692946405724,0.9190692529299944,0.9777399874342606,0.0,1.1692539809567915e-16
Qwen3-1.7B-Base,28,3141,4,2048,0.7401704511085493,0.8529381076056322,0.9091796962207545,0.9494573775510574,0.985677482845657,0.9990234375,0.94091796875,0.5498046875,1.0,0.8922017029553846,0.800154467430751,0.9777399874342606,0.0,1.1692539809567915e-16
Qwen3-1.7B-Base,28,3141,16,2048,0.914535002485834,0.9570008481304386,0.9728869802660992,0.9824770410528454,0.99073122436518,1.0,0.998046875,0.96826171875,1.0,0.4783425189071251,0.2405151085441198,0.9777399874342606,0.0,1.1692539809567915e-16
Qwen3-1.7B-Base,28,5772,0,2048,0.7121682210323854,0.8447637181962342,0.8998297813621039,0.936929003177322,0.9714222291929602,0.99658203125,0.92578125,0.49853515625,1.0,0.9389144463804944,0.9279127471830816,0.9777399874342606,0.0,0.0
Qwen3-1.7B-Base,28,5772,1,2048,0.7277117270591891,0.8474748686249785,0.9009126677054836,0.9374440175344948,0.9754485814529044,0.99755859375,0.9267578125,0.5048828125,1.0,0.9320156316905605,0.9190659706414012,0.9777399874342606,1.7036911174351378e-16,1.1692539809567915e-16
Qwen3-1.7B-Base,28,5772,4,2048,0.7461463734868977,0.8600109033991412,0.9099515306491416,0.9503521213030174,0.9863316452547716,0.99853515625,0.947265625,0.56494140625,1.0,0.8928794332449419,0.8001052462341677,0.9777399874342606,0.0,1.1692539809567915e-16
Qwen3-1.7B-Base,28,5772,16,2048,0.9122720231485196,0.9550700109539488,0.9716422656551532,0.9820725771943613,0.99078970329022,1.0,1.0,0.96826171875,1.0,0.498303217545428,0.2543002201557088,0.9777399874342606,1.7036911174351378e-16,0.0
Qwen3-1.7B-Base,28,8111,0,2048,0.7121682210323854,0.8447637181962342,0.8998297813621039,0.936929003177322,0.9714222291929602,0.99658203125,0.92578125,0.49853515625,1.0,0.9389144463804944,0.9279127471830816,0.9777399874342606,0.0,0.0
Qwen3-1.7B-Base,28,8111,1,2048,0.7104750387043979,0.8457596098811272,0.8995099347476812,0.937700131967592,0.975817933458916,0.99755859375,0.91845703125,0.49609375,1.0,0.9325954377279622,0.918489313543011,0.9777399874342606,0.0,0.0
Qwen3-1.7B-Base,28,8111,4,2048,0.7376982797130401,0.8561984610654716,0.9123960233704712,0.950715943400502,0.9857488436994848,0.99853515625,0.9384765625,0.57177734375,1.0,0.8915764454990851,0.7933799988168438,0.9777399874342606,1.7036911174351378e-16,0.0
Qwen3-1.7B-Base,28,8111,16,2048,0.91089236752221,0.9554685677869093,0.9717233123062604,0.9816311213757782,0.9905182508266136,1.0,0.99853515625,0.962890625,1.0,0.500181983690942,0.2631393357092204,0.9777399874342606,0.0,0.0
Qwen3-4B-Base,0,1729,0,2560,0.6340406822122662,0.7654139982952564,0.8397619083645163,0.8922080190628362,0.9415706153438542,0.987890625,0.801171875,0.208984375,1.0,0.4347163468215682,0.2507554822191447,0.8669401468585669,1.68255664627024e-16,1.3703193258308643e-16
Qwen3-4B-Base,0,1729,1,2560,0.6360231049815261,0.7704091017859777,0.8420744386449683,0.8942508978594179,0.9433118707598735,0.991015625,0.8,0.21953125,1.0,0.4195438035704562,0.2297296539620444,0.8669401468585669,1.68255664627024e-16,0.0
Qwen3-4B-Base,0,1729,4,2560,0.6431609781885111,0.779553302633888,0.8489601395124532,0.9011411628097352,0.9461997834221044,0.993359375,0.816015625,0.25546875,1.0,0.3842066139749549,0.1918582894226793,0.8669401468585669,1.68255664627024e-16,0.0
Qwen3-4B-Base,0,1729,16,2560,0.6593751689027357,0.7906490939799757,0.8561393214743227,0.9021868369006636,0.943876433389634,0.994921875,0.84296875,0.262890625,1.0,0.342340339643445,0.1533855296033295,0.8669401468585669,1.68255664627024e-16,1.3703193258308643e-16
Qwen3-4B-Base,0,2718,0,2560,0.6340406822122662,0.7654139982952564,0.8397619083645163,0.8922080190628362,0.9415706153438542,0.987890625,0.801171875,0.208984375,1.0,0.4347163468215682,0.2507554822191447,0.8669401468585669,1.68255664627024e-16,1.3703193258308643e-16
Qwen3-4B-Base,0,2718,1,2560,0.6335488792475111,0.7695329602669958,0.840159262756407,0.8949891028926913,0.9425884938862789,0.9921875,0.8,0.226171875,1.0,0.4224506120604869,0.2335605949289617,0.8669401468585669,1.68255664627024e-16,0.0
Qwen3-4B-Base,0,2718,4,2560,0.649170796608344,0.7772923850708149,0.8468731112296961,0.8979692636011458,0.9431120022985338,0.9921875,0.828125,0.241796875,1.0,0.3882039617565889,0.191188624118075,0.8669401468585669,1.68255664627024e-16,0.0
Qwen3-4B-Base,0,2718,16,2560,0.6669909891361622,0.7942246652362239,0.8573849066402164,0.901409504244838,0.9428582111187748,0.99375,0.8484375,0.258203125,1.0,0.3412381201108203,0.1507595276154419,0.8669401468585669,1.68255664627024e-16,1.3703193258308643e-16
Qwen3-4B-Base,0,3141,0,2560,0.6340406822122662,0.7654139982952564,0.8397619083645163,0.8922080190628362,0.9415706153438542,0.987890625,0.801171875,0.208984375,1.0,0.4347163468215682,0.2507554822191447,0.8669401468585669,1.68255664627024e-16,1.3703193258308643e-16
Qwen3-4B-Base,0,3141,1,2560,0.6334748245178164,0.7711417777393841,0.8414601280718796,0.8936835194964059,0.9436412135783624,0.9890625,0.8046875,0.2171875,1.0,0.4233665680749643,0.2332834851966087,0.8669401468585669,1.68255664627024e-16,1.3703193258308643e-16
Qwen3-4B-Base,0,3141,4,2560,0.6411602126835533,0.7780032086297071,0.8491670521125971,0.8973096936940519,0.9436455771287636,0.993359375,0.81953125,0.23671875,1.0,0.3894133899132093,0.1948618675989639,0.8669401468585669,1.68255664627024e-16,0.0
Qwen3-4B-Base,0,3141,16,2560,0.6622695753420821,0.7978827854437379,0.8590241246860342,0.902686401202078,0.9437570814563538,0.99453125,0.86171875,0.267578125,1.0,0.3286599890740143,0.1422777255743089,0.8669401468585669,1.68255664627024e-16,0.0
Qwen3-4B-Base,0,5772,0,2560,0.6340406822122662,0.7654139982952564,0.8397619083645163,0.8922080190628362,0.9415706153438542,0.987890625,0.801171875,0.208984375,1.0,0.4347163468215682,0.2507554822191447,0.8669401468585669,1.68255664627024e-16,1.3703193258308643e-16
Qwen3-4B-Base,0,5772,1,2560,0.6334556485016298,0.7666753462785141,0.8394730989623009,0.8937103156173667,0.9446110844641284,0.99140625,0.7984375,0.21875,1.0,0.4272970348262457,0.2329902772794916,0.8669401468585669,0.0,0.0
Qwen3-4B-Base,0,5772,4,2560,0.6346093194951973,0.7740926146818505,0.8469840685797817,0.8987786284506243,0.94588134528334,0.9890625,0.80859375,0.244921875,1.0,0.3960760711072091,0.1886971624071837,0.8669401468585669,1.68255664627024e-16,0.0
Qwen3-4B-Base,0,5772,16,2560,0.6739380208340161,0.797523885103787,0.8593400686998437,0.901906089940795,0.942233196887065,0.99375,0.8609375,0.26171875,1.0,0.3266483807363509,0.146458940084608,0.8669401468585669,1.68255664627024e-16,1.3703193258308643e-16
Qwen3-4B-Base,0,8111,0,2560,0.6340406822122662,0.7654139982952564,0.8397619083645163,0.8922080190628362,0.9415706153438542,0.987890625,0.801171875,0.208984375,1.0,0.4347163468215682,0.2507554822191447,0.8669401468585669,1.68255664627024e-16,1.3703193258308643e-16
Qwen3-4B-Base,0,8111,1,2560,0.6323554276408763,0.768227882501238,0.8417716677079872,0.8935861253128287,0.9436977287783308,0.99140625,0.80078125,0.217578125,1.0,0.4260287800687004,0.2341751411389946,0.8669401468585669,1.68255664627024e-16,1.3703193258308643e-16
Qwen3-4B-Base,0,8111,4,2560,0.6394763164759428,0.7817090342619537,0.8502722961504146,0.8969952585274324,0.942149765028838,0.994140625,0.825390625,0.231640625,1.0,0.3865831342841066,0.1900980271276903,0.8669401468585669,1.68255664627024e-16,1.3703193258308643e-16
Qwen3-4B-Base,0,8111,16,2560,0.664654843288283,0.7944592780143428,0.8582913398770433,0.9033448066128338,0.9424512343723992,0.994921875,0.855078125,0.27109375,1.0,0.3361637865832629,0.1498332728656389,0.8669401468585669,1.68255664627024e-16,1.3703193258308643e-16
Qwen3-4B-Base,9,1729,0,2560,0.2734656586324175,0.4325596778240377,0.5530829190935724,0.6765434791650309,0.8238098567916691,0.61875,0.13125,0.013671875,0.999609375,0.9955964119392916,0.9929788977136832,0.4317322910221208,3.8535115566389087e-16,1.951762460478753e-16
Qwen3-4B-Base,9,1729,1,2560,0.2927039640632392,0.4489651334687837,0.5728258672975293,0.6885788270368571,0.8360325841070526,0.651953125,0.14609375,0.019921875,0.99921875,0.9948872947798544,0.9920877347659264,0.4317322910221208,1.2845038522129696e-16,3.903524920957506e-16
Qwen3-4B-Base,9,1729,4,2560,0.3262577137471831,0.4845218162861599,0.6133094477246558,0.7330574237865222,0.8646672836842874,0.727734375,0.22109375,0.0234375,0.999609375,0.991904044058954,0.9894897908021576,0.4317322910221209,3.8535115566389087e-16,5.85528738143626e-16
Qwen3-4B-Base,9,1729,16,2560,0.3083752504116302,0.4074231793165422,0.4488268212234699,0.5397752415970047,0.7640896150439703,0.321875,0.05703125,0.001953125,0.999609375,0.8729653466535447,0.7118983494892084,0.4317322910221209,6.422519261064848e-16,3.903524920957506e-16
Qwen3-4B-Base,9,2718,0,2560,0.2734656586324175,0.4325596778240377,0.5530829190935724,0.6765434791650309,0.8238098567916691,0.61875,0.13125,0.013671875,0.999609375,0.9955964119392916,0.9929788977136832,0.4317322910221208,3.8535115566389087e-16,1.951762460478753e-16
Qwen3-4B-Base,9,2718,1,2560,0.2888728986543717,0.4461597750607367,0.5684403794055661,0.6880179190401191,0.8364229153165326,0.648828125,0.152734375,0.015625,1.0,0.9950094369981332,0.9920481258975158,0.4317322910221207,3.8535115566389087e-16,3.903524920957506e-16
Qwen3-4B-Base,9,2718,4,2560,0.3088220499828132,0.4908676137990357,0.6119629032063867,0.7280297131640789,0.8625631365831834,0.732421875,0.2125,0.02890625,1.0,0.9910728158984748,0.9892723064442864,0.4317322910221208,1.2845038522129696e-16,3.903524920957506e-16
Qwen3-4B-Base,9,2718,16,2560,0.3176410632644265,0.408736148298385,0.4433522833621547,0.5116429979413357,0.7376035502238389,0.2765625,0.043359375,0.002734375,1.0,0.8200830751623238,0.5733415678222897,0.4317322910221208,1.2845038522129696e-16,3.903524920957506e-16
Qwen3-4B-Base,9,3141,0,2560,0.2734656586324175,0.4325596778240377,0.5530829190935724,0.6765434791650309,0.8238098567916691,0.61875,0.13125,0.013671875,0.999609375,0.9955964119392916,0.9929788977136832,0.4317322910221208,3.8535115566389087e-16,1.951762460478753e-16
Qwen3-4B-Base,9,3141,1,2560,0.2926360912978202,0.4463904768498169,0.5686374084405484,0.6933125862843745,0.8373674220660906,0.64609375,0.15234375,0.016796875,0.999609375,0.9946406409929432,0.9919612932085472,0.4317322910221209,5.138015408851878e-16,1.951762460478753e-16
Qwen3-4B-Base,9,3141,4,2560,0.3149435613386844,0.4870641488241477,0.6120400618728856,0.7335978578944882,0.8630207189900698,0.725,0.212890625,0.026953125,1.0,0.9905297025190144,0.9895177806010006,0.4317322910221208,3.8535115566389087e-16,1.951762460478753e-16
Qwen3-4B-Base,9,3141,16,2560,0.3243454733320845,0.4062892129284149,0.4413593281222616,0.5043704728465819,0.7191379382927658,0.25859375,0.037890625,0.0015625,1.0,0.8090474158419623,0.5623832850614294,0.4317322910221209,3.8535115566389087e-16,3.903524920957506e-16
Qwen3-4B-Base,9,5772,0,2560,0.2734656586324175,0.4325596778240377,0.5530829190935724,0.6765434791650309,0.8238098567916691,0.61875,0.13125,0.013671875,0.999609375,0.9955964119392916,0.9929788977136832,0.4317322910221208,3.8535115566389087e-16,1.951762460478753e-16
Qwen3-4B-Base,9,5772,1,2560,0.2852479978663216,0.4439380511973878,0.5666604518757017,0.6900929149155011,0.8399061991988812,0.6453125,0.144140625,0.017578125,1.0,0.9947837270788444,0.9921130774431116,0.4317322910221209,6.422519261064848e-16,3.903524920957506e-16
Qwen3-4B-Base,9,5772,4,2560,0.3187394937005704,0.480171729269764,0.609840933119218,0.7294755453619061,0.8683307692898271,0.720703125,0.20390625,0.029296875,1.0,0.9909574728060164,0.9894561583557075,0.4317322910221209,3.8535115566389087e-16,5.85528738143626e-16
Qwen3-4B-Base,9,5772,16,2560,0.3200255899220525,0.4050249895526196,0.4434136662049903,0.5206900359364832,0.7436314307684321,0.28359375,0.048828125,0.0015625,1.0,0.8261794764683028,0.5907928537783436,0.4317322910221209,3.8535115566389087e-16,3.903524920957506e-16
Qwen3-4B-Base,9,8111,0,2560,0.2734656586324175,0.4325596778240377,0.5530829190935724,0.6765434791650309,0.8238098567916691,0.61875,0.13125,0.013671875,0.999609375,0.9955964119392916,0.9929788977136832,0.4317322910221208,3.8535115566389087e-16,1.951762460478753e-16
Qwen3-4B-Base,9,8111,1,2560,0.2842878999146164,0.4482820140712369,0.5699459516980347,0.6970770759632459,0.8345583513961261,0.6515625,0.148828125,0.016015625,1.0,0.9948436119065648,0.9920952441362536,0.4317322910221208,3.8535115566389087e-16,1.951762460478753e-16
Qwen3-4B-Base,9,8111,4,2560,0.3269300029047342,0.4859821664317911,0.6169524075889771,0.7321348250961,0.8629831330903331,0.725390625,0.21796875,0.0265625,1.0,0.9902748130150414,0.9892847490043049,0.4317322910221208,1.2845038522129696e-16,3.903524920957506e-16
Qwen3-4B-Base,9,8111,16,2560,0.3270542298951568,0.4092389992245354,0.439994883439466,0.503259423535956,0.7138101450205167,0.257421875,0.03203125,0.0015625,1.0,0.7944460787759271,0.5177684492816835,0.4317322910221209,2.569007704425939e-16,3.903524920957506e-16
Qwen3-4B-Base,17,1729,0,2560,0.1726686819277816,0.2967127065868184,0.4126758219592606,0.5558098980982785,0.7607095219173092,0.339453125,0.055859375,0.008203125,0.996484375,0.9963800752713172,0.9924180432325146,0.4352119568798815,0.0,7.2184490282709695e-16
Qwen3-4B-Base,17,1729,1,2560,0.1787526682129389,0.3150612069525784,0.4307787732767199,0.5849201470062941,0.7858674875782411,0.38828125,0.073046875,0.0109375,0.996875,0.995326251817544,0.9912518259796324,0.4352119568798815,0.0,7.2184490282709695e-16
Qwen3-4B-Base,17,1729,4,2560,0.2219953986853422,0.3789287172144001,0.5176833680897951,0.6535418968202106,0.8286761602642041,0.530078125,0.1296875,0.013671875,0.996875,0.9913695450952408,0.9870376710822216,0.4352119568798814,2.3419012486855387e-16,5.413836771203228e-16
Qwen3-4B-Base,17,1729,16,2560,0.3050140482185953,0.4019082680053806,0.4463777137671951,0.5259685991232664,0.7220012603023273,0.304296875,0.037890625,0.0015625,1.0,0.8387271524876536,0.6348519974112992,0.4352119568798814,1.1709506243427694e-16,5.413836771203228e-16
Qwen3-4B-Base,17,2718,0,2560,0.1726686819277816,0.2967127065868184,0.4126758219592606,0.5558098980982785,0.7607095219173092,0.339453125,0.055859375,0.008203125,0.996484375,0.9963800752713172,0.9924180432325146,0.4352119568798815,0.0,7.2184490282709695e-16
Qwen3-4B-Base,17,2718,1,2560,0.1831314307159162,0.314396661623696,0.4458697527385901,0.5908864795842466,0.7936929014853227,0.391796875,0.076171875,0.0109375,0.997265625,0.9952449014006584,0.99095652023022,0.4352119568798814,1.1709506243427694e-16,1.8046122570677424e-16
Qwen3-4B-Base,17,2718,4,2560,0.2246616544863302,0.3825907309221438,0.5170329694692928,0.6616235069878809,0.8295270230555236,0.535546875,0.128125,0.01328125,0.999609375,0.991464634649516,0.9863988162940932,0.4352119568798815,2.3419012486855387e-16,7.2184490282709695e-16
Qwen3-4B-Base,17,2718,16,2560,0.2853284650140833,0.4020337657998763,0.4526889565677899,0.5471801750385402,0.7485598088734531,0.344921875,0.049609375,0.0015625,1.0,0.8904462404843383,0.7547357771069296,0.4352119568798814,2.3419012486855387e-16,5.413836771203228e-16
Qwen3-4B-Base,17,3141,0,2560,0.1726686819277816,0.2967127065868184,0.4126758219592606,0.5558098980982785,0.7607095219173092,0.339453125,0.055859375,0.008203125,0.996484375,0.9963800752713172,0.9924180432325146,0.4352119568798815,0.0,7.2184490282709695e-16
Qwen3-4B-Base,17,3141,1,2560,0.1803076477046702,0.3132616199373426,0.4358934287632277,0.5844921308153332,0.7876656819428396,0.381640625,0.0765625,0.010546875,0.996484375,0.9954653049041736,0.9910043863737646,0.4352119568798813,2.3419012486855387e-16,0.0
Qwen3-4B-Base,17,3141,4,2560,0.2309899888691894,0.3859670934832786,0.5191306816347121,0.6605298102300283,0.8367657478055768,0.533203125,0.125,0.016015625,0.998046875,0.990677780634756,0.9869667315597892,0.4352119568798815,0.0,7.2184490282709695e-16
Qwen3-4B-Base,17,3141,16,2560,0.3076891492830134,0.4078064788789569,0.4432095888404181,0.5115967761792841,0.7014023246618643,0.2734375,0.029296875,0.001171875,1.0,0.8029714532059442,0.5503844265342589,0.4352119568798814,0.0,3.609224514135485e-16
Qwen3-4B-Base,17,5772,0,2560,0.1726686819277816,0.2967127065868184,0.4126758219592606,0.5558098980982785,0.7607095219173092,0.339453125,0.055859375,0.008203125,0.996484375,0.9963800752713172,0.9924180432325146,0.4352119568798815,0.0,7.2184490282709695e-16
Qwen3-4B-Base,17,5772,1,2560,0.1768531812482877,0.3113461555710629,0.4391620708430032,0.5807639052506082,0.7908211612982751,0.38828125,0.075390625,0.011328125,0.99609375,0.9954791341178144,0.9910176525821112,0.4352119568798814,1.1709506243427694e-16,1.8046122570677424e-16
Qwen3-4B-Base,17,5772,4,2560,0.2311017856503998,0.3856545822706525,0.5187471125667,0.6535208376812238,0.8282656969804936,0.542578125,0.116015625,0.013671875,0.998828125,0.9911123758205274,0.9869526141786868,0.4352119568798813,2.3419012486855387e-16,3.609224514135485e-16
Qwen3-4B-Base,17,5772,16,2560,0.3000792840575398,0.4038754873534422,0.4449383075228309,0.5179671939317778,0.7229787041871991,0.28828125,0.034765625,0.00078125,1.0,0.8276270574736753,0.6046359447197545,0.4352119568798814,2.3419012486855387e-16,5.413836771203228e-16
Qwen3-4B-Base,17,8111,0,2560,0.1726686819277816,0.2967127065868184,0.4126758219592606,0.5558098980982785,0.7607095219173092,0.339453125,0.055859375,0.008203125,0.996484375,0.9963800752713172,0.9924180432325146,0.4352119568798815,0.0,7.2184490282709695e-16
Qwen3-4B-Base,17,8111,1,2560,0.1842810653815983,0.3159706694102663,0.4352659185923975,0.5800904770498264,0.7882537298431121,0.380859375,0.0734375,0.01171875,0.996484375,0.9952543652870276,0.9910694614282548,0.4352119568798814,0.0,3.609224514135485e-16
Qwen3-4B-Base,17,8111,4,2560,0.2271482185531786,0.3842027708117896,0.5160351583353191,0.6640167140389083,0.8342529551714493,0.52734375,0.1296875,0.0140625,0.99921875,0.9905016602694818,0.9868298456026994,0.4352119568798814,0.0,3.609224514135485e-16
Qwen3-4B-Base,17,8111,16,2560,0.2965102742737246,0.4032643604989832,0.4470033079258832,0.5230536502531787,0.7228756407223417,0.296484375,0.0359375,0.0015625,1.0,0.8460154372511046,0.6419966243994976,0.4352119568798814,0.0,3.609224514135485e-16
Qwen3-4B-Base,27,1729,0,2560,0.5369970874534422,0.7338239233047732,0.817360275346116,0.8808842876842651,0.9423526954195282,0.963671875,0.710546875,0.180859375,1.0,0.8950940126124005,0.8477726602625386,0.5193569322976335,1.576992696480099e-16,1.704013111049068e-16
Qwen3-4B-Base,27,1729,1,2560,0.5323842051916349,0.7298374055321761,0.8171944509932516,0.8787978661438225,0.9409076402391424,0.959375,0.6984375,0.180859375,1.0,0.888809864534315,0.8401227639337443,0.5193569322976336,1.576992696480099e-16,6.816052444196274e-16
Qwen3-4B-Base,27,1729,4,2560,0.5202073791884497,0.7120929411145722,0.8095833783885505,0.8769307293160965,0.9382995636305848,0.956640625,0.6609375,0.160546875,1.0,0.8683490613690361,0.8151915177677979,0.5193569322976336,1.576992696480099e-16,3.4080262220981363e-16
Qwen3-4B-Base,27,1729,16,2560,0.3967128905360699,0.5285090815261367,0.6733163320429412,0.8003326139168973,0.8896365760980487,0.80078125,0.35625,0.036328125,1.0,0.7087707179191274,0.5550093739974289,0.5193569322976336,1.576992696480099e-16,6.816052444196274e-16
Qwen3-4B-Base,27,2718,0,2560,0.5369970874534422,0.7338239233047732,0.817360275346116,0.8808842876842651,0.9423526954195282,0.963671875,0.710546875,0.180859375,1.0,0.8950940126124005,0.8477726602625386,0.5193569322976335,1.576992696480099e-16,1.704013111049068e-16
Qwen3-4B-Base,27,2718,1,2560,0.5320859236307701,0.7219109744977609,0.8178625524767327,0.8802729011235595,0.9413009398353508,0.959375,0.69921875,0.1796875,1.0,0.8876849604684842,0.8378831152310422,0.5193569322976338,3.153985392960198e-16,8.520065555245342e-16
Qwen3-4B-Base,27,2718,4,2560,0.5200749512501661,0.7180881170871145,0.8072685979108454,0.8719909443310404,0.9385577286830245,0.960546875,0.66640625,0.156640625,1.0,0.8665034321408724,0.8136674653971322,0.5193569322976336,0.0,0.0
Qwen3-4B-Base,27,2718,16,2560,0.3971980195541306,0.5248468235839034,0.6736072390449708,0.7940506319837507,0.8912835309085828,0.79140625,0.347265625,0.0328125,1.0,0.6927661008898005,0.5182459852721598,0.5193569322976336,1.576992696480099e-16,3.4080262220981363e-16
Qwen3-4B-Base,27,3141,0,2560,0.5369970874534422,0.7338239233047732,0.817360275346116,0.8808842876842651,0.9423526954195282,0.963671875,0.710546875,0.180859375,1.0,0.8950940126124005,0.8477726602625386,0.5193569322976335,1.576992696480099e-16,1.704013111049068e-16
Qwen3-4B-Base,27,3141,1,2560,0.5372667458225547,0.7234051866289652,0.8146672579685914,0.8801134947969524,0.941566387292725,0.9625,0.694921875,0.17265625,0.999609375,0.8896292711714644,0.8407451004177524,0.5193569322976337,0.0,6.816052444196274e-16
Qwen3-4B-Base,27,3141,4,2560,0.5283402865578617,0.7150377203982592,0.8094793599929422,0.8772850707107388,0.9385412275146174,0.95859375,0.67890625,0.158203125,1.0,0.8666705392891776,0.8139447474879357,0.5193569322976337,3.153985392960198e-16,3.4080262220981363e-16
Qwen3-4B-Base,27,3141,16,2560,0.4033347080037824,0.5304450483905758,0.6755454910937251,0.7979547458027277,0.8933385273586602,0.809765625,0.35390625,0.04375,1.0,0.7156045876434929,0.564036471999766,0.5193569322976337,0.0,6.816052444196274e-16
Qwen3-4B-Base,27,5772,0,2560,0.5369970874534422,0.7338239233047732,0.817360275346116,0.8808842876842651,0.9423526954195282,0.963671875,0.710546875,0.180859375,1.0,0.8950940126124005,0.8477726602625386,0.5193569322976335,1.576992696480099e-16,1.704013111049068e-16
Qwen3-4B-Base,27,5772,1,2560,0.5367029169459783,0.7288328736233134,0.8151459948876963,0.8816835094080078,0.9413319501976612,0.9625,0.69609375,0.17734375,1.0,0.8878606162996361,0.8385272366561524,0.5193569322976336,0.0,5.112039333147204e-16
Qwen3-4B-Base,27,5772,4,2560,0.5246362345731664,0.7162794343467908,0.8070387991138304,0.8762190927871343,0.9380630020905252,0.96015625,0.6734375,0.15859375,1.0,0.8659342327150485,0.8132334217972235,0.5193569322976338,1.576992696480099e-16,8.520065555245342e-16
Qwen3-4B-Base,27,5772,16,2560,0.3998866461925724,0.5240746297042271,0.6547872186170376,0.7831298660025194,0.8815411992973116,0.792578125,0.31640625,0.026171875,1.0,0.6908709004177875,0.5156802547893687,0.5193569322976337,0.0,6.816052444196274e-16
Qwen3-4B-Base,27,8111,0,2560,0.5369970874534422,0.7338239233047732,0.817360275346116,0.8808842876842651,0.9423526954195282,0.963671875,0.710546875,0.180859375,1.0,0.8950940126124005,0.8477726602625386,0.5193569322976335,1.576992696480099e-16,1.704013111049068e-16
Qwen3-4B-Base,27,8111,1,2560,0.5391622278336973,0.7283301203285015,0.8154029049523261,0.8795843608542013,0.9408786297792624,0.9625,0.69921875,0.165234375,1.0,0.8883554332519137,0.8389361628187669,0.5193569322976336,0.0,1.704013111049068e-16
Qwen3-4B-Base,27,8111,4,2560,0.5086968112474934,0.7172461592131165,0.8080253394880532,0.8724993677414836,0.9364771237276746,0.953125,0.67265625,0.15703125,1.0,0.8652355349945975,0.812342044017671,0.5193569322976336,0.0,1.704013111049068e-16
Qwen3-4B-Base,27,8111,16,2560,0.3995105701423529,0.5265861058701501,0.6619414590868826,0.7838851539183368,0.8886793887795763,0.79375,0.31484375,0.034765625,1.0,0.7117800762863649,0.5675110143172183,0.5193569322976336,1.576992696480099e-16,6.816052444196274e-16
Qwen3-4B-Base,36,1729,0,2560,0.7106333579586626,0.838838501284626,0.8977281222380777,0.938476517221486,0.9710080827223544,0.99453125,0.918359375,0.48203125,1.0,0.9196098859987464,0.8932208334348479,0.977734299524182,0.0,0.0
Qwen3-4B-Base,36,1729,1,2560,0.722348092603161,0.8415193590801975,0.9000027201289551,0.9394319768215568,0.9745338200848102,0.99609375,0.923046875,0.5,1.0,0.911703831376274,0.880968621996848,0.977734299524182,1.9434339291779326e-16,1.3334425054637402e-16
Qwen3-4B-Base,36,1729,4,2560,0.7388494874527184,0.8562651567190303,0.9118050601558596,0.950365020955125,0.9870452477045932,0.996484375,0.940234375,0.559375,1.0,0.8703029552880912,0.777991579942142,0.977734299524182,0.0,0.0
Qwen3-4B-Base,36,1729,16,2560,0.9074300727343066,0.9532568908420864,0.9700353407594782,0.9811312390868682,0.9907991285996272,1.0,1.0,0.96171875,1.0,0.4803522078789108,0.2531163796400116,0.977734299524182,0.0,0.0
Qwen3-4B-Base,36,2718,0,2560,0.7106333579586626,0.838838501284626,0.8977281222380777,0.938476517221486,0.9710080827223544,0.99453125,0.918359375,0.48203125,1.0,0.9196098859987464,0.8932208334348479,0.977734299524182,0.0,0.0
Qwen3-4B-Base,36,2718,1,2560,0.7180752445513966,0.8416710841462838,0.9000646412253481,0.938394705614938,0.9736225565290018,0.994140625,0.924609375,0.501171875,1.0,0.911455735366026,0.8807940415894912,0.977734299524182,0.0,1.3334425054637402e-16
Qwen3-4B-Base,36,2718,4,2560,0.7337875145169015,0.8560867446570204,0.9111054062148,0.9512956592045738,0.9860389796968904,0.997265625,0.938671875,0.568359375,1.0,0.8727576614963726,0.7868376971701778,0.977734299524182,1.9434339291779326e-16,0.0
Qwen3-4B-Base,36,2718,16,2560,0.9034192850123696,0.950733106799776,0.9699616494720718,0.9816371278493176,0.9911862676342308,1.0,0.99921875,0.95625,1.0,0.4939485422204395,0.2681037055048818,0.977734299524182,1.9434339291779326e-16,0.0
Qwen3-4B-Base,36,3141,0,2560,0.7106333579586626,0.838838501284626,0.8977281222380777,0.938476517221486,0.9710080827223544,0.99453125,0.918359375,0.48203125,1.0,0.9196098859987464,0.8932208334348479,0.977734299524182,0.0,0.0
Qwen3-4B-Base,36,3141,1,2560,0.7108876439788345,0.8416395824902734,0.9001239865350539,0.9381857649719773,0.9741093134390252,0.997265625,0.921484375,0.50234375,1.0,0.9115970438902978,0.8805808030308807,0.977734299524182,1.9434339291779326e-16,0.0
Qwen3-4B-Base,36,3141,4,2560,0.7348169279054302,0.8590307940730977,0.9142278751100124,0.9500843666751234,0.9855168375687112,0.998828125,0.936328125,0.58125,1.0,0.8708813040260466,0.7870504047018124,0.977734299524182,0.0,0.0
Qwen3-4B-Base,36,3141,16,2560,0.9048748113218366,0.9522427809914448,0.9688925707933348,0.9809558614997316,0.9902754221784572,1.0,0.99921875,0.95625,1.0,0.5013485649588716,0.2887569109400874,0.977734299524182,0.0,0.0
Qwen3-4B-Base,36,5772,0,2560,0.7106333579586626,0.838838501284626,0.8977281222380777,0.938476517221486,0.9710080827223544,0.99453125,0.918359375,0.48203125,1.0,0.9196098859987464,0.8932208334348479,0.977734299524182,0.0,0.0
Qwen3-4B-Base,36,5772,1,2560,0.7030479667307327,0.8421126945743178,0.9000895817524436,0.9385614887663516,0.9734143106376156,0.99453125,0.9203125,0.500390625,1.0,0.9121533987240872,0.8816562448818712,0.977734299524182,0.0,1.3334425054637402e-16
Qwen3-4B-Base,36,5772,4,2560,0.7292643426676549,0.8543558191221086,0.910545107514449,0.9486131357402018,0.9855892493705992,0.996875,0.930078125,0.558984375,1.0,0.8736202974704135,0.7837447297533556,0.977734299524182,0.0,1.3334425054637402e-16
Qwen3-4B-Base,36,5772,16,2560,0.9116274855687084,0.95262124710142,0.9701413916025852,0.9816794757555172,0.9908938149445172,1.0,0.99765625,0.96875,1.0,0.4773747499852494,0.2452467846760692,0.977734299524182,1.9434339291779326e-16,0.0
Qwen3-4B-Base,36,8111,0,2560,0.7106333579586626,0.838838501284626,0.8977281222380777,0.938476517221486,0.9710080827223544,0.99453125,0.918359375,0.48203125,1.0,0.9196098859987464,0.8932208334348479,0.977734299524182,0.0,0.0
Qwen3-4B-Base,36,8111,1,2560,0.7144204674021115,0.8383865460703502,0.896960927437555,0.9382810383252992,0.9754064045367272,0.99609375,0.918359375,0.484375,1.0,0.9129098232318787,0.8816564512939039,0.977734299524182,1.9434339291779326e-16,1.3334425054637402e-16
Qwen3-4B-Base,36,8111,4,2560,0.7303844289894176,0.8559222518138365,0.9119526276198792,0.9502875686319976,0.985523448270571,0.998828125,0.9375,0.571875,1.0,0.8698259863355615,0.7763427231099448,0.977734299524182,0.0,0.0
Qwen3-4B-Base,36,8111,16,2560,0.909250342508782,0.9544151729370584,0.97130842485786,0.9818732759200494,0.9904928865211858,1.0,0.99921875,0.96015625,1.0,0.4627334491033936,0.2368789146772229,0.977734299524182,1.9434339291779326e-16,0.0
Qwen3-8B-Base,0,1729,0,4096,0.7086932347085546,0.8235750461564205,0.8781872295299682,0.9155703085840176,0.9515803639818068,0.99658203125,0.914794921875,0.35595703125,1.0,0.3888333615960782,0.2208553769234124,0.8766633789350758,0.0,3.2788672698734744e-16
Qwen3-8B-Base,0,1729,1,4096,0.7121973518526803,0.8237160185130985,0.8763357219413633,0.9152819220351424,0.9508754252590405,0.995361328125,0.916015625,0.358642578125,1.0,0.38190531216361,0.210590112237242,0.8766633789350758,0.0,3.2788672698734744e-16
Qwen3-8B-Base,0,1729,4,4096,0.6992248788792415,0.8212932083177511,0.8733261804605794,0.9127431631237536,0.9512750105240582,0.99560546875,0.901123046875,0.327880859375,1.0,0.3634430384844425,0.1857133481088879,0.8766633789350758,0.0,3.2788672698734744e-16
Qwen3-8B-Base,0,1729,16,4096,0.6840929281519506,0.8062050051051144,0.8643772991043615,0.9077881378480196,0.9470655213406808,0.9951171875,0.882080078125,0.296142578125,1.0,0.322991272976989,0.1435235611141415,0.8766633789350758,0.0,3.2788672698734744e-16
Qwen3-8B-Base,0,2718,0,4096,0.7086932347085546,0.8235750461564205,0.8781872295299682,0.9155703085840176,0.9515803639818068,0.99658203125,0.914794921875,0.35595703125,1.0,0.3888333615960782,0.2208553769234124,0.8766633789350758,0.0,3.2788672698734744e-16
Qwen3-8B-Base,0,2718,1,4096,0.7095766664193127,0.8240899409055545,0.8787413419804547,0.915532685053014,0.95186718328177,0.99462890625,0.91455078125,0.35693359375,1.0,0.3805622591604698,0.2106922117641805,0.8766633789350756,1.8451981442538016e-16,3.2788672698734744e-16
Qwen3-8B-Base,0,2718,4,4096,0.6962859372243639,0.8197354709613818,0.8751847910178685,0.9144573753006902,0.9503333789053746,0.99462890625,0.899169921875,0.3427734375,1.0,0.3678763482933287,0.1894946509455126,0.8766633789350758,0.0,3.2788672698734744e-16
Qwen3-8B-Base,0,2718,16,4096,0.6828443397732828,0.8069787214485706,0.8641386731468981,0.908013516884927,0.94634118483238,0.9951171875,0.881103515625,0.299072265625,1.0,0.3264610637614606,0.1421842227550091,0.8766633789350758,0.0,3.2788672698734744e-16
Qwen3-8B-Base,0,3141,0,4096,0.7086932347085546,0.8235750461564205,0.8781872295299682,0.9155703085840176,0.9515803639818068,0.99658203125,0.914794921875,0.35595703125,1.0,0.3888333615960782,0.2208553769234124,0.8766633789350758,0.0,3.2788672698734744e-16
Qwen3-8B-Base,0,3141,1,4096,0.7064291466354574,0.8232506309055313,0.8781685213833951,0.9160239490359584,0.9515515163032466,0.99560546875,0.9072265625,0.35791015625,1.0,0.3849475361391816,0.2127748422617693,0.8766633789350758,0.0,3.2788672698734744e-16
Qwen3-8B-Base,0,3141,4,4096,0.6971092489276134,0.822093633715544,0.8751058760134428,0.9139445916517857,0.9494029675465716,0.9951171875,0.895263671875,0.343017578125,1.0,0.3685876982949816,0.1884089653963508,0.8766633789350758,0.0,3.2788672698734744e-16
Qwen3-8B-Base,0,3141,16,4096,0.6828526247256277,0.8078319589782333,0.8655814277579535,0.9078587076676344,0.9454193151604308,0.995849609375,0.88232421875,0.2998046875,1.0,0.3210826182683544,0.1453239868945502,0.8766633789350758,0.0,3.2788672698734744e-16
Qwen3-8B-Base,0,5772,0,4096,0.7086932347085546,0.8235750461564205,0.8781872295299682,0.9155703085840176,0.9515803639818068,0.99658203125,0.914794921875,0.35595703125,1.0,0.3888333615960782,0.2208553769234124,0.8766633789350758,0.0,3.2788672698734744e-16
Qwen3-8B-Base,0,5772,1,4096,0.7012150243621397,0.8221272922372196,0.8779855584195017,0.9157701960219484,0.95171599335304,0.995361328125,0.908447265625,0.362060546875,1.0,0.38482019992005,0.2102836063771077,0.8766633789350758,0.0,3.2788672698734744e-16
Qwen3-8B-Base,0,5772,4,4096,0.7041155861570209,0.8218407652055427,0.8757611159761147,0.914500109774987,0.9499864390607832,0.9951171875,0.907470703125,0.346923828125,0.999755859375,0.3627706179191492,0.1870730705359018,0.8766633789350758,0.0,3.2788672698734744e-16
Qwen3-8B-Base,0,5772,16,4096,0.6874284657696308,0.8079512402541857,0.8653204061880126,0.90845900997863,0.947019632699584,0.994873046875,0.88232421875,0.2958984375,1.0,0.3205050251754349,0.139320833319673,0.8766633789350756,1.8451981442538016e-16,3.2788672698734744e-16
Qwen3-8B-Base,0,8111,0,4096,0.7086932347085546,0.8235750461564205,0.8781872295299682,0.9155703085840176,0.9515803639818068,0.99658203125,0.914794921875,0.35595703125,1.0,0.3888333615960782,0.2208553769234124,0.8766633789350758,0.0,3.2788672698734744e-16
Qwen3-8B-Base,0,8111,1,4096,0.7089435640613035,0.8231009826530951,0.8771222314345134,0.9152411704178968,0.9514813001152952,0.996337890625,0.90869140625,0.355712890625,1.0,0.3855837627708893,0.2153640670393415,0.8766633789350757,1.8451981442538016e-16,4.918300904810212e-16
Qwen3-8B-Base,0,8111,4,4096,0.7008707320169385,0.8209608187345288,0.8753224603750491,0.9135101890878043,0.949541023092546,0.994140625,0.909423828125,0.34326171875,1.0,0.3655878119510938,0.1948899008510858,0.8766633789350758,0.0,3.2788672698734744e-16
Qwen3-8B-Base,0,8111,16,4096,0.6863662254541009,0.8063297341562548,0.8630702284186692,0.9071888277573532,0.946526562631615,0.99658203125,0.87841796875,0.288818359375,1.0,0.3308548516983223,0.1505531199114602,0.8766633789350758,0.0,3.2788672698734744e-16
Qwen3-8B-Base,9,1729,0,4096,0.3225625664495682,0.4862240592290359,0.6034518279966878,0.7124396092082016,0.8299060529431117,0.728515625,0.1640625,0.0087890625,1.0,0.9947136065152566,0.9918865317163722,0.4525615053659348,2.911033880823707e-16,4.81304069110977e-16
Qwen3-8B-Base,9,1729,1,4096,0.3331507524767117,0.4934210961041137,0.6111872616762208,0.7164969688216182,0.8344033866140281,0.738037109375,0.180908203125,0.011474609375,1.0,0.9939720311682254,0.9909215661139164,0.4525615053659346,0.0,8.422821209442099e-16
Qwen3-8B-Base,9,1729,4,4096,0.3559907468178576,0.5214114691388567,0.6406412323493604,0.7394338998612459,0.8561702602217298,0.78515625,0.22705078125,0.017333984375,1.0,0.9904353657764464,0.9882012478006498,0.4525615053659347,1.4555169404118536e-16,6.0163008638872125e-16
Qwen3-8B-Base,9,1729,16,4096,0.3304497679269055,0.4285126554442513,0.4718568386468262,0.5726577641664928,0.7744509773608362,0.398193359375,0.067626953125,0.001708984375,1.0,0.8589138300194661,0.6587177381471064,0.4525615053659347,1.4555169404118536e-16,2.406520345554885e-16
Qwen3-8B-Base,9,2718,0,4096,0.3225625664495682,0.4862240592290359,0.6034518279966878,0.7124396092082016,0.8299060529431117,0.728515625,0.1640625,0.0087890625,1.0,0.9947136065152566,0.9918865317163722,0.4525615053659348,2.911033880823707e-16,4.81304069110977e-16
Qwen3-8B-Base,9,2718,1,4096,0.3317227145242981,0.492480221085712,0.6121381485027371,0.7187629327704023,0.8341758830456553,0.737060546875,0.182373046875,0.010498046875,1.0,0.9941949811666052,0.9910559584429652,0.4525615053659345,0.0,1.323586190055187e-15
Qwen3-8B-Base,9,2718,4,4096,0.3617873365375069,0.5216070289816187,0.6377488582654136,0.7388691450659542,0.8530015208793255,0.789794921875,0.222412109375,0.015380859375,1.0,0.9918512715659292,0.988311145504239,0.4525615053659347,2.911033880823707e-16,3.609780518332327e-16
Qwen3-8B-Base,9,2718,16,4096,0.323170093951495,0.43627488896499,0.5080779767622765,0.6421475165449261,0.8098034893892521,0.51904296875,0.10888671875,0.00341796875,1.0,0.9404918151151104,0.8824941092466639,0.4525615053659348,0.0,3.609780518332327e-16
Qwen3-8B-Base,9,3141,0,4096,0.3225625664495682,0.4862240592290359,0.6034518279966878,0.7124396092082016,0.8299060529431117,0.728515625,0.1640625,0.0087890625,1.0,0.9947136065152566,0.9918865317163722,0.4525615053659348,2.911033880823707e-16,4.81304069110977e-16
Qwen3-8B-Base,9,3141,1,4096,0.328379961561726,0.4942449874145183,0.6148855906229997,0.7194346201351127,0.8381701557264233,0.74267578125,0.1787109375,0.011962890625,1.0,0.9940318834248888,0.990832804061011,0.4525615053659348,2.911033880823707e-16,6.0163008638872125e-16
Qwen3-8B-Base,9,3141,4,4096,0.3467747389340478,0.5212686890027155,0.6401361899638603,0.741485555471404,0.849170314856831,0.783935546875,0.23291015625,0.017578125,1.0,0.9911544611581984,0.9880533914354146,0.4525615053659348,0.0,3.609780518332327e-16
Qwen3-8B-Base,9,3141,16,4096,0.3327284210365901,0.4313165950884398,0.4729373171136672,0.5797138183310754,0.7662461329485588,0.412109375,0.059814453125,0.00244140625,1.0,0.8507894518658978,0.6316082652044848,0.4525615053659347,1.4555169404118536e-16,6.0163008638872125e-16
Qwen3-8B-Base,9,5772,0,4096,0.3225625664495682,0.4862240592290359,0.6034518279966878,0.7124396092082016,0.8299060529431117,0.728515625,0.1640625,0.0087890625,1.0,0.9947136065152566,0.9918865317163722,0.4525615053659348,2.911033880823707e-16,4.81304069110977e-16
Qwen3-8B-Base,9,5772,1,4096,0.3273484031240135,0.4954584618170649,0.6107970665290163,0.7176097374778118,0.8342573928925195,0.74169921875,0.1845703125,0.010986328125,1.0,0.9941747445130312,0.9910012804461584,0.4525615053659349,0.0,2.406520345554885e-16
Qwen3-8B-Base,9,5772,4,4096,0.3539789373048808,0.5198502869929575,0.6390580705713674,0.7402271143767671,0.8558904952332962,0.78759765625,0.224609375,0.019775390625,1.0,0.9914031777075089,0.9884411046334662,0.4525615053659348,2.911033880823707e-16,6.0163008638872125e-16
Qwen3-8B-Base,9,5772,16,4096,0.3299059744884629,0.4336243904304592,0.4766611071102192,0.5777398678481601,0.7831854211398814,0.416259765625,0.0732421875,0.00244140625,1.0,0.8718208900684963,0.70093724632586,0.4525615053659348,1.4555169404118536e-16,3.609780518332327e-16
Qwen3-8B-Base,9,8111,0,4096,0.3225625664495682,0.4862240592290359,0.6034518279966878,0.7124396092082016,0.8299060529431117,0.728515625,0.1640625,0.0087890625,1.0,0.9947136065152566,0.9918865317163722,0.4525615053659348,2.911033880823707e-16,4.81304069110977e-16
Qwen3-8B-Base,9,8111,1,4096,0.3303426260661275,0.4947863418551855,0.6141120401310461,0.7183882515528363,0.8388049009662881,0.741455078125,0.1787109375,0.0107421875,1.0,0.994159471368288,0.990963807773245,0.4525615053659348,0.0,3.609780518332327e-16
Qwen3-8B-Base,9,8111,4,4096,0.3560788997834088,0.5240465989074645,0.6420911038629113,0.7412926399975965,0.8506494238011989,0.788330078125,0.230224609375,0.01513671875,1.0,0.9918888740273568,0.9882874887175584,0.4525615053659347,0.0,6.0163008638872125e-16
Qwen3-8B-Base,9,8111,16,4096,0.326872684032172,0.4341631954667177,0.4939246338018196,0.6222903067680029,0.8017254335090023,0.486328125,0.090576171875,0.001953125,0.999755859375,0.9084141531560586,0.7920712243816054,0.4525615053659348,2.911033880823707e-16,6.0163008638872125e-16
Qwen3-8B-Base,19,1729,0,4096,0.1725295525694777,0.3014040199559544,0.4138939528563342,0.5449245317536783,0.7280161831927576,0.32763671875,0.03564453125,0.00390625,0.996337890625,0.9938316135420822,0.9871772358914942,0.4536156205080576,1.285846991106572e-16,8.540218976122155e-16
Qwen3-8B-Base,19,1729,1,4096,0.1831879139873986,0.3141741023212901,0.4342905647535553,0.5686254401193078,0.7491011587283942,0.37548828125,0.049560546875,0.004638671875,0.997314453125,0.9924249160609095,0.9845259197761396,0.4536156205080578,1.285846991106572e-16,2.1350547440305386e-16
Qwen3-8B-Base,19,1729,4,4096,0.2122046233627653,0.3712955477214281,0.498121968438904,0.6219270278658673,0.7874534266844465,0.496337890625,0.076171875,0.00732421875,0.99951171875,0.98725647947106,0.9784737430033816,0.4536156205080576,0.0,6.405164232091618e-16
Qwen3-8B-Base,19,1729,16,4096,0.2710270347597973,0.4081397132580778,0.4741765477526405,0.5743341932223495,0.7378258565577639,0.425537109375,0.04345703125,0.00048828125,0.999755859375,0.892349560300471,0.7640131752046251,0.4536156205080577,1.285846991106572e-16,2.1350547440305386e-16
Qwen3-8B-Base,19,2718,0,4096,0.1725295525694777,0.3014040199559544,0.4138939528563342,0.5449245317536783,0.7280161831927576,0.32763671875,0.03564453125,0.00390625,0.996337890625,0.9938316135420822,0.9871772358914942,0.4536156205080576,1.285846991106572e-16,8.540218976122155e-16
Qwen3-8B-Base,19,2718,1,4096,0.1810163504140453,0.3160373716029747,0.4313057485138969,0.5672697200282415,0.7469799877867519,0.363525390625,0.047119140625,0.005859375,0.996826171875,0.992385031991274,0.9848107152090114,0.4536156205080578,2.571693982213144e-16,2.1350547440305386e-16
Qwen3-8B-Base,19,2718,4,4096,0.2144253149676462,0.3641536197802665,0.4982956944349967,0.6262005284804002,0.7874494041293894,0.493408203125,0.082763671875,0.010498046875,0.998291015625,0.9869666279977534,0.97817376236274,0.4536156205080577,0.0,2.1350547440305386e-16
Qwen3-8B-Base,19,2718,16,4096,0.2618147111455966,0.4026783376203511,0.4701963448937427,0.5720421365942678,0.7320929622531174,0.40869140625,0.038818359375,0.000244140625,1.0,0.8910763296358277,0.7629052263355011,0.4536156205080576,1.285846991106572e-16,4.270109488061077e-16
Qwen3-8B-Base,19,3141,0,4096,0.1725295525694777,0.3014040199559544,0.4138939528563342,0.5449245317536783,0.7280161831927576,0.32763671875,0.03564453125,0.00390625,0.996337890625,0.9938316135420822,0.9871772358914942,0.4536156205080576,1.285846991106572e-16,8.540218976122155e-16
Qwen3-8B-Base,19,3141,1,4096,0.1799882997862981,0.3129321592626884,0.4280710746885623,0.5728201475604888,0.7508625885992024,0.358642578125,0.051513671875,0.00537109375,0.996826171875,0.9925110088184316,0.9849769726738592,0.4536156205080577,1.285846991106572e-16,0.0
Qwen3-8B-Base,19,3141,4,4096,0.2160443788362553,0.3671320703830077,0.4943148563355932,0.619791945447502,0.7796546524285848,0.48974609375,0.07275390625,0.007568359375,0.998291015625,0.9867739893598156,0.9788396866476544,0.4536156205080577,0.0,2.1350547440305386e-16
Qwen3-8B-Base,19,3141,16,4096,0.2725311905961661,0.4087306778223745,0.4651731794747012,0.5582273977157038,0.7258671218781445,0.374755859375,0.037353515625,0.000732421875,0.999755859375,0.8370651645506992,0.6089966631408733,0.4536156205080577,1.285846991106572e-16,2.1350547440305386e-16
Qwen3-8B-Base,19,5772,0,4096,0.1725295525694777,0.3014040199559544,0.4138939528563342,0.5449245317536783,0.7280161831927576,0.32763671875,0.03564453125,0.00390625,0.996337890625,0.9938316135420822,0.9871772358914942,0.4536156205080576,1.285846991106572e-16,8.540218976122155e-16
Qwen3-8B-Base,19,5772,1,4096,0.1825889235643351,0.3147268556001128,0.4316022585012948,0.5694236601221869,0.7445577859578114,0.365478515625,0.04541015625,0.0048828125,0.997314453125,0.9925270193138294,0.9851945256633756,0.4536156205080576,0.0,6.405164232091618e-16
Qwen3-8B-Base,19,5772,4,4096,0.2211066959173694,0.3711000301062893,0.4883321513245949,0.6189592399135818,0.7864417634965623,0.4716796875,0.0771484375,0.00634765625,0.9990234375,0.9868751909649298,0.9786874664688144,0.4536156205080578,1.285846991106572e-16,4.270109488061077e-16
Qwen3-8B-Base,19,5772,16,4096,0.2783225043854651,0.4066951944342241,0.4669594423940655,0.5516448325481427,0.7126627641900734,0.3720703125,0.027099609375,0.000732421875,0.999755859375,0.8470501149106182,0.6421033273983863,0.4536156205080577,1.285846991106572e-16,2.1350547440305386e-16
Qwen3-8B-Base,19,8111,0,4096,0.1725295525694777,0.3014040199559544,0.4138939528563342,0.5449245317536783,0.7280161831927576,0.32763671875,0.03564453125,0.00390625,0.996337890625,0.9938316135420822,0.9871772358914942,0.4536156205080576,1.285846991106572e-16,8.540218976122155e-16
Qwen3-8B-Base,19,8111,1,4096,0.1826432665087505,0.3180896833285381,0.4334647186741096,0.5702831547235006,0.7467481915256597,0.37060546875,0.047607421875,0.0048828125,0.998291015625,0.9923774448587268,0.9850666596624988,0.4536156205080578,1.285846991106572e-16,0.0
Qwen3-8B-Base,19,8111,4,4096,0.2222458461715374,0.3673171426419198,0.4887951868439811,0.6171394010776563,0.7849939201825447,0.4765625,0.073486328125,0.007568359375,0.99853515625,0.9869019793758976,0.979133521693908,0.4536156205080577,1.285846991106572e-16,4.270109488061077e-16
Qwen3-8B-Base,19,8111,16,4096,0.2814617675616759,0.4059803390814402,0.4669780571325657,0.5571215965916185,0.7299994042052955,0.38330078125,0.033935546875,0.000732421875,0.99951171875,0.8467974913014589,0.6520304195614199,0.4536156205080576,0.0,4.270109488061077e-16
Qwen3-8B-Base,27,1729,0,4096,0.5428061651842555,0.7194614547147827,0.8112363519112487,0.8753791663475481,0.9356591585108276,0.967529296875,0.690673828125,0.154052734375,0.99951171875,0.8124704001223608,0.7371198016028871,0.591805178845652,0.0,1.4696844151620425e-15
Qwen3-8B-Base,27,1729,1,4096,0.540238251413796,0.7181940256427718,0.8081077628132981,0.8720455308922355,0.93461221106455,0.96533203125,0.67529296875,0.1474609375,0.99951171875,0.8034052279977972,0.724570957181593,0.5918051788456522,1.2671348368617122e-16,7.348422075810213e-16
Qwen3-8B-Base,27,1729,4,4096,0.5184051336618373,0.7031435486769475,0.7975543676499125,0.8666547434907246,0.9310051009444488,0.956298828125,0.643310546875,0.133544921875,1.0,0.7763987996546908,0.6895445353480579,0.5918051788456523,1.2671348368617122e-16,5.511316556857659e-16
Qwen3-8B-Base,27,1729,16,4096,0.4402721230071817,0.5851490625575473,0.7142200570386756,0.8065728045234581,0.8901638979207709,0.892333984375,0.40576171875,0.03515625,1.0,0.6031278400378364,0.4405614659141226,0.5918051788456522,0.0,7.348422075810213e-16
Qwen3-8B-Base,27,2718,0,4096,0.5428061651842555,0.7194614547147827,0.8112363519112487,0.8753791663475481,0.9356591585108276,0.967529296875,0.690673828125,0.154052734375,0.99951171875,0.8124704001223608,0.7371198016028871,0.591805178845652,0.0,1.4696844151620425e-15
Qwen3-8B-Base,27,2718,1,4096,0.5408260296247615,0.7169240361602578,0.8091709696294942,0.8728130946250252,0.934403292878018,0.9658203125,0.6728515625,0.139404296875,0.99951171875,0.8033791755321142,0.7244012709227069,0.591805178845652,0.0,1.4696844151620425e-15
Qwen3-8B-Base,27,2718,4,4096,0.5074217467364797,0.703191284936395,0.7976380918460549,0.8663188691215327,0.931093776174622,0.953857421875,0.6396484375,0.13720703125,1.0,0.7744837125863913,0.6858582355443928,0.5918051788456523,1.2671348368617122e-16,5.511316556857659e-16
Qwen3-8B-Base,27,2718,16,4096,0.4473604396665726,0.5999851604178104,0.7232916272407468,0.8155424202431133,0.8949871918536656,0.89501953125,0.436767578125,0.041259765625,1.0,0.6107765953842565,0.4606210005548324,0.5918051788456523,0.0,3.6742110379051063e-16
Qwen3-8B-Base,27,3141,0,4096,0.5428061651842555,0.7194614547147827,0.8112363519112487,0.8753791663475481,0.9356591585108276,0.967529296875,0.690673828125,0.154052734375,0.99951171875,0.8124704001223608,0.7371198016028871,0.591805178845652,0.0,1.4696844151620425e-15
Qwen3-8B-Base,27,3141,1,4096,0.5409053260395009,0.7151823204080237,0.807638804943671,0.8729520395212617,0.933903608324564,0.9638671875,0.67578125,0.14794921875,0.99951171875,0.8031770707650259,0.7233982004435496,0.5918051788456522,1.2671348368617122e-16,9.185527594762764e-16
Qwen3-8B-Base,27,3141,4,4096,0.5136657148693771,0.7076615727078686,0.7963548762245203,0.8657474547583895,0.9325020912867112,0.95703125,0.646240234375,0.13623046875,1.0,0.7739045007029823,0.6886323957979145,0.5918051788456522,0.0,7.348422075810213e-16
Qwen3-8B-Base,27,3141,16,4096,0.449840894314045,0.5978116399448348,0.7172139139001792,0.8076413418500978,0.894266730492234,0.897705078125,0.410888671875,0.04052734375,1.0,0.6163087463387671,0.4684599431144897,0.5918051788456523,0.0,5.511316556857659e-16
Qwen3-8B-Base,27,5772,0,4096,0.5428061651842555,0.7194614547147827,0.8112363519112487,0.8753791663475481,0.9356591585108276,0.967529296875,0.690673828125,0.154052734375,0.99951171875,0.8124704001223608,0.7371198016028871,0.591805178845652,0.0,1.4696844151620425e-15
Qwen3-8B-Base,27,5772,1,4096,0.54005750484567,0.7185314384071747,0.8074937523829371,0.873643591114424,0.9331070212922302,0.96484375,0.6708984375,0.140625,0.999267578125,0.8041204072511916,0.7252573617847716,0.5918051788456524,2.534269673723425e-16,1.8371055189525532e-16
Qwen3-8B-Base,27,5772,4,4096,0.5141201742054682,0.7030696543286892,0.7950529348944579,0.8690380702804397,0.9302999667843768,0.95654296875,0.6357421875,0.140380859375,1.0,0.7749259774180726,0.6869723980021293,0.5918051788456522,1.2671348368617122e-16,7.348422075810213e-16
Qwen3-8B-Base,27,5772,16,4096,0.4331111090011396,0.5673207986757962,0.6838089161543883,0.7882831176250067,0.8843682333640877,0.867919921875,0.341796875,0.032958984375,1.0,0.5520976056218898,0.3518577148541195,0.5918051788456522,0.0,7.348422075810213e-16
Qwen3-8B-Base,27,8111,0,4096,0.5428061651842555,0.7194614547147827,0.8112363519112487,0.8753791663475481,0.9356591585108276,0.967529296875,0.690673828125,0.154052734375,0.99951171875,0.8124704001223608,0.7371198016028871,0.591805178845652,0.0,1.4696844151620425e-15
Qwen3-8B-Base,27,8111,1,4096,0.5425411350591023,0.7179656724839283,0.8077111533799992,0.8727079222475902,0.9341376766511644,0.964111328125,0.675048828125,0.146484375,1.0,0.8028507825514546,0.7244780779432515,0.5918051788456521,0.0,1.1022633113715318e-15
Qwen3-8B-Base,27,8111,4,4096,0.5176779097171093,0.7038618344051462,0.7967621097199115,0.8663521446862352,0.929364665841715,0.960205078125,0.644775390625,0.135009765625,1.0,0.7745185179307277,0.6871319918910233,0.5918051788456523,0.0,1.8371055189525532e-16
Qwen3-8B-Base,27,8111,16,4096,0.4437819164738303,0.5891835458774848,0.7127807617698952,0.805823640093471,0.8921705771405563,0.887939453125,0.40087890625,0.037109375,1.0,0.5995221636832382,0.4246851684588293,0.5918051788456523,1.2671348368617122e-16,3.6742110379051063e-16
Qwen3-8B-Base,36,1729,0,4096,0.7101734881599431,0.8329398558398258,0.8883255899903274,0.9265501102495556,0.9646163128680296,0.994873046875,0.91796875,0.42626953125,1.0,0.9719465258793074,0.965596732914468,0.9834627434488132,1.3454726152216176e-16,2.5004566682988843e-16
Qwen3-8B-Base,36,1729,1,4096,0.7023517775170548,0.8358749401074778,0.8902332479084831,0.9286066436415564,0.9684434017692082,0.9951171875,0.91845703125,0.4404296875,1.0,0.968771118602436,0.9624407319280514,0.9834627434488132,0.0,3.750685002448325e-16
Qwen3-8B-Base,36,1729,4,4096,0.7191468930419247,0.8424752386367058,0.8979221305334446,0.9404752913684152,0.9838690419970132,0.996337890625,0.9248046875,0.489501953125,1.0,0.9531456438848458,0.9303266076200084,0.9834627434488132,1.3454726152216176e-16,3.750685002448325e-16
Qwen3-8B-Base,36,1729,16,4096,0.9168555702886984,0.9602148533663536,0.9759305627783867,0.9845933613636372,0.9915917875332644,1.0,0.9990234375,0.970458984375,1.0,0.6467046535473089,0.3929440449007066,0.9834627434488132,1.3454726152216176e-16,3.750685002448325e-16
Qwen3-8B-Base,36,2718,0,4096,0.7101734881599431,0.8329398558398258,0.8883255899903274,0.9265501102495556,0.9646163128680296,0.994873046875,0.91796875,0.42626953125,1.0,0.9719465258793074,0.965596732914468,0.9834627434488132,1.3454726152216176e-16,2.5004566682988843e-16
Qwen3-8B-Base,36,2718,1,4096,0.7050104320979207,0.8328692775733246,0.8874276372766553,0.9275376466442876,0.9685269377710162,0.99560546875,0.912841796875,0.4287109375,1.0,0.9699797959542518,0.9627664527673588,0.9834627434488132,1.3454726152216176e-16,3.750685002448325e-16
Qwen3-8B-Base,36,2718,4,4096,0.7151676619854741,0.8444209498334139,0.898182779109941,0.9394468120869216,0.9827953957000366,0.99609375,0.9248046875,0.492431640625,1.0,0.9521826231801336,0.9325602438769764,0.9834627434488132,1.3454726152216176e-16,3.750685002448325e-16
Qwen3-8B-Base,36,2718,16,4096,0.9190822619677562,0.962087412920591,0.9770687796141267,0.9849920378900938,0.9916909588262564,1.0,0.99951171875,0.97119140625,1.0,0.6217026854491239,0.3606530916517531,0.9834627434488132,1.3454726152216176e-16,3.750685002448325e-16
Qwen3-8B-Base,36,3141,0,4096,0.7101734881599431,0.8329398558398258,0.8883255899903274,0.9265501102495556,0.9646163128680296,0.994873046875,0.91796875,0.42626953125,1.0,0.9719465258793074,0.965596732914468,0.9834627434488132,1.3454726152216176e-16,2.5004566682988843e-16
Qwen3-8B-Base,36,3141,1,4096,0.7096159150788238,0.8359523144330663,0.8895016244344058,0.9288045292117104,0.9672891250250542,0.995849609375,0.921142578125,0.43603515625,1.0,0.9690836140858672,0.9627086305233152,0.9834627434488132,1.3454726152216176e-16,3.750685002448325e-16
Qwen3-8B-Base,36,3141,4,4096,0.7236829131516602,0.8448665406894831,0.8988479866873782,0.93904615227268,0.9832139602734664,0.995361328125,0.9287109375,0.491943359375,1.0,0.9536535293996926,0.9339240949061391,0.9834627434488132,0.0,3.750685002448325e-16
Qwen3-8B-Base,36,3141,16,4096,0.9151180062729948,0.959928947942343,0.9761984098285,0.9849211285165966,0.9917165908265864,1.0,0.99951171875,0.97216796875,1.0,0.633623592484893,0.3701694025972269,0.9834627434488132,1.3454726152216176e-16,3.750685002448325e-16
Qwen3-8B-Base,36,5772,0,4096,0.7101734881599431,0.8329398558398258,0.8883255899903274,0.9265501102495556,0.9646163128680296,0.994873046875,0.91796875,0.42626953125,1.0,0.9719465258793074,0.965596732914468,0.9834627434488132,1.3454726152216176e-16,2.5004566682988843e-16
Qwen3-8B-Base,36,5772,1,4096,0.7057739708940419,0.8353398241437735,0.8893955479534972,0.9277816363185146,0.9679361518889296,0.9951171875,0.914794921875,0.4326171875,1.0,0.96906153554074,0.962495403036654,0.9834627434488132,1.3454726152216176e-16,3.750685002448325e-16
Qwen3-8B-Base,36,5772,4,4096,0.7196393494778346,0.8431699765541495,0.8971055894166587,0.9378856247118345,0.9827638906368856,0.998046875,0.9267578125,0.484375,1.0,0.9542692634424066,0.9338557111138044,0.9834627434488132,0.0,3.750685002448325e-16
Qwen3-8B-Base,36,5772,16,4096,0.9108443670166476,0.9586645028378752,0.9749806117894172,0.984161060410339,0.99111464615477,1.0,0.998779296875,0.96630859375,1.0,0.6557747040846855,0.403680003732882,0.9834627434488132,1.3454726152216176e-16,3.750685002448325e-16
Qwen3-8B-Base,36,8111,0,4096,0.7101734881599431,0.8329398558398258,0.8883255899903274,0.9265501102495556,0.9646163128680296,0.994873046875,0.91796875,0.42626953125,1.0,0.9719465258793074,0.965596732914468,0.9834627434488132,1.3454726152216176e-16,2.5004566682988843e-16
Qwen3-8B-Base,36,8111,1,4096,0.7152727927109617,0.8355481868910452,0.888620627315617,0.9290358053809288,0.9690600577662252,0.994140625,0.919921875,0.43212890625,1.0,0.9691804860819632,0.9626425547481374,0.9834627434488132,0.0,3.750685002448325e-16
Qwen3-8B-Base,36,8111,4,4096,0.7203632608465417,0.8444633600807987,0.8987100187840459,0.938820946265578,0.9832478868827584,0.997802734375,0.92578125,0.492431640625,1.0,0.9520080362424496,0.9285530190434638,0.9834627434488132,0.0,3.750685002448325e-16
Qwen3-8B-Base,36,8111,16,4096,0.919881121988786,0.9625881048464446,0.9770750015335308,0.985175058597126,0.9916632482380182,1.0,0.99853515625,0.97265625,1.0,0.6144204507380764,0.352528299912854,0.9834627434488132,1.3454726152216176e-16,3.750685002448325e-16
SmolLM2-1.7B,0,1729,0,2048,0.8984789630927273,0.9437677350214932,0.9626910914920468,0.9756906640917956,0.98693021869737,1.0,0.9990234375,0.9482421875,1.0,0.4264680115705663,0.2531965681466388,0.9692507392610612,0.0,1.5686910336701746e-16
SmolLM2-1.7B,0,1729,1,2048,0.8929348442278386,0.9443559270522324,0.963796836121636,0.9758017020886464,0.9869158027880466,1.0,0.9990234375,0.93994140625,1.0,0.4152756900698136,0.2363461268266424,0.9692507392610612,0.0,0.0
SmolLM2-1.7B,0,1729,4,2048,0.901388590944622,0.9465742704201106,0.9650794264796864,0.976120239994301,0.9866347526997684,1.0,0.9990234375,0.95068359375,1.0,0.3830748617788493,0.1982380307322358,0.9692507392610612,0.0,0.0
SmolLM2-1.7B,0,1729,16,2048,0.909067188807044,0.9500337201527916,0.965988112050826,0.977107469126321,0.9855674710652654,1.0,0.99951171875,0.962890625,1.0,0.3235621960542432,0.1395068020035391,0.9692507392610612,0.0,1.5686910336701746e-16
SmolLM2-1.7B,0,2718,0,2048,0.8984789630927273,0.9437677350214932,0.9626910914920468,0.9756906640917956,0.98693021869737,1.0,0.9990234375,0.9482421875,1.0,0.4264680115705663,0.2531965681466388,0.9692507392610612,0.0,1.5686910336701746e-16
SmolLM2-1.7B,0,2718,1,2048,0.8990508310491033,0.9446732374451589,0.9639163100378902,0.9761739787793564,0.9865818997772574,1.0,0.99853515625,0.9453125,1.0,0.4078487582752117,0.2317307036349602,0.9692507392610612,0.0,0.0
SmolLM2-1.7B,0,2718,4,2048,0.8976038926169164,0.9453626867754854,0.965742505531499,0.9764487214065772,0.9858895005190552,1.0,0.9990234375,0.9453125,1.0,0.3798597207063861,0.1952465670063135,0.9692507392610612,0.0,0.0
SmolLM2-1.7B,0,2718,16,2048,0.9112483503175592,0.9491012491086396,0.9667341142579102,0.9767868079902512,0.985861605983364,1.0,1.0,0.9658203125,1.0,0.3239347439572921,0.1439874482904046,0.9692507392610612,0.0,1.5686910336701746e-16
SmolLM2-1.7B,0,3141,0,2048,0.8984789630927273,0.9437677350214932,0.9626910914920468,0.9756906640917956,0.98693021869737,1.0,0.9990234375,0.9482421875,1.0,0.4264680115705663,0.2531965681466388,0.9692507392610612,0.0,1.5686910336701746e-16
SmolLM2-1.7B,0,3141,1,2048,0.90013226759972,0.944567368809084,0.9636017409505366,0.9758530498606782,0.9865638719966654,1.0,1.0,0.94970703125,1.0,0.4117897870455207,0.2370596754513785,0.9692507392610612,0.0,0.0
SmolLM2-1.7B,0,3141,4,2048,0.9018819632698244,0.9465435094134592,0.9643700448473131,0.976740697649594,0.9861847255469554,1.0,1.0,0.951171875,1.0,0.3805179480984766,0.1975103426452728,0.9692507392610612,0.0,0.0
SmolLM2-1.7B,0,3141,16,2048,0.9073205821977016,0.949489382054478,0.966123549152088,0.9766119423032228,0.9858717951995828,1.0,0.9990234375,0.9619140625,1.0,0.328840963657611,0.1478199782468807,0.9692507392610612,0.0,1.5686910336701746e-16
SmolLM2-1.7B,0,5772,0,2048,0.8984789630927273,0.9437677350214932,0.9626910914920468,0.9756906640917956,0.98693021869737,1.0,0.9990234375,0.9482421875,1.0,0.4264680115705663,0.2531965681466388,0.9692507392610612,0.0,1.5686910336701746e-16
SmolLM2-1.7B,0,5772,1,2048,0.8992175612829757,0.9461200089275964,0.96383913047299,0.9760169957907918,0.9867935313598906,1.0,0.99853515625,0.94921875,1.0,0.4083414838955106,0.2361397318365359,0.9692507392610612,0.0,0.0
SmolLM2-1.7B,0,5772,4,2048,0.9014343049029584,0.9467612118759562,0.9657298519477762,0.9767957065037292,0.9861504814546542,1.0,0.99853515625,0.95068359375,1.0,0.3767221347833114,0.2004261569979199,0.9692507392610612,0.0,0.0
SmolLM2-1.7B,0,5772,16,2048,0.905249993753695,0.947973756146658,0.9658917749733784,0.9772490880962548,0.9861505349216044,1.0,0.99853515625,0.95947265625,1.0,0.3323421599892995,0.1469861867876866,0.9692507392610612,0.0,1.5686910336701746e-16
SmolLM2-1.7B,0,8111,0,2048,0.8984789630927273,0.9437677350214932,0.9626910914920468,0.9756906640917956,0.98693021869737,1.0,0.9990234375,0.9482421875,1.0,0.4264680115705663,0.2531965681466388,0.9692507392610612,0.0,1.5686910336701746e-16
SmolLM2-1.7B,0,8111,1,2048,0.8999316325908081,0.9443428248807144,0.9630380485316252,0.975663853706536,0.9871882130084,1.0,0.9970703125,0.94921875,1.0,0.4183950792646498,0.2409203522641684,0.9692507392610612,0.0,0.0
SmolLM2-1.7B,0,8111,4,2048,0.8965095089657699,0.9466305305487734,0.965538587174745,0.9763385337372014,0.9862187660584808,1.0,0.9990234375,0.94384765625,1.0,0.3789026426716204,0.1996922913792334,0.9692507392610612,0.0,1.5686910336701746e-16
SmolLM2-1.7B,0,8111,16,2048,0.906266671376253,0.9490744845982936,0.9664931849863246,0.9773021449877068,0.9861848151193487,1.0,0.9990234375,0.95703125,1.0,0.3291807076570352,0.1435085339637385,0.9692507392610612,0.0,1.5686910336701746e-16
SmolLM2-1.7B,6,1729,0,2048,0.8888327634249825,0.935858726680205,0.9566201653136694,0.9687091483420408,0.9813258614717766,1.0,0.9970703125,0.92578125,1.0,0.8302035932785437,0.7797932248136595,0.7729830009585512,0.0,1.5665153657685558e-16
SmolLM2-1.7B,6,1729,1,2048,0.885858347309585,0.9353503885149596,0.9561940765378169,0.9690572957594104,0.9807036195986906,1.0,0.99560546875,0.92431640625,1.0,0.8231272856093865,0.768326513542094,0.7729830009585512,1.8402765227597246e-16,6.266061463074223e-16
SmolLM2-1.7B,6,1729,4,2048,0.8684776477066546,0.931580088056528,0.9537299538410076,0.9682510784129216,0.9816919655903358,1.0,0.9892578125,0.8994140625,1.0,0.8005004715630393,0.7347936465819487,0.7729830009585514,1.8402765227597246e-16,6.266061463074223e-16
SmolLM2-1.7B,6,1729,16,2048,0.6414168920402704,0.7665982823993159,0.8738761358126307,0.9357467674142744,0.9710231621537514,0.99755859375,0.779296875,0.4150390625,1.0,0.5802682624099651,0.3671734020417763,0.7729830009585513,0.0,6.266061463074223e-16
SmolLM2-1.7B,6,2718,0,2048,0.8888327634249825,0.935858726680205,0.9566201653136694,0.9687091483420408,0.9813258614717766,1.0,0.9970703125,0.92578125,1.0,0.8302035932785437,0.7797932248136595,0.7729830009585512,0.0,1.5665153657685558e-16
SmolLM2-1.7B,6,2718,1,2048,0.8837451159368489,0.9358589998695384,0.9569333422024996,0.9694659293057252,0.9812463592218112,0.99951171875,0.99462890625,0.91943359375,1.0,0.8228954606328331,0.7683450936805937,0.7729830009585512,0.0,3.133030731537112e-16
SmolLM2-1.7B,6,2718,4,2048,0.8672113210822873,0.9324775691207348,0.9549098144476676,0.9686296867897456,0.981901343599796,1.0,0.98583984375,0.9033203125,1.0,0.7990199861065796,0.733030836822654,0.7729830009585513,1.8402765227597246e-16,0.0
SmolLM2-1.7B,6,2718,16,2048,0.6425192492012582,0.7735425331289424,0.8750841763647104,0.9370601533445848,0.970560052629619,0.99609375,0.78662109375,0.4208984375,1.0,0.6060191532508405,0.4077472369953946,0.7729830009585514,1.8402765227597246e-16,3.133030731537112e-16
SmolLM2-1.7B,6,3141,0,2048,0.8888327634249825,0.935858726680205,0.9566201653136694,0.9687091483420408,0.9813258614717766,1.0,0.9970703125,0.92578125,1.0,0.8302035932785437,0.7797932248136595,0.7729830009585512,0.0,1.5665153657685558e-16
SmolLM2-1.7B,6,3141,1,2048,0.8806935638704017,0.9353096561147306,0.9558652967407084,0.9694868670536672,0.981247759786818,1.0,0.99658203125,0.9150390625,1.0,0.8234429633656999,0.766880053393451,0.7729830009585512,0.0,0.0
SmolLM2-1.7B,6,3141,4,2048,0.8689736376374164,0.933307990321352,0.9544321689721834,0.9692240665464054,0.9814800273411984,1.0,0.986328125,0.9013671875,1.0,0.7974040395001587,0.7272621459250895,0.7729830009585512,0.0,1.5665153657685558e-16
SmolLM2-1.7B,6,3141,16,2048,0.6357362980222805,0.7625428275086295,0.8715448563338242,0.9369401319749242,0.9717939214188728,0.99609375,0.77734375,0.4208984375,1.0,0.5849612472467449,0.3772818178657549,0.7729830009585512,0.0,0.0
SmolLM2-1.7B,6,5772,0,2048,0.8888327634249825,0.935858726680205,0.9566201653136694,0.9687091483420408,0.9813258614717766,1.0,0.9970703125,0.92578125,1.0,0.8302035932785437,0.7797932248136595,0.7729830009585512,0.0,1.5665153657685558e-16
SmolLM2-1.7B,6,5772,1,2048,0.8881818597729656,0.9346283042881358,0.955668060360042,0.9692978964144944,0.9817146034170044,1.0,0.99658203125,0.9296875,1.0,0.8227401470973361,0.7671776696535565,0.7729830009585512,0.0,1.5665153657685558e-16
SmolLM2-1.7B,6,5772,4,2048,0.8708350395966373,0.9317064451020156,0.9538487818030934,0.9690843840852176,0.981638992342966,0.99951171875,0.9853515625,0.90380859375,1.0,0.7947792732994052,0.7276720273095786,0.7729830009585512,0.0,3.133030731537112e-16
SmolLM2-1.7B,6,5772,16,2048,0.6413557851988763,0.7715416395576392,0.8743769784524673,0.9377658105508268,0.9717565839596448,0.998046875,0.79248046875,0.40771484375,1.0,0.5872046212866804,0.3871826357131103,0.7729830009585512,0.0,3.133030731537112e-16
SmolLM2-1.7B,6,8111,0,2048,0.8888327634249825,0.935858726680205,0.9566201653136694,0.9687091483420408,0.9813258614717766,1.0,0.9970703125,0.92578125,1.0,0.8302035932785437,0.7797932248136595,0.7729830009585512,0.0,1.5665153657685558e-16
SmolLM2-1.7B,6,8111,1,2048,0.8856332633329825,0.9343301962996692,0.9555273410399794,0.9694624200450788,0.9816221424457394,1.0,0.99609375,0.916015625,1.0,0.8234334018745078,0.7674988489629179,0.7729830009585512,0.0,0.0
SmolLM2-1.7B,6,8111,4,2048,0.871729690573504,0.9327300966092148,0.954377509063282,0.9685921626821076,0.9816241069958948,1.0,0.98828125,0.90283203125,1.0,0.7969869451587035,0.7286630992259119,0.7729830009585512,0.0,0.0
SmolLM2-1.7B,6,8111,16,2048,0.6366631600705714,0.7661492315764297,0.8696446833030287,0.934601897644416,0.9717769443067534,0.99462890625,0.78564453125,0.39892578125,1.0,0.5823010508679247,0.3682648976448665,0.7729830009585512,0.0,0.0
SmolLM2-1.7B,15,1729,0,2048,0.723982549508643,0.8285092911515656,0.8793845155389657,0.9139529126137728,0.950298355568905,0.9970703125,0.92431640625,0.35791015625,1.0,0.9814981160597048,0.9749676297173228,0.54435568183809,5.820474507713551e-16,2.3178959574207183e-16
SmolLM2-1.7B,15,1729,1,2048,0.7103176012495236,0.8274688381858286,0.8795133797921657,0.9130406596571468,0.9508892510271284,0.99365234375,0.91650390625,0.35546875,1.0,0.9801738054922258,0.9730922893274332,0.5443556818380898,3.8803163384757013e-16,2.3178959574207183e-16
SmolLM2-1.7B,15,1729,4,2048,0.6562787228989141,0.8212735664981372,0.8769935735958038,0.9149804161696536,0.9484561322293584,0.98828125,0.88916015625,0.3486328125,1.0,0.9744391041194668,0.9676862452368548,0.54435568183809,3.8803163384757013e-16,8.112635850972513e-16
SmolLM2-1.7B,15,1729,16,2048,0.394431066778129,0.5241315639548039,0.5978619349819989,0.7499045309959189,0.905763946470171,0.81103515625,0.25,0.05810546875,1.0,0.810067912180322,0.5754195880394135,0.54435568183809,3.8803163384757013e-16,5.794739893551795e-16
SmolLM2-1.7B,15,2718,0,2048,0.723982549508643,0.8285092911515656,0.8793845155389657,0.9139529126137728,0.950298355568905,0.9970703125,0.92431640625,0.35791015625,1.0,0.9814981160597048,0.9749676297173228,0.54435568183809,5.820474507713551e-16,2.3178959574207183e-16
SmolLM2-1.7B,15,2718,1,2048,0.7075556341926104,0.8292926721188856,0.8802593009813803,0.9158509372487372,0.947854082806543,0.994140625,0.91796875,0.36279296875,1.0,0.9801308278743464,0.9731520948678528,0.5443556818380901,5.820474507713551e-16,9.271583829682873e-16
SmolLM2-1.7B,15,2718,4,2048,0.6502530118198728,0.818654853959748,0.8775755601413755,0.913855628439675,0.9481303591916193,0.98828125,0.89208984375,0.35498046875,1.0,0.975792529583219,0.9677992415688904,0.5443556818380898,3.8803163384757013e-16,5.794739893551795e-16
SmolLM2-1.7B,15,2718,16,2048,0.3944140193924496,0.531767334255594,0.6234869301081742,0.7867264613014046,0.9075787204606216,0.822265625,0.31005859375,0.06640625,1.0,0.865111799784215,0.7063263539698793,0.54435568183809,5.820474507713551e-16,5.794739893551795e-16
SmolLM2-1.7B,15,3141,0,2048,0.723982549508643,0.8285092911515656,0.8793845155389657,0.9139529126137728,0.950298355568905,0.9970703125,0.92431640625,0.35791015625,1.0,0.9814981160597048,0.9749676297173228,0.54435568183809,5.820474507713551e-16,2.3178959574207183e-16
SmolLM2-1.7B,15,3141,1,2048,0.7178751467991277,0.8269786912117553,0.8777729035942086,0.9154401346639172,0.9502576163183432,0.99267578125,0.92138671875,0.35400390625,1.0,0.9803521465669298,0.9732267362048328,0.54435568183809,5.820474507713551e-16,4.635791914841437e-16
SmolLM2-1.7B,15,3141,4,2048,0.6779663421370772,0.8224076464575741,0.8760449458287869,0.9142711016163052,0.9487978284865356,0.98583984375,0.89404296875,0.34765625,1.0,0.975345137644487,0.9680047236455152,0.54435568183809,5.820474507713551e-16,5.794739893551795e-16
SmolLM2-1.7B,15,3141,16,2048,0.3842591354203309,0.5225561782042726,0.5999251576724522,0.7560517566203013,0.9007812292770064,0.81005859375,0.25830078125,0.05029296875,1.0,0.8388146747363314,0.6561609454898382,0.54435568183809,1.9401581692378504e-16,3.476843936131077e-16
SmolLM2-1.7B,15,5772,0,2048,0.723982549508643,0.8285092911515656,0.8793845155389657,0.9139529126137728,0.950298355568905,0.9970703125,0.92431640625,0.35791015625,1.0,0.9814981160597048,0.9749676297173228,0.54435568183809,5.820474507713551e-16,2.3178959574207183e-16
SmolLM2-1.7B,15,5772,1,2048,0.713939755451708,0.8275828158184964,0.8785232134620287,0.9166161349616156,0.9499198603883572,0.994140625,0.919921875,0.37060546875,1.0,0.979988843787488,0.9731135342962562,0.54435568183809,3.8803163384757013e-16,5.794739893551795e-16
SmolLM2-1.7B,15,5772,4,2048,0.6699450343330071,0.8225855967406064,0.8791257420416075,0.9154166584156056,0.9484204127670436,0.9892578125,0.8935546875,0.35205078125,1.0,0.974589922492366,0.9680190982890824,0.54435568183809,1.9401581692378504e-16,3.476843936131077e-16
SmolLM2-1.7B,15,5772,16,2048,0.4004700838271687,0.5249521381268482,0.6036777462144931,0.7559483815212359,0.9142185547002702,0.8134765625,0.2578125,0.0615234375,1.0,0.8224029093713863,0.6072060698335544,0.54435568183809,0.0,3.476843936131077e-16
SmolLM2-1.7B,15,8111,0,2048,0.723982549508643,0.8285092911515656,0.8793845155389657,0.9139529126137728,0.950298355568905,0.9970703125,0.92431640625,0.35791015625,1.0,0.9814981160597048,0.9749676297173228,0.54435568183809,5.820474507713551e-16,2.3178959574207183e-16
SmolLM2-1.7B,15,8111,1,2048,0.719729776633307,0.8262870551153239,0.8786582696619778,0.9149571500995964,0.9506563153581666,0.9951171875,0.9248046875,0.35986328125,1.0,0.9801963080998576,0.9729787253926284,0.54435568183809,1.9401581692378504e-16,4.635791914841437e-16
SmolLM2-1.7B,15,8111,4,2048,0.6899972872773324,0.8249344161549756,0.8777889904511951,0.9154951875779256,0.948108197902658,0.9921875,0.8955078125,0.35791015625,1.0,0.9756379814819351,0.967436156684734,0.5443556818380901,1.9401581692378504e-16,5.794739893551795e-16
SmolLM2-1.7B,15,8111,16,2048,0.4005549565729694,0.536715303446651,0.6453614375701295,0.8024595114003936,0.9169378832627804,0.84912109375,0.33837890625,0.07568359375,0.99951171875,0.8724427268124495,0.7328270650035454,0.54435568183809,0.0,3.476843936131077e-16
SmolLM2-1.7B,18,1729,0,2048,0.8405424960541428,0.9098380573916444,0.9393843192746544,0.958524565696885,0.9752690200709784,0.9970703125,0.98828125,0.81103515625,1.0,0.8858577444706612,0.8555770164437737,0.572368766247764,1.727431020166013e-16,3.468154862479224e-16
SmolLM2-1.7B,18,1729,1,2048,0.8301058903640482,0.9083217994254672,0.9384872023878684,0.9581682849945674,0.974704096256792,0.99609375,0.9814453125,0.7998046875,1.0,0.8828016825383469,0.852907701049218,0.5723687662477639,0.0,9.248412966611265e-16
SmolLM2-1.7B,18,1729,4,2048,0.7889672986371228,0.8967762883135931,0.9333993852784156,0.9540049546055024,0.973300961189468,0.994140625,0.96484375,0.73779296875,1.0,0.8739128728110286,0.8431049318338376,0.5723687662477642,0.0,4.624206483305633e-16
SmolLM2-1.7B,18,1729,16,2048,0.4697896963126767,0.5991923196955551,0.7653863020405768,0.8850079288314363,0.950799155281132,0.92236328125,0.5234375,0.20849609375,1.0,0.7525792579887547,0.6089990432579361,0.572368766247764,0.0,3.468154862479224e-16
SmolLM2-1.7B,18,2718,0,2048,0.8405424960541428,0.9098380573916444,0.9393843192746544,0.958524565696885,0.9752690200709784,0.9970703125,0.98828125,0.81103515625,1.0,0.8858577444706612,0.8555770164437737,0.572368766247764,1.727431020166013e-16,3.468154862479224e-16
SmolLM2-1.7B,18,2718,1,2048,0.8308745020762992,0.9083750072897578,0.9385733789914216,0.957510098228809,0.9751672437720678,0.99658203125,0.98388671875,0.802734375,1.0,0.8821536952610947,0.8520267130351229,0.5723687662477638,1.727431020166013e-16,9.248412966611265e-16
SmolLM2-1.7B,18,2718,4,2048,0.7970292980655853,0.8964094221682797,0.9329305498535776,0.9545678809560904,0.973784292560501,0.9951171875,0.96630859375,0.736328125,1.0,0.8736380189060535,0.8420378944586818,0.5723687662477642,3.454862040332026e-16,2.3121032416528163e-16
SmolLM2-1.7B,18,2718,16,2048,0.45914260242265,0.5716667220711867,0.6988613617737679,0.85137329672059,0.9413522322486144,0.89990234375,0.423828125,0.1513671875,1.0,0.6947722980214448,0.4881953631642475,0.5723687662477641,0.0,2.3121032416528163e-16
SmolLM2-1.7B,18,3141,0,2048,0.8405424960541428,0.9098380573916444,0.9393843192746544,0.958524565696885,0.9752690200709784,0.9970703125,0.98828125,0.81103515625,1.0,0.8858577444706612,0.8555770164437737,0.572368766247764,1.727431020166013e-16,3.468154862479224e-16
SmolLM2-1.7B,18,3141,1,2048,0.8310475233658732,0.908976620788299,0.938082862342493,0.9577625829573084,0.9742955072084049,0.9970703125,0.98388671875,0.798828125,1.0,0.8836239027737758,0.8533285090993482,0.5723687662477641,3.454862040332026e-16,1.1560516208264081e-16
SmolLM2-1.7B,18,3141,4,2048,0.7956742675085177,0.8965188145394408,0.9322949730502254,0.955654291290485,0.973682142717237,0.99462890625,0.9638671875,0.7333984375,1.0,0.876016667280741,0.8433756838299277,0.572368766247764,1.727431020166013e-16,2.3121032416528163e-16
SmolLM2-1.7B,18,3141,16,2048,0.466241086592619,0.6043527253333792,0.7892933711755958,0.8932692659925315,0.9489752387533146,0.90966796875,0.56396484375,0.22705078125,1.0,0.7628527438626349,0.6258728416139772,0.572368766247764,5.182293060498039e-16,3.468154862479224e-16
SmolLM2-1.7B,18,5772,0,2048,0.8405424960541428,0.9098380573916444,0.9393843192746544,0.958524565696885,0.9752690200709784,0.9970703125,0.98828125,0.81103515625,1.0,0.8858577444706612,0.8555770164437737,0.572368766247764,1.727431020166013e-16,3.468154862479224e-16
SmolLM2-1.7B,18,5772,1,2048,0.8311827757805466,0.9091683339220464,0.938744808148207,0.9586118035748084,0.9746959891820264,0.99755859375,0.9833984375,0.79150390625,1.0,0.8830429997883398,0.8527868596595298,0.5723687662477642,3.454862040332026e-16,5.78025810413204e-16
SmolLM2-1.7B,18,5772,4,2048,0.7803574919931379,0.8980437163139089,0.932814702071204,0.9544274611418432,0.9716245871560648,0.9931640625,0.962890625,0.73974609375,0.99951171875,0.8735762888623533,0.8419630751239758,0.572368766247764,0.0,4.624206483305633e-16
SmolLM2-1.7B,18,5772,16,2048,0.456485947263776,0.5692115751958251,0.7051043991413943,0.8483419688087286,0.943370391573663,0.8984375,0.41796875,0.154296875,0.99951171875,0.6950340144581584,0.4639305408703333,0.572368766247764,3.454862040332026e-16,2.3121032416528163e-16
SmolLM2-1.7B,18,8111,0,2048,0.8405424960541428,0.9098380573916444,0.9393843192746544,0.958524565696885,0.9752690200709784,0.9970703125,0.98828125,0.81103515625,1.0,0.8858577444706612,0.8555770164437737,0.572368766247764,1.727431020166013e-16,3.468154862479224e-16
SmolLM2-1.7B,18,8111,1,2048,0.8319627485929438,0.9079510565551394,0.9387212109675817,0.9579347506639452,0.9747254947894792,0.9970703125,0.98388671875,0.7998046875,1.0,0.8828851258432153,0.8533505983946604,0.5723687662477643,1.727431020166013e-16,4.624206483305633e-16
SmolLM2-1.7B,18,8111,4,2048,0.7876613750776031,0.902256798794929,0.9335468390176342,0.9542929744197712,0.9729185324076486,0.9951171875,0.962890625,0.7578125,1.0,0.8738509754269854,0.8439237044390339,0.572368766247764,0.0,5.78025810413204e-16
SmolLM2-1.7B,18,8111,16,2048,0.4695629342709631,0.6074995835757053,0.7767558392617471,0.8885786374250999,0.950953895053346,0.92333984375,0.54638671875,0.21240234375,1.0,0.7562001921192432,0.6151568921470515,0.572368766247764,3.454862040332026e-16,2.3121032416528163e-16
SmolLM2-1.7B,24,1729,0,2048,0.8709704525887647,0.9285068289764988,0.9533461674718404,0.9694818348884544,0.9869496821506568,1.0,0.99658203125,0.88916015625,1.0,0.8585627426520266,0.8104821323053377,0.964105578392642,0.0,2.337281180510529e-16
SmolLM2-1.7B,24,1729,1,2048,0.8682118771105086,0.9298944256484488,0.9544719158304208,0.9707552574821864,0.9874700271107072,1.0,0.99658203125,0.89013671875,1.0,0.8476707978769396,0.7897929595902868,0.964105578392642,1.3923015568159502e-16,0.0
SmolLM2-1.7B,24,1729,4,2048,0.8676111590084857,0.9315806600656488,0.9562205395222518,0.9730733072689624,0.9868476884408492,0.99951171875,0.9951171875,0.8955078125,1.0,0.794815943946942,0.6812085475147168,0.964105578392642,1.3923015568159502e-16,2.337281180510529e-16
SmolLM2-1.7B,24,1729,16,2048,0.8631300415973523,0.9341557691491512,0.9585322526563188,0.9740265456611542,0.986751269900521,1.0,0.9951171875,0.89013671875,1.0,0.4721708744889281,0.2594404643060414,0.964105578392642,0.0,1.1686405902552646e-16
SmolLM2-1.7B,24,2718,0,2048,0.8709704525887647,0.9285068289764988,0.9533461674718404,0.9694818348884544,0.9869496821506568,1.0,0.99658203125,0.88916015625,1.0,0.8585627426520266,0.8104821323053377,0.964105578392642,0.0,2.337281180510529e-16
SmolLM2-1.7B,24,2718,1,2048,0.8662580865960394,0.92986482886319,0.9546210937330802,0.970365079187899,0.9871972279307628,1.0,0.99658203125,0.89404296875,1.0,0.8470764534985895,0.7900453177798376,0.964105578392642,1.3923015568159502e-16,2.337281180510529e-16
SmolLM2-1.7B,24,2718,4,2048,0.872286870611984,0.9329454959885928,0.958159645356091,0.9731384099599152,0.9867150535950414,1.0,0.994140625,0.9052734375,1.0,0.7925054672407592,0.6699083636831654,0.964105578392642,1.3923015568159502e-16,2.337281180510529e-16
SmolLM2-1.7B,24,2718,16,2048,0.8649076025623951,0.931950319365022,0.9591958214767902,0.974407609993622,0.9861919355622384,1.0,0.99365234375,0.88671875,1.0,0.4663188923310275,0.2526721940081917,0.964105578392642,1.3923015568159502e-16,1.1686405902552646e-16
SmolLM2-1.7B,24,3141,0,2048,0.8709704525887647,0.9285068289764988,0.9533461674718404,0.9694818348884544,0.9869496821506568,1.0,0.99658203125,0.88916015625,1.0,0.8585627426520266,0.8104821323053377,0.964105578392642,0.0,2.337281180510529e-16
SmolLM2-1.7B,24,3141,1,2048,0.8698680034168915,0.930002871717218,0.9545480349507944,0.9709489168640468,0.9868572052953706,1.0,0.99755859375,0.9013671875,1.0,0.8469713157990915,0.7919081661820472,0.964105578392642,1.3923015568159502e-16,0.0
SmolLM2-1.7B,24,3141,4,2048,0.8679213137822513,0.9349700262885652,0.9586772905461542,0.9731766128683595,0.986470237365076,1.0,0.99365234375,0.89208984375,1.0,0.7937953606452708,0.6803989962252884,0.964105578392642,1.3923015568159502e-16,0.0
SmolLM2-1.7B,24,3141,16,2048,0.8700324827978458,0.9308275515341984,0.9587175683180847,0.974609011680588,0.9865160837075736,1.0,0.994140625,0.88623046875,1.0,0.4628813939664651,0.2482130395013367,0.964105578392642,1.3923015568159502e-16,2.337281180510529e-16
SmolLM2-1.7B,24,5772,0,2048,0.8709704525887647,0.9285068289764988,0.9533461674718404,0.9694818348884544,0.9869496821506568,1.0,0.99658203125,0.88916015625,1.0,0.8585627426520266,0.8104821323053377,0.964105578392642,0.0,2.337281180510529e-16
SmolLM2-1.7B,24,5772,1,2048,0.8659195075115117,0.9293915213948842,0.9551661052036218,0.9710137831218966,0.9874518263737913,1.0,0.9970703125,0.88818359375,1.0,0.8461460969568388,0.7835570922985359,0.964105578392642,1.3923015568159502e-16,2.337281180510529e-16
SmolLM2-1.7B,24,5772,4,2048,0.8688035117322321,0.9334650668151104,0.9577645520396374,0.97339259610673,0.9868882598985576,1.0,0.994140625,0.89794921875,1.0,0.7917226992283284,0.6789321300594703,0.964105578392642,1.3923015568159502e-16,1.1686405902552646e-16
SmolLM2-1.7B,24,5772,16,2048,0.8647144669778059,0.9341651747184012,0.958876753127784,0.9741664947262668,0.9871381304606006,1.0,0.99462890625,0.8955078125,1.0,0.4535642717079589,0.2289812007317923,0.964105578392642,1.3923015568159502e-16,1.1686405902552646e-16
SmolLM2-1.7B,24,8111,0,2048,0.8709704525887647,0.9285068289764988,0.9533461674718404,0.9694818348884544,0.9869496821506568,1.0,0.99658203125,0.88916015625,1.0,0.8585627426520266,0.8104821323053377,0.964105578392642,0.0,2.337281180510529e-16
SmolLM2-1.7B,24,8111,1,2048,0.8697746929704847,0.9284590849762964,0.9546182163911066,0.9705186336375924,0.9867969173614308,1.0,0.9970703125,0.88525390625,1.0,0.8476691119077775,0.786404044328547,0.964105578392642,0.0,2.337281180510529e-16
SmolLM2-1.7B,24,8111,4,2048,0.866528773480171,0.9332379832187891,0.9585218075726378,0.972567721148466,0.9859293578895038,1.0,0.9931640625,0.89599609375,1.0,0.7960640795377354,0.6902095270385489,0.964105578392642,0.0,1.1686405902552646e-16
SmolLM2-1.7B,24,8111,16,2048,0.8654911593503412,0.9332797550088592,0.9578673084373674,0.9743161284176084,0.9869428848817046,1.0,0.99462890625,0.890625,1.0,0.4673280777174862,0.2465847509342782,0.964105578392642,0.0,2.337281180510529e-16
bloom-1b7,0,1729,0,2048,0.5845070502355975,0.7270197305453835,0.8115715033305553,0.8796399365135134,0.9471910887762393,0.98193359375,0.69287109375,0.177734375,1.0,0.574568610037884,0.4124284899188575,0.8702391930007555,1.3373669717842394e-16,1.1211293120639239e-16
bloom-1b7,0,1729,1,2048,0.5733506730022435,0.726448632298159,0.8138181839594181,0.8813520876979932,0.9416450513204866,0.98193359375,0.69384765625,0.17919921875,1.0,0.5624378652333231,0.3958881896206886,0.8702391930007556,2.6747339435684793e-16,0.0
bloom-1b7,0,1729,4,2048,0.586487811867748,0.7465494626575525,0.819701822498712,0.8843372249060681,0.9402976500700548,0.98291015625,0.740234375,0.18603515625,1.0,0.5258478497303662,0.3541050007056615,0.8702391930007556,2.6747339435684793e-16,1.1211293120639239e-16
bloom-1b7,0,1729,16,2048,0.634024522143844,0.7770537242326859,0.8457053632386899,0.8920125400633762,0.9370945359867584,0.99169921875,0.81103515625,0.2158203125,1.0,0.4120203210045592,0.223718894839162,0.8702391930007555,0.0,1.1211293120639239e-16
bloom-1b7,0,2718,0,2048,0.5845070502355975,0.7270197305453835,0.8115715033305553,0.8796399365135134,0.9471910887762393,0.98193359375,0.69287109375,0.177734375,1.0,0.574568610037884,0.4124284899188575,0.8702391930007555,1.3373669717842394e-16,1.1211293120639239e-16
bloom-1b7,0,2718,1,2048,0.5885635583246523,0.7306459088116124,0.8139430446151115,0.8807045006851633,0.9432576850224068,0.98583984375,0.7060546875,0.17578125,1.0,0.5558884290602395,0.3937347475708042,0.8702391930007556,2.6747339435684793e-16,1.1211293120639239e-16
bloom-1b7,0,2718,4,2048,0.5961717108296648,0.7430679235379966,0.8262193289462423,0.8852297152564543,0.939279847799592,0.982421875,0.73486328125,0.18701171875,1.0,0.5168497201615154,0.3432123494548502,0.8702391930007556,2.6747339435684793e-16,0.0
bloom-1b7,0,2718,16,2048,0.6513055118158335,0.7806307502975741,0.8471002121069107,0.8931764271170861,0.9376068324038996,0.99169921875,0.81884765625,0.21826171875,1.0,0.3838746593189763,0.1874625365572016,0.8702391930007555,1.3373669717842394e-16,0.0
bloom-1b7,0,3141,0,2048,0.5845070502355975,0.7270197305453835,0.8115715033305553,0.8796399365135134,0.9471910887762393,0.98193359375,0.69287109375,0.177734375,1.0,0.574568610037884,0.4124284899188575,0.8702391930007555,1.3373669717842394e-16,1.1211293120639239e-16
bloom-1b7,0,3141,1,2048,0.5868746624459622,0.7289297133537394,0.8127274575120258,0.8792345871303274,0.9434692634550758,0.98876953125,0.701171875,0.17822265625,1.0,0.5629377965037188,0.3992912854036007,0.8702391930007555,0.0,1.1211293120639239e-16
bloom-1b7,0,3141,4,2048,0.5963178186935597,0.7442982917541549,0.8225748456885784,0.8823245452004578,0.9384245586305352,0.984375,0.732421875,0.1796875,1.0,0.5228361090028026,0.3494669984132553,0.8702391930007555,1.3373669717842394e-16,0.0
bloom-1b7,0,3141,16,2048,0.6524351395052779,0.7805179548273657,0.8498837725279755,0.8936930905260233,0.9388533971763232,0.99658203125,0.8310546875,0.216796875,1.0,0.3713882020223962,0.1688443641504802,0.8702391930007556,2.6747339435684793e-16,1.1211293120639239e-16
bloom-1b7,0,5772,0,2048,0.5845070502355975,0.7270197305453835,0.8115715033305553,0.8796399365135134,0.9471910887762393,0.98193359375,0.69287109375,0.177734375,1.0,0.574568610037884,0.4124284899188575,0.8702391930007555,1.3373669717842394e-16,1.1211293120639239e-16
bloom-1b7,0,5772,1,2048,0.5806069657203852,0.7278584070057174,0.8159046328378552,0.8808423400582839,0.9451282210944484,0.97998046875,0.69140625,0.1767578125,1.0,0.5615785891131158,0.3982124041082036,0.8702391930007555,1.3373669717842394e-16,0.0
bloom-1b7,0,5772,4,2048,0.5944043168499472,0.7379762571875911,0.8208589173389429,0.8860727743073396,0.9395131613603136,0.98583984375,0.71923828125,0.18994140625,1.0,0.5248721840377615,0.3520544318370128,0.8702391930007555,1.3373669717842394e-16,1.1211293120639239e-16
bloom-1b7,0,5772,16,2048,0.640630777189135,0.7792669520022616,0.8463631443406434,0.893925094167401,0.938826788322084,0.99267578125,0.828125,0.21875,1.0,0.3828164189384724,0.1856560255942274,0.8702391930007555,1.3373669717842394e-16,0.0
bloom-1b7,0,8111,0,2048,0.5845070502355975,0.7270197305453835,0.8115715033305553,0.8796399365135134,0.9471910887762393,0.98193359375,0.69287109375,0.177734375,1.0,0.574568610037884,0.4124284899188575,0.8702391930007555,1.3373669717842394e-16,1.1211293120639239e-16
bloom-1b7,0,8111,1,2048,0.5851428937514144,0.7295456621416598,0.8125455971254849,0.879196526494215,0.9424097935440038,0.9833984375,0.701171875,0.171875,1.0,0.5608022977170246,0.3952395905635443,0.8702391930007556,2.6747339435684793e-16,1.1211293120639239e-16
bloom-1b7,0,8111,4,2048,0.5931362968862767,0.7412546976937671,0.8214950295834994,0.8846768436379457,0.9366698514072516,0.9833984375,0.72900390625,0.193359375,1.0,0.5215836312503996,0.3495265424322081,0.8702391930007555,1.3373669717842394e-16,0.0
bloom-1b7,0,8111,16,2048,0.660187038365513,0.7802222427323561,0.8446589073814752,0.8956982942046003,0.9395388184140332,0.9921875,0.82470703125,0.23095703125,1.0,0.3756082470896902,0.176216654996187,0.8702391930007555,1.3373669717842394e-16,0.0
bloom-1b7,6,1729,0,2048,0.6989094585574335,0.8196830867531505,0.8777930100866744,0.9196259567395212,0.9544275693701187,0.998046875,0.8916015625,0.37646484375,1.0,0.8652493676691853,0.81475087947668,0.4007176964749765,1.4050003389175536e-16,0.0
bloom-1b7,6,1729,1,2048,0.7041799428493528,0.8209858661658772,0.8795113297269646,0.918836019317728,0.9550204670307778,0.9951171875,0.89794921875,0.37451171875,1.0,0.859464080788878,0.8088353741906413,0.4007176964749764,0.0,0.0
bloom-1b7,6,1729,4,2048,0.6895845641948578,0.8217579979556219,0.8800209900572445,0.9190027071460904,0.9542044253994432,0.98876953125,0.90185546875,0.3798828125,1.0,0.8419051841585514,0.7882802877807668,0.4007176964749767,1.4050003389175536e-16,7.515770060900448e-16
bloom-1b7,6,1729,16,2048,0.259679259535262,0.4274495867538331,0.6540269867702266,0.8336767770614831,0.9304905423472988,0.66748046875,0.38330078125,0.11083984375,1.0,0.6821180392257593,0.509352851734834,0.4007176964749765,0.0,3.757885030450223e-16
bloom-1b7,6,2718,0,2048,0.6989094585574335,0.8196830867531505,0.8777930100866744,0.9196259567395212,0.9544275693701187,0.998046875,0.8916015625,0.37646484375,1.0,0.8652493676691853,0.81475087947668,0.4007176964749765,1.4050003389175536e-16,0.0
bloom-1b7,6,2718,1,2048,0.6999369514307285,0.8179892366509629,0.876203136431263,0.9191110739717824,0.9565309303849712,0.99609375,0.90380859375,0.37255859375,1.0,0.8604850146746275,0.8083085321972857,0.4007176964749765,1.4050003389175536e-16,1.878942515225112e-16
bloom-1b7,6,2718,4,2048,0.6943056586635108,0.8217248199567795,0.8794015406441771,0.9198312959993528,0.9566577812275712,0.98779296875,0.896484375,0.3701171875,1.0,0.8396431915629423,0.7834259810065057,0.4007176964749765,1.4050003389175536e-16,1.878942515225112e-16
bloom-1b7,6,2718,16,2048,0.2547034159475211,0.4402172048083412,0.6715642941414656,0.8399149562693048,0.9303198610942748,0.685546875,0.4033203125,0.12060546875,1.0,0.6867104126095198,0.503521286668765,0.4007176964749765,1.4050003389175536e-16,5.6368275456753365e-16
bloom-1b7,6,3141,0,2048,0.6989094585574335,0.8196830867531505,0.8777930100866744,0.9196259567395212,0.9544275693701187,0.998046875,0.8916015625,0.37646484375,1.0,0.8652493676691853,0.81475087947668,0.4007176964749765,1.4050003389175536e-16,0.0
bloom-1b7,6,3141,1,2048,0.6961193927071814,0.8213470593766294,0.8794709581892002,0.9195117715208312,0.9527853914721124,0.99658203125,0.900390625,0.37744140625,1.0,0.8593817734007481,0.8087833817748664,0.4007176964749765,1.4050003389175536e-16,5.6368275456753365e-16
bloom-1b7,6,3141,4,2048,0.6930952712319229,0.8223746264639052,0.8783359948874518,0.917676957810377,0.9551891996591296,0.9912109375,0.89599609375,0.3671875,1.0,0.8430899806584669,0.7879370789677719,0.4007176964749766,1.4050003389175536e-16,7.515770060900448e-16
bloom-1b7,6,3141,16,2048,0.2430870173655739,0.3841816707766673,0.6085380617958183,0.812566497789891,0.9279434968106242,0.611328125,0.337890625,0.10498046875,1.0,0.6509266337615129,0.4222697108762038,0.4007176964749765,1.4050003389175536e-16,5.6368275456753365e-16
bloom-1b7,6,5772,0,2048,0.6989094585574335,0.8196830867531505,0.8777930100866744,0.9196259567395212,0.9544275693701187,0.998046875,0.8916015625,0.37646484375,1.0,0.8652493676691853,0.81475087947668,0.4007176964749765,1.4050003389175536e-16,0.0
bloom-1b7,6,5772,1,2048,0.6908547741351251,0.8219117136524511,0.8782934315099578,0.9209760160363208,0.9527450310038704,0.99609375,0.896484375,0.38720703125,1.0,0.8587123123386267,0.8083208341806526,0.4007176964749765,2.810000677835107e-16,5.6368275456753365e-16
bloom-1b7,6,5772,4,2048,0.6931957106117872,0.8187312510894277,0.8785429098795616,0.9208330221003992,0.9554526244509022,0.99169921875,0.896484375,0.36962890625,1.0,0.8416631144638145,0.7847614751349489,0.4007176964749765,1.4050003389175536e-16,3.757885030450223e-16
bloom-1b7,6,5772,16,2048,0.2477482807830094,0.3767912931367764,0.581914842220305,0.792556875998403,0.9219750704561211,0.59375,0.3095703125,0.08349609375,1.0,0.6263396627672286,0.3872222152977201,0.4007176964749766,0.0,5.6368275456753365e-16
bloom-1b7,6,8111,0,2048,0.6989094585574335,0.8196830867531505,0.8777930100866744,0.9196259567395212,0.9544275693701187,0.998046875,0.8916015625,0.37646484375,1.0,0.8652493676691853,0.81475087947668,0.4007176964749765,1.4050003389175536e-16,0.0
bloom-1b7,6,8111,1,2048,0.7090418824165964,0.8183175881215681,0.8761611102673466,0.9182212155202528,0.9549914816487683,0.9970703125,0.90673828125,0.3759765625,1.0,0.8600299181400257,0.8092620457177654,0.4007176964749767,0.0,9.39471257612556e-16
bloom-1b7,6,8111,4,2048,0.683046642134869,0.8178833967689236,0.8772690681343898,0.9187316925511824,0.953376604254066,0.98876953125,0.89453125,0.37255859375,1.0,0.8426732619331034,0.7888998572902809,0.4007176964749765,1.4050003389175536e-16,1.878942515225112e-16
bloom-1b7,6,8111,16,2048,0.2509091829747577,0.401185483996743,0.6279399177825116,0.8235242076304023,0.924131229124764,0.6298828125,0.34814453125,0.10693359375,1.0,0.6556159202985521,0.4376082898714031,0.4007176964749765,1.4050003389175536e-16,3.757885030450223e-16
bloom-1b7,14,1729,0,2048,0.5250196398721256,0.6935728746537974,0.7862171980883572,0.8601865291148243,0.9213763596315072,0.9638671875,0.61865234375,0.1123046875,1.0,0.8547929579117683,0.7974440634830982,0.403456443100681,0.0,8.971409451381012e-16
bloom-1b7,14,1729,1,2048,0.5261077385639955,0.7006747256343281,0.7904864930972795,0.859176078546734,0.9230752380783062,0.96435546875,0.626953125,0.1083984375,1.0,0.8497285071531873,0.7918752803814404,0.4034564431006811,1.8949953214267903e-16,5.126519686503436e-16
bloom-1b7,14,1729,4,2048,0.5192148666321579,0.7022788301230296,0.7954267358986877,0.8592544363544914,0.9215471630292956,0.9580078125,0.6455078125,0.11376953125,1.0,0.8312878861619126,0.7673277121458693,0.4034564431006811,1.8949953214267903e-16,3.8448897648775765e-16
bloom-1b7,14,1729,16,2048,0.2325803025450437,0.3963700967396826,0.5999657611003462,0.7612739792476478,0.8857570963791268,0.630859375,0.2685546875,0.0341796875,0.998046875,0.6708852484997683,0.4677533783997252,0.4034564431006811,1.8949953214267903e-16,2.563259843251718e-16
bloom-1b7,14,2718,0,2048,0.5250196398721256,0.6935728746537974,0.7862171980883572,0.8601865291148243,0.9213763596315072,0.9638671875,0.61865234375,0.1123046875,1.0,0.8547929579117683,0.7974440634830982,0.403456443100681,0.0,8.971409451381012e-16
bloom-1b7,14,2718,1,2048,0.5351444679797424,0.7003323036557546,0.7889625433883947,0.8583620276487895,0.9217420865587482,0.9658203125,0.630859375,0.10595703125,1.0,0.8486797121595289,0.7921610178355882,0.4034564431006811,1.8949953214267903e-16,6.408149608129294e-16
bloom-1b7,14,2718,4,2048,0.5363990754375991,0.7113690912146776,0.7927830967613005,0.8627644770057656,0.922897675961692,0.9658203125,0.64404296875,0.1083984375,1.0,0.8302455855819151,0.7724287711355411,0.4034564431006812,1.8949953214267903e-16,1.281629921625859e-16
bloom-1b7,14,2718,16,2048,0.2308732411143356,0.3788725477553057,0.5624117567592557,0.7482867664504701,0.8865673462333437,0.58154296875,0.24609375,0.03271484375,1.0,0.6243462144477081,0.3838811426377361,0.4034564431006812,1.8949953214267903e-16,1.281629921625859e-16
bloom-1b7,14,3141,0,2048,0.5250196398721256,0.6935728746537974,0.7862171980883572,0.8601865291148243,0.9213763596315072,0.9638671875,0.61865234375,0.1123046875,1.0,0.8547929579117683,0.7974440634830982,0.403456443100681,0.0,8.971409451381012e-16
bloom-1b7,14,3141,1,2048,0.5439025070347789,0.6985496986641845,0.7903236622533834,0.8613151420745532,0.9232183502613812,0.970703125,0.63525390625,0.10546875,1.0,0.8474747618569876,0.7912069438155983,0.4034564431006811,0.0,3.8448897648775765e-16
bloom-1b7,14,3141,4,2048,0.5340650477766197,0.7048167935606533,0.7935427607900815,0.8617006910369169,0.9217214330476218,0.96728515625,0.6337890625,0.1103515625,1.0,0.8306722501857713,0.7699915913528611,0.4034564431006811,0.0,6.408149608129294e-16
bloom-1b7,14,3141,16,2048,0.2390879380013398,0.3810105392737835,0.5819162494114052,0.7569053943266942,0.8897562136415265,0.59326171875,0.259765625,0.03662109375,0.99951171875,0.6447914981390863,0.4204607246989127,0.4034564431006811,0.0,5.126519686503436e-16
bloom-1b7,14,5772,0,2048,0.5250196398721256,0.6935728746537974,0.7862171980883572,0.8601865291148243,0.9213763596315072,0.9638671875,0.61865234375,0.1123046875,1.0,0.8547929579117683,0.7974440634830982,0.403456443100681,0.0,8.971409451381012e-16
bloom-1b7,14,5772,1,2048,0.5350820618779586,0.6983166254099845,0.786270202893868,0.8615277833582243,0.9216016093683692,0.970703125,0.62109375,0.11572265625,1.0,0.8497479438950459,0.7924333702753067,0.4034564431006809,1.8949953214267903e-16,1.153466929463273e-15
bloom-1b7,14,5772,4,2048,0.5274204859592511,0.7110209310410369,0.7944044415811282,0.8604728668529882,0.9201418230258472,0.96484375,0.6455078125,0.10986328125,1.0,0.832595934431337,0.7730769472631828,0.4034564431006811,0.0,3.8448897648775765e-16
bloom-1b7,14,5772,16,2048,0.2503591340988155,0.4291001703828757,0.622464787767445,0.7791263207218828,0.8942184364860666,0.6669921875,0.291015625,0.0439453125,1.0,0.6807600912146123,0.4795408721178888,0.4034564431006811,0.0,3.8448897648775765e-16
bloom-1b7,14,8111,0,2048,0.5250196398721256,0.6935728746537974,0.7862171980883572,0.8601865291148243,0.9213763596315072,0.9638671875,0.61865234375,0.1123046875,1.0,0.8547929579117683,0.7974440634830982,0.403456443100681,0.0,8.971409451381012e-16
bloom-1b7,14,8111,1,2048,0.5261893597432357,0.6963745831000313,0.7885092553250086,0.8604995578722687,0.9239733999552774,0.96435546875,0.62744140625,0.10888671875,1.0,0.8497720273991338,0.7916500567885562,0.4034564431006814,0.0,6.408149608129294e-16
bloom-1b7,14,8111,4,2048,0.5319127363118868,0.703598793048805,0.7917167241442169,0.8576733173422704,0.9258519401421136,0.96435546875,0.62939453125,0.11181640625,1.0,0.8315072238407697,0.7685510070625967,0.4034564431006811,0.0,3.8448897648775765e-16
bloom-1b7,14,8111,16,2048,0.2239452309598415,0.3729558599154423,0.5588681268797044,0.7341926397722944,0.883797916559752,0.57421875,0.22509765625,0.03369140625,0.99951171875,0.6339562673354244,0.3934086321568605,0.4034564431006811,0.0,3.8448897648775765e-16
bloom-1b7,18,1729,0,2048,0.6005757504721172,0.7448341854288205,0.818383561762672,0.8788895481118975,0.9326066975296976,0.9853515625,0.73828125,0.15625,1.0,0.740301122265314,0.6585856232737823,0.4748381517430436,2.7369880692221397e-16,1.2373579311270803e-16
bloom-1b7,18,1729,1,2048,0.5942559614237637,0.7519378879951459,0.8211051603006523,0.8792898724843345,0.9310428190929914,0.9853515625,0.75439453125,0.16162109375,1.0,0.7314027679638146,0.6484607834279051,0.4748381517430436,1.3684940346110699e-16,1.2373579311270803e-16
bloom-1b7,18,1729,4,2048,0.599149586670884,0.7534068932312574,0.8249165690558677,0.880251077532701,0.930633148036504,0.9775390625,0.75634765625,0.1630859375,1.0,0.7055820635985302,0.6153708784675495,0.4748381517430436,0.0,2.474715862254161e-16
bloom-1b7,18,1729,16,2048,0.2869788128687829,0.508240012977091,0.6992736354765052,0.8173798741002058,0.9067582121148172,0.75830078125,0.40087890625,0.0615234375,1.0,0.5404834160909995,0.3663034657607852,0.4748381517430435,2.7369880692221397e-16,0.0
bloom-1b7,18,2718,0,2048,0.6005757504721172,0.7448341854288205,0.818383561762672,0.8788895481118975,0.9326066975296976,0.9853515625,0.73828125,0.15625,1.0,0.740301122265314,0.6585856232737823,0.4748381517430436,2.7369880692221397e-16,1.2373579311270803e-16
bloom-1b7,18,2718,1,2048,0.6088806242040944,0.7515712531979112,0.8219729506594644,0.8785605810409836,0.9300993695341682,0.9833984375,0.75439453125,0.158203125,1.0,0.7306489729585319,0.6489488709919325,0.4748381517430436,0.0,1.2373579311270803e-16
bloom-1b7,18,2718,4,2048,0.6055531602783893,0.7561955014975356,0.8270546500808498,0.8802505960222708,0.930777726801353,0.978515625,0.76025390625,0.14990234375,1.0,0.7043318317411897,0.6172232434568641,0.4748381517430435,2.7369880692221397e-16,1.2373579311270803e-16
bloom-1b7,18,2718,16,2048,0.2943304841876322,0.5352726690274652,0.7098538633245641,0.828351836694775,0.9028347020858652,0.77978515625,0.4296875,0.05615234375,1.0,0.5470622369579963,0.3732138349156026,0.4748381517430435,2.7369880692221397e-16,0.0
bloom-1b7,18,3141,0,2048,0.6005757504721172,0.7448341854288205,0.818383561762672,0.8788895481118975,0.9326066975296976,0.9853515625,0.73828125,0.15625,1.0,0.740301122265314,0.6585856232737823,0.4748381517430436,2.7369880692221397e-16,1.2373579311270803e-16
bloom-1b7,18,3141,1,2048,0.6050709321575164,0.748313574973904,0.8226309412070625,0.8783240198132761,0.9299562881341952,0.98583984375,0.74462890625,0.16064453125,1.0,0.7318285619734253,0.6492502434499655,0.4748381517430435,2.7369880692221397e-16,2.474715862254161e-16
bloom-1b7,18,3141,4,2048,0.5883262040117507,0.7514813319336859,0.8271520016252532,0.8808322774314152,0.9305317509774256,0.98291015625,0.75244140625,0.15771484375,1.0,0.7057870896645713,0.618057715270876,0.4748381517430435,2.7369880692221397e-16,0.0
bloom-1b7,18,3141,16,2048,0.3042727105082618,0.5326487389145854,0.7234609038506864,0.8324791575514985,0.910073046992538,0.783203125,0.45703125,0.06787109375,1.0,0.5518081850202652,0.3808866107759037,0.4748381517430436,2.7369880692221397e-16,2.474715862254161e-16
bloom-1b7,18,5772,0,2048,0.6005757504721172,0.7448341854288205,0.818383561762672,0.8788895481118975,0.9326066975296976,0.9853515625,0.73828125,0.15625,1.0,0.740301122265314,0.6585856232737823,0.4748381517430436,2.7369880692221397e-16,1.2373579311270803e-16
bloom-1b7,18,5772,1,2048,0.598939954374091,0.7511353015289575,0.8224024764448277,0.8784944345788827,0.9309182974227944,0.98388671875,0.75244140625,0.14892578125,1.0,0.7316637098416954,0.6497398033441119,0.4748381517430436,0.0,2.474715862254161e-16
bloom-1b7,18,5772,4,2048,0.6043878428003128,0.7576279415651734,0.826525793595224,0.8810591022407676,0.9278220304502018,0.9833984375,0.77392578125,0.158203125,1.0,0.7008171985656706,0.6146209662597576,0.4748381517430435,1.3684940346110699e-16,1.2373579311270803e-16
bloom-1b7,18,5772,16,2048,0.3052174348258096,0.532764218841661,0.7231080806622789,0.8286630194873699,0.9042977487721175,0.77978515625,0.44482421875,0.05908203125,1.0,0.5370343466284437,0.3569839282990429,0.4748381517430435,2.7369880692221397e-16,0.0
bloom-1b7,18,8111,0,2048,0.6005757504721172,0.7448341854288205,0.818383561762672,0.8788895481118975,0.9326066975296976,0.9853515625,0.73828125,0.15625,1.0,0.740301122265314,0.6585856232737823,0.4748381517430436,2.7369880692221397e-16,1.2373579311270803e-16
bloom-1b7,18,8111,1,2048,0.6041782073880538,0.7517901460121388,0.8210704906295825,0.8780344946771357,0.9308357845588076,0.98388671875,0.75634765625,0.16162109375,1.0,0.7312547525888589,0.6484587759220051,0.4748381517430435,1.3684940346110699e-16,3.7120737933812415e-16
bloom-1b7,18,8111,4,2048,0.604435317384284,0.7542964377702059,0.8270804986420185,0.8798751723041287,0.928528553686002,0.9833984375,0.75732421875,0.1455078125,1.0,0.7039209406523621,0.6155063163371349,0.4748381517430435,1.3684940346110699e-16,0.0
bloom-1b7,18,8111,16,2048,0.2964750237731027,0.5019514347815459,0.6913987327928175,0.8174561366173679,0.8974095376570753,0.75146484375,0.39697265625,0.04638671875,1.0,0.5357501677687053,0.3460558336291781,0.4748381517430436,1.3684940346110699e-16,1.2373579311270803e-16
bloom-1b7,24,1729,0,2048,0.4523341099494306,0.6414546253252024,0.7638057409808128,0.867014266438642,0.964526266784881,0.919921875,0.5283203125,0.17626953125,1.0,0.9898331327029048,0.9885371201980212,0.989208112713436,0.0,0.0
bloom-1b7,24,1729,1,2048,0.4787533500271891,0.6683825638571419,0.7870216017292252,0.8771959021933209,0.969679018102486,0.93701171875,0.58837890625,0.1943359375,1.0,0.9868763153352808,0.9850220780155132,0.989208112713436,1.2205528002814307e-16,0.0
bloom-1b7,24,1729,4,2048,0.559751258098782,0.7525608230718449,0.8542235460624883,0.9307166248036526,0.9887404079047196,0.9697265625,0.755859375,0.36279296875,1.0,0.9680911065918312,0.943257970250859,0.989208112713436,2.441105600562861e-16,0.0
bloom-1b7,24,1729,16,2048,0.9514625748604452,0.9745952791668748,0.9840467308381584,0.9905405398848126,0.9967779625160496,1.0,1.0,0.99169921875,1.0,0.576510269142293,0.3404087070645589,0.989208112713436,1.2205528002814307e-16,1.7481023881254682e-16
bloom-1b7,24,2718,0,2048,0.4523341099494306,0.6414546253252024,0.7638057409808128,0.867014266438642,0.964526266784881,0.919921875,0.5283203125,0.17626953125,1.0,0.9898331327029048,0.9885371201980212,0.989208112713436,0.0,0.0
bloom-1b7,24,2718,1,2048,0.479644592502017,0.670373216611692,0.7864607832713492,0.8823273478421582,0.9713012624294276,0.93896484375,0.58642578125,0.20947265625,1.0,0.9865008040083472,0.9850010245733738,0.989208112713436,0.0,1.7481023881254682e-16
bloom-1b7,24,2718,4,2048,0.5613349369084084,0.752796075483899,0.8515167668613893,0.9287869126989916,0.988430950407444,0.970703125,0.755859375,0.33935546875,1.0,0.9664934602879184,0.9437434468826634,0.989208112713436,0.0,1.7481023881254682e-16
bloom-1b7,24,2718,16,2048,0.9554767788415875,0.9773833609401552,0.9859233250655106,0.9915103703357494,0.996667351471923,1.0,1.0,0.99609375,1.0,0.5326448851821837,0.2819814895413343,0.989208112713436,0.0,1.7481023881254682e-16
bloom-1b7,24,3141,0,2048,0.4523341099494306,0.6414546253252024,0.7638057409808128,0.867014266438642,0.964526266784881,0.919921875,0.5283203125,0.17626953125,1.0,0.9898331327029048,0.9885371201980212,0.989208112713436,0.0,0.0
bloom-1b7,24,3141,1,2048,0.4646336642299231,0.6653876193475265,0.7831896170696047,0.8829409504784886,0.9718283132680112,0.9345703125,0.5888671875,0.20458984375,1.0,0.9869750295143622,0.9850450157979812,0.989208112713436,0.0,0.0
bloom-1b7,24,3141,4,2048,0.5641291360313646,0.7520816558966246,0.8521440077691833,0.9305471535724624,0.9887080719945868,0.974609375,0.7529296875,0.35595703125,1.0,0.9692894011613492,0.9498861717646488,0.989208112713436,0.0,0.0
bloom-1b7,24,3141,16,2048,0.9504997117339772,0.9761640426554434,0.9851844431158276,0.9915140407915572,0.9967124043224992,1.0,1.0,0.99609375,1.0,0.561343563988826,0.3036741357181182,0.989208112713436,2.441105600562861e-16,0.0
bloom-1b7,24,5772,0,2048,0.4523341099494306,0.6414546253252024,0.7638057409808128,0.867014266438642,0.964526266784881,0.919921875,0.5283203125,0.17626953125,1.0,0.9898331327029048,0.9885371201980212,0.989208112713436,0.0,0.0
bloom-1b7,24,5772,1,2048,0.4815236677677096,0.6652261683348321,0.7829476040303621,0.8839911949551771,0.9718278348398184,0.93798828125,0.58251953125,0.2060546875,1.0,0.9864185470597278,0.9850891972815682,0.989208112713436,0.0,0.0
bloom-1b7,24,5772,4,2048,0.5564665322537586,0.7482045878784099,0.8541324494131204,0.9304218869382758,0.9881755344979084,0.97119140625,0.74658203125,0.34814453125,1.0,0.9674960518185622,0.9494901759768988,0.989208112713436,0.0,1.7481023881254682e-16
bloom-1b7,24,5772,16,2048,0.9529899215869712,0.9774006323353822,0.9851167745359208,0.9907967593540424,0.9966005426756208,1.0,1.0,0.99658203125,1.0,0.542833615034924,0.3038923500244522,0.989208112713436,1.2205528002814307e-16,0.0
bloom-1b7,24,8111,0,2048,0.4523341099494306,0.6414546253252024,0.7638057409808128,0.867014266438642,0.964526266784881,0.919921875,0.5283203125,0.17626953125,1.0,0.9898331327029048,0.9885371201980212,0.989208112713436,0.0,0.0
bloom-1b7,24,8111,1,2048,0.4733767109074501,0.6729346339460464,0.7864474221914368,0.8817831197765205,0.9711018328138828,0.93994140625,0.58544921875,0.19775390625,1.0,0.9865793927174352,0.9848384537174396,0.989208112713436,0.0,1.7481023881254682e-16
bloom-1b7,24,8111,4,2048,0.5579621364534666,0.7536927103622455,0.8554970664826662,0.9278252869745528,0.9878635356294052,0.97998046875,0.75537109375,0.3486328125,1.0,0.9662557557393197,0.9464424680174544,0.989208112713436,0.0,0.0
bloom-1b7,24,8111,16,2048,0.9562172594516074,0.9768629185701718,0.9855503262699904,0.9912439787100188,0.9967686215550198,1.0,1.0,0.99658203125,1.0,0.5237177791116456,0.2712018451732518,0.989208112713436,0.0,1.7481023881254682e-16
bloom-7b1,0,1729,0,4096,0.562477130637645,0.7119079525985827,0.8002416797398816,0.8645818987733276,0.9345846793920228,0.9775390625,0.654541015625,0.12890625,1.0,0.5929061667549458,0.4604662572472808,0.8599247294191039,0.0,0.0
bloom-7b1,0,1729,1,4096,0.5636096113438228,0.7170172270072855,0.8000536190519838,0.8674486740048716,0.9308205491408488,0.9775390625,0.657470703125,0.133056640625,1.0,0.5853067295200087,0.4484141783028667,0.8599247294191039,0.0,0.0
bloom-7b1,0,1729,4,4096,0.5729109042630018,0.7273816041393367,0.8088551698009481,0.8697624565748527,0.926345659836779,0.982421875,0.695556640625,0.13037109375,1.0,0.5584167497636565,0.4183310007382534,0.8599247294191039,0.0,0.0
bloom-7b1,0,1729,16,4096,0.631788658851256,0.7629719527646076,0.831019650250073,0.8841486995237737,0.9280632264191984,0.989990234375,0.780517578125,0.167724609375,1.0,0.4277107386717482,0.2280068695846756,0.8599247294191039,0.0,2.934871995009772e-16
bloom-7b1,0,2718,0,4096,0.562477130637645,0.7119079525985827,0.8002416797398816,0.8645818987733276,0.9345846793920228,0.9775390625,0.654541015625,0.12890625,1.0,0.5929061667549458,0.4604662572472808,0.8599247294191039,0.0,0.0
bloom-7b1,0,2718,1,4096,0.5656505667938045,0.7202692008413101,0.8007834218528912,0.8661101513221457,0.9318134395907838,0.97705078125,0.6669921875,0.126953125,1.0,0.5822664810883311,0.4490934384011241,0.8599247294191039,0.0,1.467435997504886e-16
bloom-7b1,0,2718,4,4096,0.5772416910048273,0.7267250198515386,0.807241251838083,0.8675032400085358,0.9298433324005336,0.983642578125,0.68798828125,0.13134765625,1.0,0.5600922586418318,0.422076110290692,0.8599247294191039,0.0,0.0
bloom-7b1,0,2718,16,4096,0.6249260521427759,0.7635975145633179,0.8357447370465083,0.8841183618267916,0.929033176192834,0.9921875,0.77978515625,0.175537109375,1.0,0.4166500141881735,0.2140974314322191,0.8599247294191039,0.0,0.0
bloom-7b1,0,3141,0,4096,0.562477130637645,0.7119079525985827,0.8002416797398816,0.8645818987733276,0.9345846793920228,0.9775390625,0.654541015625,0.12890625,1.0,0.5929061667549458,0.4604662572472808,0.8599247294191039,0.0,0.0
bloom-7b1,0,3141,1,4096,0.5700705463162684,0.7138863105199851,0.7998577524886524,0.8659817960474712,0.9324891055941178,0.981689453125,0.6591796875,0.12841796875,1.0,0.5861685732610669,0.4504124832470366,0.8599247294191039,0.0,1.467435997504886e-16
bloom-7b1,0,3141,4,4096,0.5750926135324619,0.7262210919923064,0.8108561061805077,0.8692327543304863,0.929012843894278,0.981689453125,0.69140625,0.131103515625,1.0,0.5587206076694844,0.4187411339329419,0.8599247294191039,0.0,0.0
bloom-7b1,0,3141,16,4096,0.6364486584017364,0.7611552696444512,0.8331977384880447,0.8835519632086255,0.9304403303944372,0.9921875,0.77880859375,0.16748046875,1.0,0.4261273399322298,0.2287752911318059,0.8599247294191039,0.0,0.0
bloom-7b1,0,5772,0,4096,0.562477130637645,0.7119079525985827,0.8002416797398816,0.8645818987733276,0.9345846793920228,0.9775390625,0.654541015625,0.12890625,1.0,0.5929061667549458,0.4604662572472808,0.8599247294191039,0.0,0.0
bloom-7b1,0,5772,1,4096,0.5773160949775884,0.7149454744564812,0.7992764355765705,0.8651252252648854,0.9346137602045124,0.98095703125,0.658203125,0.13232421875,1.0,0.5868239329460689,0.4498638433933085,0.8599247294191039,0.0,1.467435997504886e-16
bloom-7b1,0,5772,4,4096,0.5854134921925739,0.728226037868293,0.8080068229106212,0.869732676507497,0.9300099809028436,0.98388671875,0.68603515625,0.134521484375,1.0,0.5594249980698804,0.4186882810809303,0.8599247294191039,0.0,0.0
bloom-7b1,0,5772,16,4096,0.6248142267793467,0.7617233601748055,0.83147332355426,0.8834754571030472,0.9298033021529016,0.99169921875,0.77783203125,0.16259765625,1.0,0.4296935589776838,0.228024256811938,0.8599247294191039,0.0,0.0
bloom-7b1,0,8111,0,4096,0.562477130637645,0.7119079525985827,0.8002416797398816,0.8645818987733276,0.9345846793920228,0.9775390625,0.654541015625,0.12890625,1.0,0.5929061667549458,0.4604662572472808,0.8599247294191039,0.0,0.0
bloom-7b1,0,8111,1,4096,0.5624565353117948,0.7157200788209257,0.8003474164476458,0.8656564164900608,0.9316609419454758,0.982421875,0.659912109375,0.125732421875,1.0,0.5868264523400568,0.4500652350381035,0.8599247294191039,0.0,0.0
bloom-7b1,0,8111,4,4096,0.5864715422502333,0.7260438227366832,0.8057705168175071,0.8677942374141125,0.9303154492348908,0.98291015625,0.68408203125,0.129638671875,1.0,0.5650483815890976,0.4250016398544465,0.8599247294191039,0.0,0.0
bloom-7b1,0,8111,16,4096,0.6279080088580201,0.76154883872909,0.832394983771916,0.8831121836929691,0.9294864667999412,0.99072265625,0.77880859375,0.16796875,1.0,0.4347733364103803,0.2375057320693812,0.8599247294191039,1.9122742945141084e-16,0.0
bloom-7b1,8,1729,0,4096,0.6541555610339774,0.7915380799416774,0.8594675522493304,0.9067326598610884,0.9488380626997036,0.994384765625,0.84375,0.2900390625,1.0,0.8696169858005773,0.8200863307332857,0.4016093200709112,2.459605718972431e-16,8.253809873476816e-16
bloom-7b1,8,1729,1,4096,0.6629989355413608,0.7969081979895477,0.8595177822606239,0.9073077350650324,0.9489645505951754,0.993408203125,0.859619140625,0.29248046875,1.0,0.8636901482896875,0.8137636470303493,0.4016093200709114,0.0,3.3015239493907264e-16
bloom-7b1,8,1729,4,4096,0.664423135248528,0.7986107468343511,0.8628885229934142,0.9086102873283174,0.9502243983650842,0.990234375,0.85595703125,0.29345703125,1.0,0.8501932644818522,0.7977058938689356,0.4016093200709114,1.2298028594862156e-16,1.6507619746953632e-16
bloom-7b1,8,1729,16,4096,0.281023580922801,0.5217287642716837,0.7436585273433097,0.8605552241251526,0.9335610749005744,0.768798828125,0.490478515625,0.1376953125,0.999267578125,0.7393700958204645,0.6028306802646549,0.4016093200709114,3.689408578458647e-16,3.3015239493907264e-16
bloom-7b1,8,2718,0,4096,0.6541555610339774,0.7915380799416774,0.8594675522493304,0.9067326598610884,0.9488380626997036,0.994384765625,0.84375,0.2900390625,1.0,0.8696169858005773,0.8200863307332857,0.4016093200709112,2.459605718972431e-16,8.253809873476816e-16
bloom-7b1,8,2718,1,4096,0.6547973141360413,0.7950895941455598,0.8607399761587304,0.9069060982211632,0.9500967074703716,0.992919921875,0.84814453125,0.28662109375,1.0,0.8647628632233653,0.8151551737322151,0.4016093200709114,0.0,0.0
bloom-7b1,8,2718,4,4096,0.6464772814121245,0.7978123820372525,0.8631749488108994,0.9082419394425298,0.9499418806237904,0.98681640625,0.854736328125,0.2978515625,1.0,0.8502526634692973,0.7972376002446118,0.4016093200709112,0.0,4.95228592408609e-16
bloom-7b1,8,2718,16,4096,0.2550800866213255,0.4297226390427318,0.6712882948782761,0.8367541564306218,0.9292215260813836,0.675048828125,0.397705078125,0.10595703125,0.999755859375,0.697749247953285,0.5206833241444616,0.4016093200709114,2.459605718972431e-16,1.6507619746953632e-16
bloom-7b1,8,3141,0,4096,0.6541555610339774,0.7915380799416774,0.8594675522493304,0.9067326598610884,0.9488380626997036,0.994384765625,0.84375,0.2900390625,1.0,0.8696169858005773,0.8200863307332857,0.4016093200709112,2.459605718972431e-16,8.253809873476816e-16
bloom-7b1,8,3141,1,4096,0.6581121169475801,0.7961884801295841,0.8592409370950478,0.9073892287392096,0.9491305325619374,0.9931640625,0.85009765625,0.29150390625,1.0,0.8644206840922546,0.815129189823986,0.4016093200709115,1.2298028594862156e-16,1.6507619746953632e-16
bloom-7b1,8,3141,4,4096,0.668058759875558,0.7983135003185714,0.861890238145594,0.9077489132340067,0.9502005341792724,0.99267578125,0.861572265625,0.293701171875,1.0,0.849685188794884,0.7971895403842129,0.4016093200709115,1.2298028594862156e-16,1.6507619746953632e-16
bloom-7b1,8,3141,16,4096,0.248883404371597,0.4169764180740752,0.649454047611297,0.8217591732127221,0.9212694668712156,0.664794921875,0.3662109375,0.091064453125,1.0,0.6842283240648595,0.4836374791432937,0.4016093200709115,0.0,3.3015239493907264e-16
bloom-7b1,8,5772,0,4096,0.6541555610339774,0.7915380799416774,0.8594675522493304,0.9067326598610884,0.9488380626997036,0.994384765625,0.84375,0.2900390625,1.0,0.8696169858005773,0.8200863307332857,0.4016093200709112,2.459605718972431e-16,8.253809873476816e-16
bloom-7b1,8,5772,1,4096,0.6575194986986277,0.7951403574992006,0.8610484125232128,0.9067656320493565,0.9495419276114986,0.9931640625,0.847900390625,0.294677734375,1.0,0.8645471971634839,0.8144349085352236,0.4016093200709113,1.2298028594862156e-16,6.603047898781454e-16
bloom-7b1,8,5772,4,4096,0.6515646276968626,0.7958658850575786,0.861332632460263,0.908230938775842,0.9509535156390064,0.991943359375,0.85693359375,0.295166015625,1.0,0.8506319865028662,0.7986107452620596,0.4016093200709115,2.459605718972431e-16,0.0
bloom-7b1,8,5772,16,4096,0.2664792117149742,0.4650138074904846,0.7060833655708607,0.8453941938239163,0.9305458497433992,0.719482421875,0.4375,0.117919921875,0.999755859375,0.7200898963683395,0.5600608031853747,0.4016093200709115,1.2298028594862156e-16,1.6507619746953632e-16
bloom-7b1,8,8111,0,4096,0.6541555610339774,0.7915380799416774,0.8594675522493304,0.9067326598610884,0.9488380626997036,0.994384765625,0.84375,0.2900390625,1.0,0.8696169858005773,0.8200863307332857,0.4016093200709112,2.459605718972431e-16,8.253809873476816e-16
bloom-7b1,8,8111,1,4096,0.657235591876399,0.793083020834624,0.8617754794583496,0.9082379051778348,0.9494059173927726,0.9931640625,0.849853515625,0.2958984375,1.0,0.8649296854838131,0.8145432065198269,0.4016093200709114,1.2298028594862156e-16,1.6507619746953632e-16
bloom-7b1,8,8111,4,4096,0.6569694040677726,0.7964677822758301,0.8614862955361023,0.90798105568988,0.9508729629025974,0.98876953125,0.85595703125,0.296142578125,1.0,0.8508000163745129,0.7978173847357235,0.4016093200709114,0.0,1.6507619746953632e-16
bloom-7b1,8,8111,16,4096,0.2733724700561175,0.4975057216506224,0.7149234224209853,0.8504909314961004,0.9335441961665768,0.747314453125,0.448974609375,0.132080078125,0.999755859375,0.7266765905649919,0.5738040748955903,0.4016093200709115,1.2298028594862156e-16,3.3015239493907264e-16
bloom-7b1,17,1729,0,4096,0.4501854291621645,0.62694814412111,0.7345637491246284,0.8186777056470718,0.8993389454768276,0.915283203125,0.459716796875,0.04931640625,1.0,0.8883860836884578,0.8454610634066572,0.3874659826629673,6.259821945772403e-16,5.939591907218157e-16
bloom-7b1,17,1729,1,4096,0.4631905665041573,0.6376650027471631,0.7380645702837029,0.8186813056934936,0.8992620580111401,0.92236328125,0.466796875,0.04833984375,1.0,0.8841388521154481,0.8419255213342286,0.3874659826629671,1.5649554864431006e-16,0.0
bloom-7b1,17,1729,4,4096,0.4711180149042215,0.63979810410283,0.7418712038012456,0.8236067269456936,0.902505871467155,0.931884765625,0.475830078125,0.05615234375,1.0,0.8738169596252219,0.8281044853120343,0.387465982662967,1.5649554864431006e-16,3.959727938145437e-16
bloom-7b1,17,1729,16,4096,0.2482288957793035,0.4100701292703986,0.606552780570879,0.7551328084725597,0.8772344323148694,0.64111328125,0.2578125,0.025634765625,0.999267578125,0.736789444658386,0.5593383288787886,0.3874659826629671,3.129910972886201e-16,0.0
bloom-7b1,17,2718,0,4096,0.4501854291621645,0.62694814412111,0.7345637491246284,0.8186777056470718,0.8993389454768276,0.915283203125,0.459716796875,0.04931640625,1.0,0.8883860836884578,0.8454610634066572,0.3874659826629673,6.259821945772403e-16,5.939591907218157e-16
bloom-7b1,17,2718,1,4096,0.4538689266309372,0.6338482883682921,0.7376391463423286,0.8187736380376229,0.9004178042235297,0.92138671875,0.464111328125,0.05078125,1.0,0.8846173275133391,0.8418239527905088,0.387465982662967,1.5649554864431006e-16,1.9798639690727183e-16
bloom-7b1,17,2718,4,4096,0.4682670596161185,0.6394511707180076,0.7428898518927385,0.8230389889643563,0.8990921252368226,0.925537109375,0.478271484375,0.04931640625,1.0,0.8730562413467073,0.8282720348401996,0.387465982662967,1.5649554864431006e-16,1.9798639690727183e-16
bloom-7b1,17,2718,16,4096,0.2389997599011298,0.4085132726452619,0.6019364562955523,0.750413645877509,0.8734124864166574,0.636474609375,0.250732421875,0.024658203125,0.999267578125,0.7516520528618229,0.5930776286571835,0.3874659826629671,1.5649554864431006e-16,0.0
bloom-7b1,17,3141,0,4096,0.4501854291621645,0.62694814412111,0.7345637491246284,0.8186777056470718,0.8993389454768276,0.915283203125,0.459716796875,0.04931640625,1.0,0.8883860836884578,0.8454610634066572,0.3874659826629673,6.259821945772403e-16,5.939591907218157e-16
bloom-7b1,17,3141,1,4096,0.4552806239034904,0.6318181538490233,0.7382862706387471,0.8200518958448012,0.9003843348239999,0.9228515625,0.4658203125,0.05078125,1.0,0.8844632068903209,0.8409740790655656,0.3874659826629671,3.129910972886201e-16,0.0
bloom-7b1,17,3141,4,4096,0.4661089145811554,0.6444255461942722,0.7418144486366612,0.8200618614294264,0.9009130834525492,0.932861328125,0.4765625,0.052001953125,1.0,0.87399453535035,0.8285947178433712,0.3874659826629671,3.129910972886201e-16,0.0
bloom-7b1,17,3141,16,4096,0.2427828322400558,0.4155078272161051,0.6020595354617966,0.7511959209756744,0.8761128478578728,0.6455078125,0.251953125,0.02783203125,0.99951171875,0.7506854069780293,0.5975147710841714,0.3874659826629671,1.5649554864431006e-16,0.0
bloom-7b1,17,5772,0,4096,0.4501854291621645,0.62694814412111,0.7345637491246284,0.8186777056470718,0.8993389454768276,0.915283203125,0.459716796875,0.04931640625,1.0,0.8883860836884578,0.8454610634066572,0.3874659826629673,6.259821945772403e-16,5.939591907218157e-16
bloom-7b1,17,5772,1,4096,0.454247912477407,0.634393831538747,0.7358383337945686,0.8198636225824149,0.8995399691073882,0.920654296875,0.462158203125,0.050048828125,1.0,0.8844277523116117,0.8410764741987756,0.3874659826629671,0.0,3.959727938145437e-16
bloom-7b1,17,5772,4,4096,0.4593647214072663,0.6447593867225436,0.743732478493949,0.823278961233832,0.8998507486793024,0.9248046875,0.4794921875,0.050048828125,1.0,0.8729128119438676,0.8277589673470798,0.3874659826629671,1.5649554864431006e-16,0.0
bloom-7b1,17,5772,16,4096,0.2451542248480677,0.4160776444447585,0.6025067098478086,0.7553715691526119,0.8784107570353713,0.641845703125,0.262451171875,0.0283203125,1.0,0.7421148698779276,0.57687831675205,0.3874659826629671,1.5649554864431006e-16,0.0
bloom-7b1,17,8111,0,4096,0.4501854291621645,0.62694814412111,0.7345637491246284,0.8186777056470718,0.8993389454768276,0.915283203125,0.459716796875,0.04931640625,1.0,0.8883860836884578,0.8454610634066572,0.3874659826629673,6.259821945772403e-16,5.939591907218157e-16
bloom-7b1,17,8111,1,4096,0.453928061486186,0.6311362789156747,0.7375793753384139,0.8193368023202863,0.8984932341139138,0.920166015625,0.4638671875,0.04736328125,1.0,0.8848606275443673,0.8416596593827784,0.3874659826629672,3.129910972886201e-16,3.959727938145437e-16
bloom-7b1,17,8111,4,4096,0.469428394102993,0.6443756374939292,0.7429143408541652,0.8221381398013567,0.9013149315296616,0.93017578125,0.477294921875,0.052734375,1.0,0.8723548882779479,0.8270688625361488,0.387465982662967,1.5649554864431006e-16,1.9798639690727183e-16
bloom-7b1,17,8111,16,4096,0.226288309315925,0.3818579640791039,0.5630769454744377,0.7303826765745256,0.8701333600960333,0.5888671875,0.221923828125,0.020263671875,0.9990234375,0.7117658829266122,0.5043293044986469,0.3874659826629671,3.129910972886201e-16,0.0
bloom-7b1,22,1729,0,4096,0.5416508034763027,0.6984333822110969,0.7809604642229983,0.8459097884364047,0.9130298617523724,0.972412109375,0.606689453125,0.07275390625,1.0,0.7650820650870984,0.6930417630445729,0.4654174406048843,0.0,3.7554719116154253e-16
bloom-7b1,22,1729,1,4096,0.5530506317578785,0.7031673415629258,0.7855088811431201,0.8488682768555504,0.913752917985864,0.976318359375,0.617431640625,0.07763671875,1.0,0.7561515452622123,0.6827672928361267,0.4654174406048842,2.1567840083932328e-16,0.0
bloom-7b1,22,1729,4,4096,0.5659877618876378,0.711714342845291,0.7912376864893685,0.8530532585784788,0.91222759071784,0.97607421875,0.645263671875,0.077880859375,1.0,0.7338522926018829,0.6592401676474746,0.4654174406048842,2.1567840083932328e-16,0.0
bloom-7b1,22,1729,16,4096,0.3072271576326696,0.5299296861989844,0.7013835379952613,0.8043366107255641,0.8918432337357568,0.778564453125,0.3955078125,0.03759765625,1.0,0.5829368090140781,0.4214706292978266,0.4654174406048841,0.0,0.0
bloom-7b1,22,2718,0,4096,0.5416508034763027,0.6984333822110969,0.7809604642229983,0.8459097884364047,0.9130298617523724,0.972412109375,0.606689453125,0.07275390625,1.0,0.7650820650870984,0.6930417630445729,0.4654174406048843,0.0,3.7554719116154253e-16
bloom-7b1,22,2718,1,4096,0.5470248899534002,0.7009167308596352,0.7854983997440581,0.8472020671474,0.914003044169119,0.972900390625,0.623779296875,0.077392578125,1.0,0.7565174260675314,0.6839790096810925,0.4654174406048842,2.1567840083932328e-16,3.7554719116154253e-16
bloom-7b1,22,2718,4,4096,0.5573820012462268,0.7086114699620734,0.7916900761029997,0.8542728236263787,0.9137905160477028,0.973876953125,0.6455078125,0.08203125,1.0,0.7348074766387198,0.6588679658230475,0.4654174406048842,2.1567840083932328e-16,1.8777359558077127e-16
bloom-7b1,22,2718,16,4096,0.2973217209328925,0.5135983932512591,0.6972801616137341,0.8063191801727561,0.893060404893101,0.76416015625,0.38720703125,0.039306640625,0.999755859375,0.5754332685861479,0.4000650580157231,0.4654174406048843,0.0,3.7554719116154253e-16
bloom-7b1,22,3141,0,4096,0.5416508034763027,0.6984333822110969,0.7809604642229983,0.8459097884364047,0.9130298617523724,0.972412109375,0.606689453125,0.07275390625,1.0,0.7650820650870984,0.6930417630445729,0.4654174406048843,0.0,3.7554719116154253e-16
bloom-7b1,22,3141,1,4096,0.5481512755302442,0.701109541956001,0.7836879431081234,0.8480922268440643,0.9145226863956418,0.97119140625,0.617431640625,0.0791015625,1.0,0.7576313254364022,0.6834806807003674,0.4654174406048841,0.0,3.7554719116154253e-16
bloom-7b1,22,3141,4,4096,0.5700007245396158,0.7135184818311193,0.7926162714094256,0.8542189175427399,0.91101789029347,0.977294921875,0.645751953125,0.077392578125,1.0,0.7334086639593749,0.6565124657522804,0.4654174406048844,2.1567840083932328e-16,5.63320786742314e-16
bloom-7b1,22,3141,16,4096,0.3145418925953572,0.5320513697134869,0.7076750709825953,0.8140164916636474,0.8955308390564789,0.78955078125,0.413818359375,0.04541015625,0.999755859375,0.5988621699627066,0.440933149036807,0.4654174406048842,2.1567840083932328e-16,0.0
bloom-7b1,22,5772,0,4096,0.5416508034763027,0.6984333822110969,0.7809604642229983,0.8459097884364047,0.9130298617523724,0.972412109375,0.606689453125,0.07275390625,1.0,0.7650820650870984,0.6930417630445729,0.4654174406048843,0.0,3.7554719116154253e-16
bloom-7b1,22,5772,1,4096,0.5540604319269015,0.7015731210800507,0.7838097129602931,0.8476917722859091,0.9119436929426102,0.97607421875,0.614990234375,0.0751953125,1.0,0.7573875722484962,0.6854632201829074,0.4654174406048842,0.0,1.8777359558077127e-16
bloom-7b1,22,5772,4,4096,0.5613636376870847,0.7138169394151265,0.7918768582030151,0.8516527063818731,0.9110442574784346,0.976806640625,0.64306640625,0.077880859375,1.0,0.7359125703532381,0.6593874635453361,0.4654174406048841,0.0,0.0
bloom-7b1,22,5772,16,4096,0.3144492168113851,0.5243427891819938,0.6994055089757469,0.8070390472042135,0.8929991073084089,0.7734375,0.389404296875,0.03955078125,0.999755859375,0.5831567766757264,0.4085888477978761,0.4654174406048842,2.1567840083932328e-16,0.0
bloom-7b1,22,8111,0,4096,0.5416508034763027,0.6984333822110969,0.7809604642229983,0.8459097884364047,0.9130298617523724,0.972412109375,0.606689453125,0.07275390625,1.0,0.7650820650870984,0.6930417630445729,0.4654174406048843,0.0,3.7554719116154253e-16
bloom-7b1,22,8111,1,4096,0.5505733326195918,0.704836542442427,0.7843757895755554,0.8453408116962751,0.912462085918315,0.976318359375,0.62060546875,0.072509765625,1.0,0.7569167370014966,0.6839691114725537,0.4654174406048845,2.1567840083932328e-16,1.126641573484628e-15
bloom-7b1,22,8111,4,4096,0.5553920854157628,0.7143092323993259,0.7912077656737471,0.8517449869260831,0.9127230625356896,0.974609375,0.644287109375,0.08056640625,1.0,0.7342957449086109,0.6604651009876107,0.4654174406048842,2.1567840083932328e-16,0.0
bloom-7b1,22,8111,16,4096,0.3183097605923189,0.5653793333726704,0.7253473140100637,0.8202553734243175,0.8969778720539084,0.810302734375,0.444091796875,0.044677734375,1.0,0.5974663113789143,0.4456473153332136,0.4654174406048842,2.1567840083932328e-16,0.0
bloom-7b1,30,1729,0,4096,0.4637697243726488,0.6395039790410422,0.7604840406873343,0.8631170196288942,0.9614020847952812,0.92236328125,0.524169921875,0.162353515625,1.0,0.9888210541911218,0.9846442281309252,0.990054708868402,0.0,2.8981060666084163e-16
bloom-7b1,30,1729,1,4096,0.4901614355673155,0.6647488126589727,0.7819195389808515,0.8778982606981443,0.9651004010725118,0.943115234375,0.580322265625,0.192626953125,1.0,0.9862276209918368,0.9812116595945136,0.990054708868402,0.0,4.3471590999126237e-16
bloom-7b1,30,1729,4,4096,0.5767092887216593,0.7463114355871969,0.8422965096330186,0.913278700176584,0.9848303654774891,0.979248046875,0.740478515625,0.2958984375,1.0,0.9710807283817257,0.9539696054210663,0.990054708868402,0.0,4.3471590999126237e-16
bloom-7b1,30,1729,16,4096,0.9351104041641424,0.9689761405583064,0.9822304615098096,0.9904093585170572,0.9961346666382732,1.0,1.0,0.98779296875,1.0,0.6217119326349752,0.3849066138962606,0.990054708868402,0.0,4.3471590999126237e-16
bloom-7b1,30,2718,0,4096,0.4637697243726488,0.6395039790410422,0.7604840406873343,0.8631170196288942,0.9614020847952812,0.92236328125,0.524169921875,0.162353515625,1.0,0.9888210541911218,0.9846442281309252,0.990054708868402,0.0,2.8981060666084163e-16
bloom-7b1,30,2718,1,4096,0.4771185974890904,0.6670882604632297,0.782286875213071,0.8771280938400381,0.9646293206119236,0.9375,0.575439453125,0.1884765625,1.0,0.9861396806755448,0.9807826556556932,0.990054708868402,1.8631703192637521e-16,4.3471590999126237e-16
bloom-7b1,30,2718,4,4096,0.5630681853689717,0.7466611577451525,0.8464836357794869,0.9185754416016684,0.9843176702358876,0.97509765625,0.744384765625,0.309814453125,1.0,0.9707481143944232,0.9533874180503992,0.990054708868402,0.0,4.3471590999126237e-16
bloom-7b1,30,2718,16,4096,0.9338480944013234,0.9684875106967948,0.9823313584147346,0.9908342978630322,0.9963201898377284,1.0,0.99951171875,0.98876953125,1.0,0.6236240106311606,0.3702737473904133,0.990054708868402,0.0,4.3471590999126237e-16
bloom-7b1,30,3141,0,4096,0.4637697243726488,0.6395039790410422,0.7604840406873343,0.8631170196288942,0.9614020847952812,0.92236328125,0.524169921875,0.162353515625,1.0,0.9888210541911218,0.9846442281309252,0.990054708868402,0.0,2.8981060666084163e-16
bloom-7b1,30,3141,1,4096,0.4708998259405347,0.6652259894649406,0.7809717877891095,0.8758605885719635,0.9667588040913064,0.9345703125,0.571044921875,0.192138671875,1.0,0.986064329055906,0.9809680093013138,0.990054708868402,0.0,2.8981060666084163e-16
bloom-7b1,30,3141,4,4096,0.5574930065837255,0.7404342079343565,0.8421571790150078,0.9149026876080658,0.9848071103613468,0.9736328125,0.729248046875,0.30126953125,1.0,0.9709605684460588,0.9528235092906872,0.990054708868402,1.8631703192637521e-16,4.3471590999126237e-16
bloom-7b1,30,3141,16,4096,0.9356969522836758,0.9695413708397578,0.9828250174690036,0.9906167561022404,0.9963246449464443,1.0,1.0,0.987548828125,1.0,0.6117148886954495,0.3771497992412369,0.990054708868402,3.7263406385275043e-16,2.8981060666084163e-16
bloom-7b1,30,5772,0,4096,0.4637697243726488,0.6395039790410422,0.7604840406873343,0.8631170196288942,0.9614020847952812,0.92236328125,0.524169921875,0.162353515625,1.0,0.9888210541911218,0.9846442281309252,0.990054708868402,0.0,2.8981060666084163e-16
bloom-7b1,30,5772,1,4096,0.4795722406576945,0.6629177969646511,0.7825957065131954,0.8772934784238511,0.9644243675652056,0.93798828125,0.57666015625,0.1923828125,1.0,0.986233149778077,0.9813166564912084,0.990054708868402,0.0,2.8981060666084163e-16
bloom-7b1,30,5772,4,4096,0.5595869874260906,0.7425728060804371,0.8429014320682524,0.9167443261781748,0.9858753471777962,0.973388671875,0.735107421875,0.310546875,1.0,0.9699046965392352,0.9499392854922192,0.990054708868402,0.0,2.8981060666084163e-16
bloom-7b1,30,5772,16,4096,0.9377391387190284,0.9700903693073888,0.9824100755601722,0.9904292476878755,0.9961143378579028,1.0,1.0,0.989501953125,1.0,0.6244702603388796,0.4010166463388208,0.990054708868402,0.0,2.8981060666084163e-16
bloom-7b1,30,8111,0,4096,0.4637697243726488,0.6395039790410422,0.7604840406873343,0.8631170196288942,0.9614020847952812,0.92236328125,0.524169921875,0.162353515625,1.0,0.9888210541911218,0.9846442281309252,0.990054708868402,0.0,2.8981060666084163e-16
bloom-7b1,30,8111,1,4096,0.4931970588955052,0.6656608200887454,0.7795733550340949,0.8737155228814835,0.9662868308184142,0.94677734375,0.569580078125,0.1875,1.0,0.986025167992649,0.9812711506727426,0.990054708868402,3.7263406385275043e-16,2.8981060666084163e-16
bloom-7b1,30,8111,4,4096,0.5720972959381693,0.7421038787496559,0.8385320103530423,0.9142667308189758,0.9839768038000426,0.975341796875,0.731689453125,0.294677734375,1.0,0.970984360078032,0.9527978145888404,0.990054708868402,1.8631703192637521e-16,4.3471590999126237e-16
bloom-7b1,30,8111,16,4096,0.937828512628488,0.9690443269104771,0.9822771146840532,0.9902913760533486,0.9960831714545412,1.0,0.999755859375,0.987060546875,1.0,0.6271192829245615,0.3945342933977759,0.990054708868402,0.0,2.8981060666084163e-16
salamandra-2b,0,1729,0,2048,0.8982990994272296,0.9464797902012816,0.9652931572611269,0.9776794356488124,0.9877608592894536,0.99951171875,0.9970703125,0.94775390625,1.0,0.3816757062587261,0.1759728188667928,0.9658585408768164,1.3274861613416378e-16,1.1735766789813282e-16
salamandra-2b,0,1729,1,2048,0.8981829883736785,0.9478069398580484,0.9662061727937304,0.9774894409847532,0.9874864825892048,0.99951171875,0.998046875,0.94677734375,1.0,0.3620592268442177,0.1680821757219709,0.9658585408768164,1.3274861613416378e-16,0.0
salamandra-2b,0,1729,4,2048,0.8955314542204532,0.946698253873542,0.9653091577984294,0.9768074587194112,0.9870965905889336,0.99951171875,0.99609375,0.94140625,1.0,0.3474640471884922,0.155023545041089,0.9658585408768164,1.3274861613416378e-16,1.1735766789813282e-16
salamandra-2b,0,1729,16,2048,0.8875953615932166,0.9414025849152908,0.9616885449417832,0.974781947786254,0.985677081691424,1.0,0.99853515625,0.93359375,1.0,0.3260876820947298,0.1388536025318385,0.9658585408768164,1.3274861613416378e-16,0.0
salamandra-2b,0,2718,0,2048,0.8982990994272296,0.9464797902012816,0.9652931572611269,0.9776794356488124,0.9877608592894536,0.99951171875,0.9970703125,0.94775390625,1.0,0.3816757062587261,0.1759728188667928,0.9658585408768164,1.3274861613416378e-16,1.1735766789813282e-16
salamandra-2b,0,2718,1,2048,0.8975746781703772,0.9473049926751717,0.965387376792408,0.9776914912914136,0.9873898353109783,0.99951171875,0.99755859375,0.94775390625,1.0,0.3687841393459727,0.1692357185510659,0.9658585408768164,1.3274861613416378e-16,0.0
salamandra-2b,0,2718,4,2048,0.8899914772294363,0.9468204197020264,0.965706557658348,0.9775102012115572,0.987224919011244,1.0,0.99658203125,0.93798828125,1.0,0.3482339462019901,0.1568628909849973,0.9658585408768164,1.3274861613416378e-16,0.0
salamandra-2b,0,2718,16,2048,0.8900249792960861,0.9414115311170768,0.963215677639698,0.975015300567723,0.9857989636515716,1.0,0.99853515625,0.93212890625,1.0,0.3208848095299672,0.1355038525275592,0.9658585408768164,1.3274861613416378e-16,0.0
salamandra-2b,0,3141,0,2048,0.8982990994272296,0.9464797902012816,0.9652931572611269,0.9776794356488124,0.9877608592894536,0.99951171875,0.9970703125,0.94775390625,1.0,0.3816757062587261,0.1759728188667928,0.9658585408768164,1.3274861613416378e-16,1.1735766789813282e-16
salamandra-2b,0,3141,1,2048,0.8924972135411716,0.946646357138695,0.965410878563784,0.9777977757261,0.9874628449901268,1.0,0.9970703125,0.94189453125,1.0,0.3744457164689692,0.1727418505437963,0.9658585408768164,1.3274861613416378e-16,1.1735766789813282e-16
salamandra-2b,0,3141,4,2048,0.8913276266805592,0.9448389845931991,0.9647108556821088,0.977843251105248,0.986960728932255,1.0,0.9970703125,0.94091796875,1.0,0.3534041726588373,0.1546675537590463,0.9658585408768164,1.3274861613416378e-16,0.0
salamandra-2b,0,3141,16,2048,0.8861368840697563,0.9408404616654568,0.9614653766055627,0.9753468338602688,0.9860950558447444,1.0,0.9970703125,0.92822265625,1.0,0.3270324586792434,0.1386824570407965,0.9658585408768164,1.3274861613416378e-16,0.0
salamandra-2b,0,5772,0,2048,0.8982990994272296,0.9464797902012816,0.9652931572611269,0.9776794356488124,0.9877608592894536,0.99951171875,0.9970703125,0.94775390625,1.0,0.3816757062587261,0.1759728188667928,0.9658585408768164,1.3274861613416378e-16,1.1735766789813282e-16
salamandra-2b,0,5772,1,2048,0.8987534878685055,0.9469923971361496,0.9660076904524568,0.9775170793313794,0.9873000268396518,1.0,0.99755859375,0.94873046875,1.0,0.3659139215896561,0.1689652184941825,0.9658585408768164,1.3274861613416378e-16,1.1735766789813282e-16
salamandra-2b,0,5772,4,2048,0.8968272956451687,0.9471160140265916,0.9648082364211268,0.97727601818843,0.9869817674070482,1.0,0.99560546875,0.9423828125,1.0,0.3489779153585648,0.1595810770609666,0.9658585408768164,1.3274861613416378e-16,0.0
salamandra-2b,0,5772,16,2048,0.889456345839351,0.9398060281985992,0.9618545947727408,0.9748928384086512,0.9857843406641582,1.0,0.998046875,0.92529296875,1.0,0.3327593404834832,0.1443801227822483,0.9658585408768164,1.3274861613416378e-16,0.0
salamandra-2b,0,8111,0,2048,0.8982990994272296,0.9464797902012816,0.9652931572611269,0.9776794356488124,0.9877608592894536,0.99951171875,0.9970703125,0.94775390625,1.0,0.3816757062587261,0.1759728188667928,0.9658585408768164,1.3274861613416378e-16,1.1735766789813282e-16
salamandra-2b,0,8111,1,2048,0.8995947546291175,0.9468228889529456,0.9658332896182222,0.9773134447380274,0.9874985107277788,1.0,0.9970703125,0.94921875,1.0,0.3689242655117224,0.1713488079477291,0.9658585408768164,1.3274861613416378e-16,1.1735766789813282e-16
salamandra-2b,0,8111,4,2048,0.8911377837442633,0.9466420696875552,0.9652996503657304,0.9775875857360028,0.986699742880978,1.0,0.9951171875,0.93701171875,1.0,0.349650067502816,0.153913370898911,0.9658585408768164,1.3274861613416378e-16,0.0
salamandra-2b,0,8111,16,2048,0.8926140548370143,0.9404390735466558,0.9614317776957534,0.975267646001833,0.985534791338316,1.0,0.99951171875,0.93603515625,1.0,0.3245458343646561,0.1353404657899977,0.9658585408768164,1.3274861613416378e-16,0.0
salamandra-2b,6,1729,0,2048,0.534785675739964,0.7376356371238185,0.8192670789868913,0.8831380120651436,0.9456425745140226,0.96484375,0.72900390625,0.18603515625,1.0,0.9975106770277352,0.99776397441715,0.7217704907223469,2.361708345695527e-16,1.5316594167538878e-16
salamandra-2b,6,1729,1,2048,0.5434882888738762,0.7345869782315632,0.8241314417466066,0.886857829160818,0.9496753233725036,0.96533203125,0.71044921875,0.20458984375,1.0,0.9974061172345848,0.9977152743368024,0.7217704907223469,2.361708345695527e-16,1.5316594167538878e-16
salamandra-2b,6,1729,4,2048,0.5165870086585902,0.7184715323990396,0.8187057790419219,0.8930020736342316,0.9531806236020934,0.9580078125,0.68310546875,0.2255859375,1.0,0.9953860155611308,0.9974812842720628,0.7217704907223471,2.361708345695527e-16,4.594978250261664e-16
salamandra-2b,6,1729,16,2048,0.488585556340229,0.6970889139838556,0.7197635529607196,0.7322936153685641,0.7875934380116011,0.9443359375,0.126953125,0.0087890625,0.9990234375,0.7893710193000341,0.5002926970349288,0.721770490722347,1.1808541728477636e-16,1.5316594167538878e-16
salamandra-2b,6,2718,0,2048,0.534785675739964,0.7376356371238185,0.8192670789868913,0.8831380120651436,0.9456425745140226,0.96484375,0.72900390625,0.18603515625,1.0,0.9975106770277352,0.99776397441715,0.7217704907223469,2.361708345695527e-16,1.5316594167538878e-16
salamandra-2b,6,2718,1,2048,0.5413857615703592,0.7365757069623196,0.8258622765779655,0.8892012267334177,0.9511179866537636,0.9638671875,0.7216796875,0.20751953125,1.0,0.9973422907557914,0.9977209829207256,0.7217704907223469,3.5425625185432903e-16,4.594978250261664e-16
salamandra-2b,6,2718,4,2048,0.5094284037810571,0.7223147817418737,0.8164365346874132,0.8944270137266981,0.9541161204416316,0.95556640625,0.68115234375,0.22607421875,1.0,0.9942692781814602,0.997470990909011,0.7217704907223469,0.0,3.063318833507776e-16
salamandra-2b,6,2718,16,2048,0.4944594976840416,0.6952699813040812,0.7200090893265523,0.7332738078061487,0.7911111059864394,0.94873046875,0.130859375,0.0078125,0.99853515625,0.8127181417909577,0.5753188823313956,0.7217704907223469,0.0,1.5316594167538878e-16
salamandra-2b,6,3141,0,2048,0.534785675739964,0.7376356371238185,0.8192670789868913,0.8831380120651436,0.9456425745140226,0.96484375,0.72900390625,0.18603515625,1.0,0.9975106770277352,0.99776397441715,0.7217704907223469,2.361708345695527e-16,1.5316594167538878e-16
salamandra-2b,6,3141,1,2048,0.542611739921594,0.733963927503904,0.8257798771160687,0.8898427165676742,0.9474657782509748,0.96435546875,0.72021484375,0.20654296875,1.0,0.9974854213162814,0.9977329619285268,0.7217704907223469,1.1808541728477636e-16,3.063318833507776e-16
salamandra-2b,6,3141,4,2048,0.5043637589931944,0.721933347639606,0.8232018896882999,0.8947406308822677,0.952165829999524,0.95166015625,0.6865234375,0.234375,1.0,0.9961204087035228,0.99748132432866,0.7217704907223467,2.361708345695527e-16,1.5316594167538878e-16
salamandra-2b,6,3141,16,2048,0.4744416564980489,0.6858546229844388,0.7188338024149248,0.7355171671220807,0.8073148343040923,0.94140625,0.14990234375,0.01025390625,0.99853515625,0.8896024499598403,0.7429108201686,0.7217704907223469,1.1808541728477636e-16,3.063318833507776e-16
salamandra-2b,6,5772,0,2048,0.534785675739964,0.7376356371238185,0.8192670789868913,0.8831380120651436,0.9456425745140226,0.96484375,0.72900390625,0.18603515625,1.0,0.9975106770277352,0.99776397441715,0.7217704907223469,2.361708345695527e-16,1.5316594167538878e-16
salamandra-2b,6,5772,1,2048,0.5605749274953582,0.7337642861291277,0.8256739575653758,0.8900422281544789,0.9468040333753994,0.9716796875,0.71240234375,0.20703125,1.0,0.9972583714471746,0.9977222770862124,0.7217704907223469,0.0,4.594978250261664e-16
salamandra-2b,6,5772,4,2048,0.5011582624122661,0.71755597911356,0.8169201563431057,0.8892454642713464,0.9515385844737104,0.95068359375,0.677734375,0.2138671875,1.0,0.9956500653808642,0.9974634823039326,0.7217704907223469,2.361708345695527e-16,0.0
salamandra-2b,6,5772,16,2048,0.4781249807608381,0.6917892255169374,0.7193629134797705,0.7320187862651437,0.7819329402767011,0.943359375,0.12255859375,0.00537109375,0.9970703125,0.824463873321069,0.5865076713482679,0.7217704907223469,0.0,1.5316594167538878e-16
salamandra-2b,6,8111,0,2048,0.534785675739964,0.7376356371238185,0.8192670789868913,0.8831380120651436,0.9456425745140226,0.96484375,0.72900390625,0.18603515625,1.0,0.9975106770277352,0.99776397441715,0.7217704907223469,2.361708345695527e-16,1.5316594167538878e-16
salamandra-2b,6,8111,1,2048,0.5431352827091255,0.7378969312876188,0.8229223047330023,0.8886759858883821,0.9496191141957934,0.9677734375,0.72265625,0.212890625,1.0,0.9973012292791144,0.9977265679675562,0.7217704907223469,2.361708345695527e-16,3.063318833507776e-16
salamandra-2b,6,8111,4,2048,0.5269241970392337,0.7228736578032919,0.8170973285505467,0.8926312158100772,0.9545166893380964,0.95654296875,0.6806640625,0.21875,1.0,0.9945608428116696,0.9975170795234112,0.7217704907223469,2.361708345695527e-16,1.5316594167538878e-16
salamandra-2b,6,8111,16,2048,0.4863761935911702,0.6911421683381144,0.7199427431078785,0.7321815057936323,0.7820051442937622,0.94482421875,0.11572265625,0.00634765625,0.998046875,0.8015496429144395,0.525820536690227,0.721770490722347,2.361708345695527e-16,4.594978250261664e-16
salamandra-2b,18,1729,0,2048,0.6904787302559292,0.8195981265047522,0.8758541037091215,0.9119297388169534,0.9492875326276258,0.9951171875,0.8916015625,0.34033203125,1.0,0.9880158191104498,0.9858227435309544,0.7259299771690809,2.2865880140402068e-16,4.542368682869431e-16
salamandra-2b,18,1729,1,2048,0.6850508881796682,0.8163492015300945,0.8716265501122138,0.9120724236643056,0.9481177677294654,0.99365234375,0.8935546875,0.33251953125,1.0,0.9876242052631844,0.9855043029124968,0.7259299771690809,3.4298820210603104e-16,1.5141228942898102e-16
salamandra-2b,18,1729,4,2048,0.6449698859634265,0.8062955329146047,0.8694362824749926,0.9105441401819516,0.9494663609514437,0.98681640625,0.85498046875,0.31982421875,1.0,0.9847199793013122,0.9844448617346524,0.7259299771690811,3.4298820210603104e-16,4.542368682869431e-16
salamandra-2b,18,1729,16,2048,0.5738658170116564,0.6976271652232853,0.7299305547353496,0.7732855344971145,0.8781405726584152,0.97802734375,0.3515625,0.03076171875,1.0,0.7853561894352632,0.5133535587504716,0.7259299771690811,3.4298820210603104e-16,4.542368682869431e-16
salamandra-2b,18,2718,0,2048,0.6904787302559292,0.8195981265047522,0.8758541037091215,0.9119297388169534,0.9492875326276258,0.9951171875,0.8916015625,0.34033203125,1.0,0.9880158191104498,0.9858227435309544,0.7259299771690809,2.2865880140402068e-16,4.542368682869431e-16
salamandra-2b,18,2718,1,2048,0.6827217497952048,0.8132923305819328,0.8728781770293996,0.9126358975878418,0.947657714855242,0.99267578125,0.88818359375,0.337890625,1.0,0.9876558995712656,0.9855756942217574,0.7259299771690811,0.0,7.570614471449054e-16
salamandra-2b,18,2718,4,2048,0.6575369112396954,0.8053539795558898,0.868284220913271,0.909725963905959,0.9488735535427338,0.98291015625,0.85986328125,0.314453125,1.0,0.9853099188706178,0.9843478343370607,0.725929977169081,1.1432940070201034e-16,4.542368682869431e-16
salamandra-2b,18,2718,16,2048,0.5523787069487339,0.6906749316445314,0.7298330343738858,0.7724032912288352,0.877331092066745,0.966796875,0.3486328125,0.02880859375,1.0,0.8117470874245476,0.579160018821139,0.725929977169081,2.2865880140402068e-16,3.028245788579621e-16
salamandra-2b,18,3141,0,2048,0.6904787302559292,0.8195981265047522,0.8758541037091215,0.9119297388169534,0.9492875326276258,0.9951171875,0.8916015625,0.34033203125,1.0,0.9880158191104498,0.9858227435309544,0.7259299771690809,2.2865880140402068e-16,4.542368682869431e-16
salamandra-2b,18,3141,1,2048,0.6888773883381226,0.8162819564578458,0.8732429351463642,0.912018327473373,0.9502725773593638,0.99267578125,0.8935546875,0.32958984375,1.0,0.9877794492700732,0.9855279812328408,0.7259299771690809,3.4298820210603104e-16,4.542368682869431e-16
salamandra-2b,18,3141,4,2048,0.6553590286337533,0.80598075066602,0.8682593445365794,0.9122850053627576,0.9482710723792208,0.98828125,0.85595703125,0.32275390625,1.0,0.985867343254835,0.9844467863188596,0.725929977169081,3.4298820210603104e-16,1.5141228942898102e-16
salamandra-2b,18,3141,16,2048,0.5464626023125008,0.6893416038059427,0.7340303879820547,0.7918841910930091,0.9040407991721908,0.97021484375,0.40478515625,0.0556640625,1.0,0.8581273202026038,0.666499779790953,0.7259299771690811,0.0,3.028245788579621e-16
salamandra-2b,18,5772,0,2048,0.6904787302559292,0.8195981265047522,0.8758541037091215,0.9119297388169534,0.9492875326276258,0.9951171875,0.8916015625,0.34033203125,1.0,0.9880158191104498,0.9858227435309544,0.7259299771690809,2.2865880140402068e-16,4.542368682869431e-16
salamandra-2b,18,5772,1,2048,0.6810372028599329,0.8160695661892649,0.8743398146175285,0.9125087679448136,0.9483740702827228,0.9921875,0.89453125,0.333984375,1.0,0.987747188876734,0.9855622508097818,0.7259299771690811,0.0,1.5141228942898102e-16
salamandra-2b,18,5772,4,2048,0.6760146704453802,0.8025296077658156,0.8678835525250064,0.9113986181521888,0.9469099287625644,0.9912109375,0.85546875,0.31787109375,1.0,0.985586408218126,0.9846453485552592,0.725929977169081,1.1432940070201034e-16,1.5141228942898102e-16
salamandra-2b,18,5772,16,2048,0.5500620204134585,0.6949773421027275,0.7308868648367169,0.7750140738363835,0.8840245145529131,0.974609375,0.35205078125,0.0322265625,1.0,0.7925333359931919,0.5209815777946392,0.7259299771690811,0.0,1.5141228942898102e-16
salamandra-2b,18,8111,0,2048,0.6904787302559292,0.8195981265047522,0.8758541037091215,0.9119297388169534,0.9492875326276258,0.9951171875,0.8916015625,0.34033203125,1.0,0.9880158191104498,0.9858227435309544,0.7259299771690809,2.2865880140402068e-16,4.542368682869431e-16
salamandra-2b,18,8111,1,2048,0.6926340507770282,0.8223635797848072,0.8736763789071669,0.9128859150396558,0.9479357448652028,0.9931640625,0.8974609375,0.33056640625,1.0,0.9874807169936975,0.9854856223337214,0.725929977169081,1.1432940070201034e-16,4.542368682869431e-16
salamandra-2b,18,8111,4,2048,0.6486262617538812,0.8001595424611819,0.8672360639552593,0.9100992263433964,0.9472648095139076,0.98828125,0.8623046875,0.31787109375,1.0,0.9856880009778286,0.9845218143091122,0.725929977169081,2.2865880140402068e-16,3.028245788579621e-16
salamandra-2b,18,8111,16,2048,0.5438790450043028,0.6949458267539383,0.7319019331719876,0.7797381567687109,0.8897707867950324,0.96728515625,0.3642578125,0.03857421875,1.0,0.8191442672274334,0.58610613490764,0.725929977169081,3.4298820210603104e-16,3.028245788579621e-16
salamandra-2b,24,1729,0,2048,0.7878835563613762,0.8824762096331255,0.9208365863473408,0.9502991489989284,0.9789350051972848,0.99951171875,0.974609375,0.65380859375,1.0,0.6771944969209294,0.5455871165395184,0.9585863337969378,1.250681593942793e-16,1.809315610344775e-16
salamandra-2b,24,1729,1,2048,0.79517814579965,0.8814620089512173,0.9234350471156508,0.9534156924947264,0.980051150989604,0.9990234375,0.97607421875,0.67041015625,1.0,0.6591928812026469,0.5155796663561872,0.9585863337969378,2.501363187885586e-16,1.809315610344775e-16
salamandra-2b,24,1729,4,2048,0.8136298092875612,0.8992954081494471,0.932493168595378,0.9605334570580124,0.9816479164229728,0.99951171875,0.98193359375,0.7451171875,1.0,0.5833904883359857,0.3834568998281573,0.9585863337969378,1.250681593942793e-16,1.809315610344775e-16
salamandra-2b,24,1729,16,2048,0.8652517902260269,0.9274240845999911,0.9521317849832418,0.9684635400545069,0.9826871251097786,1.0,0.99658203125,0.8779296875,1.0,0.357612871054543,0.1586014492041478,0.9585863337969378,1.250681593942793e-16,3.6186312206895497e-16
salamandra-2b,24,2718,0,2048,0.7878835563613762,0.8824762096331255,0.9208365863473408,0.9502991489989284,0.9789350051972848,0.99951171875,0.974609375,0.65380859375,1.0,0.6771944969209294,0.5455871165395184,0.9585863337969378,1.250681593942793e-16,1.809315610344775e-16
salamandra-2b,24,2718,1,2048,0.7979580822063055,0.8838754701308464,0.925204805113288,0.9530339665255612,0.9789034312420182,0.99951171875,0.97802734375,0.66748046875,1.0,0.6566199951436582,0.5127723453118009,0.9585863337969378,1.250681593942793e-16,1.809315610344775e-16
salamandra-2b,24,2718,4,2048,0.812533585746105,0.8975476466646856,0.9336546822758642,0.9588348869700892,0.9822766290735762,0.99951171875,0.98193359375,0.73681640625,1.0,0.5848437377862128,0.3864379832110946,0.9585863337969378,1.250681593942793e-16,1.809315610344775e-16
salamandra-2b,24,2718,16,2048,0.8652253861582623,0.9262650683226854,0.9517140736558888,0.9683193944137358,0.9819385589967364,1.0,0.99609375,0.88818359375,1.0,0.3599251296851513,0.1646908527921576,0.9585863337969378,2.501363187885586e-16,1.809315610344775e-16
salamandra-2b,24,3141,0,2048,0.7878835563613762,0.8824762096331255,0.9208365863473408,0.9502991489989284,0.9789350051972848,0.99951171875,0.974609375,0.65380859375,1.0,0.6771944969209294,0.5455871165395184,0.9585863337969378,1.250681593942793e-16,1.809315610344775e-16
salamandra-2b,24,3141,1,2048,0.7985146317218106,0.885158416611885,0.924862294425072,0.9527123120153546,0.9796165603963948,0.9990234375,0.9775390625,0.673828125,1.0,0.6584408447625283,0.5180191855012197,0.9585863337969378,1.250681593942793e-16,1.809315610344775e-16
salamandra-2b,24,3141,4,2048,0.8174248061014692,0.896388492127839,0.933611257732842,0.9588546763659882,0.9818141230041564,1.0,0.98388671875,0.7294921875,1.0,0.5899702102701005,0.4032438769934959,0.9585863337969378,1.250681593942793e-16,1.809315610344775e-16
salamandra-2b,24,3141,16,2048,0.8689873216850151,0.927243630220126,0.9514021703136614,0.9684981796303028,0.9822247899216744,1.0,0.9951171875,0.8828125,1.0,0.3610459894411248,0.1643833519229374,0.9585863337969378,1.250681593942793e-16,1.809315610344775e-16
salamandra-2b,24,5772,0,2048,0.7878835563613762,0.8824762096331255,0.9208365863473408,0.9502991489989284,0.9789350051972848,0.99951171875,0.974609375,0.65380859375,1.0,0.6771944969209294,0.5455871165395184,0.9585863337969378,1.250681593942793e-16,1.809315610344775e-16
salamandra-2b,24,5772,1,2048,0.7978585753805151,0.8849552411873666,0.9240787072417774,0.9529329696504064,0.980262074889223,0.99853515625,0.97900390625,0.66943359375,1.0,0.6564884169997738,0.5086599192071779,0.9585863337969378,1.250681593942793e-16,1.809315610344775e-16
salamandra-2b,24,5772,4,2048,0.8165599236404412,0.8971586498211847,0.933719602851756,0.9607644879133912,0.9814093816819762,1.0,0.986328125,0.736328125,1.0,0.5783312790963935,0.3811091817654696,0.9585863337969378,2.501363187885586e-16,1.809315610344775e-16
salamandra-2b,24,5772,16,2048,0.8651506407349503,0.9257644150943544,0.95089110568457,0.9685793237262156,0.9824601755840926,1.0,0.9990234375,0.8798828125,1.0,0.3594214821219827,0.1613907299963033,0.9585863337969378,1.250681593942793e-16,1.809315610344775e-16
salamandra-2b,24,8111,0,2048,0.7878835563613762,0.8824762096331255,0.9208365863473408,0.9502991489989284,0.9789350051972848,0.99951171875,0.974609375,0.65380859375,1.0,0.6771944969209294,0.5455871165395184,0.9585863337969378,1.250681593942793e-16,1.809315610344775e-16
salamandra-2b,24,8111,1,2048,0.7975455479793143,0.8853216964506339,0.9233210616317288,0.9536957110934492,0.9797494990193808,1.0,0.97705078125,0.67236328125,1.0,0.6572150359188815,0.5145869356295215,0.9585863337969378,1.250681593942793e-16,1.809315610344775e-16
salamandra-2b,24,8111,4,2048,0.8119716931502241,0.8974305101610855,0.9347164942885948,0.9594410348675232,0.9816001962574707,1.0,0.9833984375,0.7392578125,1.0,0.5819348385377265,0.3873512655578379,0.9585863337969378,2.501363187885586e-16,1.809315610344775e-16
salamandra-2b,24,8111,16,2048,0.8707240218007228,0.929697721501694,0.9511664109823892,0.967714273936086,0.982124803080509,1.0,0.99658203125,0.89501953125,1.0,0.3470755238461078,0.1611656164883576,0.9585863337969378,2.501363187885586e-16,1.809315610344775e-16
salamandra-7b,0,1729,0,4096,0.8864690834370328,0.9426953097790294,0.963951577795186,0.9767900128548702,0.9874930950911688,0.999755859375,0.998291015625,0.930908203125,1.0,0.373363923237034,0.1609755107451972,0.9686102481171396,0.0,1.615498944533252e-16
salamandra-7b,0,1729,1,4096,0.8934324525533365,0.9432994445511768,0.9639663134162916,0.9765552299661072,0.9874522167978452,1.0,0.99755859375,0.938232421875,1.0,0.3614069334628313,0.1556463516434389,0.9686102481171396,0.0,0.0
salamandra-7b,0,1729,4,4096,0.8956582272333998,0.9447401385305728,0.9640992768928957,0.9761181885529744,0.9869305256739112,1.0,0.99853515625,0.943115234375,1.0,0.3446829739739079,0.1491034063558275,0.9686102481171396,0.0,0.0
salamandra-7b,0,1729,16,4096,0.8986205884498204,0.9444848791081516,0.9637730423701668,0.9760892463343076,0.9864325985865006,1.0,0.99853515625,0.947265625,1.0,0.3310395407006972,0.1424959668225544,0.9686102481171396,0.0,1.615498944533252e-16
salamandra-7b,0,2718,0,4096,0.8864690834370328,0.9426953097790294,0.963951577795186,0.9767900128548702,0.9874930950911688,0.999755859375,0.998291015625,0.930908203125,1.0,0.373363923237034,0.1609755107451972,0.9686102481171396,0.0,1.615498944533252e-16
salamandra-7b,0,2718,1,4096,0.8903028845974147,0.9426996409343384,0.9644765210552356,0.9769077058285308,0.987131301507737,1.0,0.998291015625,0.935791015625,1.0,0.3626937401731001,0.1544722161772171,0.9686102481171396,0.0,1.615498944533252e-16
salamandra-7b,0,2718,4,4096,0.8956249390123989,0.9443628263113202,0.9642462031608312,0.9763951110611748,0.9871555755688204,1.0,0.998046875,0.943359375,1.0,0.3459199933946182,0.1480247194204948,0.9686102481171396,0.0,1.615498944533252e-16
salamandra-7b,0,2718,16,4096,0.8986999899567027,0.9448738866429902,0.9636080934819912,0.9760125608812276,0.9866061397963872,1.0,0.9990234375,0.947509765625,1.0,0.3286760347646076,0.1396731663011538,0.9686102481171396,0.0,0.0
salamandra-7b,0,3141,0,4096,0.8864690834370328,0.9426953097790294,0.963951577795186,0.9767900128548702,0.9874930950911688,0.999755859375,0.998291015625,0.930908203125,1.0,0.373363923237034,0.1609755107451972,0.9686102481171396,0.0,1.615498944533252e-16
salamandra-7b,0,3141,1,4096,0.8906786828475717,0.9417744462602228,0.9642329608020588,0.9770220798485284,0.9874038478664786,1.0,0.998046875,0.93310546875,1.0,0.3656868204822787,0.1582113468370095,0.9686102481171396,0.0,1.615498944533252e-16
salamandra-7b,0,3141,4,4096,0.8920999233483682,0.9444376509385556,0.9643245386986828,0.9767264379424838,0.9868533315376418,1.0,0.99853515625,0.938720703125,1.0,0.3420493889906044,0.1475129088774346,0.9686102481171396,0.0,0.0
salamandra-7b,0,3141,16,4096,0.8997059781491562,0.9442807977063472,0.9638474650889792,0.9761450349160156,0.9863847034673676,1.0,0.99951171875,0.94921875,1.0,0.3272723861134412,0.1396718821937667,0.9686102481171396,0.0,1.615498944533252e-16
salamandra-7b,0,5772,0,4096,0.8864690834370328,0.9426953097790294,0.963951577795186,0.9767900128548702,0.9874930950911688,0.999755859375,0.998291015625,0.930908203125,1.0,0.373363923237034,0.1609755107451972,0.9686102481171396,0.0,1.615498944533252e-16
salamandra-7b,0,5772,1,4096,0.8915446345608691,0.943710453894882,0.9640298736874048,0.9770365436851508,0.9871547540244408,1.0,0.9990234375,0.938720703125,1.0,0.3596621189290525,0.1538165766394219,0.9686102481171396,0.0,1.615498944533252e-16
salamandra-7b,0,5772,4,4096,0.899662120006808,0.9447232812502108,0.9645427330122296,0.976762934595124,0.9867047738007196,1.0,0.9990234375,0.94970703125,1.0,0.3391900723705161,0.144258594482793,0.9686102481171396,1.675311154619587e-16,1.615498944533252e-16
salamandra-7b,0,5772,16,4096,0.8971056676295829,0.9438981521540089,0.9634037462677868,0.9762039542965352,0.9868300382551652,1.0,0.99951171875,0.9453125,1.0,0.3345699105670858,0.1427872397424203,0.9686102481171396,0.0,1.615498944533252e-16
salamandra-7b,0,8111,0,4096,0.8864690834370328,0.9426953097790294,0.963951577795186,0.9767900128548702,0.9874930950911688,0.999755859375,0.998291015625,0.930908203125,1.0,0.373363923237034,0.1609755107451972,0.9686102481171396,0.0,1.615498944533252e-16
salamandra-7b,0,8111,1,4096,0.8925998390898455,0.9436302341138876,0.9639976058320016,0.9769705081249188,0.987378385971687,1.0,0.99853515625,0.940673828125,1.0,0.3612294040234638,0.1540687396838102,0.9686102481171396,0.0,1.615498944533252e-16
salamandra-7b,0,8111,4,4096,0.8967860632269452,0.9437679604718472,0.9641695634720726,0.977143665528629,0.9866864556222544,1.0,0.998291015625,0.94384765625,1.0,0.3437393552594097,0.1456387997804304,0.9686102481171396,0.0,0.0
salamandra-7b,0,8111,16,4096,0.8975970510616157,0.945258449199772,0.9634454137641189,0.9762745999710272,0.9861775987154532,0.999755859375,0.99951171875,0.946044921875,1.0,0.3271635253104645,0.1387751504435989,0.9686102481171396,0.0,0.0
salamandra-7b,8,1729,0,4096,0.7574614650480156,0.8656137804230535,0.9076551138759684,0.9369807249449036,0.9628443080115792,0.995361328125,0.9541015625,0.557373046875,1.0,0.9960351234047832,0.9956067261112416,0.60281785847922,1.6510650339229058e-16,6.264704425962056e-16
salamandra-7b,8,1729,1,4096,0.7408580287688399,0.8613539977449877,0.9057921849101204,0.936361322660435,0.9627784074813848,0.992919921875,0.945556640625,0.542236328125,1.0,0.9954641184212052,0.9953997252530506,0.6028178584792199,0.0,5.011763540769645e-16
salamandra-7b,8,1729,4,4096,0.6094664102530248,0.8343986351442784,0.8951342649126968,0.9321115821302453,0.9616301002781792,0.978515625,0.88232421875,0.470947265625,1.0,0.9934057741421434,0.994209791977864,0.60281785847922,1.6510650339229058e-16,5.011763540769645e-16
salamandra-7b,8,1729,16,4096,0.4828417344004676,0.5815668404708293,0.6127832683016354,0.6651237078508418,0.8707523220959983,0.93603515625,0.130126953125,0.032470703125,1.0,0.8232044093797057,0.5666603731411018,0.6028178584792201,0.0,1.2529408851924112e-16
salamandra-7b,8,2718,0,4096,0.7574614650480156,0.8656137804230535,0.9076551138759684,0.9369807249449036,0.9628443080115792,0.995361328125,0.9541015625,0.557373046875,1.0,0.9960351234047832,0.9956067261112416,0.60281785847922,1.6510650339229058e-16,6.264704425962056e-16
salamandra-7b,8,2718,1,4096,0.7427088015390607,0.8618950415016697,0.9064056859030828,0.9361591468016376,0.963499926271075,0.992431640625,0.946044921875,0.5458984375,1.0,0.995769908149061,0.9953473752043654,0.60281785847922,1.6510650339229058e-16,1.2529408851924112e-16
salamandra-7b,8,2718,4,4096,0.6102129707985752,0.8345395156297672,0.896252127810238,0.9320669877844188,0.9616141642891618,0.9794921875,0.88330078125,0.475341796875,1.0,0.9941477583169288,0.9942679198676162,0.6028178584792201,1.6510650339229058e-16,1.2529408851924112e-16
salamandra-7b,8,2718,16,4096,0.4736359606588197,0.5812741376993484,0.6141157075840191,0.6828051464064787,0.8945382323747381,0.930419921875,0.15673828125,0.044677734375,1.0,0.8521657868870334,0.6404346028422782,0.6028178584792201,0.0,0.0
salamandra-7b,8,3141,0,4096,0.7574614650480156,0.8656137804230535,0.9076551138759684,0.9369807249449036,0.9628443080115792,0.995361328125,0.9541015625,0.557373046875,1.0,0.9960351234047832,0.9956067261112416,0.60281785847922,1.6510650339229058e-16,6.264704425962056e-16
salamandra-7b,8,3141,1,4096,0.7419062149150479,0.8628721526691878,0.9056649624201992,0.9367171491989088,0.9626773150967038,0.993408203125,0.94677734375,0.54833984375,1.0,0.9958385385631884,0.99538755577286,0.6028178584792202,0.0,2.5058817703848223e-16
salamandra-7b,8,3141,4,4096,0.6166394218227698,0.8363558886585318,0.8956477104659233,0.9316049315738856,0.9609153494621484,0.978759765625,0.885498046875,0.4765625,0.999755859375,0.9940509851423756,0.9941961983449874,0.60281785847922,1.6510650339229058e-16,2.5058817703848223e-16
salamandra-7b,8,3141,16,4096,0.4663130406959859,0.5751844541282026,0.6118038347231004,0.6783423206613297,0.8793631822993389,0.91748046875,0.146728515625,0.037841796875,1.0,0.8692248667744387,0.6884193243588814,0.6028178584792201,1.6510650339229058e-16,1.2529408851924112e-16
salamandra-7b,8,5772,0,4096,0.7574614650480156,0.8656137804230535,0.9076551138759684,0.9369807249449036,0.9628443080115792,0.995361328125,0.9541015625,0.557373046875,1.0,0.9960351234047832,0.9956067261112416,0.60281785847922,1.6510650339229058e-16,6.264704425962056e-16
salamandra-7b,8,5772,1,4096,0.7402330990820609,0.8619676817002331,0.9065299690665316,0.9361869685072772,0.9636262271965984,0.9931640625,0.945556640625,0.54541015625,1.0,0.9955113579750234,0.9954180963439596,0.6028178584792201,0.0,2.5058817703848223e-16
salamandra-7b,8,5772,4,4096,0.6087588950375504,0.8360369178255521,0.8962236748750324,0.9323900197163456,0.9625217936021876,0.9775390625,0.884765625,0.4765625,0.99951171875,0.992653823437436,0.9942777496119576,0.6028178584792199,0.0,3.7588226555772327e-16
salamandra-7b,8,5772,16,4096,0.4849641513604972,0.5775873021530348,0.6093305707798977,0.6572087265425309,0.8696492265618366,0.9384765625,0.1220703125,0.033935546875,0.999755859375,0.8078560490809694,0.548334813488488,0.6028178584792201,1.6510650339229058e-16,1.2529408851924112e-16
salamandra-7b,8,8111,0,4096,0.7574614650480156,0.8656137804230535,0.9076551138759684,0.9369807249449036,0.9628443080115792,0.995361328125,0.9541015625,0.557373046875,1.0,0.9960351234047832,0.9956067261112416,0.60281785847922,1.6510650339229058e-16,6.264704425962056e-16
salamandra-7b,8,8111,1,4096,0.7383922799126388,0.8616863337692949,0.9053138164025558,0.9360153239983462,0.9638489537018106,0.99365234375,0.942138671875,0.53955078125,1.0,0.9958296539717552,0.9953842545485808,0.6028178584792203,1.6510650339229058e-16,6.264704425962056e-16
salamandra-7b,8,8111,4,4096,0.6167371637925791,0.8354034113180655,0.8958592780736936,0.9303077930733116,0.9620294915233334,0.98046875,0.883056640625,0.476806640625,1.0,0.993548010482354,0.994221244644102,0.60281785847922,1.6510650339229058e-16,2.5058817703848223e-16
salamandra-7b,8,8111,16,4096,0.4790543032597207,0.5791252427490948,0.6112627083360236,0.6709091036662466,0.8803696487601184,0.934814453125,0.13671875,0.037841796875,1.0,0.8373754549355314,0.6087921494894877,0.6028178584792201,1.6510650339229058e-16,1.2529408851924112e-16
salamandra-7b,18,1729,0,4096,0.54326075230835,0.6930596061422916,0.7705196629429125,0.835853310103318,0.8999849665064173,0.9716796875,0.5751953125,0.050048828125,1.0,0.9778548411073538,0.9715828726541949,0.6137817024113758,3.0555148267257213e-16,2.4279262580258336e-16
salamandra-7b,18,1729,1,4096,0.5479833201125879,0.6893155469367589,0.7721531140631659,0.8357992840400802,0.900456371146203,0.971923828125,0.579345703125,0.052001953125,1.0,0.97661300549848,0.9700817589980624,0.6137817024113759,0.0,1.2139631290129168e-16
salamandra-7b,18,1729,4,4096,0.5402308251802417,0.6927066052979609,0.7754512991481612,0.8386218061583869,0.9029871937949782,0.970458984375,0.590576171875,0.058349609375,1.0,0.9712371101984604,0.9644853745550442,0.6137817024113758,1.5277574133628604e-16,0.0
salamandra-7b,18,1729,16,4096,0.412435316661531,0.5633742054749851,0.6362037054201823,0.7267630579141912,0.8620523543072686,0.874755859375,0.208984375,0.01904296875,1.0,0.787561966892147,0.5362462775053791,0.6137817024113756,1.5277574133628604e-16,1.2139631290129168e-16
salamandra-7b,18,2718,0,4096,0.54326075230835,0.6930596061422916,0.7705196629429125,0.835853310103318,0.8999849665064173,0.9716796875,0.5751953125,0.050048828125,1.0,0.9778548411073538,0.9715828726541949,0.6137817024113758,3.0555148267257213e-16,2.4279262580258336e-16
salamandra-7b,18,2718,1,4096,0.5376008200621807,0.6938482253046647,0.7724948018156396,0.8366904516435348,0.9013514420744674,0.970703125,0.58349609375,0.0517578125,1.0,0.9767941000864218,0.970329579637446,0.6137817024113759,0.0,2.4279262580258336e-16
salamandra-7b,18,2718,4,4096,0.5284689768321997,0.6909261594500542,0.7758102469083146,0.8396981996312962,0.9030873937468128,0.963623046875,0.58251953125,0.05517578125,1.0,0.9725626287616292,0.9647196967510822,0.6137817024113756,1.5277574133628604e-16,1.2139631290129168e-16
salamandra-7b,18,2718,16,4096,0.4084471363672888,0.5690095396698815,0.6456188039504664,0.7454842259404413,0.873969015532914,0.87890625,0.239990234375,0.02685546875,0.999755859375,0.8300332420254433,0.6364671876446477,0.6137817024113756,1.5277574133628604e-16,2.4279262580258336e-16
salamandra-7b,18,3141,0,4096,0.54326075230835,0.6930596061422916,0.7705196629429125,0.835853310103318,0.8999849665064173,0.9716796875,0.5751953125,0.050048828125,1.0,0.9778548411073538,0.9715828726541949,0.6137817024113758,3.0555148267257213e-16,2.4279262580258336e-16
salamandra-7b,18,3141,1,4096,0.5390451458244315,0.6915309300848367,0.7721830519118075,0.8351089856489983,0.9009830801571892,0.970703125,0.58203125,0.052490234375,1.0,0.9770478325678892,0.9704148366685632,0.6137817024113758,1.5277574133628604e-16,1.2139631290129168e-16
salamandra-7b,18,3141,4,4096,0.54066071818708,0.6880777457349854,0.7747630453755997,0.8377100899303176,0.90619138192214,0.9697265625,0.58349609375,0.05908203125,1.0,0.9716541348110016,0.964974461646893,0.6137817024113758,1.5277574133628604e-16,0.0
salamandra-7b,18,3141,16,4096,0.4042307009672606,0.5659775152166354,0.6437788548421811,0.7378604596447335,0.8741797815177035,0.869873046875,0.23046875,0.02490234375,0.999755859375,0.8047316174148336,0.5761246858877018,0.6137817024113758,1.5277574133628604e-16,0.0
salamandra-7b,18,5772,0,4096,0.54326075230835,0.6930596061422916,0.7705196629429125,0.835853310103318,0.8999849665064173,0.9716796875,0.5751953125,0.050048828125,1.0,0.9778548411073538,0.9715828726541949,0.6137817024113758,3.0555148267257213e-16,2.4279262580258336e-16
salamandra-7b,18,5772,1,4096,0.5447933999966803,0.6903786489091421,0.7716574714607497,0.8355972165867318,0.9013123912058122,0.972900390625,0.5830078125,0.052734375,1.0,0.9767759872606572,0.9701156108320368,0.6137817024113756,1.5277574133628604e-16,4.855852516051667e-16
salamandra-7b,18,5772,4,4096,0.5348448430837268,0.6895190020568898,0.770704053453106,0.840594993134149,0.9045686340790368,0.966552734375,0.57275390625,0.06201171875,1.0,0.97260347832118,0.9645949111397908,0.6137817024113758,3.0555148267257213e-16,1.2139631290129168e-16
salamandra-7b,18,5772,16,4096,0.4114271841268544,0.5671233593128023,0.6434528290272965,0.7444134896132769,0.867923705249293,0.8740234375,0.236572265625,0.02490234375,0.999755859375,0.8078062040353788,0.5652366533868904,0.6137817024113756,1.5277574133628604e-16,1.2139631290129168e-16
salamandra-7b,18,8111,0,4096,0.54326075230835,0.6930596061422916,0.7705196629429125,0.835853310103318,0.8999849665064173,0.9716796875,0.5751953125,0.050048828125,1.0,0.9778548411073538,0.9715828726541949,0.6137817024113758,3.0555148267257213e-16,2.4279262580258336e-16
salamandra-7b,18,8111,1,4096,0.5427795128791861,0.6898866671489253,0.7706457311894852,0.8375819896521692,0.9024663303325228,0.9697265625,0.573486328125,0.05419921875,1.0,0.9767643412022872,0.97034300214781,0.613781702411376,1.5277574133628604e-16,4.855852516051667e-16
salamandra-7b,18,8111,4,4096,0.5247872464019003,0.6859334750016707,0.7715183660746667,0.8389553256944163,0.9043562777167934,0.961669921875,0.575927734375,0.0595703125,1.0,0.97225526388181,0.9655004847829056,0.6137817024113758,0.0,2.4279262580258336e-16
salamandra-7b,18,8111,16,4096,0.3990403588291606,0.5619073300578242,0.6362401175546836,0.7320383266535492,0.8641887450686013,0.86279296875,0.215576171875,0.022216796875,1.0,0.8102994906380603,0.5935963616364467,0.6137817024113756,1.5277574133628604e-16,2.4279262580258336e-16
salamandra-7b,24,1729,0,4096,0.7280485687958849,0.8301661889218057,0.88026786583891,0.9156485373734105,0.949669361464008,0.9951171875,0.92529296875,0.37158203125,1.0,0.8363741118690149,0.7949968382513728,0.6657554325511628,0.0,3.4505216536177813e-16
salamandra-7b,24,1729,1,4096,0.7199195638095097,0.8297197620482507,0.8805274238635394,0.9153567386712932,0.9484268682614764,0.995849609375,0.921630859375,0.367919921875,1.0,0.8332671743218976,0.7916729489845424,0.6657554325511628,1.1548966894813283e-16,3.4505216536177813e-16
salamandra-7b,24,1729,4,4096,0.6885308635015844,0.8218016944618393,0.8751360159913346,0.9137270432197112,0.948127820773916,0.99658203125,0.89794921875,0.34033203125,1.0,0.8252457548898966,0.7794473185038278,0.6657554325511627,2.3097933789626567e-16,1.1501738845392603e-16
salamandra-7b,24,1729,16,4096,0.5224832520723771,0.6630770404402128,0.7753420103219157,0.858356913086912,0.9239258693705992,0.963623046875,0.56103515625,0.11767578125,1.0,0.6730158631418293,0.4916676067835757,0.6657554325511627,2.3097933789626567e-16,1.1501738845392603e-16
salamandra-7b,24,2718,0,4096,0.7280485687958849,0.8301661889218057,0.88026786583891,0.9156485373734105,0.949669361464008,0.9951171875,0.92529296875,0.37158203125,1.0,0.8363741118690149,0.7949968382513728,0.6657554325511628,0.0,3.4505216536177813e-16
salamandra-7b,24,2718,1,4096,0.7130029758075768,0.8282616266488916,0.8791903813092168,0.9158967031499904,0.9491616881809052,0.995849609375,0.915771484375,0.359130859375,1.0,0.8352293628568124,0.7927916048708136,0.6657554325511627,2.3097933789626567e-16,3.4505216536177813e-16
salamandra-7b,24,2718,4,4096,0.6904841120293745,0.8208831640094836,0.8766145688846393,0.9134537509719572,0.9471001250160048,0.994873046875,0.8994140625,0.3427734375,1.0,0.8257699450963654,0.7813384870689865,0.6657554325511628,2.3097933789626567e-16,0.0
salamandra-7b,24,2718,16,4096,0.5008633052152172,0.6491221884957679,0.7541382871564707,0.8464480952918585,0.9198909531026312,0.949951171875,0.5107421875,0.103515625,1.0,0.6468802813786607,0.4435754810779652,0.6657554325511627,2.3097933789626567e-16,1.1501738845392603e-16
salamandra-7b,24,3141,0,4096,0.7280485687958849,0.8301661889218057,0.88026786583891,0.9156485373734105,0.949669361464008,0.9951171875,0.92529296875,0.37158203125,1.0,0.8363741118690149,0.7949968382513728,0.6657554325511628,0.0,3.4505216536177813e-16
salamandra-7b,24,3141,1,4096,0.712865592506656,0.8254707715063317,0.8786587182279573,0.9154502557364358,0.949429093003236,0.994384765625,0.920166015625,0.3642578125,1.0,0.8355298439842438,0.7923177201211555,0.6657554325511628,2.3097933789626567e-16,1.1501738845392603e-16
salamandra-7b,24,3141,4,4096,0.6887533616916964,0.8215204265736405,0.8759937092599897,0.9131491559150284,0.9470308953794724,0.99609375,0.89990234375,0.33984375,1.0,0.8239476644653438,0.7787605363946055,0.6657554325511628,1.1548966894813283e-16,3.4505216536177813e-16
salamandra-7b,24,3141,16,4096,0.5075742681230774,0.6503195637936282,0.7566767901258302,0.8493390543868841,0.9213736913251364,0.955078125,0.5185546875,0.096923828125,1.0,0.6432376622428571,0.4285928088208637,0.6657554325511628,1.1548966894813283e-16,1.1501738845392603e-16
salamandra-7b,24,5772,0,4096,0.7280485687958849,0.8301661889218057,0.88026786583891,0.9156485373734105,0.949669361464008,0.9951171875,0.92529296875,0.37158203125,1.0,0.8363741118690149,0.7949968382513728,0.6657554325511628,0.0,3.4505216536177813e-16
salamandra-7b,24,5772,1,4096,0.7229522599601386,0.8310412570796581,0.8798328478055639,0.9150525359511984,0.9483863478344676,0.995361328125,0.921875,0.3681640625,1.0,0.8333978577283363,0.7914248724556934,0.6657554325511628,1.1548966894813283e-16,3.4505216536177813e-16
salamandra-7b,24,5772,4,4096,0.6921418450615638,0.821716900291886,0.8767456555220572,0.9126975665286808,0.9465920475897328,0.9951171875,0.89892578125,0.34716796875,1.0,0.8248901487193787,0.7801561900012134,0.6657554325511628,1.1548966894813283e-16,0.0
salamandra-7b,24,5772,16,4096,0.5151999849579624,0.6595691515204783,0.7704791463416034,0.8549627031332574,0.9201359850499028,0.958740234375,0.552001953125,0.106201171875,1.0,0.6664829244750818,0.4732420588243015,0.6657554325511628,1.1548966894813283e-16,1.1501738845392603e-16
salamandra-7b,24,8111,0,4096,0.7280485687958849,0.8301661889218057,0.88026786583891,0.9156485373734105,0.949669361464008,0.9951171875,0.92529296875,0.37158203125,1.0,0.8363741118690149,0.7949968382513728,0.6657554325511628,0.0,3.4505216536177813e-16
salamandra-7b,24,8111,1,4096,0.714370233088945,0.8311970399723964,0.8806243733691899,0.9153158488901186,0.9488062642990877,0.99560546875,0.9208984375,0.35595703125,1.0,0.8333375373895604,0.7917555754365082,0.6657554325511628,0.0,3.4505216536177813e-16
salamandra-7b,24,8111,4,4096,0.6893292155191125,0.8246707417763106,0.8774755225008213,0.912829213486014,0.9475593664358892,0.995361328125,0.90283203125,0.34326171875,1.0,0.8233244684778491,0.7788188031549956,0.6657554325511628,1.1548966894813283e-16,3.4505216536177813e-16
salamandra-7b,24,8111,16,4096,0.5128510797520609,0.652271746812151,0.7598347053956079,0.8474680360323852,0.9187006968576932,0.95751953125,0.52734375,0.0927734375,1.0,0.6450950501708124,0.4421479163642035,0.6657554325511628,0.0,2.30034776907852e-16
salamandra-7b,32,1729,0,4096,0.7873796619682752,0.8743785746837929,0.9167692743891545,0.946553291984556,0.9736704336677208,0.9990234375,0.972412109375,0.619140625,1.0,0.7832175800537067,0.7113699220323675,0.9676434439101936,1.7153154934750587e-16,4.809150347185041e-16
salamandra-7b,32,1729,1,4096,0.7842934442630002,0.8764789687046539,0.9185400084877516,0.9469576981256368,0.9733141193707836,0.999755859375,0.972900390625,0.62744140625,1.0,0.774826877113981,0.7012436669559233,0.9676434439101936,1.7153154934750587e-16,4.809150347185041e-16
salamandra-7b,32,1729,4,4096,0.7968924170833294,0.8841168025862081,0.9243707154502844,0.9521367243129089,0.977793162167765,1.0,0.978271484375,0.672607421875,1.0,0.7389626155858582,0.6394662586810607,0.9676434439101936,1.7153154934750587e-16,6.41220046291339e-16
salamandra-7b,32,1729,16,4096,0.8689903162774197,0.9308573539498648,0.957153616001554,0.9731430376428968,0.9870943225928396,1.0,0.994873046875,0.890380859375,1.0,0.4502822108650248,0.240063667713291,0.9676434439101936,1.7153154934750587e-16,6.41220046291339e-16
salamandra-7b,32,2718,0,4096,0.7873796619682752,0.8743785746837929,0.9167692743891545,0.946553291984556,0.9736704336677208,0.9990234375,0.972412109375,0.619140625,1.0,0.7832175800537067,0.7113699220323675,0.9676434439101936,1.7153154934750587e-16,4.809150347185041e-16
salamandra-7b,32,2718,1,4096,0.7867551829393563,0.8759809965210128,0.9186697386376448,0.9480091439583498,0.9733912508605318,0.99951171875,0.973876953125,0.6220703125,1.0,0.7751518910772262,0.700637363420896,0.9676434439101936,1.7153154934750587e-16,4.809150347185041e-16
salamandra-7b,32,2718,4,4096,0.7924154383875579,0.8838063104920295,0.9243922451526376,0.9519558065107676,0.977413552253816,0.999755859375,0.975830078125,0.6708984375,1.0,0.7406966436587756,0.6410889399392876,0.9676434439101936,0.0,3.2061002314566943e-16
salamandra-7b,32,2718,16,4096,0.8716471690090154,0.931131960740194,0.9565719942944292,0.972530670446683,0.9867137614577548,1.0,0.99609375,0.891845703125,1.0,0.4568782626810539,0.2545564014827132,0.9676434439101936,1.7153154934750587e-16,4.809150347185041e-16
salamandra-7b,32,3141,0,4096,0.7873796619682752,0.8743785746837929,0.9167692743891545,0.946553291984556,0.9736704336677208,0.9990234375,0.972412109375,0.619140625,1.0,0.7832175800537067,0.7113699220323675,0.9676434439101936,1.7153154934750587e-16,4.809150347185041e-16
salamandra-7b,32,3141,1,4096,0.7875351227355194,0.8779772143785933,0.9199863250358042,0.9470299479205828,0.9738899160851616,1.0,0.975341796875,0.63427734375,1.0,0.7741313336167268,0.700722546676115,0.9676434439101936,1.7153154934750587e-16,4.809150347185041e-16
salamandra-7b,32,3141,4,4096,0.7934357694125659,0.883613319906796,0.9245965535011926,0.9524878547199176,0.97711527438656,1.0,0.97509765625,0.665771484375,1.0,0.7405354651025862,0.6402750083273491,0.9676434439101936,0.0,4.809150347185041e-16
salamandra-7b,32,3141,16,4096,0.8655717403641654,0.9285406401493536,0.9537320031303768,0.970880749827215,0.9860299375053304,1.0,0.995361328125,0.881103515625,1.0,0.4813858306375345,0.2858393626250906,0.9676434439101936,0.0,3.2061002314566943e-16
salamandra-7b,32,5772,0,4096,0.7873796619682752,0.8743785746837929,0.9167692743891545,0.946553291984556,0.9736704336677208,0.9990234375,0.972412109375,0.619140625,1.0,0.7832175800537067,0.7113699220323675,0.9676434439101936,1.7153154934750587e-16,4.809150347185041e-16
salamandra-7b,32,5772,1,4096,0.7872169068276094,0.876081718450352,0.9184045634959732,0.9470622721790832,0.9740682516518252,0.999755859375,0.96923828125,0.626220703125,1.0,0.77570775940521,0.7032794254846918,0.9676434439101936,1.7153154934750587e-16,4.809150347185041e-16
salamandra-7b,32,5772,4,4096,0.79474800344857,0.8834768287744781,0.9247679144264574,0.9511125032731906,0.9776240940887831,0.999267578125,0.976318359375,0.67041015625,1.0,0.7420615671441606,0.6473670014057904,0.9676434439101936,0.0,4.809150347185041e-16
salamandra-7b,32,5772,16,4096,0.8708219320406829,0.9308489381174762,0.95585266797798,0.9723447190289398,0.986617676489822,1.0,0.996337890625,0.888916015625,1.0,0.4624732989397722,0.2612413109810224,0.9676434439101936,1.7153154934750587e-16,4.809150347185041e-16
salamandra-7b,32,8111,0,4096,0.7873796619682752,0.8743785746837929,0.9167692743891545,0.946553291984556,0.9736704336677208,0.9990234375,0.972412109375,0.619140625,1.0,0.7832175800537067,0.7113699220323675,0.9676434439101936,1.7153154934750587e-16,4.809150347185041e-16
salamandra-7b,32,8111,1,4096,0.785351262133638,0.8755248068554968,0.9184082652870558,0.94796955533071,0.9744959079515004,0.999755859375,0.97265625,0.63037109375,1.0,0.7753945601021288,0.700967574172758,0.9676434439101936,0.0,4.809150347185041e-16
salamandra-7b,32,8111,4,4096,0.790039430816871,0.8844175667543784,0.9248179415835373,0.9514808591688824,0.9772332307498708,0.999267578125,0.9755859375,0.66845703125,1.0,0.7413658766785798,0.6419979616191364,0.9676434439101936,1.7153154934750587e-16,4.809150347185041e-16
salamandra-7b,32,8111,16,4096,0.8733890011764256,0.928938279639938,0.9552594773897244,0.9713932914949874,0.986706382406912,1.0,0.995849609375,0.8955078125,1.0,0.4680571408433671,0.2716640536623258,0.9676434439101936,1.7153154934750587e-16,4.809150347185041e-16
